Model Name,Latitude,Longitude,Altitude,Vx,Vy,Py,Px,Vx_largura,Vy_altura,ID
SVC,-3.123209656859918,-41.764543616635315,76,"[(-3.123205165257441, -41.76454811491913), (-3.1232141484623948, -41.7645391183515)]","[(-3.123205165257441, -41.76454811491913), (-3.1232141484623948, -41.7645391183515)]",-0.7354621887207031,1.1863093376159668,1.0,1.0,ef_svc
TPC9,-3.123586944824211,-41.76303827665784,79,"[(-3.1235791788255622, -41.763045273995616), (-3.1235947108228594, -41.76303127932007)]","[(-3.1235791788255622, -41.763045273995616), (-3.1235947108228594, -41.76303127932007)]",166.58834838867188,43.185569763183594,1.729004,1.5555572,ef_tpc9
TPC8,-3.123657000211515,-41.763038156403425,79,"[(-3.1236492342128663, -41.7630451537412), (-3.1236647662101635, -41.763031159065655)]","[(-3.1236492342128663, -41.7630451537412), (-3.1236647662101635, -41.763031159065655)]",166.60171508789062,50.98405456542969,1.729004,1.5555572,ef_tpc8
TPC7,-3.1237227062436714,-41.7630380432874,79,"[(-3.123714940245023, -41.76304504062518), (-3.12373047224232, -41.76303104594963)]","[(-3.123714940245023, -41.76304504062518), (-3.12373047224232, -41.76303104594963)]",166.61428833007812,58.29837417602539,1.729004,1.5555572,ef_tpc7
TPC6,-3.123592177819354,-41.76585691848244,77,"[(-3.1235844118207052, -41.76586391582021), (-3.1235999438180024, -41.765849921144664)]","[(-3.1235844118207052, -41.76586391582021), (-3.1235999438180024, -41.765849921144664)]",-146.71356201171875,43.76810073852539,1.729004,1.5555572,ef_tpc6
TPC5,-3.1236606017315736,-41.765856800699005,77,"[(-3.123652835732925, -41.76586379803678), (-3.123668367730222, -41.765849803361235)]","[(-3.123652835732925, -41.76586379803678), (-3.123668367730222, -41.765849803361235)]",-146.70046997070312,51.384971618652344,1.729004,1.5555572,ef_tpc5
TPC4,-3.123727691274066,-41.76585668566111,77,"[(-3.1237199252754175, -41.765863682998884), (-3.1237354572727147, -41.765849688323335)]","[(-3.1237199252754175, -41.765863682998884), (-3.1237354572727147, -41.765849688323335)]",-146.68768310546875,58.853302001953125,1.729004,1.5555572,ef_tpc4
TPC3,-3.1238462073209714,-41.76585648194244,77,"[(-3.123838441322323, -41.76586347928022), (-3.12385397331962, -41.76584948460467)]","[(-3.123838441322323, -41.76586347928022), (-3.12385397331962, -41.76584948460467)]",-146.6650390625,72.04637145996094,1.729004,1.5555572,ef_tpc3
TPC2,-3.123914314629223,-41.765856364982675,77,"[(-3.1239065486305746, -41.765863362320445), (-3.123922080627872, -41.7658493676449)]","[(-3.1239065486305746, -41.765863362320445), (-3.123922080627872, -41.7658493676449)]",-146.65203857421875,79.62799835205078,1.729004,1.5555572,ef_tpc2
TPC1,-3.1239821026263184,-41.76585624857201,77,"[(-3.1239743366276698, -41.765863245909784), (-3.123989868624967, -41.765849251234236)]","[(-3.1239743366276698, -41.765863245909784), (-3.123989868624967, -41.765849251234236)]",-146.63909912109375,87.17407989501953,1.729004,1.5555572,ef_tpc1
TC9,-3.1238436079403695,-41.76437294291642,83,"[(-3.1238359119172943, -41.76437927858093), (-3.123851303963445, -41.7643666072519)]","[(-3.1238359119172943, -41.76437927858093), (-3.123851303963445, -41.7643666072519)]",18.235519409179688,71.75701141357422,1.7134248,1.4084626,ef_tc9
TC8,-3.1239125224019775,-41.7643728244466,83,"[(-3.123904826378902, -41.76437916011112), (-3.1239202184250527, -41.76436648878209)]","[(-3.123904826378902, -41.76437916011112), (-3.1239202184250527, -41.76436648878209)]",18.248687744140625,79.4284896850586,1.7134248,1.4084626,ef_tc8
TC7,-3.1239788584551262,-41.76437271050692,83,"[(-3.123971162432051, -41.764379046171435), (-3.123986554478202, -41.7643663748424)]","[(-3.123971162432051, -41.764379046171435), (-3.123986554478202, -41.7643663748424)]",18.2613525390625,86.81294250488281,1.7134248,1.4084626,ef_tc7
TC6,-3.123591345753011,-41.764694576609614,83,"[(-3.1235836497299356, -41.76470091227413), (-3.123599041776086, -41.7646882409451)]","[(-3.1235836497299356, -41.76470091227413), (-3.123599041776086, -41.7646882409451)]",-17.51519203186035,43.67547607421875,1.7134248,1.4084626,ef_tc6
TC5,-3.12365826158996,-41.76469446162319,83,"[(-3.123650565566885, -41.76470079728771), (-3.1236659576130354, -41.76468812595868)]","[(-3.123650565566885, -41.76470079728771), (-3.1236659576130354, -41.76468812595868)]",-17.502410888671875,51.12446975708008,1.7134248,1.4084626,ef_tc5
TC4,-3.1237249973132117,-41.764694346928486,83,"[(-3.1237173012901365, -41.764700682593), (-3.123732693336287, -41.76468801126397)]","[(-3.1237173012901365, -41.764700682593), (-3.123732693336287, -41.76468801126397)]",-17.489662170410156,58.55341339111328,1.7134248,1.4084626,ef_tc4
TC3,-3.123844158150707,-41.76469414216309,83,"[(-3.1238364621276316, -41.7647004778276), (-3.123851854173782, -41.76468780649857)]","[(-3.1238364621276316, -41.7647004778276), (-3.123851854173782, -41.76468780649857)]",-17.466901779174805,71.8182601928711,1.7134248,1.4084626,ef_tc3
TC2,-3.123913072612315,-41.76469402374475,83,"[(-3.12390537658924, -41.76470035940927), (-3.1239207686353905, -41.76468768808024)]","[(-3.12390537658924, -41.76470035940927), (-3.1239207686353905, -41.76468768808024)]",-17.453739166259766,79.48973846435547,1.7134248,1.4084626,ef_tc2
TC15,-3.1235904001560963,-41.76414259634244,83,"[(-3.123582704133021, -41.764148932006954), (-3.1235980961791716, -41.76413626067792)]","[(-3.123582704133021, -41.764148932006954), (-3.1235980961791716, -41.76413626067792)]",43.83934783935547,43.570213317871094,1.7134248,1.4084626,ef_tc15
TC14,-3.123657315993046,-41.76414248137318,83,"[(-3.123649619969971, -41.76414881703769), (-3.1236650120161213, -41.76413614570866)]","[(-3.123649619969971, -41.76414881703769), (-3.1236650120161213, -41.76413614570866)]",43.85212707519531,51.01920700073242,1.7134248,1.4084626,ef_tc14
TC13,-3.1237240515792246,-41.76414236667847,83,"[(-3.1237163555561493, -41.764148702342986), (-3.1237317476023, -41.764136031013955)]","[(-3.1237163555561493, -41.764148702342986), (-3.1237317476023, -41.764136031013955)]",43.86487579345703,58.44813537597656,1.7134248,1.4084626,ef_tc13
TC12,-3.123590795542673,-41.764373377328624,83,"[(-3.123583099519598, -41.76437971299314), (-3.1235984915657484, -41.76436704166411)]","[(-3.123583099519598, -41.76437971299314), (-3.1235984915657484, -41.76436704166411)]",18.187232971191406,43.614227294921875,1.7134248,1.4084626,ef_tc12
TC11,-3.123657711311086,-41.764373262325044,83,"[(-3.123650015288011, -41.76437959798956), (-3.1236654073341614, -41.76436692666053)]","[(-3.123650015288011, -41.76437959798956), (-3.1236654073341614, -41.76436692666053)]",18.200016021728516,51.06321334838867,1.7134248,1.4084626,ef_tc11
TC10,-3.1237244470343377,-41.76437314766466,83,"[(-3.1237167510112624, -41.76437948332917), (-3.123732143057413, -41.76436681200014)]","[(-3.1237167510112624, -41.76437948332917), (-3.123732143057413, -41.76436681200014)]",18.21276092529297,58.492156982421875,1.7134248,1.4084626,ef_tc10
TC1,-3.123979408802537,-41.76469390973643,83,"[(-3.1239717127794617, -41.764700245400945), (-3.1239871048256123, -41.764687574071914)]","[(-3.1239717127794617, -41.764700245400945), (-3.1239871048256123, -41.764687574071914)]",-17.44106674194336,86.87420654296875,1.7134248,1.4084626,ef_tc1
SECV9,-3.1238413617279126,-41.76451987841753,79,"[(-3.123831579080601, -41.76452482491034), (-3.1238511443752244, -41.764514931924715)]","[(-3.123831579080601, -41.76452482491034), (-3.1238511443752244, -41.764514931924715)]",1.9031238555908203,71.50696563720703,2.177986,1.09964,ef_secv9
SECV8,-3.123909715561648,-41.76451976096013,79,"[(-3.123899932914336, -41.76452470745294), (-3.1239194982089598, -41.76451481446731)]","[(-3.123899932914336, -41.76452470745294), (-3.1239194982089598, -41.76451481446731)]",1.9161796569824219,79.11603546142578,2.177986,1.09964,ef_secv8
SECV7,-3.1239773087782527,-41.76451964480685,79,"[(-3.123967526130941, -41.76452459129967), (-3.1239870914255645, -41.764514698314045)]","[(-3.123967526130941, -41.76452459129967), (-3.1239870914255645, -41.764514698314045)]",1.9290904998779297,86.64043426513672,2.177986,1.09964,ef_secv7
SECV6,-3.1235910209932096,-41.765109458677465,79,"[(-3.123581238345898, -41.76511440517028), (-3.1236008036405214, -41.76510451218466)]","[(-3.123581238345898, -41.76511440517028), (-3.1236008036405214, -41.76510451218466)]",-63.63078689575195,43.63932418823242,2.177986,1.09964,ef_secv6
SECV5,-3.12365937472414,-41.765109341305866,79,"[(-3.1236495920768284, -41.765114287798674), (-3.123669157371452, -41.76510439481305)]","[(-3.1236495920768284, -41.765114287798674), (-3.123669157371452, -41.76510439481305)]",-63.617740631103516,51.248382568359375,2.177986,1.09964,ef_secv5
SECV4,-3.1237277286606804,-41.76510922379698,79,"[(-3.1237179460133686, -41.7651141702898), (-3.123737511307992, -41.765104277304175)]","[(-3.1237179460133686, -41.7651141702898), (-3.123737511307992, -41.765104277304175)]",-63.604679107666016,58.85746383666992,2.177986,1.09964,ef_secv4
SECV3,-3.1238423711322287,-41.76510902680488,79,"[(-3.123832588484917, -41.765113973297694), (-3.123852153779541, -41.76510408031207)]","[(-3.123832588484917, -41.765113973297694), (-3.123852153779541, -41.76510408031207)]",-63.58278274536133,71.61933135986328,2.177986,1.09964,ef_secv3
SECV2,-3.123910725103037,-41.765108909296,79,"[(-3.1239009424557254, -41.76511385578881), (-3.123920507750349, -41.76510396280319)]","[(-3.1239009424557254, -41.76511385578881), (-3.123920507750349, -41.76510396280319)]",-63.56972122192383,79.2284164428711,2.177986,1.09964,ef_secv2
SECV15,-3.123588642848154,-41.76372145612028,79,"[(-3.1235788602008423, -41.76372640261309), (-3.123598425495466, -41.763716509627464)]","[(-3.1235788602008423, -41.76372640261309), (-3.123598425495466, -41.763716509627464)]",90.65055847167969,43.37459182739258,2.177986,1.09964,ef_secv15
SECV14,-3.123656996579085,-41.7637213386114,79,"[(-3.1236472139317732, -41.76372628510421), (-3.123666779226397, -41.76371639211859)]","[(-3.1236472139317732, -41.76372628510421), (-3.123666779226397, -41.76371639211859)]",90.66361999511719,50.98365020751953,2.177986,1.09964,ef_secv14
SECV13,-3.1237253504470885,-41.7637212212398,79,"[(-3.1237155677997768, -41.76372616773261), (-3.1237351330944003, -41.76371627474698)]","[(-3.1237155677997768, -41.76372616773261), (-3.1237351330944003, -41.76371627474698)]",90.67666625976562,58.59272384643555,2.177986,1.09964,ef_secv13
SECV12,-3.1235900115203568,-41.764520310375914,79,"[(-3.123580228873045, -41.76452525686872), (-3.1235997941676685, -41.7645153638831)]","[(-3.123580228873045, -41.76452525686872), (-3.1235997941676685, -41.7645153638831)]",1.8551101684570312,43.52695083618164,2.177986,1.09964,ef_secv12
SECV11,-3.1236583653883603,-41.76452019290135,79,"[(-3.1236485827410485, -41.764525139394166), (-3.123668148035672, -41.764515246408536)]","[(-3.1236485827410485, -41.764525139394166), (-3.123668148035672, -41.764515246408536)]",1.8681678771972656,51.136024475097656,2.177986,1.09964,ef_secv11
SECV10,-3.1237267191878275,-41.764520075443954,79,"[(-3.1237169365405157, -41.76452502193676), (-3.1237365018351393, -41.76451512895114)]","[(-3.1237169365405157, -41.76452502193676), (-3.1237365018351393, -41.76451512895114)]",1.8812236785888672,58.74509048461914,2.177986,1.09964,ef_secv10
SECV1,-3.123978318182569,-41.76510879309125,79,"[(-3.123968535535257, -41.765113739584066), (-3.1239881008298807, -41.76510384659844)]","[(-3.123968535535257, -41.765113739584066), (-3.1239881008298807, -41.76510384659844)]",-63.55680465698242,86.75279998779297,2.177986,1.09964,ef_secv1
SECH9,-3.1238422292618506,-41.76463502053412,79,"[(-3.1238125510793346, -41.76463979090023), (-3.123871907444366, -41.76463025016801)]","[(-3.1238125510793346, -41.76463979090023), (-3.123871907444366, -41.76463025016801)]",-10.895325660705566,71.6035385131836,6.607482,1.0604858,ef_sech9
SECH8,-3.123910293118015,-41.76463490356577,79,"[(-3.123880614935499, -41.76463967393188), (-3.123939971300531, -41.76463013319966)]","[(-3.123880614935499, -41.76463967393188), (-3.123939971300531, -41.76463013319966)]",-10.88232421875,79.18032836914062,6.607482,1.0604858,ef_sech8
SECH7,-3.123979258090961,-41.764634785053055,79,"[(-3.123949579908445, -41.764639555419166), (-3.124008936273477, -41.764630014686944)]","[(-3.123949579908445, -41.764639555419166), (-3.124008936273477, -41.764630014686944)]",-10.86915111541748,86.85742950439453,6.607482,1.0604858,ef_sech7
SECH6,-3.1235920505472317,-41.76528161711281,78,"[(-3.123562372364716, -41.76528638747892), (-3.1236217287297476, -41.7652768467467)]","[(-3.123562372364716, -41.76528638747892), (-3.1236217287297476, -41.7652768467467)]",-82.76679992675781,43.75393295288086,6.607482,1.0604858,ef_sech6
SECH5,-3.1236595996949217,-41.7652815009767,78,"[(-3.1236299215124057, -41.76528627134281), (-3.1236892778774377, -41.765276730610594)]","[(-3.1236299215124057, -41.76528627134281), (-3.1236892778774377, -41.765276730610594)]",-82.75389099121094,51.2734260559082,6.607482,1.0604858,ef_sech5
SECH4,-3.123727941911735,-41.7652813836051,78,"[(-3.123698263729219, -41.76528615397121), (-3.1237576200942505, -41.76527661323899)]","[(-3.123698263729219, -41.76528615397121), (-3.1237576200942505, -41.76527661323899)]",-82.7408447265625,58.881202697753906,6.607482,1.0604858,ef_sech4
SECH3,-3.1238433362620213,-41.76528118510295,78,"[(-3.1238136580795057, -41.76528595546906), (-3.1238730144445372, -41.76527641473684)]","[(-3.1238136580795057, -41.76528595546906), (-3.1238730144445372, -41.76527641473684)]",-82.71878051757812,71.72676849365234,6.607482,1.0604858,ef_sech3
SECH24,-3.1235891003287226,-41.76355971921931,79,"[(-3.1235594221462066, -41.76356448958542), (-3.1236187785112386, -41.763554948853205)]","[(-3.1235594221462066, -41.76356448958542), (-3.1236187785112386, -41.763554948853205)]",108.62818145751953,43.42551803588867,6.607482,1.0604858,ef_sech24
SECH23,-3.1236566494764126,-41.7635596030832,79,"[(-3.1236269712938967, -41.763564373449306), (-3.1236863276589286, -41.76355483271709)]","[(-3.1236269712938967, -41.763564373449306), (-3.1236863276589286, -41.76355483271709)]",108.6410903930664,50.945011138916016,6.607482,1.0604858,ef_sech23
SECH22,-3.123724991761762,-41.76355948557432,79,"[(-3.1236953135792462, -41.76356425594043), (-3.123754669944278, -41.763554715208215)]","[(-3.1236953135792462, -41.76356425594043), (-3.123754669944278, -41.763554715208215)]",108.6541519165039,58.55279541015625,6.607482,1.0604858,ef_sech22
SECH21,-3.123590223914706,-41.76421549742324,79,"[(-3.12356054573219, -41.76422026778935), (-3.123619902097222, -41.764210727057126)]","[(-3.12356054573219, -41.76422026778935), (-3.123619902097222, -41.764210727057126)]",35.73613739013672,43.550594329833984,6.607482,1.0604858,ef_sech21
SECH20,-3.1236577729938597,-41.76421538135576,79,"[(-3.1236280948113437, -41.76422015172187), (-3.1236874511763753, -41.76421061098966)]","[(-3.1236280948113437, -41.76422015172187), (-3.1236874511763753, -41.76421061098966)]",35.74903869628906,51.0700798034668,6.607482,1.0604858,ef_sech20
SECH2,-3.123911400255259,-41.76528106828045,78,"[(-3.123881722072743, -41.76528583864656), (-3.123941078437775, -41.76527629791435)]","[(-3.123881722072743, -41.76528583864656), (-3.123941078437775, -41.76527629791435)]",-82.70579528808594,79.30357360839844,6.607482,1.0604858,ef_sech2
SECH19,-3.1237261153477456,-41.764215263915524,79,"[(-3.1236964371652296, -41.764220034281635), (-3.123755793530261, -41.76421049354941)]","[(-3.1236964371652296, -41.764220034281635), (-3.123755793530261, -41.76421049354941)]",35.76209259033203,58.67787170410156,6.607482,1.0604858,ef_sech19
SECH18,-3.1235903912806307,-41.76431320543831,79,"[(-3.123560713098115, -41.764317975804424), (-3.1236200694631466, -41.7643084350722)]","[(-3.123560713098115, -41.764317975804424), (-3.1236200694631466, -41.7643084350722)]",24.87554931640625,43.5692253112793,6.607482,1.0604858,ef_sech18
SECH17,-3.1236579403597844,-41.76431308940516,79,"[(-3.1236282621772684, -41.76431785977127), (-3.1236876185423004, -41.76430831903905)]","[(-3.1236282621772684, -41.76431785977127), (-3.1236876185423004, -41.76430831903905)]",24.888446807861328,51.08871078491211,6.607482,1.0604858,ef_sech17
SECH16,-3.1237262827136703,-41.76431297196492,79,"[(-3.1236966045311543, -41.76431774233102), (-3.1237559608961862, -41.76430820159881)]","[(-3.1236966045311543, -41.76431774233102), (-3.1237559608961862, -41.76430820159881)]",24.901500701904297,58.696502685546875,6.607482,1.0604858,ef_sech16
SECH15,-3.1238416769954203,-41.76431277360005,79,"[(-3.1238119988129047, -41.76431754396616), (-3.1238713551779362, -41.764308003233936)]","[(-3.1238119988129047, -41.76431754396616), (-3.1238713551779362, -41.764308003233936)]",24.92354965209961,71.54206085205078,6.607482,1.0604858,ef_sech15
SECH14,-3.123909741125731,-41.76431265664027,79,"[(-3.123880062943215, -41.76431742700638), (-3.123939419308247, -41.76430788627417)]","[(-3.123880062943215, -41.76431742700638), (-3.123939419308247, -41.76430788627417)]",24.93655014038086,79.11888122558594,6.607482,1.0604858,ef_sech14
SECH13,-3.123978705824531,-41.76431253817046,79,"[(-3.123949027642015, -41.76431730853657), (-3.1240083840070465, -41.76430776780435)]","[(-3.123949027642015, -41.76431730853657), (-3.1240083840070465, -41.76430776780435)]",24.949718475341797,86.79595184326172,6.607482,1.0604858,ef_sech13
SECH12,-3.123590943409988,-41.764635452363805,79,"[(-3.123561265227472, -41.764640222729916), (-3.123620621592504, -41.7646306819977)]","[(-3.123561265227472, -41.764640222729916), (-3.123620621592504, -41.7646306819977)]",-10.94332504272461,43.63068771362305,6.607482,1.0604858,ef_sech12
SECH11,-3.1236584924891413,-41.76463533627918,79,"[(-3.1236288143066258, -41.76464010664528), (-3.1236881706716573, -41.764630565913066)]","[(-3.1236288143066258, -41.76464010664528), (-3.1236881706716573, -41.764630565913066)]",-10.930421829223633,51.15017318725586,6.607482,1.0604858,ef_sech11
SECH10,-3.1237268348430276,-41.76463521883893,79,"[(-3.1236971566605116, -41.764639989205044), (-3.123756513025543, -41.76463044847283)]","[(-3.1236971566605116, -41.764639989205044), (-3.123756513025543, -41.76463044847283)]",-10.917367935180664,58.757965087890625,6.607482,1.0604858,ef_sech10
SECH1,-3.1239803652282045,-41.76528094981064,78,"[(-3.1239506870456886, -41.76528572017675), (-3.1240100434107205, -41.76527617944453)]","[(-3.1239506870456886, -41.76528572017675), (-3.1240100434107205, -41.76527617944453)]",-82.692626953125,86.98067474365234,6.607482,1.0604858,ef_sech1
REATOR9,-3.1236305434420135,-41.76332160827361,79,"[(-3.123616758300785, -41.76334908853234), (-3.1236443285832416, -41.763294128014884)]","[(-3.123616758300785, -41.76334908853234), (-3.1236443285832416, -41.763294128014884)]",135.0950469970703,48.038917541503906,3.069092,6.109054,ef_reator9
REATOR8,-3.123719350118246,-41.76332145589644,79,"[(-3.123705564977018, -41.76334893615517), (-3.1237331352594744, -41.763293975637716)]","[(-3.123705564977018, -41.76334893615517), (-3.1237331352594744, -41.763293975637716)]",135.1119842529297,57.924774169921875,3.069092,6.109054,ef_reator8
REATOR7,-3.1235587698467913,-41.76549403012964,78,"[(-3.123544984705563, -41.76552151038837), (-3.12357255498802, -41.765466549870915)]","[(-3.123544984705563, -41.76552151038837), (-3.12357255498802, -41.765466549870915)]",-106.37725067138672,40.049163818359375,3.069092,6.109054,ef_reator7
REATOR6,-3.123651972585739,-41.76549387006498,78,"[(-3.1236381874445103, -41.7655213503237), (-3.123665757726967, -41.76546638980625)]","[(-3.1236381874445103, -41.7655213503237), (-3.123665757726967, -41.76546638980625)]",-106.35945892333984,50.42438507080078,3.069092,6.109054,ef_reator6
REATOR5,-3.1237422153397376,-41.765493714805,78,"[(-3.1237284301985095, -41.76552119506372), (-3.123756000480966, -41.765466234546274)]","[(-3.1237284301985095, -41.76552119506372), (-3.123756000480966, -41.765466234546274)]",-106.34220123291016,60.4701042175293,3.069092,6.109054,ef_reator5
REATOR4,-3.1238328530005584,-41.76549355927047,78,"[(-3.1238190678593303, -41.76552103952919), (-3.123846638141787, -41.765466079011745)]","[(-3.1238190678593303, -41.76552103952919), (-3.123846638141787, -41.765466079011745)]",-106.32491302490234,70.55978393554688,3.069092,6.109054,ef_reator4
REATOR3,-3.1239203623509963,-41.76549340895245,78,"[(-3.1239065772097683, -41.765520889211174), (-3.123934147492225, -41.76546592869372)]","[(-3.1239065772097683, -41.765520889211174), (-3.123934147492225, -41.76546592869372)]",-106.3082046508789,80.30122375488281,3.069092,6.109054,ef_reator3
REATOR2,-3.124012166947083,-41.76549325094693,78,"[(-3.1239983818058548, -41.76552073120566), (-3.1240259520883114, -41.76546577068821)]","[(-3.1239983818058548, -41.76552073120566), (-3.1240259520883114, -41.76546577068821)]",-106.29064178466797,90.52080535888672,3.069092,6.109054,ef_reator2
REATOR11,-3.1234485183491287,-41.7633219215391,79,"[(-3.1234347332079, -41.763349401797825), (-3.123462303490357, -41.76329444128038)]","[(-3.1234347332079, -41.763349401797825), (-3.123462303490357, -41.76329444128038)]",135.0602264404297,27.776094436645508,3.069092,6.109054,ef_reator11
REATOR10,-3.1235411957050543,-41.7633217622981,79,"[(-3.123527410563826, -41.76334924255682), (-3.123554980846283, -41.763294282039375)]","[(-3.123527410563826, -41.76334924255682), (-3.123554980846283, -41.763294282039375)]",135.0779266357422,38.092830657958984,3.069092,6.109054,ef_reator10
REATOR1,-3.124105972463798,-41.765493089921335,78,"[(-3.1240921873225695, -41.76552057018006), (-3.124119757605026, -41.765465609662606)]","[(-3.1240921873225695, -41.76552057018006), (-3.124119757605026, -41.765465609662606)]",-106.27274322509766,100.96312713623047,3.069092,6.109054,ef_reator1
PR9,-3.1239192741983395,-41.76540356305012,78,"[(-3.1239131018085717, -41.76540912433598), (-3.1239254465881077, -41.76539800176427)]","[(-3.1239131018085717, -41.76540912433598), (-3.1239254465881077, -41.76539800176427)]",-96.32151794433594,80.18009185791016,1.3742066,1.2363128,ef_pr9
PR8,-3.1240114512213037,-41.76540340463278,78,"[(-3.1240052788315356, -41.76540896591864), (-3.124017623611072, -41.765397843346925)]","[(-3.1240052788315356, -41.76540896591864), (-3.124017623611072, -41.765397843346925)]",-96.30390930175781,90.44113159179688,1.3742066,1.2363128,ef_pr8
PR7,-3.124103691434842,-41.76540324607816,78,"[(-3.1240975190450744, -41.76540880736402), (-3.1241098638246103, -41.765397684792305)]","[(-3.1240975190450744, -41.76540880736402), (-3.1241098638246103, -41.765397684792305)]",-96.28628540039062,100.7092056274414,1.3742066,1.2363128,ef_pr7
PR6,-3.1235917438125074,-41.765910831171716,77,"[(-3.1235855714227396, -41.76591639245757), (-3.1235979162022756, -41.765905269885856)]","[(-3.1235855714227396, -41.76591639245757), (-3.1235979162022756, -41.765905269885856)]",-152.70614624023438,43.71978759765625,1.3742066,1.2363128,ef_pr6
PR5,-3.1236605220922593,-41.765910713113726,77,"[(-3.1236543497024916, -41.765916274399586), (-3.1236666944820275, -41.76590515182787)]","[(-3.1236543497024916, -41.765916274399586), (-3.1236666944820275, -41.76590515182787)]",-152.69302368164062,51.37610626220703,1.3742066,1.2363128,ef_pr5
PR4,-3.123728398912548,-41.76591059642851,77,"[(-3.1237222265227804, -41.765916157714365), (-3.1237345713023164, -41.76590503514265)]","[(-3.1237222265227804, -41.765916157714365), (-3.1237345713023164, -41.76590503514265)]",-152.6800537109375,58.93207550048828,1.3742066,1.2363128,ef_pr4
PR3,-3.123846019668268,-41.76591039408261,77,"[(-3.1238398472784996, -41.76591595536847), (-3.123852192058036, -41.76590483279676)]","[(-3.1238398472784996, -41.76591595536847), (-3.123852192058036, -41.76590483279676)]",-152.65756225585938,72.02548217773438,1.3742066,1.2363128,ef_pr3
PR20,-3.1235877496815974,-41.76298178728439,79,"[(-3.123581577291829, -41.76298734857025), (-3.1235939220713655, -41.762976225998536)]","[(-3.123581577291829, -41.76298734857025), (-3.1235939220713655, -41.762976225998536)]",172.86734008789062,43.27516555786133,1.3742066,1.2363128,ef_pr20
PR2,-3.1239132381277566,-41.76591027849561,77,"[(-3.123907065737989, -41.765915839781464), (-3.1239194105175248, -41.76590471720975)]","[(-3.123907065737989, -41.765915839781464), (-3.1239194105175248, -41.76590471720975)]",-152.64471435546875,79.50816345214844,1.3742066,1.2363128,ef_pr2
PR19,-3.1236553892630865,-41.762981671148275,79,"[(-3.1236492168733183, -41.762987232434135), (-3.1236615616528547, -41.76297610986242)]","[(-3.1236492168733183, -41.762987232434135), (-3.1236615616528547, -41.76297610986242)]",172.8802490234375,50.804725646972656,1.3742066,1.2363128,ef_pr19
PR18,-3.12372369285963,-41.762981553364845,79,"[(-3.123717520469862, -41.7629871146507), (-3.123729865249398, -41.762975992078985)]","[(-3.123717520469862, -41.7629871146507), (-3.123729865249398, -41.762975992078985)]",172.89334106445312,58.408203125,1.3742066,1.2363128,ef_pr18
PR17,-3.1234500591848047,-41.76341541124625,79,"[(-3.123443886795037, -41.7634209725321), (-3.123456231574573, -41.76340984996039)]","[(-3.123443886795037, -41.7634209725321), (-3.123456231574573, -41.76340984996039)]",124.66851806640625,27.94761848449707,1.3742066,1.2363128,ef_pr17
PR16,-3.1235353113398254,-41.7634152646347,79,"[(-3.1235291389500577, -41.76342082592056), (-3.1235414837295936, -41.76340970334885)]","[(-3.1235291389500577, -41.76342082592056), (-3.1235414837295936, -41.76340970334885)]",124.684814453125,37.43778991699219,1.3742066,1.2363128,ef_pr16
PR15,-3.12362969550949,-41.76341510264817,79,"[(-3.123623523119722, -41.76342066393402), (-3.1236358678992584, -41.76340954136231)]","[(-3.123623523119722, -41.76342066393402), (-3.1236358678992584, -41.76340954136231)]",124.70281982421875,47.94452667236328,1.3742066,1.2363128,ef_pr15
PR14,-3.123721371462726,-41.76341494477993,79,"[(-3.123715199072958, -41.763420506065785), (-3.1237275438524943, -41.76340938349407)]","[(-3.123715199072958, -41.763420506065785), (-3.1237275438524943, -41.76340938349407)]",124.72036743164062,58.14978790283203,1.3742066,1.2363128,ef_pr14
PR13,-3.1235568975347454,-41.76540418560008,78,"[(-3.1235507251449772, -41.76540974688594), (-3.123563069924513, -41.76539862431423)]","[(-3.1235507251449772, -41.76540974688594), (-3.123563069924513, -41.76539862431423)]",-96.39071655273438,39.84074020385742,1.3742066,1.2363128,ef_pr13
PR12,-3.12364908295342,-41.76540402718274,78,"[(-3.1236429105636523, -41.76540958846859), (-3.123655255343188, -41.76539846589688)]","[(-3.1236429105636523, -41.76540958846859), (-3.123655255343188, -41.76539846589688)]",-96.37310791015625,50.10271453857422,1.3742066,1.2363128,ef_pr12
PR11,-3.1237494424018677,-41.76540385490045,78,"[(-3.1237432700121, -41.7654094161863), (-3.123755614791636, -41.76539829361459)]","[(-3.1237432700121, -41.7654094161863), (-3.123755614791636, -41.76539829361459)]",-96.35395812988281,61.27461242675781,1.3742066,1.2363128,ef_pr11
PR10,-3.123830350804593,-41.76540371583912,78,"[(-3.1238241784148246, -41.76540927712498), (-3.1238365231943606, -41.76539815455327)]","[(-3.1238241784148246, -41.76540927712498), (-3.1238365231943606, -41.76539815455327)]",-96.3385009765625,70.28124237060547,1.3742066,1.2363128,ef_pr10
PR1,-3.1239824644985883,-41.76591015988851,77,"[(-3.12397629210882, -41.76591572117437), (-3.123988636888356, -41.76590459860266)]","[(-3.12397629210882, -41.76591572117437), (-3.123988636888356, -41.76590459860266)]",-152.63153076171875,87.21436309814453,1.3742066,1.2363128,ef_pr1
IP9,-3.123843141207385,-41.7651672837878,79,"[(-3.1238366381979454, -41.76517199368348), (-3.1238496442168247, -41.76516257389212)]","[(-3.1238366381979454, -41.76517199368348), (-3.1238496442168247, -41.76516257389212)]",-70.0582504272461,71.7050552368164,1.447815,1.0470428,ef_ip9
IP8,-3.123911205611841,-41.76516716682803,79,"[(-3.123904702602401, -41.765171876723706), (-3.123917708621281, -41.765162456932345)]","[(-3.123904702602401, -41.765171876723706), (-3.123917708621281, -41.765162456932345)]",-70.04524993896484,79.28190612792969,1.447815,1.0470428,ef_ip8
IP7,-3.123980170242105,-41.76516704828957,79,"[(-3.123973667232665, -41.765171758185254), (-3.123986673251544, -41.76516233839389)]","[(-3.123973667232665, -41.765171758185254), (-3.123986673251544, -41.76516233839389)]",-70.03207397460938,86.95896911621094,1.447815,1.0470428,ef_ip7
IP6,-3.1235921483486955,-41.7653386737137,78,"[(-3.1235856453392556, -41.765343383609384), (-3.1235986513581353, -41.76533396381802)]","[(-3.1235856453392556, -41.765343383609384), (-3.1235986513581353, -41.76533396381802)]",-89.10884094238281,43.76482009887695,1.447815,1.0470428,ef_ip6
IP5,-3.1236596974963855,-41.76533855757759,78,"[(-3.1236531944869457, -41.76534326747327), (-3.1236662005058253, -41.76533384768191)]","[(-3.1236531944869457, -41.76534326747327), (-3.1236662005058253, -41.76533384768191)]",-89.09593200683594,51.2843132019043,1.447815,1.0470428,ef_ip5
IP4,-3.123728039781735,-41.76533844000007,78,"[(-3.1237215367722952, -41.765343149895756), (-3.123734542791175, -41.765333730104395)]","[(-3.1237215367722952, -41.765343149895756), (-3.123734542791175, -41.765333730104395)]",-89.0828628540039,58.89209747314453,1.447815,1.0470428,ef_ip4
IP3,-3.123843434132022,-41.765338241841114,78,"[(-3.123836931122582, -41.7653429517368), (-3.123849937141461, -41.76533353194544)]","[(-3.123836931122582, -41.7653429517368), (-3.123849937141461, -41.76533353194544)]",-89.06083679199219,71.73766326904297,1.447815,1.0470428,ef_ip3
IP2,-3.1239114979881863,-41.76533812501862,78,"[(-3.1239049949787465, -41.7653428349143), (-3.123918000997626, -41.765333415122946)]","[(-3.1239049949787465, -41.7653428349143), (-3.123918000997626, -41.765333415122946)]",-89.0478515625,79.314453125,1.447815,1.0470428,ef_ip2
IP18,-3.1235889801158514,-41.76348929509115,79,"[(-3.1235824771064116, -41.763494004986825), (-3.123595483125291, -41.763484585195464)]","[(-3.1235824771064116, -41.763494004986825), (-3.123595483125291, -41.763484585195464)]",116.45606994628906,43.41213607788086,1.447815,1.0470428,ef_ip18
IP17,-3.123656528749518,-41.763489178955034,79,"[(-3.123650025740078, -41.76349388885071), (-3.1236630317589578, -41.76348446905936)]","[(-3.123650025740078, -41.76349388885071), (-3.1236630317589578, -41.76348446905936)]",116.46897888183594,50.93157196044922,1.447815,1.0470428,ef_ip17
IP16,-3.1237248710005994,-41.76348906144616,79,"[(-3.1237183679911595, -41.763493771341835), (-3.123731374010039, -41.763484351550474)]","[(-3.1237183679911595, -41.763493771341835), (-3.123731374010039, -41.763484351550474)]",116.48204040527344,58.53935241699219,1.447815,1.0470428,ef_ip16
IP15,-3.123589276878527,-41.763662514709914,79,"[(-3.1235827738690873, -41.7636672246056), (-3.123595779887967, -41.76365780481424)]","[(-3.1235827738690873, -41.7636672246056), (-3.123595779887967, -41.76365780481424)]",97.20210266113281,43.44517135620117,1.447815,1.0470428,ef_ip15
IP14,-3.1236568255807304,-41.76366239857381,79,"[(-3.1236503225712906, -41.763667108469484), (-3.1236633285901703, -41.76365768867812)]","[(-3.1236503225712906, -41.763667108469484), (-3.1236633285901703, -41.76365768867812)]",97.21501159667969,50.96461486816406,1.447815,1.0470428,ef_ip14
IP13,-3.123725167763275,-41.7636622812022,79,"[(-3.1237186647538353, -41.76366699109788), (-3.123731670772715, -41.763657571306524)]","[(-3.1237186647538353, -41.76366699109788), (-3.123731670772715, -41.763657571306524)]",97.22805786132812,58.5723876953125,1.447815,1.0470428,ef_ip13
IP12,-3.1235918557667413,-41.765167715591744,79,"[(-3.1235853527573014, -41.76517242548742), (-3.1235983587761806, -41.76516300569607)]","[(-3.1235853527573014, -41.76517242548742), (-3.1235983587761806, -41.76516300569607)]",-70.10624694824219,43.73225021362305,1.447815,1.0470428,ef_ip12
IP11,-3.123659404468944,-41.76516759945564,79,"[(-3.1236529014595047, -41.765172309351314), (-3.123665907478384, -41.76516288955995)]","[(-3.1236529014595047, -41.765172309351314), (-3.123665907478384, -41.76516288955995)]",-70.09333801269531,51.25169372558594,1.447815,1.0470428,ef_ip11
IP10,-3.1237277467200255,-41.76516748208403,79,"[(-3.1237212437105857, -41.76517219197971), (-3.1237342497294653, -41.765162772188354)]","[(-3.1237212437105857, -41.76517219197971), (-3.1237342497294653, -41.765162772188354)]",-70.08029174804688,58.859474182128906,1.447815,1.0470428,ef_ip10
IP1,-3.123980462824059,-41.76533800641153,78,"[(-3.1239739598146192, -41.76534271630721), (-3.123986965833499, -41.76533329651585)]","[(-3.1239739598146192, -41.76534271630721), (-3.123986965833499, -41.76533329651585)]",-89.03466796875,86.99153900146484,1.447815,1.0470428,ef_ip1
DISJUNTOR9,-3.1235897004678383,-41.7644500693749,79,"[(-3.1235676136863995, -41.764456711440914), (-3.1236117872492772, -41.76444342730888)]","[(-3.1235676136863995, -41.764456711440914), (-3.1236117872492772, -41.76444342730888)]",9.662643432617188,43.49232482910156,4.91735,1.4765778,ef_disjuntor9
DISJUNTOR8,-3.1236596195019457,-41.76444994922344,79,"[(-3.123637532720507, -41.76445659128946), (-3.123681706283384, -41.76444330715743)]","[(-3.123637532720507, -41.76445659128946), (-3.123681706283384, -41.76444330715743)]",9.67599868774414,51.275630950927734,4.91735,1.4765778,ef_disjuntor8
DISJUNTOR7,-3.1237246203971987,-41.764449837514505,79,"[(-3.1237025336157602, -41.764456479580524), (-3.1237467071786376, -41.764443195448486)]","[(-3.1237025336157602, -41.764456479580524), (-3.1237467071786376, -41.764443195448486)]",9.68841552734375,58.51145553588867,4.91735,1.4765778,ef_disjuntor7
DISJUNTOR6,-3.1235902342979727,-41.764761677199566,79,"[(-3.123568147516534, -41.76476831926558), (-3.1236123210794116, -41.76475503513355)]","[(-3.123568147516534, -41.76476831926558), (-3.1236123210794116, -41.76475503513355)]",-24.973657608032227,43.55175018310547,4.91735,1.4765778,ef_disjuntor6
DISJUNTOR5,-3.1236601534006163,-41.764761557013784,79,"[(-3.123638066619178, -41.7647681990798), (-3.123682240182055, -41.76475491494777)]","[(-3.123638066619178, -41.7647681990798), (-3.123682240182055, -41.76475491494777)]",-24.960298538208008,51.33506393432617,4.91735,1.4765778,ef_disjuntor5
DISJUNTOR4,-3.1237251542958697,-41.76476144537349,79,"[(-3.123703067514431, -41.764768087439506), (-3.1237472410773086, -41.76475480330747)]","[(-3.123703067514431, -41.764768087439506), (-3.1237472410773086, -41.76475480330747)]",-24.94788932800293,58.57088851928711,4.91735,1.4765778,ef_disjuntor4
DISJUNTOR3,-3.123844147116344,-41.76476124086548,79,"[(-3.1238220603349056, -41.7647678829315), (-3.123866233897783, -41.76475459879946)]","[(-3.1238220603349056, -41.7647678829315), (-3.123866233897783, -41.76475459879946)]",-24.92515754699707,71.81703186035156,4.91735,1.4765778,ef_disjuntor3
DISJUNTOR2,-3.123912437211214,-41.764761123493884,79,"[(-3.1238903504297753, -41.764767765559895), (-3.1239345239926526, -41.764754481427865)]","[(-3.1238903504297753, -41.764767765559895), (-3.1239345239926526, -41.764754481427865)]",-24.912111282348633,79.41900634765625,4.91735,1.4765778,ef_disjuntor2
DISJUNTOR10,-3.123724325827688,-41.764066290867426,79,"[(-3.1237022390462497, -41.76407293293344), (-3.123746412609127, -41.76405964880141)]","[(-3.1237022390462497, -41.76407293293344), (-3.123746412609127, -41.76405964880141)]",52.32096862792969,58.47866439819336,4.91735,1.4765778,ef_disjuntor10
DISJUNTOR1,-3.1239779081291994,-41.764761010995606,79,"[(-3.123955821347761, -41.76476765306162), (-3.1239999949106383, -41.76475436892959)]","[(-3.123955821347761, -41.76476765306162), (-3.1239999949106383, -41.76475436892959)]",-24.899606704711914,86.7071533203125,4.91735,1.4765778,ef_disjuntor1
BUSIP9,-3.123617305839115,-41.76492713095373,79,"[(-3.123610802829675, -41.76493184084941), (-3.1236238088485546, -41.76492242105805)]","[(-3.123610802829675, -41.76493184084941), (-3.1236238088485546, -41.76492242105805)]",-43.36442184448242,46.56532287597656,1.447815,1.0470428,ef_busip9
BUSIP8,-3.1236586714377204,-41.76492705984438,79,"[(-3.1236521684282805, -41.764931769740066), (-3.12366517444716, -41.764922349948705)]","[(-3.1236521684282805, -41.764931769740066), (-3.12366517444716, -41.764922349948705)]",-43.35651779174805,51.17009353637695,1.447815,1.0470428,ef_busip8
BUSIP7,-3.1237042688515224,-41.76492698139074,79,"[(-3.123697765842083, -41.764931691286414), (-3.1237107718609622, -41.76492227149505)]","[(-3.123697765842083, -41.764931691286414), (-3.1237107718609622, -41.76492227149505)]",-43.34779739379883,56.24594497680664,1.447815,1.0470428,ef_busip7
BUSIP6,-3.1237415108539306,-41.76492691748842,79,"[(-3.1237350078444908, -41.764931627384094), (-3.1237480138633704, -41.76492220759274)]","[(-3.1237350078444908, -41.764931627384094), (-3.1237480138633704, -41.76492220759274)]",-43.340694427490234,60.39168167114258,1.447815,1.0470428,ef_busip6
BUSIP5,-3.1237842096914124,-41.76492684404537,79,"[(-3.1237777066819725, -41.76493155394105), (-3.123790712700852, -41.764922134149685)]","[(-3.1237777066819725, -41.76493155394105), (-3.123790712700852, -41.764922134149685)]",-43.3325309753418,65.14486694335938,1.447815,1.0470428,ef_busip5
BUSIP47,-3.1234312095975234,-41.763827751412414,77,"[(-3.123424706588084, -41.7638324613081), (-3.1234377126069632, -41.76382304151674)]","[(-3.123424706588084, -41.7638324613081), (-3.1234377126069632, -41.76382304151674)]",78.83546447753906,25.84930419921875,1.447815,1.0470428,ef_busip47
BUSIP46,-3.123528187939023,-41.76382758462119,79,"[(-3.123521684929583, -41.763832294516874), (-3.1235346909484627, -41.76382287472551)]","[(-3.123521684929583, -41.763832294516874), (-3.1235346909484627, -41.76382287472551)]",78.85400390625,36.64482116699219,1.447815,1.0470428,ef_busip46
BUSIP45,-3.1235746556967556,-41.763827504863414,79,"[(-3.123568152687316, -41.76383221475909), (-3.1235811587061955, -41.76382279496773)]","[(-3.123568152687316, -41.76383221475909), (-3.1235811587061955, -41.76382279496773)]",78.86286926269531,41.81755828857422,1.447815,1.0470428,ef_busip45
BUSIP44,-3.123616867343133,-41.7638274323813,79,"[(-3.1236103643336937, -41.76383214227698), (-3.123623370352573, -41.76382272248562)]","[(-3.1236103643336937, -41.76383214227698), (-3.123623370352573, -41.76382272248562)]",78.87092590332031,46.516510009765625,1.447815,1.0470428,ef_busip44
BUSIP43,-3.1236566908381387,-41.76382736388021,79,"[(-3.1236501878286993, -41.763832073775895), (-3.1236631938475785, -41.76382265398453)]","[(-3.1236501878286993, -41.763832073775895), (-3.1236631938475785, -41.76382265398453)]",78.8785400390625,50.949615478515625,1.447815,1.0470428,ef_busip43
BUSIP42,-3.123697943317392,-41.76382729304542,79,"[(-3.1236914403079523, -41.7638320029411), (-3.123704446326832, -41.76382258314974)]","[(-3.1236914403079523, -41.7638320029411), (-3.123704446326832, -41.76382258314974)]",78.88641357421875,55.54179382324219,1.447815,1.0470428,ef_busip42
BUSIP41,-3.123738516429434,-41.763827223308844,79,"[(-3.123732013419994, -41.76383193320452), (-3.1237450194388736, -41.76382251341317)]","[(-3.123732013419994, -41.76383193320452), (-3.1237450194388736, -41.76382251341317)]",78.8941650390625,60.058345794677734,1.447815,1.0470428,ef_busip41
BUSIP40,-3.1237839186172587,-41.763827145198384,79,"[(-3.123777415607819, -41.76383185509407), (-3.1237904216266985, -41.76382243530271)]","[(-3.123777415607819, -41.76383185509407), (-3.1237904216266985, -41.76382243530271)]",78.90284729003906,65.11246490478516,1.447815,1.0470428,ef_busip40
BUSIP4,-3.1238691701040495,-41.76492669805157,79,"[(-3.1238626670946097, -41.764931407947245), (-3.1238756731134893, -41.76492198815589)]","[(-3.1238626670946097, -41.764931407947245), (-3.1238756731134893, -41.76492198815589)]",-43.31630325317383,74.6025619506836,1.447815,1.0470428,ef_busip4
BUSIP39,-3.123825960361864,-41.76382707299083,79,"[(-3.1238194573524245, -41.763831782886506), (-3.1238324633713037, -41.763822363095144)]","[(-3.1238194573524245, -41.763831782886506), (-3.1238324633713037, -41.763822363095144)]",78.91087341308594,69.7925033569336,1.447815,1.0470428,ef_busip39
BUSIP38,-3.1238679322678626,-41.76382700092054,79,"[(-3.123861429258423, -41.76383171081623), (-3.1238744352773025, -41.763822291024866)]","[(-3.123861429258423, -41.76383171081623), (-3.1238744352773025, -41.763822291024866)]",78.91888427734375,74.46476745605469,1.447815,1.0470428,ef_busip38
BUSIP37,-3.1239091850212617,-41.76382692994848,79,"[(-3.123902682011822, -41.763831639844156), (-3.123915688030701, -41.763822220052795)]","[(-3.123902682011822, -41.763831639844156), (-3.123915688030701, -41.763822220052795)]",78.92677307128906,79.05697631835938,1.447815,1.0470428,ef_busip37
BUSIP36,-3.1239946142229758,-41.76382678306238,79,"[(-3.123988111213536, -41.763831492958055), (-3.1240011172324156, -41.7638220731667)]","[(-3.123988111213536, -41.763831492958055), (-3.1240011172324156, -41.7638220731667)]",78.94309997558594,88.56685638427734,1.447815,1.0470428,ef_busip36
BUSIP35,-3.1234312248126077,-41.76390412236842,77,"[(-3.123424721803168, -41.76390883226411), (-3.1234377278220475, -41.763899412472746)]","[(-3.123424721803168, -41.76390883226411), (-3.1234377278220475, -41.763899412472746)]",70.34656524658203,25.850997924804688,1.447815,1.0470428,ef_busip35
BUSIP34,-3.1235302465673125,-41.76390395228256,79,"[(-3.1235237435578727, -41.76390866217824), (-3.1235367495767523, -41.763899242386884)]","[(-3.1235237435578727, -41.76390866217824), (-3.1235367495767523, -41.763899242386884)]",70.36547088623047,36.873985290527344,1.447815,1.0470428,ef_busip34
BUSIP33,-3.123574373498068,-41.76390387636853,79,"[(-3.1235678704886283, -41.76390858626421), (-3.123580876507508, -41.763899166472854)]","[(-3.1235678704886283, -41.76390858626421), (-3.123580876507508, -41.763899166472854)]",70.37390899658203,41.7861442565918,1.447815,1.0470428,ef_busip33
BUSIP32,-3.123615552472016,-41.76390380567101,79,"[(-3.123609049462577, -41.7639085155667), (-3.123622055481456, -41.763899095775336)]","[(-3.123609049462577, -41.7639085155667), (-3.123622055481456, -41.763899095775336)]",70.38176727294922,46.370140075683594,1.447815,1.0470428,ef_busip32
BUSIP31,-3.123656918070622,-41.76390373469895,79,"[(-3.1236504150611824, -41.76390844459463), (-3.1236634210800616, -41.763899024803266)]","[(-3.1236504150611824, -41.76390844459463), (-3.1236634210800616, -41.763899024803266)]",70.38965606689453,50.974910736083984,1.447815,1.0470428,ef_busip31
BUSIP30,-3.1237025155529605,-41.763903656313936,79,"[(-3.1236960125435207, -41.76390836620961), (-3.1237090185624004, -41.76389894641826)]","[(-3.1236960125435207, -41.76390836620961), (-3.1237090185624004, -41.76389894641826)]",70.39836883544922,56.0507698059082,1.447815,1.0470428,ef_busip30
BUSIP3,-3.1239146668378583,-41.76492661994111,79,"[(-3.1239081638284185, -41.76493132983679), (-3.123921169847298, -41.76492191004543)]","[(-3.1239081638284185, -41.76493132983679), (-3.123921169847298, -41.76492191004543)]",-43.307621002197266,79.66720581054688,1.447815,1.0470428,ef_busip3
BUSIP29,-3.1237397575553687,-41.7639035922057,79,"[(-3.123733254545929, -41.763908302101385), (-3.1237462605648085, -41.76389888231002)]","[(-3.123733254545929, -41.763908302101385), (-3.1237462605648085, -41.76389888231002)]",70.4054946899414,60.19650650024414,1.447815,1.0470428,ef_busip29
BUSIP28,-3.12378245639285,-41.76390351889993,79,"[(-3.1237759533834106, -41.76390822879561), (-3.12378895940229, -41.76389880900425)]","[(-3.1237759533834106, -41.76390822879561), (-3.12378895940229, -41.76389880900425)]",70.41364288330078,64.94969177246094,1.447815,1.0470428,ef_busip28
BUSIP27,-3.12386741694256,-41.76390337283749,79,"[(-3.1238609139331204, -41.763908082733174), (-3.123873919952, -41.76389866294181)]","[(-3.1238609139331204, -41.763908082733174), (-3.123873919952, -41.76389866294181)]",70.42987823486328,74.40740203857422,1.447815,1.0470428,ef_busip27
BUSIP26,-3.1239129134022234,-41.76390329486431,79,"[(-3.1239064103927836, -41.76390800475999), (-3.1239194164116633, -41.76389858496863)]","[(-3.1239064103927836, -41.76390800475999), (-3.1239194164116633, -41.76389858496863)]",70.43854522705078,79.47201538085938,1.447815,1.0470428,ef_busip26
BUSIP25,-3.1239544556534384,-41.763903223343135,79,"[(-3.1239479526439986, -41.76390793323881), (-3.123960958662878, -41.76389851344746)]","[(-3.1239479526439986, -41.76390793323881), (-3.123960958662878, -41.76389851344746)]",70.44649505615234,84.09645080566406,1.447815,1.0470428,ef_busip25
BUSIP24,-3.1239947452646004,-41.76390315415566,79,"[(-3.123988242255161, -41.76390786405135), (-3.1240012482740402, -41.763898444259986)]","[(-3.123988242255161, -41.76390786405135), (-3.1240012482740402, -41.763898444259986)]",70.45418548583984,88.5814437866211,1.447815,1.0470428,ef_busip24
BUSIP23,-3.123432962930354,-41.76485107669513,77,"[(-3.123426459920914, -41.76485578659081), (-3.1234394659397937, -41.764846366799446)]","[(-3.123426459920914, -41.76485578659081), (-3.1234394659397937, -41.764846366799446)]",-34.91072463989258,26.044483184814453,1.447815,1.0470428,ef_busip23
BUSIP22,-3.1235299412375848,-41.764850910006864,79,"[(-3.123523438228145, -41.76485561990254), (-3.1235364442470246, -41.76484620011119)]","[(-3.123523438228145, -41.76485561990254), (-3.1235364442470246, -41.76484620011119)]",-34.89219665527344,36.839996337890625,1.447815,1.0470428,ef_busip22
BUSIP21,-3.123576408995318,-41.76485083014612,79,"[(-3.123569905985878, -41.76485554004181), (-3.1235829120047574, -41.764846120250446)]","[(-3.123569905985878, -41.76485554004181), (-3.1235829120047574, -41.764846120250446)]",-34.88331985473633,42.012733459472656,1.447815,1.0470428,ef_busip21
BUSIP20,-3.1236186207102317,-41.764850757629695,79,"[(-3.123612117700792, -41.76485546752537), (-3.1236251237196715, -41.76484604773402)]","[(-3.123612117700792, -41.76485546752537), (-3.1236251237196715, -41.76484604773402)]",-34.87525939941406,46.711692810058594,1.447815,1.0470428,ef_busip20
BUSIP2,-3.123956209089073,-41.764926548488575,79,"[(-3.123949706079633, -41.76493125838425), (-3.1239627120985127, -41.76492183859289)]","[(-3.123949706079633, -41.76493125838425), (-3.1239627120985127, -41.76492183859289)]",-43.299678802490234,84.29164123535156,1.447815,1.0470428,ef_busip2
BUSIP19,-3.123658444136701,-41.764850689197246,79,"[(-3.123651941127261, -41.76485539909292), (-3.123664947146141, -41.76484597930157)]","[(-3.123651941127261, -41.76485539909292), (-3.123664947146141, -41.76484597930157)]",-34.867652893066406,51.14479064941406,1.447815,1.0470428,ef_busip19
BUSIP18,-3.123699696615954,-41.76485061829381,79,"[(-3.123693193606514, -41.7648553281895), (-3.123706199625394, -41.76484590839814)]","[(-3.123693193606514, -41.7648553281895), (-3.123706199625394, -41.76484590839814)]",-34.859771728515625,55.736968994140625,1.447815,1.0470428,ef_busip18
BUSIP17,-3.123740269727996,-41.76485054855724,79,"[(-3.1237337667185563, -41.76485525845292), (-3.1237467727374355, -41.76484583866156)]","[(-3.1237337667185563, -41.76485525845292), (-3.1237467727374355, -41.76484583866156)]",-34.852020263671875,60.25352096557617,1.447815,1.0470428,ef_busip17
BUSIP16,-3.1237856719158206,-41.76485047054974,79,"[(-3.123779168906381, -41.764855180445416), (-3.1237921749252604, -41.76484576065406)]","[(-3.123779168906381, -41.764855180445416), (-3.1237921749252604, -41.76484576065406)]",-34.84334945678711,65.3076400756836,1.447815,1.0470428,ef_busip16
BUSIP15,-3.123827713660426,-41.76485039830786,79,"[(-3.1238212106509864, -41.76485510820354), (-3.123834216669866, -41.76484568841218)]","[(-3.1238212106509864, -41.76485510820354), (-3.123834216669866, -41.76484568841218)]",-34.83531951904297,69.98767852783203,1.447815,1.0470428,ef_busip15
BUSIP14,-3.1238696855664245,-41.76485032616894,79,"[(-3.123863182556985, -41.76485503606462), (-3.1238761885758644, -41.76484561627326)]","[(-3.123863182556985, -41.76485503606462), (-3.1238761885758644, -41.76484561627326)]",-34.827301025390625,74.65994262695312,1.447815,1.0470428,ef_busip14
BUSIP13,-3.1239109383198236,-41.76485025526551,79,"[(-3.1239044353103838, -41.76485496516119), (-3.1239174413292634, -41.76484554536983)]","[(-3.1239044353103838, -41.76485496516119), (-3.1239174413292634, -41.76484554536983)]",-34.819419860839844,79.25215148925781,1.447815,1.0470428,ef_busip13
BUSIP12,-3.1239963675215376,-41.76485010848237,79,"[(-3.123989864512098, -41.76485481837805), (-3.1240028705309775, -41.76484539858669)]","[(-3.123989864512098, -41.76485481837805), (-3.1240028705309775, -41.76484539858669)]",-34.803104400634766,88.76203155517578,1.447815,1.0470428,ef_busip12
BUSIP11,-3.1234329781454377,-41.76492744771978,77,"[(-3.123426475135998, -41.764932157615455), (-3.1234394811548776, -41.7649227378241)]","[(-3.123426475135998, -41.764932157615455), (-3.1234394811548776, -41.7649227378241)]",-43.39963150024414,26.04617691040039,1.447815,1.0470428,ef_busip11
BUSIP10,-3.1235319998658744,-41.76492727749663,79,"[(-3.1235254968564345, -41.764931987392316), (-3.123538502875314, -41.764922567600955)]","[(-3.1235254968564345, -41.764931987392316), (-3.123538502875314, -41.764922567600955)]",-43.38071060180664,37.06916046142578,1.447815,1.0470428,ef_busip10
BUSIP1,-3.1239964984260897,-41.7649264793011,79,"[(-3.12398999541665, -41.76493118919678), (-3.1240030014355296, -41.764921769405426)]","[(-3.12398999541665, -41.76493118919678), (-3.1240030014355296, -41.764921769405426)]",-43.291988372802734,88.77660369873047,1.447815,1.0470428,ef_busip1
BUSCSB9,-3.1235309936485014,-41.76500072517905,79,"[(-3.123523981824943, -41.76500567167186), (-3.1235380054720596, -41.764995778686234)]","[(-3.123523981824943, -41.76500567167186), (-3.1235380054720596, -41.764995778686234)]",-51.544677734375,36.957149505615234,1.5610962,1.09964,ef_buscsb9
BUSCSB8,-3.1236176620571303,-41.7650005762338,79,"[(-3.123610650233572, -41.76500552272661), (-3.1236246738806885, -41.76499562974099)]","[(-3.123610650233572, -41.76500552272661), (-3.1236246738806885, -41.76499562974099)]",-51.52812194824219,46.604976654052734,1.5610962,1.09964,ef_buscsb8
BUSCSB7,-3.123698938774548,-41.76500043662337,79,"[(-3.1236919269509897, -41.76500538311618), (-3.123705950598106, -41.76499549013055)]","[(-3.1236919269509897, -41.76500538311618), (-3.123705950598106, -41.76499549013055)]",-51.512603759765625,55.65260696411133,1.5610962,1.09964,ef_buscsb7
BUSCSB6,-3.123740003326952,-41.76500036599449,79,"[(-3.1237329915033936, -41.765005312487304), (-3.12374701515051, -41.76499541950168)]","[(-3.1237329915033936, -41.765005312487304), (-3.12374701515051, -41.76499541950168)]",-51.50475311279297,60.2238655090332,1.5610962,1.09964,ef_buscsb6
BUSCSB5,-3.1237844677310136,-41.76500028959999,79,"[(-3.1237774559074554, -41.765005236092804), (-3.123791479554572, -41.76499534310718)]","[(-3.1237774559074554, -41.765005236092804), (-3.123791479554572, -41.76499534310718)]",-51.49626159667969,65.17359161376953,1.5610962,1.09964,ef_buscsb5
BUSCSB4,-3.1238695611728318,-41.76500014333164,79,"[(-3.1238625493492735, -41.76500508982445), (-3.1238765729963904, -41.764995196838825)]","[(-3.1238625493492735, -41.76500508982445), (-3.1238765729963904, -41.764995196838825)]",-51.480003356933594,74.6460952758789,1.5610962,1.09964,ef_buscsb4
BUSCSB3,-3.1239511655628482,-41.76500000310346,79,"[(-3.12394415373929, -41.765004949596275), (-3.123958177386407, -41.76499505661065)]","[(-3.12394415373929, -41.765004949596275), (-3.123958177386407, -41.76499505661065)]",-51.46441650390625,83.7302017211914,1.5610962,1.09964,ef_buscsb3
BUSCSB22,-3.1234297320552264,-41.763977943477855,77,"[(-3.1234227202316682, -41.76398288997067), (-3.1234367438787847, -41.763972996985046)]","[(-3.1234227202316682, -41.76398288997067), (-3.1234367438787847, -41.763972996985046)]",62.141090393066406,25.684825897216797,1.5610962,1.09964,ef_buscsb22
BUSCSB21,-3.123529084121182,-41.76397777270561,79,"[(-3.123522072297624, -41.763982719198424), (-3.1235360959447402, -41.76397282621279)]","[(-3.123522072297624, -41.763982719198424), (-3.1235360959447402, -41.76397282621279)]",62.160072326660156,36.74458312988281,1.5610962,1.09964,ef_buscsb21
BUSCSB20,-3.123575598826359,-41.763977692810556,79,"[(-3.1235685870028007, -41.763982639303364), (-3.123582610649917, -41.76397274631774)]","[(-3.1235685870028007, -41.763982639303364), (-3.123582610649917, -41.76397274631774)]",62.16895294189453,41.92254638671875,1.5610962,1.09964,ef_buscsb20
BUSCSB2,-3.123996464911783,-41.76499992526755,79,"[(-3.1239894530882246, -41.76500487176037), (-3.124003476735341, -41.764994978774745)]","[(-3.1239894530882246, -41.76500487176037), (-3.124003476735341, -41.764994978774745)]",-51.45576477050781,88.77287292480469,1.5610962,1.09964,ef_buscsb2
BUSCSB19,-3.1236157975925036,-41.763977623623084,79,"[(-3.1236087857689454, -41.76398257011589), (-3.123622809416062, -41.76397267713027)]","[(-3.1236087857689454, -41.76398257011589), (-3.123622809416062, -41.76397267713027)]",62.17664337158203,46.39742660522461,1.5610962,1.09964,ef_buscsb19
BUSCSB18,-3.1236576742671542,-41.763977551690076,79,"[(-3.123650662443596, -41.76398249818289), (-3.1236646860907125, -41.76397260519727)]","[(-3.123650662443596, -41.76398249818289), (-3.1236646860907125, -41.76397260519727)]",62.18463897705078,51.05908966064453,1.5610962,1.09964,ef_buscsb18
BUSCSB17,-3.1236971861613503,-41.76397748387537,79,"[(-3.123690174337792, -41.76398243036819), (-3.1237041979849085, -41.763972537382564)]","[(-3.123690174337792, -41.76398243036819), (-3.1237041979849085, -41.763972537382564)]",62.192176818847656,55.4575080871582,1.5610962,1.09964,ef_buscsb17
BUSCSB16,-3.1237382506452174,-41.76397741331513,79,"[(-3.123731238821659, -41.76398235980795), (-3.123745262468776, -41.763972466822324)]","[(-3.123731238821659, -41.76398235980795), (-3.123745262468776, -41.763972466822324)]",62.20001983642578,60.02875900268555,1.5610962,1.09964,ef_buscsb16
BUSCSB15,-3.1237827150492796,-41.763977336852,79,"[(-3.1237757032257214, -41.76398228334481), (-3.123789726872838, -41.763972390359186)]","[(-3.1237757032257214, -41.76398228334481), (-3.123789726872838, -41.763972390359186)]",62.208518981933594,64.97848510742188,1.5610962,1.09964,ef_buscsb15
BUSCSB14,-3.1238678084225615,-41.763977190652284,79,"[(-3.123860796599003, -41.76398213714509), (-3.1238748202461197, -41.76397224415947)]","[(-3.123860796599003, -41.76398213714509), (-3.1238748202461197, -41.76397224415947)]",62.224769592285156,74.45098114013672,1.5610962,1.09964,ef_buscsb14
BUSCSB13,-3.123949412812578,-41.76397705049274,79,"[(-3.1239424009890193, -41.76398199698556), (-3.123956424636136, -41.76397210399993)]","[(-3.1239424009890193, -41.76398199698556), (-3.123956424636136, -41.76397210399993)]",62.24034881591797,83.53508758544922,1.5610962,1.09964,ef_buscsb13
BUSCSB12,-3.123994712298585,-41.763976972519565,79,"[(-3.123987700475027, -41.76398191901237), (-3.1240017241221434, -41.76397202602675)]","[(-3.123987700475027, -41.76398191901237), (-3.1240017241221434, -41.76397202602675)]",62.24901580810547,88.57777404785156,1.5610962,1.09964,ef_buscsb12
BUSCSB11,-3.124036272917559,-41.76397690127294,79,"[(-3.124029261094001, -41.763981847765756), (-3.1240432847411173, -41.763971954780125)]","[(-3.124029261094001, -41.763981847765756), (-3.1240432847411173, -41.763971954780125)]",62.256935119628906,93.20425415039062,1.5610962,1.09964,ef_buscsb11
BUSCSB10,-3.1234316834240268,-41.76500089588266,77,"[(-3.1234246716004685, -41.76500584237547), (-3.1234386952475854, -41.76499594938985)]","[(-3.1234246716004685, -41.76500584237547), (-3.1234386952475854, -41.76499594938985)]",-51.56365203857422,25.902050018310547,1.5610962,1.09964,ef_buscsb10
BUSCSB1,-3.124039114437314,-41.76499985203042,79,"[(-3.124032102613756, -41.765004798523236), (-3.1240461262608723, -41.76499490553761)]","[(-3.124032102613756, -41.765004798523236), (-3.1240461262608723, -41.76499490553761)]",-51.44762420654297,93.52056884765625,1.5610962,1.09964,ef_buscsb1
TC9.001,-3.1230388087755037,-41.76437413156128,81,"[(-3.1230311127524284, -41.7643804672258), (-3.123046504798579, -41.76436779589677)]","[(-3.1230311127524284, -41.7643804672258), (-3.123046504798579, -41.76436779589677)]",18.103397369384766,-17.83230209350586,1.7134248,1.4084626,ef_tc9.001
TC8.001,-3.123107723288514,-41.76437401316011,81,"[(-3.123100027265439, -41.76438034882462), (-3.1231154193115893, -41.76436767749559)]","[(-3.123100027265439, -41.76438034882462), (-3.1231154193115893, -41.76436767749559)]",18.116558074951172,-10.160818099975586,1.7134248,1.4084626,ef_tc8.001
TC7.001,-3.1231740592388584,-41.764373899186104,81,"[(-3.123166363215783, -41.76438023485062), (-3.1231817552619336, -41.76436756352159)]","[(-3.123166363215783, -41.76438023485062), (-3.1231817552619336, -41.76436756352159)]",18.129226684570312,-2.776376724243164,1.7134248,1.4084626,ef_tc7.001
TC6.001,-3.1227865468965588,-41.764695959638324,80,"[(-3.1227788508734835, -41.76470229530284), (-3.122794242919634, -41.76468962397381)]","[(-3.1227788508734835, -41.76470229530284), (-3.122794242919634, -41.76468962397381)]",-17.668920516967773,-45.91380310058594,1.7134248,1.4084626,ef_tc6.001
TC5.001,-3.1228534626992404,-41.764695844634744,80,"[(-3.1228457666761646, -41.76470218029926), (-3.1228611587223156, -41.76468950897023)]","[(-3.1228457666761646, -41.76470218029926), (-3.1228611587223156, -41.76468950897023)]",-17.656137466430664,-38.464813232421875,1.7134248,1.4084626,ef_tc5.001
TC4.001,-3.1229201983882233,-41.7646957299572,80,"[(-3.122912502365148, -41.76470206562171), (-3.1229278944112986, -41.76468939429268)]","[(-3.122912502365148, -41.76470206562171), (-3.1229278944112986, -41.76468939429268)]",-17.643390655517578,-31.035873413085938,1.7134248,1.4084626,ef_tc4.001
TC3.001,-3.1230393594655963,-41.764695525174645,81,"[(-3.123031663442521, -41.76470186083915), (-3.1230470554886716, -41.76468918951013)]","[(-3.123031663442521, -41.76470186083915), (-3.1230470554886716, -41.76468918951013)]",-17.620628356933594,-17.770999908447266,1.7134248,1.4084626,ef_tc3.001
TC2.001,-3.1231082739443385,-41.7646954067563,81,"[(-3.123100577921263, -41.76470174242082), (-3.123115969967414, -41.76468907109179)]","[(-3.123100577921263, -41.76470174242082), (-3.123115969967414, -41.76468907109179)]",-17.607465744018555,-10.099519729614258,1.7134248,1.4084626,ef_tc2.001
TC12.001,-3.122785996275003,-41.76437456604213,80,"[(-3.1227783002519276, -41.764380901706645), (-3.122793692298078, -41.76436823037761)]","[(-3.1227783002519276, -41.764380901706645), (-3.122793692298078, -41.76436823037761)]",18.055103302001953,-45.97509765625,1.7134248,1.4084626,ef_tc12.001
TC11.001,-3.122852912077684,-41.76437445107287,80,"[(-3.1228452160546087, -41.764380786737384), (-3.1228606081007593, -41.76436811540835)]","[(-3.1228452160546087, -41.764380786737384), (-3.1228606081007593, -41.76436811540835)]",18.067882537841797,-38.52610778808594,1.7134248,1.4084626,ef_tc11.001
TC10.001,-3.1229196477666674,-41.76437433634384,80,"[(-3.122911951743592, -41.76438067200836), (-3.1229273437897427, -41.764368000679326)]","[(-3.122911951743592, -41.76438067200836), (-3.1229273437897427, -41.764368000679326)]",18.08063507080078,-31.09716796875,1.7134248,1.4084626,ef_tc10.001
TC1.001,-3.1231746099118167,-41.76469529276514,81,"[(-3.1231669138887415, -41.764701628429655), (-3.123182305934892, -41.764688957100624)]","[(-3.1231669138887415, -41.764701628429655), (-3.123182305934892, -41.764688957100624)]",-17.59479522705078,-2.715076446533203,1.7134248,1.4084626,ef_tc1.001
SECV9.002,-3.123036368536457,-41.76452126178943,77,"[(-3.123026585889145, -41.76452620828224), (-3.1230461511837686, -41.76451631529662)]","[(-3.123026585889145, -41.76452620828224), (-3.1230461511837686, -41.76451631529662)]",1.7493572235107422,-18.103946685791016,2.177986,1.09964,ef_secv9.002
SECV8.002,-3.1231047224387285,-41.76452114431487,77,"[(-3.1230949397914167, -41.764526090807685), (-3.1231145050860403, -41.76451619782206)]","[(-3.1230949397914167, -41.764526090807685), (-3.1231145050860403, -41.76451619782206)]",1.7624149322509766,-10.494869232177734,2.177986,1.09964,ef_secv8.002
SECV7.002,-3.1231723156810345,-41.7645210281616,77,"[(-3.1231625330337227, -41.76452597465441), (-3.1231820983283463, -41.76451608166879)]","[(-3.1231625330337227, -41.76452597465441), (-3.1231820983283463, -41.76451608166879)]",1.7753257751464844,-2.9704675674438477,2.177986,1.09964,ef_secv7.002
SECV6.003,-3.1227860278017534,-41.76511084208369,76,"[(-3.1227762451544416, -41.7651157885765), (-3.122795810449065, -41.76510589559088)]","[(-3.1227762451544416, -41.7651157885765), (-3.122795810449065, -41.76510589559088)]",-63.7845573425293,-45.971588134765625,2.177986,1.09964,ef_secv6.003
SECV5.003,-3.1228543816697574,-41.76511072464345,76,"[(-3.1228445990224456, -41.765115671136265), (-3.122864164317069, -41.765105778150634)]","[(-3.1228445990224456, -41.765115671136265), (-3.122864164317069, -41.765105778150634)]",-63.77150344848633,-38.36251449584961,2.177986,1.09964,ef_secv5.003
SECV4.003,-3.122922735400688,-41.765110607134574,76,"[(-3.122912952753376, -41.76511555362738), (-3.1229325180479997, -41.76510566064176)]","[(-3.122912952753376, -41.76511555362738), (-3.1229325180479997, -41.76510566064176)]",-63.75844192504883,-30.753456115722656,2.177986,1.09964,ef_secv4.003
SECV3.003,-3.123037377975041,-41.76511041014247,77,"[(-3.1230275953277293, -41.76511535663528), (-3.123047160622353, -41.765105463649654)]","[(-3.1230275953277293, -41.76511535663528), (-3.123047160622353, -41.765105463649654)]",-63.73654556274414,-17.9915771484375,2.177986,1.09964,ef_secv3.003
SECV2.003,-3.123105731860179,-41.765110292702225,77,"[(-3.123095949212867, -41.76511523919504), (-3.1231155145074907, -41.76510534620942)]","[(-3.123095949212867, -41.76511523919504), (-3.1231155145074907, -41.76510534620942)]",-63.72349166870117,-10.382501602172852,2.177986,1.09964,ef_secv2.003
SECV12.002,-3.122785018328901,-41.76452169373066,76,"[(-3.122775235681589, -41.764526640223465), (-3.1227948009762128, -41.76451674723784)]","[(-3.122775235681589, -41.764526640223465), (-3.1227948009762128, -41.76451674723784)]",1.701345443725586,-46.083961486816406,2.177986,1.09964,ef_secv12.002
SECV11.002,-3.1228533721969045,-41.764521576256094,76,"[(-3.1228435895495927, -41.76452652274891), (-3.1228631548442163, -41.764516629763285)]","[(-3.1228435895495927, -41.76452652274891), (-3.1228631548442163, -41.764516629763285)]",1.7144031524658203,-38.47488784790039,2.177986,1.09964,ef_secv11.002
SECV10.002,-3.1229217259963717,-41.76452145878154,76,"[(-3.12291194334906, -41.764526405274346), (-3.1229315086436835, -41.76451651228872)]","[(-3.12291194334906, -41.764526405274346), (-3.1229315086436835, -41.76451651228872)]",1.7274608612060547,-30.865821838378906,2.177986,1.09964,ef_secv10.002
SECV1.003,-3.1231733251196188,-41.76511017649747,77,"[(-3.123163542472307, -41.76511512299029), (-3.1231831077669305, -41.765105230004664)]","[(-3.123163542472307, -41.76511512299029), (-3.1231831077669305, -41.765105230004664)]",-63.710575103759766,-2.858098030090332,2.177986,1.09964,ef_secv1.003
SECH9.001,-3.1230366432646752,-41.76431339611569,77,"[(-3.1230069650821592, -41.76431816648179), (-3.123066321447191, -41.76430862574958)]","[(-3.1230069650821592, -41.76431816648179), (-3.123066321447191, -41.76430862574958)]",24.854354858398438,-18.0733642578125,6.607482,1.0604858,ef_sech9.001
SECH8.001,-3.1231053198192535,-41.76431327812634,77,"[(-3.1230756416367376, -41.76431804849245), (-3.1231349980017695, -41.764308507760234)]","[(-3.1230756416367376, -41.76431804849245), (-3.1231349980017695, -41.764308507760234)]",24.867469787597656,-10.428369522094727,6.607482,1.0604858,ef_sech8.001
SECH7.001,-3.1231718341613184,-41.76431316384346,77,"[(-3.123142155978803, -41.76431793420957), (-3.1232015123438344, -41.76430839347736)]","[(-3.123142155978803, -41.76431793420957), (-3.1232015123438344, -41.76430839347736)]",24.880172729492188,-3.0240697860717773,6.607482,1.0604858,ef_sech7.001
SECH6.001,-3.122785196969066,-41.764637323926074,76,"[(-3.12275551878655, -41.764642094292185), (-3.122814875151582, -41.76463255355997)]","[(-3.12275551878655, -41.764642094292185), (-3.122814875151582, -41.76463255355997)]",-11.151355743408203,-46.0640754699707,6.607482,1.0604858,ef_sech6.001
SECH5.001,-3.1228532157282696,-41.764637207034944,76,"[(-3.1228235375457536, -41.76464197740105), (-3.1228828939107856, -41.76463243666883)]","[(-3.1228235375457536, -41.76464197740105), (-3.1228828939107856, -41.76463243666883)]",-11.138362884521484,-38.492305755615234,6.607482,1.0604858,ef_sech5.001
SECH4.001,-3.122919726994763,-41.76463709273491,76,"[(-3.122890048812247, -41.76464186310101), (-3.1229494051772786, -41.7646323223688)]","[(-3.122890048812247, -41.76464186310101), (-3.1229494051772786, -41.7646323223688)]",-11.12565803527832,-31.088348388671875,6.607482,1.0604858,ef_sech4.001
SECH3.001,-3.1230371975529296,-41.764636890869475,77,"[(-3.1230075193704137, -41.764641661235586), (-3.123066875735445, -41.76463212050337)]","[(-3.1230075193704137, -41.764641661235586), (-3.123066875735445, -41.76463212050337)]",-11.103219985961914,-18.011661529541016,6.607482,1.0604858,ef_sech3.001
SECH2.001,-3.12310587407324,-41.76463677284581,77,"[(-3.123076195890724, -41.76464154321192), (-3.1231355522557553, -41.7646320024797)]","[(-3.123076195890724, -41.76464154321192), (-3.1231355522557553, -41.7646320024797)]",-11.09010124206543,-10.366670608520508,6.607482,1.0604858,ef_sech2.001
SECH12.001,-3.1227846427836163,-41.76431382922376,76,"[(-3.1227549646011004, -41.76431859958987), (-3.122814320966132, -41.764309058857656)]","[(-3.1227549646011004, -41.76431859958987), (-3.122814320966132, -41.764309058857656)]",24.80621337890625,-46.12576675415039,6.607482,1.0604858,ef_sech12.001
SECH11.001,-3.12285266154282,-41.76431371233263,76,"[(-3.122822983360304, -41.76431848269874), (-3.122882339725336, -41.76430894196652)]","[(-3.122822983360304, -41.76431848269874), (-3.122882339725336, -41.76430894196652)]",24.81920623779297,-38.55399703979492,6.607482,1.0604858,ef_sech11.001
SECH10.001,-3.1229191726722405,-41.76431359804975,76,"[(-3.1228894944897245, -41.764318368415864), (-3.1229488508547565, -41.76430882768364)]","[(-3.1228894944897245, -41.764318368415864), (-3.1229488508547565, -41.76430882768364)]",24.8319091796875,-31.150054931640625,6.607482,1.0604858,ef_sech10.001
SECH1.001,-3.123172388441006,-41.764636658545776,77,"[(-3.12314271025849, -41.76464142891189), (-3.1232020666235214, -41.76463188817967)]","[(-3.12314271025849, -41.76464142891189), (-3.1232020666235214, -41.76463188817967)]",-11.077396392822266,-2.9623680114746094,6.607482,1.0604858,ef_sech1.001
REATOR7.001,-3.122725997852662,-41.76536925018293,76,"[(-3.1227122127114333, -41.76539673044165), (-3.12273978299389, -41.7653417699242)]","[(-3.1227122127114333, -41.76539673044165), (-3.12273978299389, -41.7653417699242)]",-92.50752258300781,-52.654052734375,3.069092,6.109054,ef_reator7.001
REATOR6.001,-3.122819009683426,-41.76536909464839,76,"[(-3.1228052245421973, -41.765396574907115), (-3.122832794824654, -41.76534161438967)]","[(-3.1228052245421973, -41.765396574907115), (-3.122832794824654, -41.76534161438967)]",-92.490234375,-42.30008316040039,3.069092,6.109054,ef_reator6.001
REATOR5.001,-3.1229094875858636,-41.76536893925114,76,"[(-3.122895702444635, -41.76539641950986), (-3.122923272727092, -41.76534145899241)]","[(-3.122895702444635, -41.76539641950986), (-3.122923272727092, -41.76534145899241)]",-92.47296142578125,-32.228187561035156,3.069092,6.109054,ef_reator5.001
REATOR4.001,-3.1229994198356357,-41.76536878385388,76,"[(-3.122985634694407, -41.7653962641126), (-3.123013204976864, -41.76534130359516)]","[(-3.122985634694407, -41.7653962641126), (-3.123013204976864, -41.76534130359516)]",-92.4556884765625,-22.21703338623047,3.069092,6.109054,ef_reator4.001
REATOR3.001,-3.1230874292962922,-41.765368633535864,76,"[(-3.1230736441550637, -41.76539611379459), (-3.1231012144375203, -41.76534115327714)]","[(-3.1230736441550637, -41.76539611379459), (-3.1231012144375203, -41.76534115327714)]",-92.43898010253906,-12.419921875,3.069092,6.109054,ef_reator3.001
REATOR2.001,-3.1231793236836487,-41.76536847553035,77,"[(-3.1231655385424206, -41.765395955789074), (-3.123193108824877, -41.76534099527163)]","[(-3.1231655385424206, -41.765395955789074), (-3.123193108824877, -41.76534099527163)]",-92.42141723632812,-2.19034481048584,3.069092,6.109054,ef_reator2.001
REATOR1.001,-3.1232708167131937,-41.765369110023386,77,"[(-3.1232570315719657, -41.76539659028211), (-3.1232846018544222, -41.76534162976466)]","[(-3.1232570315719657, -41.76539659028211), (-3.1232846018544222, -41.76534162976466)]",-92.491943359375,7.994553565979004,3.069092,6.109054,ef_reator1.001
IP6.002,-3.1227865568686073,-41.765169216163656,76,"[(-3.1227800538591675, -41.76517392605933), (-3.122793059878047, -41.76516450626798)]","[(-3.1227800538591675, -41.76517392605933), (-3.122793059878047, -41.76516450626798)]",-70.27304077148438,-45.91269302368164,1.447815,1.0470428,ef_ip6.002
IP5.002,-3.122854105502274,-41.76516910016482,76,"[(-3.1228476024928344, -41.7651738100605), (-3.1228606085117137, -41.76516439026914)]","[(-3.1228476024928344, -41.7651738100605), (-3.1228606085117137, -41.76516439026914)]",-70.26014709472656,-38.39325714111328,1.447815,1.0470428,ef_ip5.002
IP4.002,-3.1229224477533553,-41.76516898272458,76,"[(-3.1229159447439154, -41.76517369262026), (-3.122928950762795, -41.7651642728289)]","[(-3.1229159447439154, -41.76517369262026), (-3.122928950762795, -41.7651642728289)]",-70.2470932006836,-30.785476684570312,1.447815,1.0470428,ef_ip4.002
IP3.001,-3.1230378423092513,-41.76516878442835,77,"[(-3.1230313392998115, -41.765173494324024), (-3.123044345318691, -41.76516407453267)]","[(-3.1230313392998115, -41.765173494324024), (-3.123044345318691, -41.76516407453267)]",-70.22505187988281,-17.93988800048828,1.447815,1.0470428,ef_ip3.001
IP2.001,-3.1231059065937683,-41.765168667399934,77,"[(-3.1230994035843285, -41.76517337729562), (-3.123112409603208, -41.76516395750426)]","[(-3.1230994035843285, -41.76517337729562), (-3.123112409603208, -41.76516395750426)]",-70.21204376220703,-10.36305046081543,1.447815,1.0470428,ef_ip2.001
DISJUNTOR9.001,-3.1230384124636856,-41.76445140126803,77,"[(-3.1230163256822467, -41.764458043334045), (-3.123060499245124, -41.764444759202014)]","[(-3.1230163256822467, -41.764458043334045), (-3.123060499245124, -41.764444759202014)]",9.514598846435547,-17.876419067382812,4.91735,1.4765778,ef_disjuntor9.001
DISJUNTOR8.001,-3.123106702575689,-41.76445128389643,77,"[(-3.1230846157942507, -41.764457925962446), (-3.123128789357128, -41.76444464183041)]","[(-3.1230846157942507, -41.764457925962446), (-3.123128789357128, -41.76444464183041)]",9.527645111083984,-10.274442672729492,4.91735,1.4765778,ef_disjuntor8.001
DISJUNTOR7.001,-3.1231721734080042,-41.76445117139815,77,"[(-3.123150086626566, -41.76445781346417), (-3.123194260189443, -41.76444452933213)]","[(-3.123150086626566, -41.76445781346417), (-3.123194260189443, -41.76444452933213)]",9.540149688720703,-2.9863052368164062,4.91735,1.4765778,ef_disjuntor7.001
DISJUNTOR6.001,-3.1227850329271574,-41.76476306088034,76,"[(-3.1227629461457185, -41.76476970294636), (-3.122807119708596, -41.76475641881432)]","[(-3.1227629461457185, -41.76476970294636), (-3.122807119708596, -41.76475641881432)]",-25.127458572387695,-46.08233642578125,4.91735,1.4765778,ef_disjuntor6.001
DISJUNTOR5.001,-3.1228549519612643,-41.764762940728886,76,"[(-3.122832865179826, -41.7647695827949), (-3.122877038742703, -41.76475629866287)]","[(-3.122832865179826, -41.7647695827949), (-3.122877038742703, -41.76475629866287)]",-25.114103317260742,-38.29903030395508,4.91735,1.4765778,ef_disjuntor5.001
DISJUNTOR4.001,-3.1229199528565177,-41.76476282901994,76,"[(-3.122897866075079, -41.76476947108596), (-3.1229420396379566, -41.76475618695393)]","[(-3.122897866075079, -41.76476947108596), (-3.1229420396379566, -41.76475618695393)]",-25.101686477661133,-31.06320571899414,4.91735,1.4765778,ef_disjuntor4.001
DISJUNTOR3.001,-3.12303894571126,-41.76476262458058,77,"[(-3.1230168589298217, -41.764769266646596), (-3.123061032492699, -41.764755982514565)]","[(-3.1230168589298217, -41.764769266646596), (-3.123061032492699, -41.764755982514565)]",-25.078962326049805,-17.817058563232422,4.91735,1.4765778,ef_disjuntor3.001
DISJUNTOR2.001,-3.1231072358061303,-41.76476250720898,77,"[(-3.1230851490246914, -41.764769149275), (-3.1231293225875687, -41.76475586514296)]","[(-3.1230851490246914, -41.764769149275), (-3.1231293225875687, -41.76475586514296)]",-25.065916061401367,-10.215084075927734,4.91735,1.4765778,ef_disjuntor2.001
DISJUNTOR12.001,-3.1227844997138505,-41.76445183763643,76,"[(-3.1227624129324116, -41.76445847970245), (-3.122806586495289, -41.76444519557041)]","[(-3.1227624129324116, -41.76445847970245), (-3.122806586495289, -41.76444519557041)]",9.466094970703125,-46.141693115234375,4.91735,1.4765778,ef_disjuntor12.001
DISJUNTOR11.001,-3.1228544187479574,-41.764451717450655,76,"[(-3.122832331966519, -41.764458359516674), (-3.1228765055293963, -41.764445075384636)]","[(-3.122832331966519, -41.764458359516674), (-3.1228765055293963, -41.764445075384636)]",9.479454040527344,-38.3583869934082,4.91735,1.4765778,ef_disjuntor11.001
DISJUNTOR10.001,-3.1229194197117476,-41.76445160574172,76,"[(-3.1228973329303087, -41.76445824780773), (-3.122941506493186, -41.7644449636757)]","[(-3.1228973329303087, -41.76445824780773), (-3.122941506493186, -41.7644449636757)]",9.491870880126953,-31.122554779052734,4.91735,1.4765778,ef_disjuntor10.001
DISJUNTOR1.001,-3.1231727066555792,-41.76476239467638,77,"[(-3.1231506198741408, -41.7647690367424), (-3.123194793437018, -41.76475575261036)]","[(-3.1231506198741408, -41.7647690367424), (-3.123194793437018, -41.76475575261036)]",-25.053407669067383,-2.9269447326660156,4.91735,1.4765778,ef_disjuntor1.001
BUSIP9.001,-3.1229362552365427,-41.76492734050665,76,"[(-3.122929752227103, -41.76493205040233), (-3.1229427582459826, -41.764922630610975)]","[(-3.122929752227103, -41.76493205040233), (-3.1229427582459826, -41.764922630610975)]",-43.38771438598633,-29.248443603515625,1.447815,1.0470428,ef_busip9.001
BUSIP8.001,-3.122979124404149,-41.76492726678905,77,"[(-3.1229726213947093, -41.76493197668473), (-3.122985627413589, -41.764922556893374)]","[(-3.1229726213947093, -41.76493197668473), (-3.122985627413589, -41.764922556893374)]",-43.379520416259766,-24.47629737854004,1.447815,1.0470428,ef_busip8.001
BUSIP7.001,-3.1230640458024324,-41.76492712086389,77,"[(-3.1230575427929925, -41.76493183075957), (-3.123070548811872, -41.76492241096821)]","[(-3.1230575427929925, -41.76493183075957), (-3.123070548811872, -41.76492241096821)]",-43.36330032348633,-15.022945404052734,1.447815,1.0470428,ef_busip7.001
BUSIP60.001,-3.1226317104564147,-41.76382649052567,76,"[(-3.122625207446975, -41.76383120042135), (-3.1226382134658546, -41.76382178062999)]","[(-3.122625207446975, -41.76383120042135), (-3.1226382134658546, -41.76382178062999)]",78.97561645507812,-63.15001678466797,1.447815,1.0470428,ef_busip60.001
BUSIP6.001,-3.123109520673125,-41.764927042684796,77,"[(-3.123103017663685, -41.76493175258047), (-3.123116023682565, -41.76492233278911)]","[(-3.123103017663685, -41.76493175258047), (-3.123116023682565, -41.76492233278911)]",-43.354610443115234,-9.960735321044922,1.447815,1.0470428,ef_busip6.001
BUSIP59.001,-3.1227230563725454,-41.763829669442856,76,"[(-3.1227165533631056, -41.76383437933853), (-3.1227295593819853, -41.76382495954718)]","[(-3.1227165533631056, -41.76383437933853), (-3.1227295593819853, -41.76382495954718)]",78.62226867675781,-52.98149490356445,1.447815,1.0470428,ef_busip59.001
BUSIP58.001,-3.122769320337249,-41.76382958995963,76,"[(-3.1227628173278097, -41.76383429985531), (-3.122775823346689, -41.76382488006395)]","[(-3.1227628173278097, -41.76383429985531), (-3.122775823346689, -41.76382488006395)]",78.631103515625,-47.831443786621094,1.447815,1.0470428,ef_busip58.001
BUSIP57.001,-3.122811887961765,-41.76382911642356,76,"[(-3.122805384952325, -41.763833826319235), (-3.122818390971205, -41.76382440652788)]","[(-3.122805384952325, -41.763833826319235), (-3.122818390971205, -41.76382440652788)]",78.6837387084961,-43.092864990234375,1.447815,1.0470428,ef_busip57.001
BUSIP56.001,-3.1228515080064234,-41.763829048608855,76,"[(-3.1228450049969836, -41.76383375850453), (-3.1228580110158632, -41.76382433871318)]","[(-3.1228450049969836, -41.76383375850453), (-3.1228580110158632, -41.76382433871318)]",78.69127655029297,-38.68240737915039,1.447815,1.0470428,ef_busip56.001
BUSIP55.001,-3.1228929792881805,-41.76382917730579,76,"[(-3.1228864762787407, -41.763833887201464), (-3.1228994822976204, -41.76382446741011)]","[(-3.1228864762787407, -41.763833887201464), (-3.1228994822976204, -41.76382446741011)]",78.67697143554688,-34.06587219238281,1.447815,1.0470428,ef_busip55.001
BUSIP54.001,-3.1229335923569526,-41.76382930771868,76,"[(-3.1229270893475127, -41.76383401761436), (-3.122940095366392, -41.763824597822996)]","[(-3.1229270893475127, -41.76383401761436), (-3.122940095366392, -41.763824597822996)]",78.6624755859375,-29.544872283935547,1.447815,1.0470428,ef_busip54.001
BUSIP53.001,-3.1229786123857286,-41.76382923043188,77,"[(-3.1229721093762888, -41.76383394032756), (-3.1229851153951684, -41.763824520536204)]","[(-3.1229721093762888, -41.76383394032756), (-3.1229851153951684, -41.763824520536204)]",78.67106628417969,-24.533294677734375,1.447815,1.0470428,ef_busip53.001
BUSIP52.001,-3.1230208644514565,-41.7638293580306,77,"[(-3.1230143614420167, -41.763834067926275), (-3.1230273674608964, -41.76382464813492)]","[(-3.1230143614420167, -41.763834067926275), (-3.1230273674608964, -41.76382464813492)]",78.6568832397461,-19.829843521118164,1.447815,1.0470428,ef_busip52.001
BUSIP51.001,-3.123062636385331,-41.76382908601676,77,"[(-3.1230561333758913, -41.76383379591244), (-3.123069139394771, -41.763824376121086)]","[(-3.1230561333758913, -41.76383379591244), (-3.123069139394771, -41.763824376121086)]",78.68711853027344,-15.179840087890625,1.447815,1.0470428,ef_busip51.001
BUSIP50.001,-3.123145883113454,-41.76382877604591,77,"[(-3.123139380104014, -41.76383348594159), (-3.123152386122894, -41.763824066150235)]","[(-3.123139380104014, -41.76383348594159), (-3.123152386122894, -41.763824066150235)]",78.72157287597656,-5.912910461425781,1.447815,1.0470428,ef_busip50.001
BUSIP5.001,-3.123151176848995,-41.76492697116362,77,"[(-3.123144673839555, -41.764931681059295), (-3.123157679858435, -41.76492226126794)]","[(-3.123144673839555, -41.764931681059295), (-3.123157679858435, -41.76492226126794)]",-43.34666061401367,-5.323617935180664,1.447815,1.0470428,ef_busip5.001
BUSIP49.001,-3.1232308059467186,-41.76382829667558,77,"[(-3.123224302937279, -41.763833006571254), (-3.1232373089561585, -41.7638235867799)]","[(-3.123224302937279, -41.763833006571254), (-3.1232373089561585, -41.7638235867799)]",78.77485656738281,3.5406012535095215,1.447815,1.0470428,ef_busip49.001
BUSIP48.001,-3.123332016647422,-41.76382347853699,77,"[(-3.1233255136379823, -41.76382818843267), (-3.123338519656862, -41.76381876864131)]","[(-3.1233255136379823, -41.76382818843267), (-3.123338519656862, -41.76381876864131)]",79.31040954589844,14.807259559631348,1.447815,1.0470428,ef_busip48.001
BUSIP46.001,-3.1226319993374028,-41.76390152660278,76,"[(-3.122625496327963, -41.763906236498464), (-3.1226385023468426, -41.7638968167071)]","[(-3.122625496327963, -41.763906236498464), (-3.1226385023468426, -41.7638968167071)]",70.63509368896484,-63.11785888671875,1.447815,1.0470428,ef_busip46.001
BUSIP45.001,-3.12272516345608,-41.76390503608233,76,"[(-3.1227186604466404, -41.763909745978005), (-3.12273166646552, -41.76390032618664)]","[(-3.1227186604466404, -41.763909745978005), (-3.12273166646552, -41.76390032618664)]",70.24500274658203,-52.7469367980957,1.447815,1.0470428,ef_busip45.001
BUSIP44.001,-3.1227693590260555,-41.763904960305574,76,"[(-3.1227628560166156, -41.76390967020125), (-3.1227758620354953, -41.76390025040989)]","[(-3.1227628560166156, -41.76390967020125), (-3.1227758620354953, -41.76390025040989)]",70.25342559814453,-47.8271369934082,1.447815,1.0470428,ef_busip44.001
BUSIP43.001,-3.122810514252136,-41.76390488960806,76,"[(-3.122804011242696, -41.763909599503734), (-3.1228170172615757, -41.76390017971238)]","[(-3.122804011242696, -41.763909599503734), (-3.1228170172615757, -41.76390017971238)]",70.26128387451172,-43.245784759521484,1.447815,1.0470428,ef_busip43.001
BUSIP42.001,-3.1228517666628526,-41.763904818635986,76,"[(-3.1228452636534128, -41.76390952853167), (-3.1228582696722924, -41.76390010874031)]","[(-3.1228452636534128, -41.76390952853167), (-3.1228582696722924, -41.76390010874031)]",70.26917266845703,-38.65361404418945,1.447815,1.0470428,ef_busip42.001
BUSIP41.001,-3.122897327889428,-41.76390474025098,76,"[(-3.1228908248799883, -41.763909450146656), (-3.122903830898868, -41.763900030355295)]","[(-3.1228908248799883, -41.763909450146656), (-3.122903830898868, -41.763900030355295)]",70.27788543701172,-33.581790924072266,1.447815,1.0470428,ef_busip41.001
BUSIP40.001,-3.122934503034563,-41.763904676554574,76,"[(-3.1229280000251234, -41.76390938645026), (-3.122941006044003, -41.7638999666589)]","[(-3.1229280000251234, -41.76390938645026), (-3.122941006044003, -41.7638999666589)]",70.28496551513672,-29.443496704101562,1.447815,1.0470428,ef_busip40.001
BUSIP4.001,-3.123191427694248,-41.76492690190751,77,"[(-3.123184924684808, -41.764931611803185), (-3.1231979307036872, -41.76492219201183)]","[(-3.123184924684808, -41.764931611803185), (-3.1231979307036872, -41.76492219201183)]",-43.33896255493164,-0.8429403305053711,1.447815,1.0470428,ef_busip4.001
BUSIP39.001,-3.122977372236438,-41.7639046026997,77,"[(-3.122970869226998, -41.76390931259537), (-3.1229838752458776, -41.76389989280402)]","[(-3.122970869226998, -41.76390931259537), (-3.1229838752458776, -41.76389989280402)]",70.29317474365234,-24.67134666442871,1.447815,1.0470428,ef_busip39.001
BUSIP38.001,-3.123062293600453,-41.76390445677453,77,"[(-3.123055790591013, -41.76390916667022), (-3.1230687966098927, -41.763899746878856)]","[(-3.123055790591013, -41.76390916667022), (-3.1230687966098927, -41.763899746878856)]",70.30939483642578,-15.217998504638672,1.447815,1.0470428,ef_busip38.001
BUSIP37.001,-3.1231077684711455,-41.76390437866408,77,"[(-3.1231012654617056, -41.76390908855976), (-3.1231142714805853, -41.763899668768396)]","[(-3.1231012654617056, -41.76390908855976), (-3.1231142714805853, -41.763899668768396)]",70.31807708740234,-10.15578842163086,1.447815,1.0470428,ef_busip37.001
BUSIP36.003,-3.12314942466415,-41.7639043071429,77,"[(-3.12314292165471, -41.76390901703858), (-3.1231559276735896, -41.763899597247224)]","[(-3.12314292165471, -41.76390901703858), (-3.1231559276735896, -41.763899597247224)]",70.3260269165039,-5.518669128417969,1.447815,1.0470428,ef_busip36.003
BUSIP35.001,-3.123189675496552,-41.76390423781815,77,"[(-3.123183172487112, -41.76390894771383), (-3.1231961785059914, -41.763899527922476)]","[(-3.123183172487112, -41.76390894771383), (-3.1231961785059914, -41.763899527922476)]",70.33373260498047,-1.0379929542541504,1.447815,1.0470428,ef_busip35.001
BUSIP34.001,-3.123230938309811,-41.76390128465255,77,"[(-3.1232244353003713, -41.76390599454823), (-3.123237441319251, -41.76389657475687)]","[(-3.1232244353003713, -41.76390599454823), (-3.123237441319251, -41.76389657475687)]",70.6619873046875,3.555335760116577,1.447815,1.0470428,ef_busip34.001
BUSIP33.003,-3.123281900019535,-41.76390143723563,77,"[(-3.123275397010095, -41.76390614713131), (-3.1232884030289747, -41.763896727339954)]","[(-3.123275397010095, -41.76390614713131), (-3.1232884030289747, -41.763896727339954)]",70.64502716064453,9.228334426879883,1.447815,1.0470428,ef_busip33.003
BUSIP32.003,-3.1233320874455384,-41.763901110722934,77,"[(-3.1233255844360985, -41.76390582061862), (-3.123338590454978, -41.76389640082726)]","[(-3.1233255844360985, -41.76390582061862), (-3.123338590454978, -41.76389640082726)]",70.68132019042969,14.815140724182129,1.447815,1.0470428,ef_busip32.003
BUSIP31.001,-3.12254638926809,-41.76485264020842,76,"[(-3.1225398862586506, -41.7648573501041), (-3.12255289227753, -41.76484793031274)]","[(-3.1225398862586506, -41.7648573501041), (-3.12255289227753, -41.76484793031274)]",-35.08451461791992,-72.64787292480469,1.447815,1.0470428,ef_busip31.001
BUSIP30.001,-3.1226358279871396,-41.764852486561445,76,"[(-3.1226293249776997, -41.76485719645712), (-3.1226423309965794, -41.76484777666576)]","[(-3.1226293249776997, -41.76485719645712), (-3.1226423309965794, -41.76484777666576)]",-35.06743621826172,-62.69165802001953,1.447815,1.0470428,ef_busip30.001
BUSIP3.001,-3.1232336548062953,-41.76492682935676,77,"[(-3.1232271517968555, -41.76493153925244), (-3.123240157815735, -41.764922119461076)]","[(-3.1232271517968555, -41.76493153925244), (-3.123240157815735, -41.764922119461076)]",-43.33089828491211,3.8577330112457275,1.447815,1.0470428,ef_busip3.001
BUSIP29.001,-3.1227248086430612,-41.76485233363517,76,"[(-3.1227183056336214, -41.764857043530846), (-3.122731311652501, -41.764847623739485)]","[(-3.1227183056336214, -41.764857043530846), (-3.122731311652501, -41.764847623739485)]",-35.050437927246094,-52.786434173583984,1.447815,1.0470428,ef_busip29.001
BUSIP28.001,-3.1227710725392286,-41.76485225415194,76,"[(-3.1227645695297888, -41.764856964047624), (-3.1227775755486684, -41.76484754425626)]","[(-3.1227645695297888, -41.764856964047624), (-3.1227775755486684, -41.76484754425626)]",-35.041603088378906,-47.636390686035156,1.447815,1.0470428,ef_busip28.001
BUSIP27.001,-3.122813640163744,-41.76485178065019,76,"[(-3.1228071371543047, -41.76485649054587), (-3.122820143173184, -41.76484707075451)]","[(-3.1228071371543047, -41.76485649054587), (-3.122820143173184, -41.76484707075451)]",-34.98897171020508,-42.89781188964844,1.447815,1.0470428,ef_busip27.001
BUSIP26.001,-3.122853260139866,-41.76485171256093,76,"[(-3.122846757130427, -41.76485642245661), (-3.122859763149306, -41.76484700266525)]","[(-3.122846757130427, -41.76485642245661), (-3.122859763149306, -41.76484700266525)]",-34.98140335083008,-38.487361907958984,1.447815,1.0470428,ef_busip26.001
BUSIP25.001,-3.1228947314216238,-41.7648518414981,76,"[(-3.122888228412184, -41.76485655139378), (-3.122901234431063, -41.764847131602416)]","[(-3.122888228412184, -41.76485655139378), (-3.122901234431063, -41.764847131602416)]",-34.99573516845703,-33.870826721191406,1.447815,1.0470428,ef_busip25.001
BUSIP24.001,-3.122935344627468,-41.764851971808035,76,"[(-3.1229288416180285, -41.76485668170371), (-3.1229418476369077, -41.76484726191235)]","[(-3.1229288416180285, -41.76485668170371), (-3.1229418476369077, -41.76484726191235)]",-35.01021957397461,-29.349811553955078,1.447815,1.0470428,ef_busip24.001
BUSIP23.001,-3.1229803645534395,-41.7648518944526,77,"[(-3.122973861544, -41.764856604348275), (-3.1229868675628794, -41.76484718455691)]","[(-3.122973861544, -41.764856604348275), (-3.1229868675628794, -41.76484718455691)]",-35.00162124633789,-24.338245391845703,1.447815,1.0470428,ef_busip23.001
BUSIP22.001,-3.123022616687704,-41.764852022016996,77,"[(-3.1230161136782644, -41.76485673191267), (-3.123029119697144, -41.76484731212132)]","[(-3.1230161136782644, -41.76485673191267), (-3.123029119697144, -41.76484731212132)]",-35.01580047607422,-19.63478660583496,1.447815,1.0470428,ef_busip22.001
BUSIP21.001,-3.1230643885873106,-41.7648517500718,77,"[(-3.123057885577871, -41.764856459967476), (-3.1230708915967504, -41.76484704017612)]","[(-3.123057885577871, -41.764856459967476), (-3.1230708915967504, -41.76484704017612)]",-34.985572814941406,-14.984786987304688,1.447815,1.0470428,ef_busip21.001
BUSIP20.001,-3.123105959555283,-41.76485134503681,77,"[(-3.123099456545843, -41.764856054932494), (-3.123112462564723, -41.76484663514113)]","[(-3.123099456545843, -41.764856054932494), (-3.123112462564723, -41.76484663514113)]",-34.9405517578125,-10.357154846191406,1.447815,1.0470428,ef_busip20.001
BUSIP2.001,-3.1232822177115183,-41.76492674589251,77,"[(-3.123275714702079, -41.76493145578819), (-3.123288720720958, -41.764922035996825)]","[(-3.123275714702079, -41.76493145578819), (-3.123288720720958, -41.764922035996825)]",-43.32162094116211,9.263699531555176,1.447815,1.0470428,ef_busip2.001
BUSIP19.001,-3.1231438378497653,-41.76485144672455,77,"[(-3.1231373348403255, -41.764856156620226), (-3.123150340859205, -41.76484673682887)]","[(-3.1231373348403255, -41.764856156620226), (-3.123150340859205, -41.76484673682887)]",-34.95185470581055,-6.140586853027344,1.447815,1.0470428,ef_busip19.001
BUSIP18.001,-3.123191306020694,-41.764851365147855,77,"[(-3.123184803011254, -41.76485607504353), (-3.1231978090301338, -41.76484665525217)]","[(-3.123184803011254, -41.76485607504353), (-3.1231978090301338, -41.76484665525217)]",-34.942787170410156,-0.8564848899841309,1.447815,1.0470428,ef_busip18.001
BUSIP17.001,-3.123230561196756,-41.76485196494419,77,"[(-3.1232240581873163, -41.764856674839876), (-3.123237064206196, -41.764847255048515)]","[(-3.1232240581873163, -41.764856674839876), (-3.123237064206196, -41.764847255048515)]",-35.009456634521484,3.5133559703826904,1.447815,1.0470428,ef_busip17.001
BUSIP16.001,-3.123332979352739,-41.76485195571234,77,"[(-3.123326476343299, -41.764856665608015), (-3.1233394823621783, -41.764847245816654)]","[(-3.123326476343299, -41.764856665608015), (-3.1233394823621783, -41.764847245816654)]",-35.00843048095703,14.914426803588867,1.447815,1.0470428,ef_busip16.001
BUSIP15.001,-3.1225469293350385,-41.764928009593426,76,"[(-3.1225404263255987, -41.7649327194891), (-3.1225534323444784, -41.76492329969774)]","[(-3.1225404263255987, -41.7649327194891), (-3.1225534323444784, -41.76492329969774)]",-43.46208572387695,-72.58775329589844,1.447815,1.0470428,ef_busip15.001
BUSIP14.001,-3.1226362562711953,-41.764927856049404,76,"[(-3.1226297532617555, -41.76493256594508), (-3.122642759280635, -41.76492314615373)]","[(-3.1226297532617555, -41.76493256594508), (-3.122642759280635, -41.76492314615373)]",-43.44501876831055,-62.64398193359375,1.447815,1.0470428,ef_busip14.001
BUSIP12.001,-3.1228122665226516,-41.764927553560135,76,"[(-3.122805763513212, -41.76493226345581), (-3.1228187695320915, -41.76492284366446)]","[(-3.122805763513212, -41.76493226345581), (-3.1228187695320915, -41.76492284366446)]",-43.41139602661133,-43.050724029541016,1.447815,1.0470428,ef_busip12.001
BUSIP11.001,-3.1228535189333684,-41.7649274826567,76,"[(-3.1228470159239285, -41.764932192552386), (-3.122860021942808, -41.764922772761025)]","[(-3.1228470159239285, -41.764932192552386), (-3.122860021942808, -41.764922772761025)]",-43.40351486206055,-38.458553314208984,1.447815,1.0470428,ef_busip11.001
BUSIP10.001,-3.122899080159944,-41.764927404340334,76,"[(-3.122892577150504, -41.76493211423601), (-3.1229055831693833, -41.76492269444465)]","[(-3.122892577150504, -41.76493211423601), (-3.1229055831693833, -41.76492269444465)]",-43.39480972290039,-33.3867301940918,1.447815,1.0470428,ef_busip10.001
BUSIP1.001,-3.1233331250611567,-41.76492665844723,77,"[(-3.123326622051717, -41.764931368342914), (-3.123339628070596, -41.76492194855155)]","[(-3.123326622051717, -41.764931368342914), (-3.123339628070596, -41.76492194855155)]",-43.3119010925293,14.930646896362305,1.447815,1.0470428,ef_busip1.001
BUSCSB9.001,-3.122812033738719,-41.7650019606696,76,"[(-3.122805021915161, -41.76500690716241), (-3.1228190455622773, -41.764997014176785)]","[(-3.122805021915161, -41.76500690716241), (-3.1228190455622773, -41.764997014176785)]",-51.6820068359375,-43.076637268066406,1.5610962,1.09964,ef_buscsb9.001
BUSCSB8.001,-3.1228933104561367,-41.765001821059165,76,"[(-3.1228862986325785, -41.76500676755198), (-3.122900322279695, -41.76499687456635)]","[(-3.1228862986325785, -41.76500676755198), (-3.122900322279695, -41.76499687456635)]",-51.66648864746094,-34.02900695800781,1.5610962,1.09964,ef_buscsb8.001
BUSCSB7.001,-3.1229343750085405,-41.765001750498925,76,"[(-3.1229273631849823, -41.76500669699174), (-3.1229413868320988, -41.76499680400612)]","[(-3.1229273631849823, -41.76500669699174), (-3.1229413868320988, -41.76499680400612)]",-51.65864562988281,-29.457748413085938,1.5610962,1.09964,ef_buscsb7.001
BUSCSB6.001,-3.122978839464005,-41.765001674035794,77,"[(-3.1229718276404466, -41.7650066205286), (-3.122985851287563, -41.76499672754298)]","[(-3.1229718276404466, -41.7650066205286), (-3.122985851287563, -41.76499672754298)]",-51.650146484375,-24.50801658630371,1.5610962,1.09964,ef_buscsb6.001
BUSCSB5.001,-3.123063933008628,-41.76500152776744,77,"[(-3.123056921185069, -41.76500647426025), (-3.123070944832186, -41.76499658127462)]","[(-3.123056921185069, -41.76500647426025), (-3.123070944832186, -41.76499658127462)]",-51.633888244628906,-15.035501480102539,1.5610962,1.09964,ef_buscsb5.001
BUSCSB4.001,-3.123145537415778,-41.765001387607896,77,"[(-3.12313852559222, -41.76500633410071), (-3.1231525492393364, -41.76499644111509)]","[(-3.12313852559222, -41.76500633410071), (-3.1231525492393364, -41.76499644111509)]",-51.618309020996094,-5.951393127441406,1.5610962,1.09964,ef_buscsb4.001
BUSCSB3.001,-3.123190836679042,-41.76500130970336,77,"[(-3.123183824855484, -41.765006256196166), (-3.1231978485026004, -41.76499636321054)]","[(-3.123183824855484, -41.765006256196166), (-3.1231978485026004, -41.76499636321054)]",-51.609649658203125,-0.9087314605712891,1.5610962,1.09964,ef_buscsb3.001
BUSCSB25.001,-3.1226317176527383,-41.763979314872365,76,"[(-3.12262470582918, -41.76398426136518), (-3.1226387294762965, -41.76397436837956)]","[(-3.12262470582918, -41.76398426136518), (-3.1226387294762965, -41.76397436837956)]",61.98865509033203,-63.14921569824219,1.5610962,1.09964,ef_buscsb25.001
BUSCSB24.001,-3.1227238183946726,-41.7639791565923,76,"[(-3.1227168065711144, -41.763984103085114), (-3.1227308302182313, -41.76397421009949)]","[(-3.1227168065711144, -41.763984103085114), (-3.1227308302182313, -41.76397421009949)]",62.006248474121094,-52.89666748046875,1.5610962,1.09964,ef_buscsb24.001
BUSCSB23.001,-3.1227705144472035,-41.763979076285416,76,"[(-3.1227635026236453, -41.763984022778224), (-3.1227775262707618, -41.7639741297926)]","[(-3.1227635026236453, -41.763984022778224), (-3.1227775262707618, -41.7639741297926)]",62.015174865722656,-47.698516845703125,1.5610962,1.09964,ef_buscsb23.001
BUSCSB22.001,-3.1228101692740924,-41.76397900805888,76,"[(-3.122803157450534, -41.76398395455169), (-3.1228171810976506, -41.76397406156607)]","[(-3.122803157450534, -41.76398395455169), (-3.1228171810976506, -41.76397406156607)]",62.02275848388672,-43.28418731689453,1.5610962,1.09964,ef_buscsb22.001
BUSCSB20.001,-3.122852045983011,-41.76397893626315,76,"[(-3.122845034159453, -41.763983882755966), (-3.1228590578065694, -41.76397398977034)]","[(-3.122845034159453, -41.763983882755966), (-3.1228590578065694, -41.76397398977034)]",62.030738830566406,-38.622520446777344,1.5610962,1.09964,ef_buscsb20.001
BUSCSB2.001,-3.123233486281677,-41.76500123646622,77,"[(-3.1232264744581184, -41.765006182959034), (-3.1232404981052353, -41.76499628997341)]","[(-3.1232264744581184, -41.765006182959034), (-3.1232404981052353, -41.76499628997341)]",-51.60150909423828,3.838973045349121,1.5610962,1.09964,ef_buscsb2.001
BUSCSB19.001,-3.122891557842939,-41.76397886817389,76,"[(-3.1228845460193804, -41.76398381466671), (-3.1228985696664973, -41.763973921681085)]","[(-3.1228845460193804, -41.76398381466671), (-3.1228985696664973, -41.763973921681085)]",62.038307189941406,-34.22410583496094,1.5610962,1.09964,ef_buscsb19.001
BUSCSB18.001,-3.122932622326806,-41.76397879761366,76,"[(-3.122925610503248, -41.76398374410647), (-3.1229396341503644, -41.763973851120845)]","[(-3.122925610503248, -41.76398374410647), (-3.1229396341503644, -41.763973851120845)]",62.04615020751953,-29.652854919433594,1.5610962,1.09964,ef_buscsb18.001
BUSCSB17.001,-3.1229770867480022,-41.7639787212878,77,"[(-3.122970074924444, -41.76398366778061), (-3.1229840985715605, -41.763973774794984)]","[(-3.122970074924444, -41.76398366778061), (-3.1229840985715605, -41.763973774794984)]",62.05463409423828,-24.703126907348633,1.5610962,1.09964,ef_buscsb17.001
BUSCSB16.001,-3.1230621802926253,-41.76397857508808,77,"[(-3.123055168469067, -41.7639835215809), (-3.1230691921161835, -41.76397362859527)]","[(-3.123055168469067, -41.7639835215809), (-3.1230691921161835, -41.76397362859527)]",62.070884704589844,-15.230611801147461,1.5610962,1.09964,ef_buscsb16.001
BUSCSB15.001,-3.1231437846997756,-41.76397843479127,77,"[(-3.1231367728762174, -41.76398338128408), (-3.123150796523334, -41.763973488298454)]","[(-3.1231367728762174, -41.76398338128408), (-3.123150796523334, -41.763973488298454)]",62.08647918701172,-6.146503448486328,1.5610962,1.09964,ef_buscsb15.001
BUSCSB14.003,-3.123230957939069,-41.763978285022354,77,"[(-3.1232239461155107, -41.76398323151517), (-3.123237969762627, -41.763973338529546)]","[(-3.1232239461155107, -41.76398323151517), (-3.123237969762627, -41.763973338529546)]",62.103126525878906,3.557520866394043,1.5610962,1.09964,ef_buscsb14.003
BUSCSB14.001,-3.12319002376006,-41.76397835530804,77,"[(-3.1231830119365016, -41.763983301800856), (-3.123197035583618, -41.763973408815225)]","[(-3.1231830119365016, -41.763983301800856), (-3.123197035583618, -41.763973408815225)]",62.095314025878906,-0.9992246627807617,1.5610962,1.09964,ef_buscsb14.001
BUSCSB13.001,-3.123331869251295,-41.763978111779124,77,"[(-3.1233248574277366, -41.76398305827194), (-3.1233388810748535, -41.763973165286316)]","[(-3.1233248574277366, -41.76398305827194), (-3.1233388810748535, -41.763973165286316)]",62.12238311767578,14.790851593017578,1.5610962,1.09964,ef_buscsb13.001
BUSCSB12.001,-3.1225455197465966,-41.7650024186934,76,"[(-3.1225385079230383, -41.765007365186214), (-3.1225525315701548, -41.76499747220059)]","[(-3.1225385079230383, -41.765007365186214), (-3.1225525315701548, -41.76499747220059)]",-51.73291778564453,-72.74466705322266,1.5610962,1.09964,ef_buscsb12.001
BUSCSB11.001,-3.1226354634419495,-41.76500226411981,76,"[(-3.1226284516183913, -41.765007210612616), (-3.1226424752655078, -41.76499731762699)]","[(-3.1226284516183913, -41.765007210612616), (-3.1226424752655078, -41.76499731762699)]",-51.715736389160156,-62.73223876953125,1.5610962,1.09964,ef_buscsb11.001
BUSCSB10.001,-3.12272536533009,-41.76500210961485,76,"[(-3.122718353506532, -41.76500705610766), (-3.1227323771536484, -41.76499716312203)]","[(-3.122718353506532, -41.76500705610766), (-3.1227323771536484, -41.76499716312203)]",-51.69856262207031,-52.724464416503906,1.5610962,1.09964,ef_buscsb10.001
BUSCSB1.001,-3.1233360110524777,-41.76500106034018,77,"[(-3.1233289992289195, -41.76500600683299), (-3.123343022876036, -41.76499611384737)]","[(-3.1233289992289195, -41.76500600683299), (-3.123343022876036, -41.76499611384737)]",-51.581932067871094,15.251912117004395,1.5610962,1.09964,ef_buscsb1.001
TC6.002,-3.1222585453044345,-41.76437547244604,76,"[(-3.122250849281359, -41.76438180811056), (-3.1222662413275097, -41.764369136781525)]","[(-3.122250849281359, -41.76438180811056), (-3.1222662413275097, -41.764369136781525)]",17.95435333251953,-104.6903305053711,1.7134248,1.4084626,ef_tc6.002
TC5.002,-3.122326097056508,-41.764375356344246,76,"[(-3.1223184010334326, -41.76438169200876), (-3.1223337930795836, -41.76436902067973)]","[(-3.1223184010334326, -41.76438169200876), (-3.1223337930795836, -41.76436902067973)]",17.96725845336914,-97.17054748535156,1.7134248,1.4084626,ef_tc5.002
TC4.002,-3.1223921556057137,-41.76437524285071,76,"[(-3.1223844595826384, -41.76438157851523), (-3.122399851628789, -41.764368907186196)]","[(-3.1223844595826384, -41.76438157851523), (-3.122399851628789, -41.764368907186196)]",17.979873657226562,-89.81698608398438,1.7134248,1.4084626,ef_tc4.002
TC3.002,-3.1222590959259904,-41.764696866059396,76,"[(-3.122251399902915, -41.76470320172391), (-3.1222667919490656, -41.76469053039488)]","[(-3.122251399902915, -41.76470320172391), (-3.1222667919490656, -41.76469053039488)]",-17.769672393798828,-104.62903594970703,1.7134248,1.4084626,ef_tc3.002
TC2.002,-3.122326117891578,-41.76469675086707,76,"[(-3.1223184218685027, -41.76470308653158), (-3.1223338139146533, -41.76469041520255)]","[(-3.1223184218685027, -41.76470308653158), (-3.1223338139146533, -41.76469041520255)]",-17.756868362426758,-97.16822814941406,1.7134248,1.4084626,ef_tc2.002
TC1.002,-3.1223928322657364,-41.76469663622384,76,"[(-3.122385136242661, -41.764702971888354), (-3.1224005282888116, -41.76469030055932)]","[(-3.122385136242661, -41.764702971888354), (-3.1224005282888116, -41.76469030055932)]",-17.744125366210938,-89.74166107177734,1.7134248,1.4084626,ef_tc1.002
SECV6.002,-3.1222579707636697,-41.764522599431025,72,"[(-3.122248188116358, -41.76452754592384), (-3.1222677534109815, -41.76451765293822)]","[(-3.122248188116358, -41.76452754592384), (-3.1222677534109815, -41.76451765293822)]",1.6006736755371094,-104.75428771972656,2.177986,1.09964,ef_secv6.002
SECV5.002,-3.1223263246659414,-41.76452248197363,72,"[(-3.1223165420186296, -41.76452742846644), (-3.122336107313253, -41.76451753548081)]","[(-3.1223165420186296, -41.76452742846644), (-3.122336107313253, -41.76451753548081)]",1.613729476928711,-97.14521026611328,2.177986,1.09964,ef_secv5.002
SECV4.002,-3.122394678499677,-41.764522364516225,72,"[(-3.122384895852365, -41.76452731100904), (-3.1224044611469886, -41.764517418023416)]","[(-3.122384895852365, -41.76452731100904), (-3.1224044611469886, -41.764517418023416)]",1.6267852783203125,-89.53614044189453,2.177986,1.09964,ef_secv4.002
SECV3.002,-3.122258980167986,-41.7651117477669,72,"[(-3.122249197520674, -41.76511669425972), (-3.1222687628152976, -41.76510680127409)]","[(-3.122249197520674, -41.76511669425972), (-3.1222687628152976, -41.76510680127409)]",-63.88522720336914,-104.64192199707031,2.177986,1.09964,ef_secv3.002
SECV2.002,-3.122327334070258,-41.76511163025802,72,"[(-3.122317551422946, -41.765116576750835), (-3.1223371167175697, -41.76510668376521)]","[(-3.122317551422946, -41.765116576750835), (-3.1223371167175697, -41.76510668376521)]",-63.87216567993164,-97.03284454345703,2.177986,1.09964,ef_secv2.002
SECV1.002,-3.122395688041066,-41.76511151288642,72,"[(-3.122385905393754, -41.765116459379236), (-3.1224054706883777, -41.765106566393605)]","[(-3.122385905393754, -41.765116459379236), (-3.1224054706883777, -41.765106566393605)]",-63.8591194152832,-89.42375946044922,2.177986,1.09964,ef_secv1.002
SECH6.002,-3.122257196439256,-41.764315708439206,72,"[(-3.12222751825674, -41.76432047880532), (-3.122286874621772, -41.7643109380731)]","[(-3.12222751825674, -41.76432047880532), (-3.122286874621772, -41.7643109380731)]",24.597332000732422,-104.84048461914062,6.607482,1.0604858,ef_sech6.002
SECH5.002,-3.122325215266996,-41.764315591548076,72,"[(-3.1222955370844803, -41.76432036191418), (-3.122354893449512, -41.764310821181965)]","[(-3.1222955370844803, -41.76432036191418), (-3.122354893449512, -41.764310821181965)]",24.61032485961914,-97.26870727539062,6.607482,1.0604858,ef_sech5.002
SECH4.002,-3.1223917265677574,-41.76431547729952,72,"[(-3.1223620483852415, -41.76432024766562), (-3.1224214047502734, -41.76431070693341)]","[(-3.1223620483852415, -41.76432024766562), (-3.1224214047502734, -41.76431070693341)]",24.623023986816406,-89.86474609375,6.607482,1.0604858,ef_sech4.002
SECH3.002,-3.1222585657968223,-41.76463822891432,72,"[(-3.1222288876143067, -41.76464299928043), (-3.1222882439793382, -41.76463345854822)]","[(-3.1222288876143067, -41.76464299928043), (-3.1222882439793382, -41.76463345854822)]",-11.251948356628418,-104.68804931640625,6.607482,1.0604858,ef_sech3.002
SECH2.002,-3.1223265844874897,-41.76463811203177,72,"[(-3.1222969063049737, -41.76464288239788), (-3.1223562626700057, -41.764633341665665)]","[(-3.1222969063049737, -41.76464288239788), (-3.1223562626700057, -41.764633341665665)]",-11.238956451416016,-97.11628723144531,6.607482,1.0604858,ef_sech2.002
SECH1.002,-3.1223930957882513,-41.76463799773173,72,"[(-3.1223634176057353, -41.76464276809784), (-3.122422773970767, -41.76463322736563)]","[(-3.1223634176057353, -41.76464276809784), (-3.122422773970767, -41.76463322736563)]",-11.226251602172852,-89.71232604980469,6.607482,1.0604858,ef_sech1.002
IP6.001,-3.122259689588415,-41.76517012164095,72,"[(-3.122253186578975, -41.76517483153663), (-3.1222661925978548, -41.76516541174527)]","[(-3.122253186578975, -41.76517483153663), (-3.1222661925978548, -41.76516541174527)]",-70.37368774414062,-104.56295013427734,1.447815,1.0470428,ef_ip6.001
IP5.001,-3.12232723825635,-41.76517000557348,72,"[(-3.1223207352469102, -41.76517471546916), (-3.12233374126579, -41.7651652956778)]","[(-3.1223207352469102, -41.76517471546916), (-3.12233374126579, -41.7651652956778)]",-70.36078643798828,-97.04351043701172,1.447815,1.0470428,ef_ip5.001
IP4.001,-3.1223955805759678,-41.7651698880646,72,"[(-3.122389077566528, -41.76517459796028), (-3.1224020835854076, -41.76516517816892)]","[(-3.122389077566528, -41.76517459796028), (-3.1224020835854076, -41.76516517816892)]",-70.34772491455078,-89.43572235107422,1.447815,1.0470428,ef_ip4.001
IP1.002,-3.123174871421074,-41.76516854893012,77,"[(-3.1231683684116347, -41.7651732588258), (-3.123181374430514, -41.76516383903444)]","[(-3.1231683684116347, -41.7651732588258), (-3.123181374430514, -41.76516383903444)]",-70.1988754272461,-2.6859655380249023,1.447815,1.0470428,ef_ip1.002
DISJUNTOR6.002,-3.1222579353303432,-41.76445257913667,72,"[(-3.1222358485489043, -41.76445922120269), (-3.1222800221117817, -41.764445937070654)]","[(-3.1222358485489043, -41.76445922120269), (-3.1222800221117817, -41.764445937070654)]",9.383674621582031,-104.75823211669922,4.91735,1.4765778,ef_disjuntor6.002
DISJUNTOR5.002,-3.1223278541931094,-41.76445245898522,72,"[(-3.1223057674116705, -41.76445910105124), (-3.122349940974548, -41.7644458169192)]","[(-3.1223057674116705, -41.76445910105124), (-3.122349940974548, -41.7644458169192)]",9.397029876708984,-96.97494506835938,4.91735,1.4765778,ef_disjuntor5.002
DISJUNTOR4.002,-3.1223928552254354,-41.76445234727628,72,"[(-3.1223707684439965, -41.764458989342295), (-3.1224149420068743, -41.764445705210264)]","[(-3.1223707684439965, -41.764458989342295), (-3.1224149420068743, -41.764445705210264)]",9.409446716308594,-89.73910522460938,4.91735,1.4765778,ef_disjuntor4.002
DISJUNTOR3.002,-3.1222584686807227,-41.76476396580853,72,"[(-3.1222363818992838, -41.764770607874546), (-3.1222805554621615, -41.76475732374251)]","[(-3.1222363818992838, -41.764770607874546), (-3.1222805554621615, -41.76475732374251)]",-25.228044509887695,-104.69886016845703,4.91735,1.4765778,ef_disjuntor3.002
DISJUNTOR2.002,-3.1223283878176344,-41.76476384565707,72,"[(-3.1223063010361956, -41.76477048772309), (-3.1223504745990733, -41.76475720359105)]","[(-3.1223063010361956, -41.76477048772309), (-3.1223504745990733, -41.76475720359105)]",-25.214689254760742,-96.91554260253906,4.91735,1.4765778,ef_disjuntor2.002
DISJUNTOR1.002,-3.122393388712888,-41.764763733948136,72,"[(-3.122371301931449, -41.764770376014155), (-3.1224154754943267, -41.76475709188212)]","[(-3.122371301931449, -41.764770376014155), (-3.1224154754943267, -41.76475709188212)]",-25.202272415161133,-89.67971801757812,4.91735,1.4765778,ef_disjuntor1.002
BUSIP9.002,-3.1225346073786406,-41.76537750504439,76,"[(-3.122528104369201, -41.765382214940075), (-3.1225411103880805, -41.765372795148714)]","[(-3.122528104369201, -41.765382214940075), (-3.1225411103880805, -41.765372795148714)]",-93.42507934570312,-73.95941925048828,1.447815,1.0470428,ef_busip9.002
BUSIP8.002,-3.1222266345441203,-41.76545429290982,76,"[(-3.1222201315346805, -41.76545900280551), (-3.12223313755356, -41.765449583014146)]","[(-3.1222201315346805, -41.76545900280551), (-3.12223313755356, -41.765449583014146)]",-101.96031951904297,-108.24259948730469,1.447815,1.0470428,ef_busip8.002
BUSIP7.002,-3.1223187359028826,-41.76545413449248,76,"[(-3.1223122328934427, -41.765458844388164), (-3.1223252389123224, -41.7654494245968)]","[(-3.1223122328934427, -41.765458844388164), (-3.1223252389123224, -41.7654494245968)]",-101.94271087646484,-97.98998260498047,1.447815,1.0470428,ef_busip7.002
BUSIP6.002,-3.1224069229413893,-41.76545398293897,76,"[(-3.1224004199319495, -41.765458692834656), (-3.122413425950829, -41.765449273043295)]","[(-3.1224004199319495, -41.765458692834656), (-3.122413425950829, -41.765449273043295)]",-101.92586517333984,-88.17310333251953,1.447815,1.0470428,ef_busip6.002
BUSIP5.002,-3.1224981804798135,-41.76543531639273,76,"[(-3.1224916774703737, -41.76544002628841), (-3.1225046834892534, -41.765430606497056)]","[(-3.1224916774703737, -41.76544002628841), (-3.1225046834892534, -41.765430606497056)]",-99.85101318359375,-78.01441955566406,1.447815,1.0470428,ef_busip5.002
BUSIP40.002,-3.1221992600034887,-41.76383029158099,72,"[(-3.122192756994049, -41.763835001476664), (-3.1222057630129285, -41.7638255816853)]","[(-3.122192756994049, -41.763835001476664), (-3.1222057630129285, -41.7638255816853)]",78.55311584472656,-111.28990173339844,1.447815,1.0470428,ef_busip40.002
BUSIP4.002,-3.122261162161822,-41.76550694649695,76,"[(-3.1222546591523823, -41.76551165639263), (-3.122267665171262, -41.76550223660127)]","[(-3.1222546591523823, -41.76551165639263), (-3.122267665171262, -41.76550223660127)]",-107.81295013427734,-104.3990249633789,1.447815,1.0470428,ef_busip4.002
BUSIP39.002,-3.122286818014781,-41.763830141125695,72,"[(-3.1222803150053413, -41.76383485102137), (-3.122293321024221, -41.76382543123001)]","[(-3.1222803150053413, -41.76383485102137), (-3.122293321024221, -41.76382543123001)]",78.56983947753906,-101.54304504394531,1.447815,1.0470428,ef_busip39.002
BUSIP38.002,-3.122369657705137,-41.763829998907,72,"[(-3.122363154695697, -41.76383470880268), (-3.122376160714577, -41.76382528901132)]","[(-3.122363154695697, -41.76383470880268), (-3.122376160714577, -41.76382528901132)]",78.58564758300781,-92.32142639160156,1.447815,1.0470428,ef_busip38.002
BUSIP37.002,-3.122453707611504,-41.763829854354604,72,"[(-3.1224472046020644, -41.76383456425029), (-3.122460210620944, -41.76382514445893)]","[(-3.1224472046020644, -41.76383456425029), (-3.122460210620944, -41.76382514445893)]",78.60171508789062,-82.965087890625,1.447815,1.0470428,ef_busip37.002
BUSIP36.002,-3.1225428321596285,-41.76382970115378,76,"[(-3.1225363291501886, -41.76383441104946), (-3.1225493351690683, -41.7638249912581)]","[(-3.1225363291501886, -41.76383441104946), (-3.1225493351690683, -41.7638249912581)]",78.61874389648438,-73.0438461303711,1.447815,1.0470428,ef_busip36.002
BUSIP35.002,-3.1222869487822607,-41.76390651276809,72,"[(-3.122280445772821, -41.763911222663765), (-3.1222934517917, -41.763901802872404)]","[(-3.122280445772821, -41.763911222663765), (-3.1222934517917, -41.763901802872404)]",70.08086395263672,-101.52848815917969,1.447815,1.0470428,ef_busip35.002
BUSIP34.002,-3.1223694940401785,-41.76390637096122,72,"[(-3.1223629910307387, -41.76391108085691), (-3.1223759970496183, -41.763901661065546)]","[(-3.1223629910307387, -41.76391108085691), (-3.1223759970496183, -41.763901661065546)]",70.09662628173828,-92.33964538574219,1.447815,1.0470428,ef_busip34.002
BUSIP33.002,-3.1224538383789837,-41.763906225997005,72,"[(-3.122447335369544, -41.76391093589268), (-3.1224603413884235, -41.76390151610132)]","[(-3.122447335369544, -41.76391093589268), (-3.1224603413884235, -41.76390151610132)]",70.11273956298828,-82.95053100585938,1.447815,1.0470428,ef_busip33.002
BUSIP32.002,-3.1225428462095937,-41.763905849927404,76,"[(-3.122536343200154, -41.76391055982309), (-3.1225493492190335, -41.76390114003173)]","[(-3.122536343200154, -41.76391055982309), (-3.1225493492190335, -41.76390114003173)]",70.154541015625,-73.04228210449219,1.447815,1.0470428,ef_busip32.002
BUSIP31.002,-3.122197846165789,-41.76485328582087,72,"[(-3.122191343156349, -41.76485799571655), (-3.1222043491752287, -41.76484857592519)]","[(-3.122191343156349, -41.76485799571655), (-3.1222043491752287, -41.76484857592519)]",-35.15627670288086,-111.4472885131836,1.447815,1.0470428,ef_busip31.002
BUSIP30.002,-3.1222444821804203,-41.76485320568558,72,"[(-3.1222379791709804, -41.76485791558126), (-3.12225098518986, -41.7648484957899)]","[(-3.1222379791709804, -41.76485791558126), (-3.12225098518986, -41.7648484957899)]",-35.147369384765625,-106.25582122802734,1.447815,1.0470428,ef_busip30.002
BUSIP3.002,-3.1223698904548014,-41.765506759663324,76,"[(-3.1223633874453616, -41.765511469559), (-3.1223763934642412, -41.76550204976765)]","[(-3.1223633874453616, -41.765511469559), (-3.1223763934642412, -41.76550204976765)]",-107.79218292236328,-92.29551696777344,1.447815,1.0470428,ef_busip3.002
BUSIP29.002,-3.1222864684105294,-41.76485313347802,72,"[(-3.1222799654010895, -41.7648578433737), (-3.122292971419969, -41.76484842358234)]","[(-3.1222799654010895, -41.7648578433737), (-3.122292971419969, -41.76484842358234)]",-35.13934326171875,-101.58196258544922,1.447815,1.0470428,ef_busip29.002
BUSIP28.002,-3.1223262176120614,-41.76485306518285,72,"[(-3.122319714602622, -41.764857775078525), (-3.1223327206215012, -41.76484835528717)]","[(-3.122319714602622, -41.764857775078525), (-3.1223327206215012, -41.76484835528717)]",-35.131752014160156,-97.1571273803711,1.447815,1.0470428,ef_busip28.002
BUSIP27.002,-3.1223677306667637,-41.76485299386759,72,"[(-3.122361227657324, -41.76485770376327), (-3.1223742336762035, -41.76484828397191)]","[(-3.122361227657324, -41.76485770376327), (-3.1223742336762035, -41.76484828397191)]",-35.12382507324219,-92.53594207763672,1.447815,1.0470428,ef_busip27.002
BUSIP26.002,-3.122408153170034,-41.76485292440557,72,"[(-3.1224016501605942, -41.764857634301244), (-3.122414656179474, -41.76484821450988)]","[(-3.1224016501605942, -41.764857634301244), (-3.122414656179474, -41.76484821450988)]",-35.11610412597656,-88.0361557006836,1.447815,1.0470428,ef_busip26.002
BUSIP25.002,-3.1224534242134294,-41.76485284660398,72,"[(-3.1224469212039896, -41.764857556499656), (-3.1224599272228692, -41.7648481367083)]","[(-3.1224469212039896, -41.764857556499656), (-3.1224599272228692, -41.7648481367083)]",-35.10745620727539,-82.99663543701172,1.447815,1.0470428,ef_busip25.002
BUSIP24.002,-3.122200058384184,-41.764929302534284,72,"[(-3.122193555374744, -41.76493401242996), (-3.122206561393624, -41.76492459263861)]","[(-3.122193555374744, -41.76493401242996), (-3.122206561393624, -41.76492459263861)]",-43.60580062866211,-111.2010269165039,1.447815,1.0470428,ef_busip24.002
BUSIP23.002,-3.1222854420091823,-41.76492915571682,72,"[(-3.1222789389997425, -41.764933865612505), (-3.122291945018622, -41.764924445821144)]","[(-3.1222789389997425, -41.764933865612505), (-3.122291945018622, -41.764924445821144)]",-43.589481353759766,-101.69622039794922,1.447815,1.0470428,ef_busip23.002
BUSIP22.002,-3.1223266948311177,-41.764929084813396,72,"[(-3.122320191821678, -41.76493379470907), (-3.122333197840557, -41.76492437491771)]","[(-3.122320191821678, -41.76493379470907), (-3.122333197840557, -41.76492437491771)]",-43.581600189208984,-97.10400390625,1.447815,1.0470428,ef_busip22.002
BUSIP21.002,-3.1223720249529023,-41.76492900697749,72,"[(-3.1223655219434625, -41.764933716873166), (-3.122378527962342, -41.76492429708181)]","[(-3.1223655219434625, -41.764933716873166), (-3.122378527962342, -41.76492429708181)]",-43.57294845581055,-92.05790710449219,1.447815,1.0470428,ef_busip21.002
BUSIP20.002,-3.1224094400097573,-41.76492894259471,72,"[(-3.1224029370003175, -41.764933652490384), (-3.122415943019197, -41.76492423269902)]","[(-3.1224029370003175, -41.764933652490384), (-3.122415943019197, -41.76492423269902)]",-43.565792083740234,-87.89290618896484,1.447815,1.0470428,ef_busip20.002
BUSIP2.002,-3.122474433571614,-41.76550658010537,76,"[(-3.1224679305621743, -41.765511290001044), (-3.122480936581054, -41.76550187020968)]","[(-3.1224679305621743, -41.765511290001044), (-3.122480936581054, -41.76550187020968)]",-107.77222442626953,-80.65789794921875,1.447815,1.0470428,ef_busip2.002
BUSIP19.002,-3.122452050949287,-41.76492886942621,72,"[(-3.122445547939847, -41.76493357932189), (-3.122458553958727, -41.76492415953053)]","[(-3.122445547939847, -41.76493357932189), (-3.122458553958727, -41.76492415953053)]",-43.55765914916992,-83.14950561523438,1.447815,1.0470428,ef_busip19.002
BUSIP18.002,-3.1222592008552414,-41.765240029402705,76,"[(-3.1222526978458016, -41.76524473929839), (-3.1222657038646813, -41.76523531950703)]","[(-3.1222526978458016, -41.76524473929839), (-3.1222657038646813, -41.76523531950703)]",-78.14418029785156,-104.61735534667969,1.447815,1.0470428,ef_busip18.002
BUSIP17.002,-3.122328101198348,-41.76524027293162,76,"[(-3.122321598188908, -41.7652449828273), (-3.1223346042077877, -41.765235563035944)]","[(-3.122321598188908, -41.7652449828273), (-3.1223346042077877, -41.765235563035944)]",-78.17124938964844,-96.94744873046875,1.447815,1.0470428,ef_busip17.002
BUSIP16.002,-3.1223959016005343,-41.765240397098424,76,"[(-3.1223893985910944, -41.7652451069941), (-3.122402404609974, -41.76523568720274)]","[(-3.1223893985910944, -41.7652451069941), (-3.122402404609974, -41.76523568720274)]",-78.18505096435547,-89.39998626708984,1.447815,1.0470428,ef_busip16.002
BUSIP15.002,-3.122259317641292,-41.76530816869702,76,"[(-3.1222528146318522, -41.765312878592695), (-3.122265820650732, -41.765303458801334)]","[(-3.1222528146318522, -41.765312878592695), (-3.122265820650732, -41.765303458801334)]",-85.71810150146484,-104.60435485839844,1.447815,1.0470428,ef_busip15.002
BUSIP14.002,-3.122328217847326,-41.76530841236321,76,"[(-3.122321714837886, -41.76531312225889), (-3.1223347208567658, -41.76530370246753)]","[(-3.122321714837886, -41.76531312225889), (-3.1223347208567658, -41.76530370246753)]",-85.74518585205078,-96.93446350097656,1.447815,1.0470428,ef_busip14.002
BUSIP1.002,-3.12253479530549,-41.76548708179943,76,"[(-3.1225282922960504, -41.76549179169511), (-3.1225412983149297, -41.76548237190375)]","[(-3.1225282922960504, -41.76549179169511), (-3.1225412983149297, -41.76548237190375)]",-105.60491943359375,-73.9384994506836,1.447815,1.0470428,ef_busip1.002
BUSIP13.003,-3.122726915726596,-41.76492770030896,76,"[(-3.122720412717156, -41.764932410204636), (-3.122733418736036, -41.764922990413275)]","[(-3.122720412717156, -41.764932410204636), (-3.122733418736036, -41.764922990413275)]",-43.42770767211914,-52.551876068115234,1.447815,1.0470428,ef_busip13.003
BUSIP13.002,-3.1223960183865853,-41.76530853639273,76,"[(-3.1223895153771455, -41.765313246288414), (-3.122402521396025, -41.76530382649705)]","[(-3.1223895153771455, -41.765313246288414), (-3.122402521396025, -41.76530382649705)]",-85.75897216796875,-89.3869857788086,1.447815,1.0470428,ef_busip13.002
BUSIP12.002,-3.1222617673383644,-41.76540440716472,76,"[(-3.1222552643289245, -41.7654091170604), (-3.122268270347804, -41.76539969726904)]","[(-3.1222552643289245, -41.7654091170604), (-3.122268270347804, -41.76539969726904)]",-96.41534423828125,-104.33165740966797,1.447815,1.0470428,ef_busip12.002
BUSIP11.002,-3.1223294971480438,-41.765403794224135,76,"[(-3.122322994138604, -41.76540850411981), (-3.122336000157483, -41.76539908432845)]","[(-3.122322994138604, -41.76540850411981), (-3.122336000157483, -41.76539908432845)]",-96.34721374511719,-96.79205322265625,1.447815,1.0470428,ef_busip11.002
BUSIP10.002,-3.1224329126352246,-41.765403735057866,76,"[(-3.1224264096257848, -41.76540844495354), (-3.1224394156446644, -41.76539902516218)]","[(-3.1224264096257848, -41.76540844495354), (-3.1224394156446644, -41.76539902516218)]",-96.34063720703125,-85.27996063232422,1.447815,1.0470428,ef_busip10.002
BUSCSB8.002,-3.122368382653677,-41.763979165240734,72,"[(-3.1223613708301188, -41.76398411173355), (-3.122375394477235, -41.76397421874792)]","[(-3.1223613708301188, -41.76398411173355), (-3.122375394477235, -41.76397421874792)]",62.005287170410156,-92.46336364746094,1.5610962,1.09964,ef_buscsb8.002
BUSCSB7.002,-3.1224524834140643,-41.763979020825616,72,"[(-3.1224454715905057, -41.76398396731843), (-3.1224594952376226, -41.7639740743328)]","[(-3.1224454715905057, -41.76398396731843), (-3.1224594952376226, -41.7639740743328)]",62.021339416503906,-83.10136413574219,1.5610962,1.09964,ef_buscsb7.002
BUSCSB6.002,-3.122541235603847,-41.76397886817389,76,"[(-3.122534223780289, -41.76398381466671), (-3.1225482474274053, -41.763973921681085)]","[(-3.122534223780289, -41.76398381466671), (-3.1225482474274053, -41.763973921681085)]",62.038307189941406,-73.22157287597656,1.5610962,1.09964,ef_buscsb6.002
BUSCSB5.002,-3.1221985904027165,-41.765003014886226,72,"[(-3.1221915785791583, -41.76500796137904), (-3.1222056022262747, -41.76499806839342)]","[(-3.1221915785791583, -41.76500796137904), (-3.1222056022262747, -41.76499806839342)]",-51.79918670654297,-111.36444091796875,1.5610962,1.09964,ef_buscsb5.002
BUSCSB4.002,-3.122285650839638,-41.765002865254594,72,"[(-3.1222786390160797, -41.76500781174741), (-3.122292662663196, -41.764997918761786)]","[(-3.1222786390160797, -41.76500781174741), (-3.122292662663196, -41.764997918761786)]",-51.782554626464844,-101.6729736328125,1.5610962,1.09964,ef_buscsb4.002
BUSCSB3.002,-3.122366575622566,-41.76500272619327,72,"[(-3.122359563799008, -41.76500767268608), (-3.1223735874461243, -41.76499777970046)]","[(-3.122359563799008, -41.76500767268608), (-3.1223735874461243, -41.76499777970046)]",-51.76709747314453,-92.66452026367188,1.5610962,1.09964,ef_buscsb3.002
BUSCSB2.002,-3.122407821042568,-41.76500265528984,72,"[(-3.12240080921901, -41.765007601782656), (-3.1224148328661263, -41.764997708797026)]","[(-3.12240080921901, -41.765007601782656), (-3.1224148328661263, -41.764997708797026)]",-51.75921630859375,-88.07312774658203,1.5610962,1.09964,ef_buscsb2.002
BUSCSB1.002,-3.1224521991935523,-41.76500257910126,72,"[(-3.122445187369994, -41.76500752559407), (-3.1224592110171105, -41.76499763260844)]","[(-3.122445187369994, -41.76500752559407), (-3.1224592110171105, -41.76499763260844)]",-51.75074768066406,-83.13300323486328,1.5610962,1.09964,ef_buscsb1.002
SECV9.001,-3.1230371261722536,-41.76452043584684,77,"[(-3.123027343524942, -41.764525382339656), (-3.1230469088195654, -41.764515489354025)]","[(-3.123027343524942, -41.764525382339656), (-3.1230469088195654, -41.764515489354025)]",1.8411636352539062,-18.019607543945312,2.177986,1.09964,ef_secv9.001
SECV8.001,-3.123105395757601,-41.76452031162856,77,"[(-3.1230956131102894, -41.764525258121374), (-3.123115178404913, -41.76451536513575)]","[(-3.1230956131102894, -41.764525258121374), (-3.123115178404913, -41.76451536513575)]",1.854970932006836,-10.419916152954102,2.177986,1.09964,ef_secv8.001
SECV7.001,-3.1231730332230287,-41.76452018855998,77,"[(-3.123163250575717, -41.764525135052786), (-3.1231828158703405, -41.76451524206716)]","[(-3.123163250575717, -41.764525135052786), (-3.1231828158703405, -41.76451524206716)]",1.8686504364013672,-2.890591621398926,2.177986,1.09964,ef_secv7.001
SECV6.001,-3.1227869624328415,-41.76510976703532,77,"[(-3.1227771797855297, -41.76511471352813), (-3.1227967450801533, -41.765104820542504)]","[(-3.1227771797855297, -41.76511471352813), (-3.1227967450801533, -41.765104820542504)]",-63.665061950683594,-45.86754608154297,2.177986,1.09964,ef_secv6.001
SECV5.001,-3.1228550499340693,-41.76510964328035,77,"[(-3.1228452672867575, -41.76511458977316), (-3.122864832581381, -41.76510469678753)]","[(-3.1228452672867575, -41.76511458977316), (-3.122864832581381, -41.76510469678753)]",-63.65130615234375,-38.288124084472656,2.177986,1.09964,ef_secv5.001
SECV4.001,-3.1229235015692685,-41.76510951870171,77,"[(-3.1229137189219567, -41.76511446519453), (-3.1229332842165802, -41.765104572208905)]","[(-3.1229137189219567, -41.76511446519453), (-3.1229332842165802, -41.765104572208905)]",-63.63745880126953,-30.668167114257812,2.177986,1.09964,ef_secv4.001
SECV3.001,-3.123038194415082,-41.76510931004109,77,"[(-3.1230284117677702, -41.765114256533906), (-3.123047977062394, -41.765104363548275)]","[(-3.1230284117677702, -41.765114256533906), (-3.123047977062394, -41.765104363548275)]",-63.61426544189453,-17.900691986083984,2.177986,1.09964,ef_secv3.001
SECV2.001,-3.1231064640004296,-41.76510918580565,77,"[(-3.123096681353118, -41.765114132298464), (-3.1231162466477413, -41.76510423931284)]","[(-3.123096681353118, -41.765114132298464), (-3.1231162466477413, -41.76510423931284)]",-63.60045623779297,-10.301000595092773,2.177986,1.09964,ef_secv2.001
SECV12.001,-3.122785894224281,-41.76452089294403,77,"[(-3.1227761115769694, -41.764525839436835), (-3.122795676871593, -41.76451594645121)]","[(-3.1227761115769694, -41.764525839436835), (-3.122795676871593, -41.76451594645121)]",1.7903556823730469,-45.98645782470703,2.177986,1.09964,ef_secv12.001
SECV11.001,-3.1228539816569727,-41.76452076906894,77,"[(-3.122844199009661, -41.76452571556175), (-3.1228637643042845, -41.76451582257612)]","[(-3.122844199009661, -41.76452571556175), (-3.1228637643042845, -41.76451582257612)]",1.8041248321533203,-38.40704345703125,2.177986,1.09964,ef_secv11.001
SECV10.001,-3.122922433360708,-41.76452064452462,77,"[(-3.1229126507133964, -41.76452559101744), (-3.12293221600802, -41.764515698031815)]","[(-3.1229126507133964, -41.76452559101744), (-3.12293221600802, -41.764515698031815)]",1.8179683685302734,-30.787078857421875,2.177986,1.09964,ef_secv10.001
SECV1.001,-3.123174101482991,-41.76510906273707,77,"[(-3.1231643188356792, -41.765114009229876), (-3.123183884130303, -41.76510411624425)]","[(-3.1231643188356792, -41.765114009229876), (-3.123183884130303, -41.76510411624425)]",-63.58677673339844,-2.771674156188965,2.177986,1.09964,ef_secv1.001
SECH18.001,-3.1227854416783347,-41.764308515447546,77,"[(-3.1227557634958187, -41.76431328581366), (-3.1228151198608507, -41.76430374508144)]","[(-3.1227557634958187, -41.76431328581366), (-3.1228151198608507, -41.76430374508144)]",25.39685821533203,-46.036834716796875,6.607482,1.0604858,ef_sech18.001
SECH17.001,-3.1228531044594003,-41.76430839224169,77,"[(-3.1228234262768844, -41.76431316260779), (-3.1228827826419163, -41.76430362187558)]","[(-3.1228234262768844, -41.76431316260779), (-3.1228827826419163, -41.76430362187558)]",25.410552978515625,-38.50469207763672,6.607482,1.0604858,ef_sech17.001
SECH16.001,-3.1229198568712686,-41.76430827088906,77,"[(-3.122890178688753, -41.764313041255164), (-3.1229495350537846, -41.76430350052295)]","[(-3.122890178688753, -41.764313041255164), (-3.1229495350537846, -41.76430350052295)]",25.424041748046875,-31.073890686035156,6.607482,1.0604858,ef_sech16.001
SECH15.001,-3.123037583858431,-41.764308056600086,77,"[(-3.1230079056759155, -41.7643128269662), (-3.123067262040947, -41.764303286233975)]","[(-3.1230079056759155, -41.7643128269662), (-3.123067262040947, -41.764303286233975)]",25.447860717773438,-17.968658447265625,6.607482,1.0604858,ef_sech15.001
SECH14.001,-3.1231060641075836,-41.76430793209009,77,"[(-3.1230763859250676, -41.7643127024562), (-3.1231357422900996, -41.76430316172399)]","[(-3.1230763859250676, -41.7643127024562), (-3.1231357422900996, -41.76430316172399)]",25.461700439453125,-10.345516204833984,6.607482,1.0604858,ef_sech14.001
SECH13.001,-3.1231726479627073,-41.76430781087474,77,"[(-3.1231429697801913, -41.76431258124085), (-3.123202326145223, -41.764303040508636)]","[(-3.1231429697801913, -41.76431258124085), (-3.123202326145223, -41.764303040508636)]",25.475173950195312,-2.933478355407715,6.607482,1.0604858,ef_sech13.001
REATOR811,-3.123448417446392,-41.76332279846284,77,"[(-3.1234346323051634, -41.76335027872156), (-3.1234622025876204, -41.763295318204115)]","[(-3.1234346323051634, -41.76335027872156), (-3.1234622025876204, -41.763295318204115)]",134.96275329589844,27.764862060546875,3.069092,6.109054,ef_reator811
IP3.002,-3.122260589060322,-41.76517020524248,72,"[(-3.1222540860508823, -41.76517491513816), (-3.122267092069762, -41.7651654953468)]","[(-3.1222540860508823, -41.76517491513816), (-3.122267092069762, -41.7651654953468)]",-70.38298034667969,-104.46282196044922,1.447815,1.0470428,ef_ip3.002
IP2.002,-3.1223283124961148,-41.76517008210526,72,"[(-3.122321809486675, -41.765174792000934), (-3.1223348155055546, -41.76516537220957)]","[(-3.122321809486675, -41.765174792000934), (-3.1223348155055546, -41.76516537220957)]",-70.36929321289062,-96.9239273071289,1.447815,1.0470428,ef_ip2.002
IP1.001,-3.123175957046451,-41.765168539801216,77,"[(-3.123169454037011, -41.7651732496969), (-3.1231824600558906, -41.76516382990554)]","[(-3.123169454037011, -41.7651732496969), (-3.1231824600558906, -41.76516382990554)]",-70.19786071777344,-2.565114974975586,1.447815,1.0470428,ef_ip1.001
DISJUNTOR13,-3.1237253978400195,-41.76406616045453,77,"[(-3.123703311058581, -41.76407280252055), (-3.1237474846214583, -41.764059518388514)]","[(-3.123703311058581, -41.76407280252055), (-3.1237474846214583, -41.764059518388514)]",52.33546447753906,58.597999572753906,4.91735,1.4765778,ef_disjuntor13
DISJUNTOR12,-3.12359090705142,-41.76445029862703,77,"[(-3.1235688202699814, -41.76445694069305), (-3.1236129938328587, -41.76444365656102)]","[(-3.1235688202699814, -41.76445694069305), (-3.1236129938328587, -41.76444365656102)]",9.637161254882812,43.62664031982422,4.91735,1.4765778,ef_disjuntor12
DISJUNTOR11,-3.1236605488899976,-41.764450171937774,77,"[(-3.123638462108559, -41.76445681400379), (-3.1236826356714364, -41.764443529871755)]","[(-3.123638462108559, -41.76445681400379), (-3.1236826356714364, -41.764443529871755)]",9.651243209838867,51.37908935546875,4.91735,1.4765778,ef_disjuntor11
BUSIP47.001,-3.1233328321022515,-41.763823623226656,77,"[(-3.1233263290928117, -41.76382833312234), (-3.1233393351116914, -41.76381891333098)]","[(-3.1233263290928117, -41.76382833312234), (-3.1233393351116914, -41.76381891333098)]",79.29432678222656,14.898035049438477,1.447815,1.0470428,ef_busip47.001
BUSIP36.x001,-3.1231502246040486,-41.76390467003393,77,"[(-3.1231437215946087, -41.76390937992961), (-3.1231567276134884, -41.763899960138254)]","[(-3.1231437215946087, -41.76390937992961), (-3.1231567276134884, -41.763899960138254)]",70.28569030761719,-5.429620742797852,1.447815,1.0470428,ef_busip36.x001
BUSIP33.001,-3.1232828178934695,-41.76390138445273,77,"[(-3.1232763148840297, -41.76390609434841), (-3.1232893209029093, -41.76389667455705)]","[(-3.1232763148840297, -41.76390609434841), (-3.1232893209029093, -41.76389667455705)]",70.65089416503906,9.330511093139648,1.447815,1.0470428,ef_busip33.001
BUSIP32.001,-3.1233329729959864,-41.76390129343826,77,"[(-3.1233264699865466, -41.763906003333936), (-3.123339476005426, -41.76389658354258)]","[(-3.1233264699865466, -41.763906003333936), (-3.123339476005426, -41.76389658354258)]",70.6610107421875,14.913719177246094,1.447815,1.0470428,ef_busip32.001
BUSIP3.003,-3.1223708242634522,-41.76550666075544,76,"[(-3.1223643212540124, -41.76551137065112), (-3.122377327272892, -41.765501950859765)]","[(-3.1223643212540124, -41.76551137065112), (-3.122377327272892, -41.765501950859765)]",-107.78118896484375,-92.19156646728516,1.447815,1.0470428,ef_busip3.003
BUSIP13.001,-3.1227277755501874,-41.76492851456587,77,"[(-3.1227212725407476, -41.764933224461544), (-3.1227342785596273, -41.76492380467019)]","[(-3.1227212725407476, -41.764933224461544), (-3.1227342785596273, -41.76492380467019)]",-43.51821517944336,-52.45616149902344,1.447815,1.0470428,ef_busip13.001
BUSCSB21.001,-3.1228533428975873,-41.763979673645096,77,"[(-3.122846331074029, -41.76398462013791), (-3.1228603547211455, -41.76397472715228)]","[(-3.122846331074029, -41.76398462013791), (-3.1228603547211455, -41.76397472715228)]",61.94877624511719,-38.4781494140625,1.5610962,1.09964,ef_buscsb21.001
