Model Name,Latitude,Longitude,Altitude,Vx,Vy,Py,Px,Vx_largura,Vy_altura,ID
ARGO_PARNAIBAIII_V3::ECHO_FOX::TPC9,-3.123586944335163,-41.76303827653087,79.0,"[(-3.123593931279735, -41.76304605408158), (-3.1235799573905907, -41.763030498980164)]","[(-3.123593931279735, -41.76304605408158), (-3.1235799573905907, -41.763030498980164)]",-43.18552,166.58836,1.729004,1.5555572,ef_argo_parnaibaiii_v3_tpc9
ARGO_PARNAIBAIII_V3::ECHO_FOX::TPC8,-3.123656999722428,-41.76303815625353,79.0,"[(-3.123663986667, -41.76304593380424), (-3.123650012777856, -41.76303037870282)]","[(-3.123663986667, -41.76304593380424), (-3.123650012777856, -41.76303037870282)]",-50.984,166.60173,1.729004,1.5555572,ef_argo_parnaibaiii_v3_tpc8
ARGO_PARNAIBAIII_V3::ECHO_FOX::TPC7,-3.123722705754548,-41.763038043116005,79.0,"[(-3.12372969269912, -41.76304582066671), (-3.1237157188099753, -41.7630302655653)]","[(-3.12372969269912, -41.76304582066671), (-3.1237157188099753, -41.7630302655653)]",-58.29832,166.61431,1.729004,1.5555572,ef_argo_parnaibaiii_v3_tpc7
ARGO_PARNAIBAIII_V3::ECHO_FOX::TPC6,-3.123592178250056,-41.76585691835376,77.0,"[(-3.123599165194628, -41.76586469590447), (-3.1235851913054837, -41.765849140803056)]","[(-3.123599165194628, -41.76586469590447), (-3.1235851913054837, -41.765849140803056)]",-43.76815,-146.71355,1.729004,1.5555572,ef_argo_parnaibaiii_v3_tpc6
ARGO_PARNAIBAIII_V3::ECHO_FOX::TPC5,-3.123660602162237,-41.76585680054794,77.0,"[(-3.1236675891068093, -41.76586457809864), (-3.123653615217665, -41.76584902299723)]","[(-3.1236675891068093, -41.76586457809864), (-3.123653615217665, -41.76584902299723)]",-51.38502,-146.70045,1.729004,1.5555572,ef_argo_parnaibaiii_v3_tpc5
ARGO_PARNAIBAIII_V3::ECHO_FOX::TPC4,-3.123727691704692,-41.76585668548808,77.0,"[(-3.123734678649264, -41.76586446303879), (-3.12372070476012, -41.765848907937375)]","[(-3.123734678649264, -41.76586446303879), (-3.12372070476012, -41.765848907937375)]",-58.85335,-146.68766,1.729004,1.5555572,ef_argo_parnaibaiii_v3_tpc4
ARGO_PARNAIBAIII_V3::ECHO_FOX::TPC3,-3.123846207751531,-41.76585648173063,77.0,"[(-3.1238531946961032, -41.76586425928134), (-3.1238392208069587, -41.76584870417992)]","[(-3.1238531946961032, -41.76586425928134), (-3.1238392208069587, -41.76584870417992)]",-72.04642,-146.66502,1.729004,1.5555572,ef_argo_parnaibaiii_v3_tpc3
ARGO_PARNAIBAIII_V3::ECHO_FOX::TPC2,-3.123914315059744,-41.765856364748565,77.0,"[(-3.1239213020043164, -41.76586414229927), (-3.1239073281151724, -41.76584858719786)]","[(-3.1239213020043164, -41.76586414229927), (-3.1239073281151724, -41.76584858719786)]",-79.62805,-146.65201,1.729004,1.5555572,ef_argo_parnaibaiii_v3_tpc2
ARGO_PARNAIBAIII_V3::ECHO_FOX::TPC1,-3.1239821030568016,-41.765856248315714,77.0,"[(-3.123989090001374, -41.76586402586642), (-3.1239751161122293, -41.76584847076501)]","[(-3.123989090001374, -41.76586402586642), (-3.1239751161122293, -41.76584847076501)]",-87.17413,-146.63907,1.729004,1.5555572,ef_argo_parnaibaiii_v3_tpc1
ARGO_PARNAIBAIII_V3::ECHO_FOX::TC9,-3.123843607886836,-41.76437294270545,83.0,"[(-3.1238499341409387, -41.76438065017649), (-3.1238372816327336, -41.76436523523441)]","[(-3.1238499341409387, -41.76438065017649), (-3.1238372816327336, -41.76436523523441)]",-71.75701,18.23554,1.7134248,1.4084626,ef_argo_parnaibaiii_v3_tc9
ARGO_PARNAIBAIII_V3::ECHO_FOX::TC8,-3.123912522348405,-41.76437282421308,83.0,"[(-3.123918848602508, -41.764380531684125), (-3.123906196094303, -41.764365116742034)]","[(-3.123918848602508, -41.764380531684125), (-3.123906196094303, -41.764365116742034)]",-79.42848,18.24871,1.7134248,1.4084626,ef_argo_parnaibaiii_v3_tc8
ARGO_PARNAIBAIII_V3::ECHO_FOX::TC7,-3.123978858401517,-41.764372710251685,83.0,"[(-3.1239851846556195, -41.76438041772273), (-3.1239725321474148, -41.76436500278064)]","[(-3.1239851846556195, -41.76438041772273), (-3.1239725321474148, -41.76436500278064)]",-86.81294,18.26138,1.7134248,1.4084626,ef_argo_parnaibaiii_v3_tc7
ARGO_PARNAIBAIII_V3::ECHO_FOX::TC6,-3.1235913458044293,-41.764694576481205,83.0,"[(-3.123597672058532, -41.764702283952246), (-3.123585019550327, -41.76468686901016)]","[(-3.123597672058532, -41.764702283952246), (-3.123585019550327, -41.76468686901016)]",-43.67548,-17.51518,1.7134248,1.4084626,ef_argo_parnaibaiii_v3_tc6
ARGO_PARNAIBAIII_V3::ECHO_FOX::TC5,-3.1236582616413413,-41.764694461472885,83.0,"[(-3.123664587895444, -41.76470216894393), (-3.123651935387239, -41.76468675400184)]","[(-3.123664587895444, -41.76470216894393), (-3.123651935387239, -41.76468675400184)]",-51.12448,-17.50239,1.7134248,1.4084626,ef_argo_parnaibaiii_v3_tc5
ARGO_PARNAIBAIII_V3::ECHO_FOX::TC4,-3.123724997364556,-41.764694346756336,83.0,"[(-3.123731323618658, -41.764702054227385), (-3.123718671110453, -41.764686639285294)]","[(-3.123731323618658, -41.764702054227385), (-3.123718671110453, -41.764686639285294)]",-58.55342,-17.48964,1.7134248,1.4084626,ef_argo_parnaibaiii_v3_tc4
ARGO_PARNAIBAIII_V3::ECHO_FOX::TC3,-3.123844158201984,-41.76469414195194,83.0,"[(-3.1238504844560864, -41.764701849422984), (-3.1238378319478817, -41.7646864344809)]","[(-3.1238504844560864, -41.764701849422984), (-3.1238378319478817, -41.7646864344809)]",-71.81827,-17.46688,1.7134248,1.4084626,ef_argo_parnaibaiii_v3_tc3
ARGO_PARNAIBAIII_V3::ECHO_FOX::TC2,-3.1239130726635533,-41.76469402351105,83.0,"[(-3.1239193989176557, -41.76470173098209), (-3.123906746409451, -41.764686316040006)]","[(-3.1239193989176557, -41.76470173098209), (-3.123906746409451, -41.764686316040006)]",-79.48974,-17.45371,1.7134248,1.4084626,ef_argo_parnaibaiii_v3_tc2
ARGO_PARNAIBAIII_V3::ECHO_FOX::TC15,-3.123590400027399,-41.764142596214334,83.0,"[(-3.123596726281501, -41.76415030368538), (-3.1235840737732965, -41.76413488874329)]","[(-3.123596726281501, -41.76415030368538), (-3.1235840737732965, -41.76413488874329)]",-43.5702,43.83936,1.7134248,1.4084626,ef_argo_parnaibaiii_v3_tc15
ARGO_PARNAIBAIII_V3::ECHO_FOX::TC14,-3.123657315864311,-41.764142481223175,83.0,"[(-3.123663642118413, -41.764150188694224), (-3.1236509896102085, -41.76413477375213)]","[(-3.123663642118413, -41.764150188694224), (-3.1236509896102085, -41.76413477375213)]",-51.01919,43.85214,1.7134248,1.4084626,ef_argo_parnaibaiii_v3_tc14
ARGO_PARNAIBAIII_V3::ECHO_FOX::TC13,-3.123724051450452,-41.76414236650663,83.0,"[(-3.1237303777045544, -41.764150073977675), (-3.1237177251963497, -41.764134659035584)]","[(-3.1237303777045544, -41.764150073977675), (-3.1237177251963497, -41.764134659035584)]",-58.44812,43.86489,1.7134248,1.4084626,ef_argo_parnaibaiii_v3_tc13
ARGO_PARNAIBAIII_V3::ECHO_FOX::TC12,-3.1235907954892816,-41.76437337720039,83.0,"[(-3.123597121743384, -41.76438108467144), (-3.123584469235179, -41.76436566972935)]","[(-3.123597121743384, -41.76438108467144), (-3.123584469235179, -41.76436566972935)]",-43.61422,18.18725,1.7134248,1.4084626,ef_argo_parnaibaiii_v3_tc12
ARGO_PARNAIBAIII_V3::ECHO_FOX::TC11,-3.123657711257657,-41.764373262174914,83.0,"[(-3.1236640375117597, -41.76438096964596), (-3.1236513850035545, -41.76436555470387)]","[(-3.1236640375117597, -41.76438096964596), (-3.1236513850035545, -41.76436555470387)]",-51.06321,18.20003,1.7134248,1.4084626,ef_argo_parnaibaiii_v3_tc11
ARGO_PARNAIBAIII_V3::ECHO_FOX::TC10,-3.123724446980871,-41.76437314749269,83.0,"[(-3.1237307732349735, -41.76438085496373), (-3.123718120726769, -41.76436544002164)]","[(-3.1237307732349735, -41.76438085496373), (-3.123718120726769, -41.76436544002164)]",-58.49215,18.21278,1.7134248,1.4084626,ef_argo_parnaibaiii_v3_tc10
ARGO_PARNAIBAIII_V3::ECHO_FOX::TC1,-3.123979408853738,-41.76469390948102,83.0,"[(-3.1239857351078406, -41.76470161695206), (-3.1239730825996355, -41.76468620200997)]","[(-3.1239857351078406, -41.76470161695206), (-3.1239730825996355, -41.76468620200997)]",-86.87421,-17.44104,1.7134248,1.4084626,ef_argo_parnaibaiii_v3_tc1
ARGO_PARNAIBAIII_V3::ECHO_FOX::SECV9,-3.123841361722325,-41.764519878207295,79.0,"[(-3.123846300868073, -41.764529675406465), (-3.123836422576578, -41.764510081008126)]","[(-3.123846300868073, -41.764529675406465), (-3.123836422576578, -41.764510081008126)]",-71.50697,1.90315,2.177986,1.09964,ef_argo_parnaibaiii_v3_secv9
ARGO_PARNAIBAIII_V3::ECHO_FOX::SECV8,-3.1239097155560227,-41.76451976072752,79.0,"[(-3.12391465470177, -41.76452955792669), (-3.123904776410275, -41.764509963528354)]","[(-3.12391465470177, -41.76452955792669), (-3.123904776410275, -41.764509963528354)]",-79.11603,1.91621,2.177986,1.09964,ef_argo_parnaibaiii_v3_secv8
ARGO_PARNAIBAIII_V3::ECHO_FOX::SECV7,-3.1239773087725893,-41.76451964455213,79.0,"[(-3.123982247918337, -41.7645294417513), (-3.123972369626842, -41.76450984735296)]","[(-3.123982247918337, -41.7645294417513), (-3.123972369626842, -41.76450984735296)]",-86.64043,1.92912,2.177986,1.09964,ef_argo_parnaibaiii_v3_secv7
ARGO_PARNAIBAIII_V3::ECHO_FOX::SECV6,-3.123591021180008,-41.76510945854917,79.0,"[(-3.1235959603257557, -41.76511925574834), (-3.1235860820342607, -41.76509966134999)]","[(-3.1235959603257557, -41.76511925574834), (-3.1235860820342607, -41.76509966134999)]",-43.63934,-63.63077,2.177986,1.09964,ef_argo_parnaibaiii_v3_secv6
ARGO_PARNAIBAIII_V3::ECHO_FOX::SECV5,-3.1236593749109005,-41.7651093411552,79.0,"[(-3.123664314056648, -41.765119138354365), (-3.123654435765153, -41.765099543956026)]","[(-3.123664314056648, -41.765119138354365), (-3.123654435765153, -41.765099543956026)]",-51.2484,-63.61772,2.177986,1.09964,ef_argo_parnaibaiii_v3_secv5
ARGO_PARNAIBAIII_V3::ECHO_FOX::SECV4,-3.1237277288474026,-41.765109223623945,79.0,"[(-3.12373266799315, -41.765119020823114), (-3.123722789701655, -41.765099426424776)]","[(-3.12373266799315, -41.765119020823114), (-3.123722789701655, -41.765099426424776)]",-58.85748,-63.60466,2.177986,1.09964,ef_argo_parnaibaiii_v3_secv4
ARGO_PARNAIBAIII_V3::ECHO_FOX::SECV3,-3.1238423713188865,-41.76510902659432,79.0,"[(-3.123847310464634, -41.765118823793486), (-3.123837432173139, -41.76509922939515)]","[(-3.123847310464634, -41.765118823793486), (-3.123837432173139, -41.76509922939515)]",-71.61935,-63.58276,2.177986,1.09964,ef_argo_parnaibaiii_v3_secv3
ARGO_PARNAIBAIII_V3::ECHO_FOX::SECV2,-3.1239107252896567,-41.765108909063066,79.0,"[(-3.1239156644354042, -41.765118706262236), (-3.1239057861439092, -41.7650991118639)]","[(-3.1239156644354042, -41.765118706262236), (-3.1239057861439092, -41.7650991118639)]",-79.22844,-63.5697,2.177986,1.09964,ef_argo_parnaibaiii_v3_secv2
ARGO_PARNAIBAIII_V3::ECHO_FOX::SECV15,-3.1235886425820345,-41.76372145599275,79.0,"[(-3.123593581727782, -41.76373125319193), (-3.123583703436287, -41.76371165879358)]","[(-3.123593581727782, -41.76373125319193), (-3.123583703436287, -41.76371165879358)]",-43.37456,90.65057,2.177986,1.09964,ef_argo_parnaibaiii_v3_secv15
ARGO_PARNAIBAIII_V3::ECHO_FOX::SECV14,-3.123656996312927,-41.76372133846151,79.0,"[(-3.1236619354586743, -41.76373113566068), (-3.1236520571671793, -41.76371154126233)]","[(-3.1236619354586743, -41.76373113566068), (-3.1236520571671793, -41.76371154126233)]",-50.98362,90.66364,2.177986,1.09964,ef_argo_parnaibaiii_v3_secv14
ARGO_PARNAIBAIII_V3::ECHO_FOX::SECV13,-3.123725350180892,-41.763721221067534,79.0,"[(-3.1237302893266397, -41.763731018266704), (-3.123720411035145, -41.763711423868365)]","[(-3.1237302893266397, -41.763731018266704), (-3.123720411035145, -41.763711423868365)]",-58.59269,90.67669,2.177986,1.09964,ef_argo_parnaibaiii_v3_secv13
ARGO_PARNAIBAIII_V3::ECHO_FOX::SECV12,-3.123590011514911,-41.76452031024794,79.0,"[(-3.123594950660658, -41.76453010744711), (-3.1235850723691634, -41.76451051304877)]","[(-3.123594950660658, -41.76453010744711), (-3.1235850723691634, -41.76451051304877)]",-43.52695,1.85512,2.177986,1.09964,ef_argo_parnaibaiii_v3_secv12
ARGO_PARNAIBAIII_V3::ECHO_FOX::SECV11,-3.123658365382876,-41.76452019275101,79.0,"[(-3.1236633045286233, -41.76452998995018), (-3.1236534262371287, -41.76451039555184)]","[(-3.1236633045286233, -41.76452998995018), (-3.1236534262371287, -41.76451039555184)]",-51.13602,1.86818,2.177986,1.09964,ef_argo_parnaibaiii_v3_secv11
ARGO_PARNAIBAIII_V3::ECHO_FOX::SECV10,-3.123726719182305,-41.76452007527124,79.0,"[(-3.1237316583280523, -41.76452987247041), (-3.1237217800365573, -41.764510278072066)]","[(-3.1237316583280523, -41.76452987247041), (-3.1237217800365573, -41.764510278072066)]",-58.74509,1.88124,2.177986,1.09964,ef_argo_parnaibaiii_v3_secv10
ARGO_PARNAIBAIII_V3::ECHO_FOX::SECV1,-3.1239783183691503,-41.7651087928362,79.0,"[(-3.123983257514898, -41.765118590035364), (-3.1239733792234032, -41.765098995637025)]","[(-3.123983257514898, -41.765118590035364), (-3.1239733792234032, -41.765098995637025)]",-86.75282,-63.55678,2.177986,1.09964,ef_argo_parnaibaiii_v3_secv1
ARGO_PARNAIBAIII_V3::ECHO_FOX::SECH9,-3.123842229293836,-41.7646350203236,79.0,"[(-3.123846992574481, -41.76466474265293), (-3.12383746601319, -41.76460529799428)]","[(-3.123846992574481, -41.76466474265293), (-3.12383746601319, -41.76460529799428)]",-71.60354,-10.8953,6.607482,1.0604858,ef_argo_parnaibaiii_v3_sech9
ARGO_PARNAIBAIII_V3::ECHO_FOX::SECH8,-3.123910293149962,-41.764634903332976,79.0,"[(-3.1239150564306075, -41.764664625662306), (-3.123905529869316, -41.76460518100365)]","[(-3.1239150564306075, -41.764664625662306), (-3.123905529869316, -41.76460518100365)]",-79.18033,-10.8823,6.607482,1.0604858,ef_argo_parnaibaiii_v3_sech8
ARGO_PARNAIBAIII_V3::ECHO_FOX::SECH7,-3.123979258122869,-41.76463478479769,79.0,"[(-3.1239840214035146, -41.76466450712702), (-3.1239744948422232, -41.76460506246836)]","[(-3.1239840214035146, -41.76466450712702), (-3.1239744948422232, -41.76460506246836)]",-86.85743,-10.86912,6.607482,1.0604858,ef_argo_parnaibaiii_v3_sech7
ARGO_PARNAIBAIII_V3::ECHO_FOX::SECH6,-3.1235920507902075,-41.765281616984176,78.0,"[(-3.123596814070853, -41.765311339313506), (-3.1235872875095616, -41.765251894654845)]","[(-3.123596814070853, -41.765311339313506), (-3.1235872875095616, -41.765251894654845)]",-43.75396,-82.76679,6.607482,1.0604858,ef_argo_parnaibaiii_v3_sech6
ARGO_PARNAIBAIII_V3::ECHO_FOX::SECH5,-3.12365959993786,-41.76528150082596,78.0,"[(-3.1236643632185053, -41.76531122315529), (-3.1236548366572134, -41.765251778496626)]","[(-3.1236643632185053, -41.76531122315529), (-3.1236548366572134, -41.765251778496626)]",-51.27345,-82.75387,6.607482,1.0604858,ef_argo_parnaibaiii_v3_sech5
ARGO_PARNAIBAIII_V3::ECHO_FOX::SECH4,-3.1237279421546345,-41.76528138343198,78.0,"[(-3.12373270543528, -41.76531110576131), (-3.1237231788739885, -41.76525166110266)]","[(-3.12373270543528, -41.76531110576131), (-3.1237231788739885, -41.76525166110266)]",-58.88123,-82.74083,6.607482,1.0604858,ef_argo_parnaibaiii_v3_sech4
ARGO_PARNAIBAIII_V3::ECHO_FOX::SECH3,-3.123843336504856,-41.76528118489207,78.0,"[(-3.123848099785502, -41.7653109072214), (-3.1238385732242104, -41.765251462562745)]","[(-3.123848099785502, -41.7653109072214), (-3.1238385732242104, -41.765251462562745)]",-71.7268,-82.71876,6.607482,1.0604858,ef_argo_parnaibaiii_v3_sech3
ARGO_PARNAIBAIII_V3::ECHO_FOX::SECH24,-3.1235891000098266,-41.76355971909164,79.0,"[(-3.1235938632904725, -41.76358944142097), (-3.1235843367291807, -41.76352999676231)]","[(-3.1235938632904725, -41.76358944142097), (-3.1235843367291807, -41.76352999676231)]",-43.42548,108.6282,6.607482,1.0604858,ef_argo_parnaibaiii_v3_sech24
ARGO_PARNAIBAIII_V3::ECHO_FOX::SECH23,-3.123656649157479,-41.76355960293342,79.0,"[(-3.1236614124381243, -41.76358932526275), (-3.123651885876833, -41.76352988060409)]","[(-3.1236614124381243, -41.76358932526275), (-3.123651885876833, -41.76352988060409)]",-50.94498,108.64111,6.607482,1.0604858,ef_argo_parnaibaiii_v3_sech23
ARGO_PARNAIBAIII_V3::ECHO_FOX::SECH22,-3.12372499144279,-41.763559485402176,79.0,"[(-3.1237297547234357, -41.763589207731506), (-3.1237202281621443, -41.763529763072846)]","[(-3.1237297547234357, -41.763589207731506), (-3.1237202281621443, -41.763529763072846)]",-58.55276,108.65417,6.607482,1.0604858,ef_argo_parnaibaiii_v3_sech22
ARGO_PARNAIBAIII_V3::ECHO_FOX::SECH21,-3.123590223809797,-41.7642154972952,79.0,"[(-3.1235949870904425, -41.76424521962453), (-3.1235854605291506, -41.76418577496587)]","[(-3.1235949870904425, -41.76424521962453), (-3.1235854605291506, -41.76418577496587)]",-43.55058,35.73615,6.607482,1.0604858,ef_argo_parnaibaiii_v3_sech21
ARGO_PARNAIBAIII_V3::ECHO_FOX::SECH20,-3.123657772888912,-41.76421538120562,79.0,"[(-3.123662536169558, -41.76424510353495), (-3.1236530096082666, -41.764185658876286)]","[(-3.123662536169558, -41.76424510353495), (-3.1236530096082666, -41.764185658876286)]",-51.07007,35.74906,6.607482,1.0604858,ef_argo_parnaibaiii_v3_sech20
ARGO_PARNAIBAIII_V3::ECHO_FOX::SECH2,-3.123911400498056,-41.7652810680473,78.0,"[(-3.123916163778701, -41.76531079037663), (-3.12390663721741, -41.76525134571797)]","[(-3.123916163778701, -41.76531079037663), (-3.12390663721741, -41.76525134571797)]",-79.3036,-82.70577,6.607482,1.0604858,ef_argo_parnaibaiii_v3_sech2
ARGO_PARNAIBAIII_V3::ECHO_FOX::SECH19,-3.12372611524276,-41.76421526374301,79.0,"[(-3.1237308785234057, -41.764244986072335), (-3.1237213519621143, -41.76418554141368)]","[(-3.1237308785234057, -41.764244986072335), (-3.1237213519621143, -41.76418554141368)]",-58.67786,35.76211,6.607482,1.0604858,ef_argo_parnaibaiii_v3_sech19
ARGO_PARNAIBAIII_V3::ECHO_FOX::SECH18,-3.1235903912076046,-41.764313205310216,79.0,"[(-3.12359515448825, -41.76434292763955), (-3.1235856279269587, -41.764283482980886)]","[(-3.12359515448825, -41.76434292763955), (-3.1235856279269587, -41.764283482980886)]",-43.56922,24.87556,6.607482,1.0604858,ef_argo_parnaibaiii_v3_sech18
ARGO_PARNAIBAIII_V3::ECHO_FOX::SECH17,-3.12365794028672,-41.76431308925496,79.0,"[(-3.123662703567366, -41.764342811584285), (-3.1236531770060743, -41.764283366925625)]","[(-3.123662703567366, -41.764342811584285), (-3.1236531770060743, -41.764283366925625)]",-51.0887,24.88846,6.607482,1.0604858,ef_argo_parnaibaiii_v3_sech17
ARGO_PARNAIBAIII_V3::ECHO_FOX::SECH16,-3.123726282640568,-41.76431297179235,79.0,"[(-3.1237310459212138, -41.76434269412168), (-3.123721519359922, -41.76428324946302)]","[(-3.1237310459212138, -41.76434269412168), (-3.123721519359922, -41.76428324946302)]",-58.69649,24.90152,6.607482,1.0604858,ef_argo_parnaibaiii_v3_sech16
ARGO_PARNAIBAIII_V3::ECHO_FOX::SECH15,-3.123841676922253,-41.76431277338971,79.0,"[(-3.123846440202899, -41.76434249571904), (-3.1238369136416075, -41.76428305106038)]","[(-3.123846440202899, -41.76434249571904), (-3.1238369136416075, -41.76428305106038)]",-71.54205,24.92357,6.607482,1.0604858,ef_argo_parnaibaiii_v3_sech15
ARGO_PARNAIBAIII_V3::ECHO_FOX::SECH14,-3.1239097410525254,-41.76431265640766,79.0,"[(-3.1239145043331713, -41.76434237873699), (-3.1239049777718795, -41.76428293407833)]","[(-3.1239145043331713, -41.76434237873699), (-3.1239049777718795, -41.76428293407833)]",-79.11887,24.93658,6.607482,1.0604858,ef_argo_parnaibaiii_v3_sech14
ARGO_PARNAIBAIII_V3::ECHO_FOX::SECH13,-3.123978705751287,-41.76431253791527,79.0,"[(-3.1239834690319324, -41.764342260244604), (-3.123973942470641, -41.76428281558594)]","[(-3.1239834690319324, -41.764342260244604), (-3.123973942470641, -41.76428281558594)]",-86.79594,24.94975,6.607482,1.0604858,ef_argo_parnaibaiii_v3_sech13
ARGO_PARNAIBAIII_V3::ECHO_FOX::SECH12,-3.123590943442114,-41.76463545223553,79.0,"[(-3.1235957067227598, -41.76466517456486), (-3.123586180161468, -41.76460572990621)]","[(-3.1235957067227598, -41.76466517456486), (-3.123586180161468, -41.76460572990621)]",-43.63069,-10.94331,6.607482,1.0604858,ef_argo_parnaibaiii_v3_sech12
ARGO_PARNAIBAIII_V3::ECHO_FOX::SECH11,-3.1236584925212294,-41.76463533612879,79.0,"[(-3.1236632558018753, -41.76466505845812), (-3.123653729240584, -41.76460561379946)]","[(-3.1236632558018753, -41.76466505845812), (-3.123653729240584, -41.76460561379946)]",-51.15018,-10.93041,6.607482,1.0604858,ef_argo_parnaibaiii_v3_sech11
ARGO_PARNAIBAIII_V3::ECHO_FOX::SECH10,-3.123726834875077,-41.764635218666186,79.0,"[(-3.123731598155723, -41.764664940995516), (-3.1237220715944316, -41.764605496336856)]","[(-3.123731598155723, -41.764664940995516), (-3.1237220715944316, -41.764605496336856)]",-58.75797,-10.91735,6.607482,1.0604858,ef_argo_parnaibaiii_v3_sech10
ARGO_PARNAIBAIII_V3::ECHO_FOX::SECH1,-3.1239803654709624,-41.76528094955491,78.0,"[(-3.1239851287516083, -41.765310671884244), (-3.123975602190317, -41.76525122722558)]","[(-3.1239851287516083, -41.765310671884244), (-3.123975602190317, -41.76525122722558)]",-86.9807,-82.6926,6.607482,1.0604858,ef_argo_parnaibaiii_v3_sech1
ARGO_PARNAIBAIII_V3::ECHO_FOX::REATOR9,-3.12363054304542,-41.76332160813237,79.0,"[(-3.123657982487496, -41.76333541377924), (-3.123603103603343, -41.76330780248551)]","[(-3.123657982487496, -41.76333541377924), (-3.123603103603343, -41.76330780248551)]",-48.03887,135.09506,3.069092,6.109054,ef_argo_parnaibaiii_v3_reator9
ARGO_PARNAIBAIII_V3::ECHO_FOX::REATOR8,-3.1237193497216023,-41.76332145572614,79.0,"[(-3.123746789163679, -41.76333526137301), (-3.123691910279526, -41.76330765007928)]","[(-3.123746789163679, -41.76333526137301), (-3.123691910279526, -41.76330765007928)]",-57.92473,135.112,3.069092,6.109054,ef_argo_parnaibaiii_v3_reator8
ARGO_PARNAIBAIII_V3::ECHO_FOX::REATOR7,-3.1235587701590792,-41.76549403001189,78.0,"[(-3.123586209601156, -41.76550783565876), (-3.123531330717003, -41.76548022436503)]","[(-3.123586209601156, -41.76550783565876), (-3.123531330717003, -41.76548022436503)]",-40.0492,-106.37724,3.069092,6.109054,ef_argo_parnaibaiii_v3_reator7
ARGO_PARNAIBAIII_V3::ECHO_FOX::REATOR6,-3.1236519728979744,-41.765493869916725,78.0,"[(-3.123679412340051, -41.76550767556359), (-3.1236245334558976, -41.76548006426986)]","[(-3.123679412340051, -41.76550767556359), (-3.1236245334558976, -41.76548006426986)]",-50.42442,-106.35944,3.069092,6.109054,ef_argo_parnaibaiii_v3_reator6
ARGO_PARNAIBAIII_V3::ECHO_FOX::REATOR5,-3.123742215651923,-41.76549371462721,78.0,"[(-3.1237696550939993, -41.76550752027408), (-3.1237147762098463, -41.765479908980346)]","[(-3.1237696550939993, -41.76550752027408), (-3.1237147762098463, -41.765479908980346)]",-60.47014,-106.34218,3.069092,6.109054,ef_argo_parnaibaiii_v3_reator5
ARGO_PARNAIBAIII_V3::ECHO_FOX::REATOR4,-3.1238328533126927,-41.76549355906302,78.0,"[(-3.1238602927547694, -41.76550736470988), (-3.1238054138706164, -41.76547975341615)]","[(-3.1238602927547694, -41.76550736470988), (-3.1238054138706164, -41.76547975341615)]",-70.55982,-106.32489,3.069092,6.109054,ef_argo_parnaibaiii_v3_reator4
ARGO_PARNAIBAIII_V3::ECHO_FOX::REATOR3,-3.123920362663082,-41.76549340871636,78.0,"[(-3.1239478021051585, -41.765507214363225), (-3.123892923221005, -41.765479603069494)]","[(-3.1239478021051585, -41.765507214363225), (-3.123892923221005, -41.765479603069494)]",-80.30126,-106.30818,3.069092,6.109054,ef_argo_parnaibaiii_v3_reator3
ARGO_PARNAIBAIII_V3::ECHO_FOX::REATOR2,-3.124012167259117,-41.7654932506808,78.0,"[(-3.124039606701193, -41.765507056327664), (-3.12398472781704, -41.76547944503393)]","[(-3.124039606701193, -41.765507056327664), (-3.12398472781704, -41.76547944503393)]",-90.52084,-106.29061,3.069092,6.109054,ef_argo_parnaibaiii_v3_reator2
ARGO_PARNAIBAIII_V3::ECHO_FOX::REATOR11,-3.123448517952637,-41.76332192145744,79.0,"[(-3.1234759573947137, -41.763335727104305), (-3.1234210785105603, -41.763308115810574)]","[(-3.1234759573947137, -41.763335727104305), (-3.1234210785105603, -41.763308115810574)]",-27.77605,135.06024,3.069092,6.109054,ef_argo_parnaibaiii_v3_reator11
ARGO_PARNAIBAIII_V3::ECHO_FOX::REATOR10,-3.123541195308511,-41.7633217621861,79.0,"[(-3.1235686347505873, -41.76333556783297), (-3.1235137558664343, -41.763307956539236)]","[(-3.1235686347505873, -41.76333556783297), (-3.1235137558664343, -41.763307956539236)]",-38.09279,135.07794,3.069092,6.109054,ef_argo_parnaibaiii_v3_reator10
ARGO_PARNAIBAIII_V3::ECHO_FOX::REATOR1,-3.124105972775779,-41.7654930896245,78.0,"[(-3.1241334122178555, -41.765506895271365), (-3.1240785333337024, -41.76547928397763)]","[(-3.1241334122178555, -41.765506895271365), (-3.1240785333337024, -41.76547928397763)]",-100.96316,-106.27271,3.069092,6.109054,ef_argo_parnaibaiii_v3_reator1
ARGO_PARNAIBAIII_V3::ECHO_FOX::PR9,-3.1239192744811075,-41.76540356281439,78.0,"[(-3.123924827506742, -41.76540974438569), (-3.123913721455473, -41.76539738124308)]","[(-3.123924827506742, -41.76540974438569), (-3.123913721455473, -41.76539738124308)]",-80.18012,-96.32149,1.3742066,1.2363128,ef_argo_parnaibaiii_v3_pr9
ARGO_PARNAIBAIII_V3::ECHO_FOX::PR8,-3.12401145150402,-41.76540340436688,78.0,"[(-3.1240170045296543, -41.76540958593819), (-3.1240058984783854, -41.76539722279557)]","[(-3.1240170045296543, -41.76540958593819), (-3.1240058984783854, -41.76539722279557)]",-90.44116,-96.30388,1.3742066,1.2363128,ef_argo_parnaibaiii_v3_pr8
ARGO_PARNAIBAIII_V3::ECHO_FOX::PR7,-3.1241036917175067,-41.76540324578207,78.0,"[(-3.124109244743141, -41.765409427353376), (-3.1240981386918723, -41.76539706421077)]","[(-3.124109244743141, -41.765409427353376), (-3.1240981386918723, -41.76539706421077)]",-100.70924,-96.28625,1.3742066,1.2363128,ef_argo_parnaibaiii_v3_pr7
ARGO_PARNAIBAIII_V3::ECHO_FOX::PR6,-3.1235917442608017,-41.76591083104317,77.0,"[(-3.123597297286436, -41.76591701261448), (-3.1235861912351672, -41.76590464947187)]","[(-3.123597297286436, -41.76591701261448), (-3.1235861912351672, -41.76590464947187)]",-43.71984,-152.70613,1.3742066,1.2363128,ef_argo_parnaibaiii_v3_pr6
ARGO_PARNAIBAIII_V3::ECHO_FOX::PR5,-3.123660522540515,-41.76591071296268,77.0,"[(-3.1236660755661494, -41.76591689453399), (-3.1236549695148805, -41.76590453139137)]","[(-3.1236660755661494, -41.76591689453399), (-3.1236549695148805, -41.76590453139137)]",-51.37616,-152.69301,1.3742066,1.2363128,ef_argo_parnaibaiii_v3_pr5
ARGO_PARNAIBAIII_V3::ECHO_FOX::PR4,-3.123728399360766,-41.765910596255246,77.0,"[(-3.1237339523864005, -41.765916777826554), (-3.1237228463351316, -41.76590441468394)]","[(-3.1237339523864005, -41.765916777826554), (-3.1237228463351316, -41.76590441468394)]",-58.93213,-152.68003,1.3742066,1.2363128,ef_argo_parnaibaiii_v3_pr4
ARGO_PARNAIBAIII_V3::ECHO_FOX::PR3,-3.1238460201164195,-41.76591039387085,77.0,"[(-3.123851573142054, -41.76591657544216), (-3.123840467090785, -41.765904212299546)]","[(-3.123851573142054, -41.76591657544216), (-3.123840467090785, -41.765904212299546)]",-72.02553,-152.65754,1.3742066,1.2363128,ef_argo_parnaibaiii_v3_pr3
ARGO_PARNAIBAIII_V3::ECHO_FOX::PR20,-3.1235877491741166,-41.76298178715716,79.0,"[(-3.123593302199751, -41.76298796872847), (-3.123582196148482, -41.76297560558585)]","[(-3.123593302199751, -41.76298796872847), (-3.123582196148482, -41.76297560558585)]",-43.27511,172.86735,1.3742066,1.2363128,ef_argo_parnaibaiii_v3_pr20
ARGO_PARNAIBAIII_V3::ECHO_FOX::PR2,-3.1239132385758706,-41.76591027826185,77.0,"[(-3.123918791601505, -41.76591645983316), (-3.123907685550236, -41.76590409669055)]","[(-3.123918791601505, -41.76591645983316), (-3.123907685550236, -41.76590409669055)]",-79.50821,-152.64469,1.3742066,1.2363128,ef_argo_parnaibaiii_v3_pr2
ARGO_PARNAIBAIII_V3::ECHO_FOX::PR19,-3.123655388755568,-41.76298167099891,79.0,"[(-3.1236609417812025, -41.76298785257021), (-3.1236498357299336, -41.7629754894276)]","[(-3.1236609417812025, -41.76298785257021), (-3.1236498357299336, -41.7629754894276)]",-50.80467,172.88027,1.3742066,1.2363128,ef_argo_parnaibaiii_v3_pr19
ARGO_PARNAIBAIII_V3::ECHO_FOX::PR18,-3.123723692352073,-41.76298155319312,79.0,"[(-3.1237292453777075, -41.76298773476443), (-3.1237181393264386, -41.76297537162182)]","[(-3.1237292453777075, -41.76298773476443), (-3.1237181393264386, -41.76297537162182)]",-58.40815,172.89336,1.3742066,1.2363128,ef_argo_parnaibaiii_v3_pr18
ARGO_PARNAIBAIII_V3::ECHO_FOX::PR17,-3.12345005881882,-41.76341541116408,79.0,"[(-3.123455611844454, -41.76342159273539), (-3.123444505793185, -41.763409229592774)]","[(-3.123455611844454, -41.76342159273539), (-3.123444505793185, -41.763409229592774)]",-27.94758,124.66853,1.3742066,1.2363128,ef_argo_parnaibaiii_v3_pr17
ARGO_PARNAIBAIII_V3::ECHO_FOX::PR16,-3.1235353109737924,-41.76341526452464,79.0,"[(-3.123540863999427, -41.76342144609594), (-3.123529757948158, -41.76340908295333)]","[(-3.123540863999427, -41.76342144609594), (-3.123529757948158, -41.76340908295333)]",-37.43775,124.68483,1.3742066,1.2363128,ef_argo_parnaibaiii_v3_pr16
ARGO_PARNAIBAIII_V3::ECHO_FOX::PR15,-3.1236296951434044,-41.76341510250721,79.0,"[(-3.123635248169039, -41.76342128407851), (-3.12362414211777, -41.7634089209359)]","[(-3.123635248169039, -41.76342128407851), (-3.12362414211777, -41.7634089209359)]",-47.94449,124.70284,1.3742066,1.2363128,ef_argo_parnaibaiii_v3_pr15
ARGO_PARNAIBAIII_V3::ECHO_FOX::PR14,-3.1237213710965888,-41.76341494460897,79.0,"[(-3.123726924122223, -41.76342112618027), (-3.1237158180709543, -41.76340876303766)]","[(-3.123726924122223, -41.76342112618027), (-3.1237158180709543, -41.76340876303766)]",-58.14975,124.72039,1.3742066,1.2363128,ef_argo_parnaibaiii_v3_pr14
ARGO_PARNAIBAIII_V3::ECHO_FOX::PR13,-3.123556897817716,-41.76540418548295,78.0,"[(-3.1235624508433504, -41.76541036705426), (-3.1235513447920815, -41.76539800391164)]","[(-3.1235624508433504, -41.76541036705426), (-3.1235513447920815, -41.76539800391164)]",-39.84077,-96.3907,1.3742066,1.2363128,ef_argo_parnaibaiii_v3_pr13
ARGO_PARNAIBAIII_V3::ECHO_FOX::PR12,-3.1236490832363395,-41.76540402703544,78.0,"[(-3.123654636261974, -41.76541020860674), (-3.123643530210705, -41.76539784546413)]","[(-3.123654636261974, -41.76541020860674), (-3.123643530210705, -41.76539784546413)]",-50.10275,-96.37309,1.3742066,1.2363128,ef_argo_parnaibaiii_v3_pr12
ARGO_PARNAIBAIII_V3::ECHO_FOX::PR11,-3.1237494426847308,-41.7654038547203,78.0,"[(-3.123754995710365, -41.7654100362916), (-3.1237438896590963, -41.76539767314899)]","[(-3.123754995710365, -41.7654100362916), (-3.1237438896590963, -41.76539767314899)]",-61.27464,-96.35394,1.3742066,1.2363128,ef_argo_parnaibaiii_v3_pr11
ARGO_PARNAIBAIII_V3::ECHO_FOX::PR10,-3.12383035108741,-41.765403715632495,78.0,"[(-3.1238359041130446, -41.765409897203796), (-3.1238247980617757, -41.76539753406119)]","[(-3.1238359041130446, -41.765409897203796), (-3.1238247980617757, -41.76539753406119)]",-70.28127,-96.33848,1.3742066,1.2363128,ef_argo_parnaibaiii_v3_pr10
ARGO_PARNAIBAIII_V3::ECHO_FOX::PR1,-3.123982464946663,-41.7659101596321,77.0,"[(-3.1239880179722976, -41.76591634120341), (-3.1239769119210288, -41.7659039780608)]","[(-3.1239880179722976, -41.76591634120341), (-3.1239769119210288, -41.7659039780608)]",-87.21441,-152.6315,1.3742066,1.2363128,ef_argo_parnaibaiii_v3_pr1
ARGO_PARNAIBAIII_V3::ECHO_FOX::IP9,-3.1238431414130527,-41.765167283576986,79.0,"[(-3.123847844313086, -41.76517379625976), (-3.123838438513019, -41.765160770894205)]","[(-3.123847844313086, -41.76517379625976), (-3.123838438513019, -41.765160770894205)]",-71.70508,-70.05823,1.447815,1.0470428,ef_argo_parnaibaiii_v3_ip9
ARGO_PARNAIBAIII_V3::ECHO_FOX::IP8,-3.1239112058174703,-41.765167166594935,79.0,"[(-3.123915908717504, -41.765173679277716), (-3.123906502917437, -41.765160653912154)]","[(-3.123915908717504, -41.765173679277716), (-3.123906502917437, -41.765160653912154)]",-79.28193,-70.04522,1.447815,1.0470428,ef_argo_parnaibaiii_v3_ip8
ARGO_PARNAIBAIII_V3::ECHO_FOX::IP7,-3.1239801704476955,-41.76516704803391,79.0,"[(-3.123984873347729, -41.76517356071669), (-3.1239754675476616, -41.76516053535113)]","[(-3.123984873347729, -41.76517356071669), (-3.1239754675476616, -41.76516053535113)]",-86.95899,-70.03205,1.447815,1.0470428,ef_argo_parnaibaiii_v3_ip7
ARGO_PARNAIBAIII_V3::ECHO_FOX::IP6,-3.1235921486102893,-41.76533867358504,78.0,"[(-3.123596851510323, -41.765345186267815), (-3.1235874457102555, -41.765332160902254)]","[(-3.123596851510323, -41.765345186267815), (-3.1235874457102555, -41.765332160902254)]",-43.76485,-89.10883,1.447815,1.0470428,ef_argo_parnaibaiii_v3_ip6
ARGO_PARNAIBAIII_V3::ECHO_FOX::IP5,-3.123659697757941,-41.765338557426816,78.0,"[(-3.123664400657975, -41.765345070109596), (-3.1236549948579078, -41.765332044744035)]","[(-3.123664400657975, -41.765345070109596), (-3.1236549948579078, -41.765332044744035)]",-51.28434,-89.09592,1.447815,1.0470428,ef_argo_parnaibaiii_v3_ip5
ARGO_PARNAIBAIII_V3::ECHO_FOX::IP4,-3.123728040043253,-41.76533843982693,78.0,"[(-3.1237327429432864, -41.76534495250971), (-3.1237233371432187, -41.76533192714415)]","[(-3.1237327429432864, -41.76534495250971), (-3.1237233371432187, -41.76533192714415)]",-58.89213,-89.08284,1.447815,1.0470428,ef_argo_parnaibaiii_v3_ip4
ARGO_PARNAIBAIII_V3::ECHO_FOX::IP3,-3.1238434343934744,-41.76533824163021,78.0,"[(-3.1238481372935083, -41.765344754312984), (-3.1238387314934406, -41.76533172894743)]","[(-3.1238481372935083, -41.765344754312984), (-3.1238387314934406, -41.76533172894743)]",-71.73769,-89.06081,1.447815,1.0470428,ef_argo_parnaibaiii_v3_ip3
ARGO_PARNAIBAIII_V3::ECHO_FOX::IP2,-3.123911498249601,-41.76533812478544,78.0,"[(-3.1239162011496346, -41.76534463746822), (-3.1239067953495674, -41.765331612102656)]","[(-3.1239162011496346, -41.76534463746822), (-3.1239067953495674, -41.765331612102656)]",-79.31448,-89.04783,1.447815,1.0470428,ef_argo_parnaibaiii_v3_ip2
ARGO_PARNAIBAIII_V3::ECHO_FOX::IP18,-3.123588979773975,-41.76348929496351,79.0,"[(-3.123593682674009, -41.763495807646294), (-3.1235842768739412, -41.76348278228073)]","[(-3.123593682674009, -41.763495807646294), (-3.1235842768739412, -41.76348278228073)]",-43.4121,116.45608,1.447815,1.0470428,ef_argo_parnaibaiii_v3_ip18
ARGO_PARNAIBAIII_V3::ECHO_FOX::IP17,-3.123656528407604,-41.763489178805294,79.0,"[(-3.1236612313076377, -41.763495691488075), (-3.1236518255075705, -41.76348266612251)]","[(-3.1236612313076377, -41.763495691488075), (-3.1236518255075705, -41.76348266612251)]",-50.93153,116.469,1.447815,1.0470428,ef_argo_parnaibaiii_v3_ip17
ARGO_PARNAIBAIII_V3::ECHO_FOX::IP16,-3.123724870658647,-41.76348906127405,79.0,"[(-3.1237295735586805, -41.763495573956824), (-3.1237201677586133, -41.76348254859127)]","[(-3.1237295735586805, -41.763495573956824), (-3.1237201677586133, -41.76348254859127)]",-58.53931,116.48206,1.447815,1.0470428,ef_argo_parnaibaiii_v3_ip16
ARGO_PARNAIBAIII_V3::ECHO_FOX::IP15,-3.123589276593174,-41.76366251458219,79.0,"[(-3.123593979493208, -41.76366902726497), (-3.1235845736931407, -41.763656001899406)]","[(-3.123593979493208, -41.76366902726497), (-3.1235845736931407, -41.763656001899406)]",-43.44514,97.20212,1.447815,1.0470428,ef_argo_parnaibaiii_v3_ip15
ARGO_PARNAIBAIII_V3::ECHO_FOX::IP14,-3.12365682529534,-41.76366239842397,79.0,"[(-3.123661528195373, -41.76366891110675), (-3.1236521223953058, -41.76365588574119)]","[(-3.123661528195373, -41.76366891110675), (-3.1236521223953058, -41.76365588574119)]",-50.96458,97.21503,1.447815,1.0470428,ef_argo_parnaibaiii_v3_ip14
ARGO_PARNAIBAIII_V3::ECHO_FOX::IP13,-3.123725167477846,-41.76366228103,79.0,"[(-3.12372987037788, -41.763668793712775), (-3.1237204645778123, -41.76365576834722)]","[(-3.12372987037788, -41.763668793712775), (-3.1237204645778123, -41.76365576834722)]",-58.57236,97.22808,1.447815,1.0470428,ef_argo_parnaibaiii_v3_ip13
ARGO_PARNAIBAIII_V3::ECHO_FOX::IP12,-3.123591855972549,-41.76516771546317,79.0,"[(-3.1235965588725834, -41.76517422814595), (-3.1235871530725157, -41.76516120278039)]","[(-3.1235965588725834, -41.76517422814595), (-3.1235871530725157, -41.76516120278039)]",-43.73227,-70.10623,1.447815,1.0470428,ef_argo_parnaibaiii_v3_ip12
ARGO_PARNAIBAIII_V3::ECHO_FOX::IP11,-3.123659404674715,-41.76516759930495,79.0,"[(-3.1236641075747484, -41.76517411198773), (-3.123654701774681, -41.76516108662217)]","[(-3.1236641075747484, -41.76517411198773), (-3.123654701774681, -41.76516108662217)]",-51.25172,-70.09332,1.447815,1.0470428,ef_argo_parnaibaiii_v3_ip11
ARGO_PARNAIBAIII_V3::ECHO_FOX::IP10,-3.123727746925758,-41.765167481910986,79.0,"[(-3.1237324498257917, -41.76517399459376), (-3.1237230440257244, -41.765160969228205)]","[(-3.1237324498257917, -41.76517399459376), (-3.1237230440257244, -41.765160969228205)]",-58.8595,-70.08027,1.447815,1.0470428,ef_argo_parnaibaiii_v3_ip10
ARGO_PARNAIBAIII_V3::ECHO_FOX::IP1,-3.123980463085436,-41.76533800615577,78.0,"[(-3.1239851659854687, -41.76534451883855), (-3.1239757601854015, -41.76533149347299)]","[(-3.1239851659854687, -41.76534451883855), (-3.1239757601854015, -41.76533149347299)]",-86.99157,-89.03464,1.447815,1.0470428,ef_argo_parnaibaiii_v3_ip1
ARGO_PARNAIBAIII_V3::ECHO_FOX::ESTRUTURA3789,-3.1237855922010795,-41.76451588246036,79.0,"[(-3.123797270367519, -41.76454053305565), (-3.1237739140346403, -41.76449123186506)]","[(-3.123797270367519, -41.76454053305565), (-3.1237739140346403, -41.76449123186506)]",-65.29877,2.34729,5.48,2.6,ef_argo_parnaibaiii_v3_estrutura3789
ARGO_PARNAIBAIII_V3::ECHO_FOX::ESTRUTURA3456,-3.1237866106405106,-41.765110156400034,79.0,"[(-3.12379828880695, -41.765134806995334), (-3.1237749324740713, -41.76508550580474)]","[(-3.12379828880695, -41.765134806995334), (-3.1237749324740713, -41.76508550580474)]",-65.41214,-63.70834,5.48,2.6,ef_argo_parnaibaiii_v3_estrutura3456
ARGO_PARNAIBAIII_V3::ECHO_FOX::ESTRUTURA3123,-3.123787766041782,-41.76578436602911,77.0,"[(-3.1237994442082218, -41.76580901662441), (-3.123776087875343, -41.76575971543381)]","[(-3.1237994442082218, -41.76580901662441), (-3.123776087875343, -41.76575971543381)]",-65.54076,-138.6491,5.48,2.6,ef_argo_parnaibaiii_v3_estrutura3123
ARGO_PARNAIBAIII_V3::ECHO_FOX::ESTRUTURA3101112,-3.1237842218972247,-41.76371626041643,79.0,"[(-3.123795900063664, -41.76374091101173), (-3.123772543730785, -41.76369160982113)]","[(-3.123795900063664, -41.76374091101173), (-3.123772543730785, -41.76369160982113)]",-65.14623,91.22808,5.48,2.6,ef_argo_parnaibaiii_v3_estrutura3101112
ARGO_PARNAIBAIII_V3::ECHO_FOX::ESTRUTURA21314,-3.123654613820223,-41.76310475839247,79.0,"[(-3.123666291986662, -41.763129408987766), (-3.123642935653783, -41.763080107797165)]","[(-3.123666291986662, -41.763129408987766), (-3.123642935653783, -41.763080107797165)]",-50.7184,159.19867,5.48,2.6,ef_argo_parnaibaiii_v3_estrutura21314
ARGO_PARNAIBAIII_V3::ECHO_FOX::DISJUNTOR9,-3.123589700439472,-41.76445006924703,79.0,"[(-3.1235963326399756, -41.76447218888294), (-3.1235830682389687, -41.76442794961112)]","[(-3.1235963326399756, -41.76447218888294), (-3.1235830682389687, -41.76442794961112)]",-43.49232,9.66266,4.91735,1.4765778,ef_argo_parnaibaiii_v3_disjuntor9
ARGO_PARNAIBAIII_V3::ECHO_FOX::DISJUNTOR8,-3.12365961947354,-41.76444994907269,79.0,"[(-3.1236662516740434, -41.7644720687086), (-3.1236529872730365, -41.764427829436784)]","[(-3.1236662516740434, -41.7644720687086), (-3.1236529872730365, -41.764427829436784)]",-51.27563,9.67602,4.91735,1.4765778,ef_argo_parnaibaiii_v3_disjuntor8
ARGO_PARNAIBAIII_V3::ECHO_FOX::DISJUNTOR7,-3.123724620368757,-41.76444983734248,79.0,"[(-3.1237312525692604, -41.76447195697839), (-3.1237179881682535, -41.76442771770657)]","[(-3.1237312525692604, -41.76447195697839), (-3.1237179881682535, -41.76442771770657)]",-58.51145,9.68843,4.91735,1.4765778,ef_argo_parnaibaiii_v3_disjuntor7
ARGO_PARNAIBAIII_V3::ECHO_FOX::DISJUNTOR6,-3.123590234371287,-41.76476167707152,79.0,"[(-3.123596866571791, -41.76478379670743), (-3.1235836021707835, -41.76473955743561)]","[(-3.123596866571791, -41.76478379670743), (-3.1235836021707835, -41.76473955743561)]",-43.55176,-24.97364,4.91735,1.4765778,ef_argo_parnaibaiii_v3_disjuntor6
ARGO_PARNAIBAIII_V3::ECHO_FOX::DISJUNTOR5,-3.1236601534738915,-41.76476155686286,79.0,"[(-3.123666785674395, -41.76478367649877), (-3.123653521273388, -41.76473943722695)]","[(-3.123666785674395, -41.76478367649877), (-3.123653521273388, -41.76473943722695)]",-51.33507,-24.96028,4.91735,1.4765778,ef_argo_parnaibaiii_v3_disjuntor5
ARGO_PARNAIBAIII_V3::ECHO_FOX::DISJUNTOR4,-3.1237251543691085,-41.76476144520129,79.0,"[(-3.123731786569612, -41.764783564837195), (-3.123718522168605, -41.76473932556538)]","[(-3.123731786569612, -41.764783564837195), (-3.123718522168605, -41.76473932556538)]",-58.5709,-24.94787,4.91735,1.4765778,ef_argo_parnaibaiii_v3_disjuntor4
ARGO_PARNAIBAIII_V3::ECHO_FOX::DISJUNTOR3,-3.123844147189516,-41.76476124065434,79.0,"[(-3.1238507793900196, -41.76478336029025), (-3.1238375149890127, -41.76473912101843)]","[(-3.1238507793900196, -41.76478336029025), (-3.1238375149890127, -41.76473912101843)]",-71.81704,-24.92513,4.91735,1.4765778,ef_argo_parnaibaiii_v3_disjuntor3
ARGO_PARNAIBAIII_V3::ECHO_FOX::DISJUNTOR2,-3.123912437284348,-41.76476112326039,79.0,"[(-3.123919069484851, -41.7647832428963), (-3.123905805083844, -41.76473900362448)]","[(-3.123919069484851, -41.7647832428963), (-3.123905805083844, -41.76473900362448)]",-79.41901,-24.91209,4.91735,1.4765778,ef_argo_parnaibaiii_v3_disjuntor2
ARGO_PARNAIBAIII_V3::ECHO_FOX::DISJUNTOR10,-3.1237243256740914,-41.764066290695496,79.0,"[(-3.123730957874595, -41.764088410331404), (-3.123717693473588, -41.76404417105958)]","[(-3.123730957874595, -41.764088410331404), (-3.123717693473588, -41.76404417105958)]",-58.47865,52.32099,4.91735,1.4765778,ef_argo_parnaibaiii_v3_disjuntor10
ARGO_PARNAIBAIII_V3::ECHO_FOX::DISJUNTOR1,-3.1239779082022965,-41.76476101074068,79.0,"[(-3.1239845404028, -41.76478313037659), (-3.123971276001793, -41.76473889110477)]","[(-3.1239845404028, -41.76478313037659), (-3.123971276001793, -41.76473889110477)]",-86.70716,-24.89958,4.91735,1.4765778,ef_argo_parnaibaiii_v3_disjuntor1
ARGO_PARNAIBAIII_V3::ECHO_FOX::BUSIP9,-3.1236173059664183,-41.76492713081682,79.0,"[(-3.1236220088664517, -41.7649336434996), (-3.1236126030663844, -41.76492061813405)]","[(-3.1236220088664517, -41.7649336434996), (-3.1236126030663844, -41.76492061813405)]",-46.56534,-43.36441,1.447815,1.0470428,ef_argo_parnaibaiii_v3_busip9
ARGO_PARNAIBAIII_V3::ECHO_FOX::BUSIP8,-3.1236586715650008,-41.76492705969394,79.0,"[(-3.123663374465034, -41.76493357237672), (-3.123653968664967, -41.764920547011165)]","[(-3.123663374465034, -41.76493357237672), (-3.123653968664967, -41.764920547011165)]",-51.17011,-43.3565,1.447815,1.0470428,ef_argo_parnaibaiii_v3_busip8
ARGO_PARNAIBAIII_V3::ECHO_FOX::BUSIP7,-3.123704268978777,-41.76492698122537,79.0,"[(-3.123708971878811, -41.764933493908146), (-3.1236995660787437, -41.76492046854259)]","[(-3.123708971878811, -41.764933493908146), (-3.1236995660787437, -41.76492046854259)]",-56.24596,-43.34778,1.447815,1.0470428,ef_argo_parnaibaiii_v3_busip7
ARGO_PARNAIBAIII_V3::ECHO_FOX::BUSIP6,-3.1237415109811644,-41.76492691731087,79.0,"[(-3.1237462138811978, -41.76493342999364), (-3.1237368080811305, -41.764920404628086)]","[(-3.1237462138811978, -41.76493342999364), (-3.1237368080811305, -41.764920404628086)]",-60.3917,-43.34067,1.447815,1.0470428,ef_argo_parnaibaiii_v3_busip6
ARGO_PARNAIBAIII_V3::ECHO_FOX::BUSIP5,-3.123784209818622,-41.76492684385384,79.0,"[(-3.1237889127186556, -41.764933356536616), (-3.1237795069185883, -41.76492033117106)]","[(-3.1237889127186556, -41.764933356536616), (-3.1237795069185883, -41.76492033117106)]",-65.14488,-43.33251,1.447815,1.0470428,ef_argo_parnaibaiii_v3_busip5
ARGO_PARNAIBAIII_V3::ECHO_FOX::BUSIP47,-3.123431209366089,-41.763827751336414,77.0,"[(-3.123435912266123, -41.763834264019195), (-3.1234265064660556, -41.76382123865364)]","[(-3.123435912266123, -41.763834264019195), (-3.1234265064660556, -41.76382123865364)]",-25.84928,78.83547,1.447815,1.0470428,ef_argo_parnaibaiii_v3_busip47
ARGO_PARNAIBAIII_V3::ECHO_FOX::BUSIP46,-3.123528187707534,-41.76382758451346,79.0,"[(-3.1235328906075672, -41.76383409719623), (-3.1235234848075, -41.76382107183068)]","[(-3.1235328906075672, -41.76383409719623), (-3.1235234848075, -41.76382107183068)]",-36.6448,78.85402,1.447815,1.0470428,ef_argo_parnaibaiii_v3_busip46
ARGO_PARNAIBAIII_V3::ECHO_FOX::BUSIP45,-3.123574655465241,-41.76382750474047,79.0,"[(-3.1235793583652742, -41.76383401742325), (-3.123569952565207, -41.76382099205769)]","[(-3.1235793583652742, -41.76383401742325), (-3.123569952565207, -41.76382099205769)]",-41.81753,78.86288,1.447815,1.0470428,ef_argo_parnaibaiii_v3_busip45
ARGO_PARNAIBAIII_V3::ECHO_FOX::BUSIP44,-3.1236168671115947,-41.76382743224454,79.0,"[(-3.123621570011628, -41.76383394492732), (-3.123612164211561, -41.76382091956176)]","[(-3.123621570011628, -41.76383394492732), (-3.123612164211561, -41.76382091956176)]",-46.51648,78.87094,1.447815,1.0470428,ef_argo_parnaibaiii_v3_busip44
ARGO_PARNAIBAIII_V3::ECHO_FOX::BUSIP43,-3.1236566906065777,-41.76382736373042,79.0,"[(-3.1236613935066115, -41.7638338764132), (-3.1236519877065443, -41.76382085104764)]","[(-3.1236613935066115, -41.7638338764132), (-3.1236519877065443, -41.76382085104764)]",-50.94959,78.87856,1.447815,1.0470428,ef_argo_parnaibaiii_v3_busip43
ARGO_PARNAIBAIII_V3::ECHO_FOX::BUSIP42,-3.123697943085808,-41.76382729288213,79.0,"[(-3.1237026459858415, -41.76383380556491), (-3.123693240185774, -41.763820780199346)]","[(-3.1237026459858415, -41.76383380556491), (-3.123693240185774, -41.763820780199346)]",-55.54177,78.88643,1.447815,1.0470428,ef_argo_parnaibaiii_v3_busip42
ARGO_PARNAIBAIII_V3::ECHO_FOX::BUSIP41,-3.123738516197827,-41.76382722313227,79.0,"[(-3.123743219097861, -41.76383373581505), (-3.123733813297793, -41.763820710449494)]","[(-3.123743219097861, -41.76383373581505), (-3.123733813297793, -41.763820710449494)]",-60.05832,78.89418,1.447815,1.0470428,ef_argo_parnaibaiii_v3_busip41
ARGO_PARNAIBAIII_V3::ECHO_FOX::BUSIP40,-3.123783918385626,-41.76382714500696,79.0,"[(-3.12378862128566, -41.76383365768973), (-3.123779215485593, -41.763820632324176)]","[(-3.12378862128566, -41.76383365768973), (-3.123779215485593, -41.763820632324176)]",-65.11244,78.90287,1.447815,1.0470428,ef_argo_parnaibaiii_v3_busip40
ARGO_PARNAIBAIII_V3::ECHO_FOX::BUSIP4,-3.123869170231212,-41.76492669783224,79.0,"[(-3.123873873131245, -41.76493321051501), (-3.123864467331178, -41.76492018514946)]","[(-3.123873873131245, -41.76493321051501), (-3.123864467331178, -41.76492018514946)]",-74.60258,-43.31628,1.447815,1.0470428,ef_argo_parnaibaiii_v3_busip4
ARGO_PARNAIBAIII_V3::ECHO_FOX::BUSIP39,-3.1238259601302083,-41.76382707278564,79.0,"[(-3.1238306630302417, -41.76383358546841), (-3.1238212572301745, -41.76382056010286)]","[(-3.1238306630302417, -41.76383358546841), (-3.1238212572301745, -41.76382056010286)]",-69.79248,78.9109,1.447815,1.0470428,ef_argo_parnaibaiii_v3_busip39
ARGO_PARNAIBAIII_V3::ECHO_FOX::BUSIP38,-3.123867932036183,-41.76382700070162,79.0,"[(-3.123872634936217, -41.7638335133844), (-3.1238632291361497, -41.76382048801884)]","[(-3.123872634936217, -41.7638335133844), (-3.1238632291361497, -41.76382048801884)]",-74.46474,78.91891,1.447815,1.0470428,ef_argo_parnaibaiii_v3_busip38
ARGO_PARNAIBAIII_V3::ECHO_FOX::BUSIP37,-3.123909184789559,-41.763826929716046,79.0,"[(-3.1239138876895924, -41.76383344239883), (-3.123904481889525, -41.763820417033266)]","[(-3.1239138876895924, -41.76383344239883), (-3.123904481889525, -41.763820417033266)]",-79.05695,78.9268,1.447815,1.0470428,ef_argo_parnaibaiii_v3_busip37
ARGO_PARNAIBAIII_V3::ECHO_FOX::BUSIP36,-3.123994613991225,-41.76382678280199,79.0,"[(-3.1239993168912585, -41.763833295484766), (-3.1239899110911913, -41.76382027011921)]","[(-3.1239993168912585, -41.763833295484766), (-3.1239899110911913, -41.76382027011921)]",-88.56683,78.94313,1.447815,1.0470428,ef_argo_parnaibaiii_v3_busip36
ARGO_PARNAIBAIII_V3::ECHO_FOX::BUSIP35,-3.123431224606094,-41.76390412229242,77.0,"[(-3.123435927506127, -41.763910634975204), (-3.12342652170606, -41.76389760960964)]","[(-3.123435927506127, -41.763910634975204), (-3.12342652170606, -41.76389760960964)]",-25.85097,70.34657,1.447815,1.0470428,ef_argo_parnaibaiii_v3_busip35
ARGO_PARNAIBAIII_V3::ECHO_FOX::BUSIP34,-3.123530246360743,-41.76390395217415,79.0,"[(-3.1235349492607765, -41.76391046485693), (-3.123525543460709, -41.76389743949137)]","[(-3.1235349492607765, -41.76391046485693), (-3.123525543460709, -41.76389743949137)]",-36.87396,70.36548,1.447815,1.0470428,ef_argo_parnaibaiii_v3_busip34
ARGO_PARNAIBAIII_V3::ECHO_FOX::BUSIP33,-3.123574373291474,-41.76390387624568,79.0,"[(-3.1235790761915077, -41.76391038892846), (-3.12356967039144, -41.7638973635629)]","[(-3.1235790761915077, -41.76391038892846), (-3.12356967039144, -41.7638973635629)]",-41.78612,70.37392,1.447815,1.0470428,ef_argo_parnaibaiii_v3_busip33
ARGO_PARNAIBAIII_V3::ECHO_FOX::BUSIP32,-3.123615552265399,-41.76390380553469,79.0,"[(-3.1236202551654326, -41.76391031821746), (-3.1236108493653654, -41.76389729285191)]","[(-3.1236202551654326, -41.76391031821746), (-3.1236108493653654, -41.76389729285191)]",-46.37012,70.38178,1.447815,1.0470428,ef_argo_parnaibaiii_v3_busip32
ARGO_PARNAIBAIII_V3::ECHO_FOX::BUSIP31,-3.1236569178639817,-41.76390373454908,79.0,"[(-3.123661620764015, -41.763910247231856), (-3.123652214963948, -41.7638972218663)]","[(-3.123661620764015, -41.763910247231856), (-3.123652214963948, -41.7638972218663)]",-50.97489,70.38967,1.447815,1.0470428,ef_argo_parnaibaiii_v3_busip31
ARGO_PARNAIBAIII_V3::ECHO_FOX::BUSIP30,-3.1237025153462947,-41.76390365614915,79.0,"[(-3.123707218246328, -41.76391016883193), (-3.123697812446261, -41.763897143466366)]","[(-3.123707218246328, -41.76391016883193), (-3.123697812446261, -41.763897143466366)]",-56.05075,70.39839,1.447815,1.0470428,ef_argo_parnaibaiii_v3_busip30
ARGO_PARNAIBAIII_V3::ECHO_FOX::BUSIP3,-3.123914666964995,-41.76492661970688,79.0,"[(-3.1239193698650287, -41.764933132389665), (-3.1239099640649615, -41.7649201070241)]","[(-3.1239193698650287, -41.764933132389665), (-3.1239099640649615, -41.7649201070241)]",-79.66722,-43.30759,1.447815,1.0470428,ef_argo_parnaibaiii_v3_busip3
ARGO_PARNAIBAIII_V3::ECHO_FOX::BUSIP29,-3.1237397573486816,-41.763903592028726,79.0,"[(-3.1237444602487154, -41.763910104711506), (-3.1237350544486477, -41.763897079345945)]","[(-3.1237444602487154, -41.763910104711506), (-3.1237350544486477, -41.763897079345945)]",-60.19648,70.40551,1.447815,1.0470428,ef_argo_parnaibaiii_v3_busip29
ARGO_PARNAIBAIII_V3::ECHO_FOX::BUSIP28,-3.12378245618614,-41.76390351870898,79.0,"[(-3.1237871590861728, -41.76391003139176), (-3.1237777532861055, -41.7638970060262)]","[(-3.1237871590861728, -41.76391003139176), (-3.1237777532861055, -41.7638970060262)]",-64.94967,70.41366,1.447815,1.0470428,ef_argo_parnaibaiii_v3_busip28
ARGO_PARNAIBAIII_V3::ECHO_FOX::BUSIP27,-3.1238674167358016,-41.763903372618735,79.0,"[(-3.1238721196358354, -41.76390988530151), (-3.123862713835768, -41.763896859935954)]","[(-3.1238721196358354, -41.76390988530151), (-3.123862713835768, -41.763896859935954)]",-74.40738,70.4299,1.447815,1.0470428,ef_argo_parnaibaiii_v3_busip27
ARGO_PARNAIBAIII_V3::ECHO_FOX::BUSIP26,-3.1239129131954395,-41.76390329463066,79.0,"[(-3.1239176160954734, -41.76390980731344), (-3.1239082102954057, -41.763896781947885)]","[(-3.1239176160954734, -41.76390980731344), (-3.1239082102954057, -41.763896781947885)]",-79.47199,70.43857,1.447815,1.0470428,ef_argo_parnaibaiii_v3_busip26
ARGO_PARNAIBAIII_V3::ECHO_FOX::BUSIP25,-3.123954455446631,-41.76390322309589,79.0,"[(-3.1239591583466644, -41.76390973577867), (-3.123949752546597, -41.763896710413114)]","[(-3.1239591583466644, -41.76390973577867), (-3.123949752546597, -41.763896710413114)]",-84.09643,70.44652,1.447815,1.0470428,ef_argo_parnaibaiii_v3_busip25
ARGO_PARNAIBAIII_V3::ECHO_FOX::BUSIP24,-3.1239947450577707,-41.76390315389524,79.0,"[(-3.123999447957804, -41.763909666578016), (-3.123990042157737, -41.763896641212455)]","[(-3.123999447957804, -41.763909666578016), (-3.123990042157737, -41.763896641212455)]",-88.58142,70.45421,1.447815,1.0470428,ef_argo_parnaibaiii_v3_busip24
ARGO_PARNAIBAIII_V3::ECHO_FOX::BUSIP23,-3.12343296303284,-41.76485107661856,77.0,"[(-3.1234376659328738, -41.764857589301336), (-3.1234282601328065, -41.764844563935775)]","[(-3.1234376659328738, -41.764857589301336), (-3.1234282601328065, -41.764844563935775)]",-26.04449,-34.91072,1.447815,1.0470428,ef_argo_parnaibaiii_v3_busip23
ARGO_PARNAIBAIII_V3::ECHO_FOX::BUSIP22,-3.1235299413400166,-41.76485090989855,79.0,"[(-3.12353464424005, -41.76485742258133), (-3.1235252384399828, -41.764844397215775)]","[(-3.12353464424005, -41.76485742258133), (-3.1235252384399828, -41.764844397215775)]",-36.84001,-34.89218,1.447815,1.0470428,ef_argo_parnaibaiii_v3_busip22
ARGO_PARNAIBAIII_V3::ECHO_FOX::BUSIP21,-3.123576409097724,-41.76485083002261,79.0,"[(-3.123581111997757, -41.76485734270538), (-3.1235717061976898, -41.76484431733983)]","[(-3.123581111997757, -41.76485734270538), (-3.1235717061976898, -41.76484431733983)]",-42.01274,-34.88331,1.447815,1.0470428,ef_argo_parnaibaiii_v3_busip21
ARGO_PARNAIBAIII_V3::ECHO_FOX::BUSIP20,-3.1236186208126138,-41.76485075749236,79.0,"[(-3.123623323712647, -41.76485727017514), (-3.12361391791258, -41.76484424480958)]","[(-3.123623323712647, -41.76485727017514), (-3.12361391791258, -41.76484424480958)]",-46.7117,-34.87524,1.447815,1.0470428,ef_argo_parnaibaiii_v3_busip20
ARGO_PARNAIBAIII_V3::ECHO_FOX::BUSIP2,-3.1239562092161863,-41.76492654824075,79.0,"[(-3.12396091211622, -41.76493306092353), (-3.123951506316153, -41.76492003555797)]","[(-3.12396091211622, -41.76493306092353), (-3.123951506316153, -41.76492003555797)]",-84.29166,-43.29965,1.447815,1.0470428,ef_argo_parnaibaiii_v3_busip2
ARGO_PARNAIBAIII_V3::ECHO_FOX::BUSIP19,-3.1236584442390605,-41.76485068904688,79.0,"[(-3.1236631471390943, -41.76485720172966), (-3.123653741339027, -41.7648441763641)]","[(-3.1236631471390943, -41.76485720172966), (-3.123653741339027, -41.7648441763641)]",-51.1448,-34.86764,1.447815,1.0470428,ef_argo_parnaibaiii_v3_busip19
ARGO_PARNAIBAIII_V3::ECHO_FOX::BUSIP18,-3.1236996967182904,-41.76485061812995,79.0,"[(-3.1237043996183242, -41.76485713081273), (-3.123694993818257, -41.76484410544717)]","[(-3.1237043996183242, -41.76485713081273), (-3.123694993818257, -41.76484410544717)]",-55.73698,-34.85975,1.447815,1.0470428,ef_argo_parnaibaiii_v3_busip18
ARGO_PARNAIBAIII_V3::ECHO_FOX::BUSIP17,-3.12374026983031,-41.76485054838009,79.0,"[(-3.1237449727303432, -41.76485706106287), (-3.123735566930276, -41.76484403569731)]","[(-3.1237449727303432, -41.76485706106287), (-3.123735566930276, -41.76484403569731)]",-60.25353,-34.852,1.447815,1.0470428,ef_argo_parnaibaiii_v3_busip17
ARGO_PARNAIBAIII_V3::ECHO_FOX::BUSIP16,-3.123785672018109,-41.76485047035773,79.0,"[(-3.123790374918143, -41.76485698304051), (-3.1237809691180756, -41.764843957674955)]","[(-3.123790374918143, -41.76485698304051), (-3.1237809691180756, -41.764843957674955)]",-65.30765,-34.84333,1.447815,1.0470428,ef_argo_parnaibaiii_v3_busip16
ARGO_PARNAIBAIII_V3::ECHO_FOX::BUSIP15,-3.123827713762691,-41.76485039810209,79.0,"[(-3.1238324166627245, -41.76485691078487), (-3.1238230108626572, -41.76484388541932)]","[(-3.1238324166627245, -41.76485691078487), (-3.1238230108626572, -41.76484388541932)]",-69.98769,-34.8353,1.447815,1.0470428,ef_argo_parnaibaiii_v3_busip15
ARGO_PARNAIBAIII_V3::ECHO_FOX::BUSIP14,-3.123869685668666,-41.76485032594944,79.0,"[(-3.1238743885686997, -41.76485683863222), (-3.1238649827686324, -41.76484381326666)]","[(-3.1238743885686997, -41.76485683863222), (-3.1238649827686324, -41.76484381326666)]",-74.65995,-34.82728,1.447815,1.0470428,ef_argo_parnaibaiii_v3_busip14
ARGO_PARNAIBAIII_V3::ECHO_FOX::BUSIP13,-3.123910938422042,-41.764850255032506,79.0,"[(-3.123915641322075, -41.76485676771529), (-3.123906235522008, -41.764843742349726)]","[(-3.123915641322075, -41.76485676771529), (-3.123906235522008, -41.764843742349726)]",-79.25216,-34.81939,1.447815,1.0470428,ef_argo_parnaibaiii_v3_busip13
ARGO_PARNAIBAIII_V3::ECHO_FOX::BUSIP12,-3.123996367623708,-41.7648501082214,79.0,"[(-3.1240010705237413, -41.76485662090418), (-3.123991664723674, -41.76484359553863)]","[(-3.1240010705237413, -41.76485662090418), (-3.123991664723674, -41.76484359553863)]",-88.76204,-34.80308,1.447815,1.0470428,ef_argo_parnaibaiii_v3_busip12
ARGO_PARNAIBAIII_V3::ECHO_FOX::BUSIP11,-3.1234329782728447,-41.7649274476432,77.0,"[(-3.1234376811728786, -41.76493396032598), (-3.123428275372811, -41.76492093496042)]","[(-3.1234376811728786, -41.76493396032598), (-3.123428275372811, -41.76492093496042)]",-26.04619,-43.39962,1.447815,1.0470428,ef_argo_parnaibaiii_v3_busip11
ARGO_PARNAIBAIII_V3::ECHO_FOX::BUSIP10,-3.1235319999932254,-41.76492727738765,79.0,"[(-3.1235367028932592, -41.76493379007043), (-3.123527297093192, -41.76492076470487)]","[(-3.1235367028932592, -41.76493379007043), (-3.123527297093192, -41.76492076470487)]",-37.06917,-43.3807,1.447815,1.0470428,ef_argo_parnaibaiii_v3_busip10
ARGO_PARNAIBAIII_V3::ECHO_FOX::BUSIP1,-3.1239964985531805,-41.7649264790401,79.0,"[(-3.1240012014532144, -41.76493299172287), (-3.1239917956531467, -41.76491996635732)]","[(-3.1240012014532144, -41.76493299172287), (-3.1239917956531467, -41.76491996635732)]",-88.77662,-43.29196,1.447815,1.0470428,ef_argo_parnaibaiii_v3_busip1
ARGO_PARNAIBAIII_V3::ECHO_FOX::BUSCSB9,-3.123530993799819,-41.7650007250704,79.0,"[(-3.1235359329455665, -41.76500774732416), (-3.123526054654072, -41.764993702816625)]","[(-3.1235359329455665, -41.76500774732416), (-3.123526054654072, -41.764993702816625)]",-36.95717,-51.54467,1.5610962,1.09964,ef_argo_parnaibaiii_v3_buscsb9
ARGO_PARNAIBAIII_V3::ECHO_FOX::BUSCSB8,-3.1236176622083995,-41.76500057609678,79.0,"[(-3.123622601354147, -41.76500759835055), (-3.123612723062652, -41.76499355384301)]","[(-3.123622601354147, -41.76500759835055), (-3.123612723062652, -41.76499355384301)]",-46.60499,-51.52811,1.5610962,1.09964,ef_argo_parnaibaiii_v3_buscsb8
ARGO_PARNAIBAIII_V3::ECHO_FOX::BUSCSB7,-3.123698938925772,-41.765000436459744,79.0,"[(-3.123703878071519, -41.76500745871351), (-3.1236939997800244, -41.76499341420598)]","[(-3.123703878071519, -41.76500745871351), (-3.1236939997800244, -41.76499341420598)]",-55.65262,-51.51259,1.5610962,1.09964,ef_argo_parnaibaiii_v3_buscsb7
ARGO_PARNAIBAIII_V3::ECHO_FOX::BUSCSB6,-3.1237400034781526,-41.76500036581743,79.0,"[(-3.1237449426239, -41.7650073880712), (-3.123735064332405, -41.76499334356366)]","[(-3.1237449426239, -41.7650073880712), (-3.123735064332405, -41.76499334356366)]",-60.22388,-51.50473,1.5610962,1.09964,ef_argo_parnaibaiii_v3_buscsb6
ARGO_PARNAIBAIII_V3::ECHO_FOX::BUSCSB5,-3.1237844678821896,-41.76500028940838,79.0,"[(-3.123789407027937, -41.765007311662146), (-3.123779528736442, -41.76499326715461)]","[(-3.123789407027937, -41.765007311662146), (-3.123779528736442, -41.76499326715461)]",-65.17361,-51.49624,1.5610962,1.09964,ef_argo_parnaibaiii_v3_buscsb5
ARGO_PARNAIBAIII_V3::ECHO_FOX::BUSCSB4,-3.12386956132396,-41.765000143112175,79.0,"[(-3.1238745004697073, -41.765007165365944), (-3.1238646221782127, -41.764993120858406)]","[(-3.1238745004697073, -41.765007165365944), (-3.1238646221782127, -41.764993120858406)]",-74.64611,-51.47998,1.5610962,1.09964,ef_argo_parnaibaiii_v3_buscsb4
ARGO_PARNAIBAIII_V3::ECHO_FOX::BUSCSB3,-3.1239511657139305,-41.76500000285729,79.0,"[(-3.123956104859678, -41.76500702511106), (-3.1239462265681834, -41.76499298060352)]","[(-3.123956104859678, -41.76500702511106), (-3.1239462265681834, -41.76499298060352)]",-83.73022,-51.46439,1.5610962,1.09964,ef_argo_parnaibaiii_v3_buscsb3
ARGO_PARNAIBAIII_V3::ECHO_FOX::BUSCSB22,-3.123429731872801,-41.763977943402345,77.0,"[(-3.1234346710185483, -41.763984965656114), (-3.1234247927270533, -41.76397092114858)]","[(-3.1234346710185483, -41.763984965656114), (-3.1234247927270533, -41.76397092114858)]",-25.68481,62.1411,1.5610962,1.09964,ef_argo_parnaibaiii_v3_buscsb22
ARGO_PARNAIBAIII_V3::ECHO_FOX::BUSCSB21,-3.123529083938701,-41.76397777259758,79.0,"[(-3.123534023084448, -41.763984794851346), (-3.1235241447929534, -41.76397075034381)]","[(-3.123534023084448, -41.763984794851346), (-3.1235241447929534, -41.76397075034381)]",-36.74456,62.16008,1.5610962,1.09964,ef_argo_parnaibaiii_v3_buscsb21
ARGO_PARNAIBAIII_V3::ECHO_FOX::BUSCSB20,-3.123575598643852,-41.7639776926873,79.0,"[(-3.123580537789599, -41.76398471494107), (-3.1235706594981045, -41.76397067043353)]","[(-3.123580537789599, -41.76398471494107), (-3.1235706594981045, -41.76397067043353)]",-41.92253,62.16897,1.5610962,1.09964,ef_argo_parnaibaiii_v3_buscsb20
ARGO_PARNAIBAIII_V3::ECHO_FOX::BUSCSB2,-3.12399646506284,-41.76499992500656,79.0,"[(-3.1240014042085873, -41.76500694726033), (-3.1239915259170923, -41.764992902752795)]","[(-3.1240014042085873, -41.76500694726033), (-3.1239915259170923, -41.764992902752795)]",-88.77289,-51.45574,1.5610962,1.09964,ef_argo_parnaibaiii_v3_buscsb2
ARGO_PARNAIBAIII_V3::ECHO_FOX::BUSCSB19,-3.1236157974099736,-41.763977623486674,79.0,"[(-3.123620736555721, -41.76398464574044), (-3.1236108582642266, -41.763970601232906)]","[(-3.123620736555721, -41.76398464574044), (-3.1236108582642266, -41.763970601232906)]",-46.39741,62.17666,1.5610962,1.09964,ef_argo_parnaibaiii_v3_buscsb19
ARGO_PARNAIBAIII_V3::ECHO_FOX::BUSCSB18,-3.1236576740846007,-41.76397755153996,79.0,"[(-3.123662613230348, -41.76398457379373), (-3.123652734938853, -41.76397052928619)]","[(-3.123662613230348, -41.76398457379373), (-3.123652734938853, -41.76397052928619)]",-51.05907,62.18466,1.5610962,1.09964,ef_argo_parnaibaiii_v3_buscsb18
ARGO_PARNAIBAIII_V3::ECHO_FOX::BUSCSB17,-3.1236971859787745,-41.76397748371232,79.0,"[(-3.123702125124522, -41.76398450596609), (-3.123692246833027, -41.763970461458555)]","[(-3.123702125124522, -41.76398450596609), (-3.123692246833027, -41.763970461458555)]",-55.45749,62.19219,1.5610962,1.09964,ef_argo_parnaibaiii_v3_buscsb17
ARGO_PARNAIBAIII_V3::ECHO_FOX::BUSCSB16,-3.123738250462619,-41.76397741313865,79.0,"[(-3.1237431896083665, -41.763984435392416), (-3.1237333113168715, -41.76397039088488)]","[(-3.1237431896083665, -41.763984435392416), (-3.1237333113168715, -41.76397039088488)]",-60.02874,62.20004,1.5610962,1.09964,ef_argo_parnaibaiii_v3_buscsb16
ARGO_PARNAIBAIII_V3::ECHO_FOX::BUSCSB15,-3.123782714866656,-41.76397733666096,79.0,"[(-3.1237876540124034, -41.763984358914726), (-3.1237777757209084, -41.76397031440719)]","[(-3.1237876540124034, -41.763984358914726), (-3.1237777757209084, -41.76397031440719)]",-64.97846,62.20854,1.5610962,1.09964,ef_argo_parnaibaiii_v3_buscsb15
ARGO_PARNAIBAIII_V3::ECHO_FOX::BUSCSB14,-3.1238678082398903,-41.763977190433394,79.0,"[(-3.123872747385638, -41.76398421268716), (-3.123862869094143, -41.763970168179625)]","[(-3.123872747385638, -41.76398421268716), (-3.123862869094143, -41.763970168179625)]",-74.45096,62.22479,1.5610962,1.09964,ef_argo_parnaibaiii_v3_buscsb14
ARGO_PARNAIBAIII_V3::ECHO_FOX::BUSCSB13,-3.123949412629861,-41.76397705024715,79.0,"[(-3.1239543517756085, -41.76398407250092), (-3.1239444734841135, -41.76397002799338)]","[(-3.1239543517756085, -41.76398407250092), (-3.1239444734841135, -41.76397002799338)]",-83.53507,62.24038,1.5610962,1.09964,ef_argo_parnaibaiii_v3_buscsb13
ARGO_PARNAIBAIII_V3::ECHO_FOX::BUSCSB12,-3.123994712115843,-41.76397697225914,79.0,"[(-3.1239996512615904, -41.763983994512905), (-3.1239897729700954, -41.763969950005375)]","[(-3.1239996512615904, -41.763983994512905), (-3.1239897729700954, -41.763969950005375)]",-88.57775,62.24904,1.5610962,1.09964,ef_argo_parnaibaiii_v3_buscsb12
ARGO_PARNAIBAIII_V3::ECHO_FOX::BUSCSB11,-3.124036272734793,-41.76397690099892,79.0,"[(-3.1240412118805407, -41.76398392325269), (-3.1240313335890457, -41.76396987874515)]","[(-3.1240412118805407, -41.76398392325269), (-3.1240313335890457, -41.76396987874515)]",-93.20423,62.25697,1.5610962,1.09964,ef_argo_parnaibaiii_v3_buscsb11
ARGO_PARNAIBAIII_V3::ECHO_FOX::BUSCSB10,-3.123431683575401,-41.76500089580651,77.0,"[(-3.123436622721148, -41.76500791806028), (-3.1234267444296533, -41.76499387355274)]","[(-3.123436622721148, -41.76500791806028), (-3.1234267444296533, -41.76499387355274)]",-25.90207,-51.56364,1.5610962,1.09964,ef_argo_parnaibaiii_v3_buscsb10
ARGO_PARNAIBAIII_V3::ECHO_FOX::BUSCSB1,-3.124039114588347,-41.76499985175547,79.0,"[(-3.1240440537340946, -41.76500687400924), (-3.1240341754425995, -41.7649928295017)]","[(-3.1240440537340946, -41.76500687400924), (-3.1240341754425995, -41.7649928295017)]",-93.52059,-51.44759,1.5610962,1.09964,ef_argo_parnaibaiii_v3_buscsb1
ARGO_PARNAIBAIII_V3::CHARLIE_DELTA::TC9,-3.123038808722358,-41.764374131613714,81.0,"[(-3.1230451349764605, -41.764381839084756), (-3.123032482468256, -41.764366424142665)]","[(-3.1230451349764605, -41.764381839084756), (-3.123032482468256, -41.764366424142665)]",17.83231,18.10339,1.7134248,1.4084626,cd_argo_parnaibaiii_v3_tc9
ARGO_PARNAIBAIII_V3::CHARLIE_DELTA::TC8,-3.12310772323533,-41.76437401318998,81.0,"[(-3.1231140494894323, -41.76438172066102), (-3.1231013969812276, -41.76436630571894)]","[(-3.1231140494894323, -41.76438172066102), (-3.1231013969812276, -41.76436630571894)]",10.16082,18.11655,1.7134248,1.4084626,cd_argo_parnaibaiii_v3_tc8
ARGO_PARNAIBAIII_V3::CHARLIE_DELTA::TC7,-3.123174059185637,-41.76437389919427,81.0,"[(-3.1231803854397397, -41.76438160666531), (-3.1231677329315346, -41.76436619172322)]","[(-3.1231803854397397, -41.76438160666531), (-3.1231677329315346, -41.76436619172322)]",2.77638,18.12923,1.7134248,1.4084626,cd_argo_parnaibaiii_v3_tc7
ARGO_PARNAIBAIII_V3::CHARLIE_DELTA::TC6,-3.122786546948429,-41.76469595977331,80.0,"[(-3.1227928732025316, -41.764703667244355), (-3.1227802206943265, -41.76468825230227)]","[(-3.1227928732025316, -41.764703667244355), (-3.1227802206943265, -41.76468825230227)]",45.9138,-17.66894,1.7134248,1.4084626,cd_argo_parnaibaiii_v3_tc6
ARGO_PARNAIBAIII_V3::CHARLIE_DELTA::TC5,-3.1228534627510727,-41.76469584474784,80.0,"[(-3.122859789005175, -41.764703552218876), (-3.1228471364969703, -41.76468813727679)]","[(-3.122859789005175, -41.764703552218876), (-3.1228471364969703, -41.76468813727679)]",38.46481,-17.65615,1.7134248,1.4084626,cd_argo_parnaibaiii_v3_tc5
ARGO_PARNAIBAIII_V3::CHARLIE_DELTA::TC4,-3.122920198440019,-41.764695730048444,80.0,"[(-3.122926524694121, -41.764703437519486), (-3.122913872185916, -41.7646880225774)]","[(-3.122926524694121, -41.764703437519486), (-3.122913872185916, -41.7646880225774)]",31.03587,-17.6434,1.7134248,1.4084626,cd_argo_parnaibaiii_v3_tc4
ARGO_PARNAIBAIII_V3::CHARLIE_DELTA::TC3,-3.1230393595173243,-41.76469552522689,81.0,"[(-3.123045685771427, -41.76470323269793), (-3.123033033263222, -41.76468781775584)]","[(-3.123045685771427, -41.76470323269793), (-3.123033033263222, -41.76468781775584)]",17.77099,-17.62063,1.7134248,1.4084626,cd_argo_parnaibaiii_v3_tc3
ARGO_PARNAIBAIII_V3::CHARLIE_DELTA::TC2,-3.123108273996028,-41.764695406786,81.0,"[(-3.1231146002501307, -41.76470311425704), (-3.1231019477419255, -41.764687699314955)]","[(-3.1231146002501307, -41.76470311425704), (-3.1231019477419255, -41.764687699314955)]",10.09951,-17.60747,1.7134248,1.4084626,cd_argo_parnaibaiii_v3_tc2
ARGO_PARNAIBAIII_V3::CHARLIE_DELTA::TC12,-3.122785996221999,-41.764374566177295,80.0,"[(-3.1227923224761014, -41.76438227364834), (-3.1227796699678967, -41.76436685870625)]","[(-3.1227923224761014, -41.76438227364834), (-3.1227796699678967, -41.76436685870625)]",45.9751,18.05509,1.7134248,1.4084626,cd_argo_parnaibaiii_v3_tc12
ARGO_PARNAIBAIII_V3::CHARLIE_DELTA::TC11,-3.122852912024643,-41.764374451186136,80.0,"[(-3.1228592382787452, -41.76438215865718), (-3.1228465857705405, -41.764366743715094)]","[(-3.1228592382787452, -41.76438215865718), (-3.1228465857705405, -41.764366743715094)]",38.52611,18.06787,1.7134248,1.4084626,cd_argo_parnaibaiii_v3_tc11
ARGO_PARNAIBAIII_V3::CHARLIE_DELTA::TC10,-3.1229196477135885,-41.76437433643527,80.0,"[(-3.1229259739676913, -41.764382043906316), (-3.122913321459486, -41.764366628964225)]","[(-3.1229259739676913, -41.764382043906316), (-3.122913321459486, -41.764366628964225)]",31.09717,18.08062,1.7134248,1.4084626,cd_argo_parnaibaiii_v3_tc10
ARGO_PARNAIBAIII_V3::CHARLIE_DELTA::TC1,-3.123174609963469,-41.764695292773126,81.0,"[(-3.1231809362175715, -41.76470300024417), (-3.123168283709367, -41.76468758530208)]","[(-3.1231809362175715, -41.76470300024417), (-3.123168283709367, -41.76468758530208)]",2.71507,-17.5948,1.7134248,1.4084626,cd_argo_parnaibaiii_v3_tc1
ARGO_PARNAIBAIII_V3::CHARLIE_DELTA::SECV9,-3.1230363685313214,-41.76452126184266,77.0,"[(-3.123041307677069, -41.76453105904183), (-3.123031429385574, -41.76451146464349)]","[(-3.123041307677069, -41.76453105904183), (-3.123031429385574, -41.76451146464349)]",18.10395,1.74935,2.177986,1.09964,cd_argo_parnaibaiii_v3_secv9
ARGO_PARNAIBAIII_V3::CHARLIE_DELTA::SECV8,-3.123104722433555,-41.76452114434573,77.0,"[(-3.1231096615793024, -41.7645309415449), (-3.1230997832878074, -41.76451134714656)]","[(-3.1231096615793024, -41.7645309415449), (-3.1230997832878074, -41.76451134714656)]",10.49487,1.76241,2.177986,1.09964,cd_argo_parnaibaiii_v3_secv8
ARGO_PARNAIBAIII_V3::CHARLIE_DELTA::SECV7,-3.1231723156758227,-41.764521028170336,77.0,"[(-3.12317725482157, -41.764530825369505), (-3.123167376530075, -41.764511230971166)]","[(-3.12317725482157, -41.764530825369505), (-3.123167376530075, -41.764511230971166)]",2.97047,1.77532,2.177986,1.09964,cd_argo_parnaibaiii_v3_secv7
ARGO_PARNAIBAIII_V3::CHARLIE_DELTA::SECV6.003,-3.122786027989004,-41.765110842218846,76.0,"[(-3.122790967134751, -41.765120639418015), (-3.122781088843256, -41.76510104501968)]","[(-3.122790967134751, -41.765120639418015), (-3.122781088843256, -41.76510104501968)]",45.97157,-63.78457,2.177986,1.09964,cd_argo_parnaibaiii_v3_secv6.003
ARGO_PARNAIBAIII_V3::CHARLIE_DELTA::SECV5.003,-3.122854381856969,-41.76511072475624,76.0,"[(-3.1228593210027165, -41.76512052195541), (-3.1228494427112214, -41.765100927557064)]","[(-3.1228593210027165, -41.76512052195541), (-3.1228494427112214, -41.765100927557064)]",38.36249,-63.77152,2.177986,1.09964,cd_argo_parnaibaiii_v3_secv5.003
ARGO_PARNAIBAIII_V3::CHARLIE_DELTA::SECV4.003,-3.1229227355878617,-41.76511060722499,76.0,"[(-3.122927674733609, -41.76512040442416), (-3.122917796442114, -41.765100810025814)]","[(-3.122927674733609, -41.76512040442416), (-3.122917796442114, -41.765100810025814)]",30.75344,-63.75845,2.177986,1.09964,cd_argo_parnaibaiii_v3_secv4.003
ARGO_PARNAIBAIII_V3::CHARLIE_DELTA::SECV3.003,-3.1230373781621505,-41.76511041019536,77.0,"[(-3.123042317307898, -41.76512020739453), (-3.123032439016403, -41.76510061299619)]","[(-3.123042317307898, -41.76512020739453), (-3.123032439016403, -41.76510061299619)]",17.99156,-63.73655,2.177986,1.09964,cd_argo_parnaibaiii_v3_secv3.003
ARGO_PARNAIBAIII_V3::CHARLIE_DELTA::SECV2.003,-3.1231057320472497,-41.76511029273275,77.0,"[(-3.1231106711929972, -41.76512008993192), (-3.1231007929015027, -41.76510049553358)]","[(-3.1231106711929972, -41.76512008993192), (-3.1231007929015027, -41.76510049553358)]",10.38248,-63.7235,2.177986,1.09964,cd_argo_parnaibaiii_v3_secv2.003
ARGO_PARNAIBAIII_V3::CHARLIE_DELTA::SECV12,-3.1227850183239063,-41.76452169386614,76.0,"[(-3.122789957469654, -41.76453149106531), (-3.122780079178159, -41.764511896666974)]","[(-3.122789957469654, -41.76453149106531), (-3.122780079178159, -41.764511896666974)]",46.08396,1.70133,2.177986,1.09964,cd_argo_parnaibaiii_v3_secv12
ARGO_PARNAIBAIII_V3::CHARLIE_DELTA::SECV11,-3.122853372191872,-41.76452157636921,76.0,"[(-3.122858311337619, -41.76453137356838), (-3.122848433046124, -41.76451177917004)]","[(-3.122858311337619, -41.76453137356838), (-3.122848433046124, -41.76451177917004)]",38.47489,1.71439,2.177986,1.09964,cd_argo_parnaibaiii_v3_secv11
ARGO_PARNAIBAIII_V3::CHARLIE_DELTA::SECV10,-3.1229217259913007,-41.76452145887228,76.0,"[(-3.1229266651370478, -41.76453125607145), (-3.122916786845553, -41.76451166167311)]","[(-3.1229266651370478, -41.76453125607145), (-3.122916786845553, -41.76451166167311)]",30.86582,1.72745,2.177986,1.09964,cd_argo_parnaibaiii_v3_secv10
ARGO_PARNAIBAIII_V3::CHARLIE_DELTA::SECV1.003,-3.123173325306652,-41.76511017650588,77.0,"[(-3.1231782644523993, -41.76511997370505), (-3.1231683861609043, -41.76510037930671)]","[(-3.1231782644523993, -41.76511997370505), (-3.1231683861609043, -41.76510037930671)]",2.85808,-63.71058,2.177986,1.09964,cd_argo_parnaibaiii_v3_secv1.003
ARGO_PARNAIBAIII_V3::CHARLIE_DELTA::SECH9,-3.123036643191712,-41.76431339616882,77.0,"[(-3.123041406472357, -41.764343118498154), (-3.1230318799110655, -41.76428367383949)]","[(-3.123041406472357, -41.764343118498154), (-3.1230318799110655, -41.76428367383949)]",18.07337,24.85435,6.607482,1.0604858,cd_argo_parnaibaiii_v3_sech9
ARGO_PARNAIBAIII_V3::CHARLIE_DELTA::SECH8,-3.123105319746251,-41.764313278157,77.0,"[(-3.123110083026897, -41.76434300048633), (-3.123100556465605, -41.76428355582767)]","[(-3.123110083026897, -41.76434300048633), (-3.123100556465605, -41.76428355582767)]",10.42838,24.86747,6.607482,1.0604858,cd_argo_parnaibaiii_v3_sech8
ARGO_PARNAIBAIII_V3::CHARLIE_DELTA::SECH7,-3.1231718340882786,-41.76431316385236,77.0,"[(-3.1231765973689245, -41.76434288618168), (-3.1231670708076327, -41.76428344152303)]","[(-3.1231765973689245, -41.76434288618168), (-3.1231670708076327, -41.76428344152303)]",3.02408,24.88017,6.607482,1.0604858,cd_argo_parnaibaiii_v3_sech7
ARGO_PARNAIBAIII_V3::CHARLIE_DELTA::SECH6,-3.1227851970018023,-41.7646373240615,76.0,"[(-3.1227899602824483, -41.764667046390834), (-3.122780433721157, -41.76460760173218)]","[(-3.1227899602824483, -41.764667046390834), (-3.122780433721157, -41.76460760173218)]",46.06407,-11.15137,6.607482,1.0604858,cd_argo_parnaibaiii_v3_sech6
ARGO_PARNAIBAIII_V3::CHARLIE_DELTA::SECH5,-3.1228532157609683,-41.76463720714811,76.0,"[(-3.1228579790416138, -41.76466692947744), (-3.1228484524803224, -41.76460748481878)]","[(-3.1228579790416138, -41.76466692947744), (-3.1228484524803224, -41.76460748481878)]",38.4923,-11.13838,6.607482,1.0604858,cd_argo_parnaibaiii_v3_sech5
ARGO_PARNAIBAIII_V3::CHARLIE_DELTA::SECH4,-3.122919727027424,-41.76463709282631,76.0,"[(-3.12292449030807, -41.764666815155636), (-3.122914963746778, -41.76460737049698)]","[(-3.12292449030807, -41.764666815155636), (-3.122914963746778, -41.76460737049698)]",31.08834,-11.12567,6.607482,1.0604858,cd_argo_parnaibaiii_v3_sech4
ARGO_PARNAIBAIII_V3::CHARLIE_DELTA::SECH3,-3.123037197585525,-41.76463689092243,77.0,"[(-3.123041960866171, -41.76466661325176), (-3.123032434304879, -41.7646071685931)]","[(-3.123041960866171, -41.76466661325176), (-3.123032434304879, -41.7646071685931)]",18.01166,-11.10323,6.607482,1.0604858,cd_argo_parnaibaiii_v3_sech3
ARGO_PARNAIBAIII_V3::CHARLIE_DELTA::SECH2,-3.1231058741057964,-41.76463677287629,77.0,"[(-3.1231106373864423, -41.76466649520562), (-3.1231011108251505, -41.764607050546964)]","[(-3.1231106373864423, -41.76466649520562), (-3.1231011108251505, -41.764607050546964)]",10.36667,-11.0901,6.607482,1.0604858,cd_argo_parnaibaiii_v3_sech2
ARGO_PARNAIBAIII_V3::CHARLIE_DELTA::SECH12,-3.1227846427107937,-41.764313829359374,76.0,"[(-3.122789405991439, -41.764343551688704), (-3.122779879430148, -41.76428410703004)]","[(-3.122789405991439, -41.764343551688704), (-3.122779879430148, -41.76428410703004)]",46.12577,24.8062,6.607482,1.0604858,cd_argo_parnaibaiii_v3_sech12
ARGO_PARNAIBAIII_V3::CHARLIE_DELTA::SECH11,-3.122852661469959,-41.76431371244598,76.0,"[(-3.1228574247506047, -41.764343434775306), (-3.1228478981893133, -41.76428399011665)]","[(-3.1228574247506047, -41.764343434775306), (-3.1228478981893133, -41.76428399011665)]",38.55401,24.81919,6.607482,1.0604858,cd_argo_parnaibaiii_v3_sech11
ARGO_PARNAIBAIII_V3::CHARLIE_DELTA::SECH10,-3.1229191725993424,-41.764313598141335,76.0,"[(-3.122923935879988, -41.764343320470665), (-3.1229144093186965, -41.764283875812005)]","[(-3.122923935879988, -41.764343320470665), (-3.1229144093186965, -41.764283875812005)]",31.15006,24.8319,6.607482,1.0604858,cd_argo_parnaibaiii_v3_sech10
ARGO_PARNAIBAIII_V3::CHARLIE_DELTA::SECH1,-3.123172388473525,-41.76463665855449,77.0,"[(-3.123177151754171, -41.76466638088382), (-3.1231676251928793, -41.76460693622516)]","[(-3.123177151754171, -41.76466638088382), (-3.1231676251928793, -41.76460693622516)]",2.96236,-11.0774,6.607482,1.0604858,cd_argo_parnaibaiii_v3_sech1
ARGO_PARNAIBAIII_V3::CHARLIE_DELTA::REATOR7,-3.122725998124233,-41.76536925033773,76.0,"[(-3.1227534375663093, -41.76538305598459), (-3.1226985586821563, -41.76535544469086)]","[(-3.1227534375663093, -41.76538305598459), (-3.1226985586821563, -41.76535544469086)]",52.65402,-92.50754,3.069092,6.109054,cd_argo_parnaibaiii_v3_reator7
ARGO_PARNAIBAIII_V3::CHARLIE_DELTA::REATOR6,-3.122819009954946,-41.76536909477276,76.0,"[(-3.1228464493970227, -41.765382900419624), (-3.1227915705128693, -41.76535528912589)]","[(-3.1228464493970227, -41.765382900419624), (-3.1227915705128693, -41.76535528912589)]",42.30005,-92.49025,3.069092,6.109054,cd_argo_parnaibaiii_v3_reator6
ARGO_PARNAIBAIII_V3::CHARLIE_DELTA::REATOR5,-3.1229094878573336,-41.76536893934589,76.0,"[(-3.12293692729941, -41.765382744992756), (-3.122882048415257, -41.765355133699025)]","[(-3.12293692729941, -41.765382744992756), (-3.122882048415257, -41.765355133699025)]",32.22816,-92.47297,3.069092,6.109054,cd_argo_parnaibaiii_v3_reator5
ARGO_PARNAIBAIII_V3::CHARLIE_DELTA::REATOR4,-3.1229994201070546,-41.7653687839192,76.0,"[(-3.1230268595491313, -41.765382589566066), (-3.1229719806649783, -41.765354978272335)]","[(-3.1230268595491313, -41.765382589566066), (-3.1229719806649783, -41.765354978272335)]",22.217,-92.4557,3.069092,6.109054,cd_argo_parnaibaiii_v3_reator4
ARGO_PARNAIBAIII_V3::CHARLIE_DELTA::REATOR3,-3.123087429567662,-41.76536863357238,76.0,"[(-3.1231148690097386, -41.765382439219245), (-3.1230599901255855, -41.76535482792551)]","[(-3.1231148690097386, -41.765382439219245), (-3.1230599901255855, -41.76535482792551)]",12.41989,-92.43898,3.069092,6.109054,cd_argo_parnaibaiii_v3_reator3
ARGO_PARNAIBAIII_V3::CHARLIE_DELTA::REATOR2,-3.1231793239549672,-41.76536847553679,77.0,"[(-3.123206763397044, -41.765382281183655), (-3.1231518845128905, -41.76535466988992)]","[(-3.123206763397044, -41.765382281183655), (-3.1231518845128905, -41.76535466988992)]",2.19031,-92.42142,3.069092,6.109054,cd_argo_parnaibaiii_v3_reator2
ARGO_PARNAIBAIII_V3::CHARLIE_DELTA::REATOR1,-3.123270816984719,-41.76536910999988,77.0,"[(-3.123298256426796, -41.76538291564675), (-3.123243377542643, -41.765355304353015)]","[(-3.123298256426796, -41.76538291564675), (-3.123243377542643, -41.765355304353015)]",-7.99458,-92.49194,3.069092,6.109054,cd_argo_parnaibaiii_v3_reator1
ARGO_PARNAIBAIII_V3::CHARLIE_DELTA::PAREDEREATOR67,-3.122765505798128,-41.765352972256345,76.0,"[(-3.1227929452402043, -41.76536677790321), (-3.122738066356051, -41.76533916660948)]","[(-3.1227929452402043, -41.76536677790321), (-3.122738066356051, -41.76533916660948)]",48.25607,-90.69817,3.069092,6.109054,cd_argo_parnaibaiii_v3_paredereator67
ARGO_PARNAIBAIII_V3::CHARLIE_DELTA::PAREDEREATOR56,-3.122858459578496,-41.76535281257309,76.0,"[(-3.122885899020573, -41.76536661821995), (-3.1228310201364198, -41.76533900692622)]","[(-3.122885899020573, -41.76536661821995), (-3.1228310201364198, -41.76533900692622)]",37.90857,-90.68042,3.069092,6.109054,cd_argo_parnaibaiii_v3_paredereator56
ARGO_PARNAIBAIII_V3::CHARLIE_DELTA::PAREDEREATOR45,-3.12294890084817,-41.76535265700896,76.0,"[(-3.1229763402902466, -41.76536646265582), (-3.122921461406093, -41.76533885136209)]","[(-3.1229763402902466, -41.76536646265582), (-3.122921461406093, -41.76533885136209)]",27.84075,-90.66313,3.069092,6.109054,cd_argo_parnaibaiii_v3_paredereator45
ARGO_PARNAIBAIII_V3::CHARLIE_DELTA::PAREDEREATOR34,-3.1230388120914805,-41.76535250254321,76.0,"[(-3.1230662515335568, -41.765366308190075), (-3.1230113726494038, -41.76533869689634)]","[(-3.1230662515335568, -41.765366308190075), (-3.1230113726494038, -41.76533869689634)]",17.83193,-90.64596,3.069092,6.109054,cd_argo_parnaibaiii_v3_paredereator34
ARGO_PARNAIBAIII_V3::CHARLIE_DELTA::PAREDEREATOR23,-3.123127014799076,-41.76535235096084,77.0,"[(-3.1231544542411522, -41.765366156607705), (-3.1230995753569992, -41.765338545313966)]","[(-3.1231544542411522, -41.765366156607705), (-3.1230995753569992, -41.765338545313966)]",8.01331,-90.62911,3.069092,6.109054,cd_argo_parnaibaiii_v3_paredereator23
ARGO_PARNAIBAIII_V3::CHARLIE_DELTA::PAREDEREATOR12,-3.123218732623726,-41.76535219333714,77.0,"[(-3.123246172065803, -41.765365998984), (-3.1231912931816495, -41.76533838769027)]","[(-3.123246172065803, -41.765365998984), (-3.1231912931816495, -41.76533838769027)]",-2.19661,-90.61159,3.069092,6.109054,cd_argo_parnaibaiii_v3_paredereator12
ARGO_PARNAIBAIII_V3::CHARLIE_DELTA::IP6,-3.1227865570749054,-41.76516921629864,76.0,"[(-3.1227912599749392, -41.76517572898142), (-3.1227818541748715, -41.765162703615864)]","[(-3.1227912599749392, -41.76517572898142), (-3.1227818541748715, -41.765162703615864)]",45.91267,-70.27306,1.447815,1.0470428,cd_argo_parnaibaiii_v3_ip6
ARGO_PARNAIBAIII_V3::CHARLIE_DELTA::IP5,-3.122854105708534,-41.765169100277696,76.0,"[(-3.122858808608568, -41.765175612960476), (-3.1228494028085008, -41.76516258759492)]","[(-3.122858808608568, -41.765175612960476), (-3.1228494028085008, -41.76516258759492)]",38.39323,-70.26016,1.447815,1.0470428,cd_argo_parnaibaiii_v3_ip5
ARGO_PARNAIBAIII_V3::CHARLIE_DELTA::IP4,-3.1229224479595774,-41.76516898281509,76.0,"[(-3.1229271508596113, -41.76517549549787), (-3.1229177450595436, -41.76516247013231)]","[(-3.1229271508596113, -41.76517549549787), (-3.1229177450595436, -41.76516247013231)]",30.78545,-70.2471,1.447815,1.0470428,cd_argo_parnaibaiii_v3_ip4
ARGO_PARNAIBAIII_V3::CHARLIE_DELTA::IP3,-3.1230378425154086,-41.76516878448109,77.0,"[(-3.123042545415442, -41.76517529716387), (-3.1230331396153748, -41.76516227179831)]","[(-3.123042545415442, -41.76517529716387), (-3.1230331396153748, -41.76516227179831)]",17.93987,-70.22506,1.447815,1.0470428,cd_argo_parnaibaiii_v3_ip3
ARGO_PARNAIBAIII_V3::CHARLIE_DELTA::IP2,-3.1231059067998874,-41.7651686674304,77.0,"[(-3.1231106096999213, -41.76517518011318), (-3.123101203899854, -41.76516215474763)]","[(-3.1231106096999213, -41.76517518011318), (-3.123101203899854, -41.76516215474763)]",10.36303,-70.21205,1.447815,1.0470428,cd_argo_parnaibaiii_v3_ip2
ARGO_PARNAIBAIII_V3::CHARLIE_DELTA::ESTRUTURA3789,-3.122979752581519,-41.7637178841143,76.0,"[(-3.122991430747958, -41.7637425347096), (-3.122968074415079, -41.763693233519)]","[(-3.122991430747958, -41.7637425347096), (-3.122968074415079, -41.763693233519)]",24.40637,91.0476,5.48,2.6,cd_argo_parnaibaiii_v3_estrutura3789
ARGO_PARNAIBAIII_V3::CHARLIE_DELTA::ESTRUTURA3456,-3.1229811232966687,-41.764517739871856,76.0,"[(-3.122992801463108, -41.76454239046715), (-3.122969445130229, -41.764493089276556)]","[(-3.122992801463108, -41.76454239046715), (-3.122969445130229, -41.764493089276556)]",24.25378,2.14083,5.48,2.6,cd_argo_parnaibaiii_v3_estrutura3456
ARGO_PARNAIBAIII_V3::CHARLIE_DELTA::ESTRUTURA3123,-3.122982129553596,-41.76511153454416,76.0,"[(-3.122993807720035, -41.76513618513946), (-3.122970451387156, -41.76508688394887)]","[(-3.122993807720035, -41.76513618513946), (-3.122970451387156, -41.76508688394887)]",24.14177,-63.86153,5.48,2.6,cd_argo_parnaibaiii_v3_estrutura3123
ARGO_PARNAIBAIII_V3::CHARLIE_DELTA::DISJUNTOR9,-3.1230384124357538,-41.764451401320585,77.0,"[(-3.123045044636257, -41.7644735209565), (-3.1230317802352503, -41.76442928168468)]","[(-3.123045044636257, -41.7644735209565), (-3.1230317802352503, -41.76442928168468)]",17.87642,9.51459,4.91735,1.4765778,cd_argo_parnaibaiii_v3_disjuntor9
ARGO_PARNAIBAIII_V3::CHARLIE_DELTA::DISJUNTOR8,-3.1231067025477195,-41.76445128392663,77.0,"[(-3.123113334748223, -41.76447340356255), (-3.123100070347216, -41.764429164290725)]","[(-3.123113334748223, -41.76447340356255), (-3.123100070347216, -41.764429164290725)]",10.27445,9.52764,4.91735,1.4765778,cd_argo_parnaibaiii_v3_disjuntor8
ARGO_PARNAIBAIII_V3::CHARLIE_DELTA::DISJUNTOR7,-3.1231721733799978,-41.76445117140693,77.0,"[(-3.123178805580501, -41.76447329104284), (-3.1231655411794943, -41.76442905177102)]","[(-3.123178805580501, -41.76447329104284), (-3.1231655411794943, -41.76442905177102)]",2.98631,9.54015,4.91735,1.4765778,cd_argo_parnaibaiii_v3_disjuntor7
ARGO_PARNAIBAIII_V3::CHARLIE_DELTA::DISJUNTOR6,-3.122785033000923,-41.76476306101582,76.0,"[(-3.1227916652014267, -41.764785180651735), (-3.1227784008004194, -41.76474094137991)]","[(-3.1227916652014267, -41.764785180651735), (-3.1227784008004194, -41.76474094137991)]",46.08233,-25.12747,4.91735,1.4765778,cd_argo_parnaibaiii_v3_disjuntor6
ARGO_PARNAIBAIII_V3::CHARLIE_DELTA::DISJUNTOR5,-3.122854952034991,-41.764762940841486,76.0,"[(-3.1228615842354945, -41.764785060477394), (-3.1228483198344876, -41.76474082120557)]","[(-3.1228615842354945, -41.764785060477394), (-3.1228483198344876, -41.76474082120557)]",38.29902,-25.11412,4.91735,1.4765778,cd_argo_parnaibaiii_v3_disjuntor5
ARGO_PARNAIBAIII_V3::CHARLIE_DELTA::DISJUNTOR4,-3.122919952930208,-41.76476282911127,76.0,"[(-3.1229265851307115, -41.764784948747185), (-3.122913320729704, -41.76474070947536)]","[(-3.1229265851307115, -41.764784948747185), (-3.122913320729704, -41.76474070947536)]",31.0632,-25.1017,4.91735,1.4765778,cd_argo_parnaibaiii_v3_disjuntor4
ARGO_PARNAIBAIII_V3::CHARLIE_DELTA::DISJUNTOR3,-3.123038945784884,-41.764762624632965,77.0,"[(-3.1230455779853874, -41.76478474426887), (-3.1230323135843805, -41.76474050499705)]","[(-3.1230455779853874, -41.76478474426887), (-3.1230323135843805, -41.76474050499705)]",17.81705,-25.07897,4.91735,1.4765778,cd_argo_parnaibaiii_v3_disjuntor3
ARGO_PARNAIBAIII_V3::CHARLIE_DELTA::DISJUNTOR2,-3.1231072358797154,-41.76476250723901,77.0,"[(-3.123113868080219, -41.76478462687492), (-3.123100603679212, -41.7647403876031)]","[(-3.123113868080219, -41.76478462687492), (-3.123100603679212, -41.7647403876031)]",10.21508,-25.06592,4.91735,1.4765778,cd_argo_parnaibaiii_v3_disjuntor2
ARGO_PARNAIBAIII_V3::CHARLIE_DELTA::DISJUNTOR12,-3.122784499686061,-41.764451837772086,76.0,"[(-3.1227911318865647, -41.764473957408), (-3.1227778674855577, -41.76442971813618)]","[(-3.1227911318865647, -41.764473957408), (-3.1227778674855577, -41.76442971813618)]",46.1417,9.46608,4.91735,1.4765778,cd_argo_parnaibaiii_v3_disjuntor12
ARGO_PARNAIBAIII_V3::CHARLIE_DELTA::DISJUNTOR11,-3.122854418720129,-41.76445171756343,76.0,"[(-3.1228610509206325, -41.76447383719934), (-3.1228477865196256, -41.76442959792752)]","[(-3.1228610509206325, -41.76447383719934), (-3.1228477865196256, -41.76442959792752)]",38.35839,9.47944,4.91735,1.4765778,cd_argo_parnaibaiii_v3_disjuntor11
ARGO_PARNAIBAIII_V3::CHARLIE_DELTA::DISJUNTOR10,-3.1229194196838823,-41.764451605833216,76.0,"[(-3.1229260518843858, -41.76447372546913), (-3.122912787483379, -41.76442948619731)]","[(-3.1229260518843858, -41.76447372546913), (-3.122912787483379, -41.76442948619731)]",31.12256,9.49186,4.91735,1.4765778,cd_argo_parnaibaiii_v3_disjuntor10
ARGO_PARNAIBAIII_V3::CHARLIE_DELTA::DISJUNTOR1,-3.123172706729128,-41.764762394684986,77.0,"[(-3.1231793389296314, -41.764784514320894), (-3.123166074528624, -41.76474027504907)]","[(-3.1231793389296314, -41.764784514320894), (-3.123166074528624, -41.76474027504907)]",2.92694,-25.05341,4.91735,1.4765778,cd_argo_parnaibaiii_v3_disjuntor1
ARGO_PARNAIBAIII_V3::CHARLIE_DELTA::BUSIP9,-3.1229362553639146,-41.76492734059264,76.0,"[(-3.122940958263948, -41.76493385327542), (-3.1229315524638808, -41.76492082790987)]","[(-3.122940958263948, -41.76493385327542), (-3.1229315524638808, -41.76492082790987)]",29.24843,-43.38772,1.447815,1.0470428,cd_argo_parnaibaiii_v3_busip9
ARGO_PARNAIBAIII_V3::CHARLIE_DELTA::BUSIP8,-3.1229791245314966,-41.764927266861015,77.0,"[(-3.1229838274315305, -41.76493377954379), (-3.122974421631463, -41.764920754178235)]","[(-3.1229838274315305, -41.76493377954379), (-3.122974421631463, -41.764920754178235)]",24.47628,-43.37953,1.447815,1.0470428,cd_argo_parnaibaiii_v3_busip8
ARGO_PARNAIBAIII_V3::CHARLIE_DELTA::BUSIP7,-3.1230640459297323,-41.764927120908055,77.0,"[(-3.123068748829766, -41.764933633590836), (-3.1230593430296985, -41.764920608225275)]","[(-3.123068748829766, -41.764933633590836), (-3.1230593430296985, -41.764920608225275)]",15.02293,-43.36331,1.447815,1.0470428,cd_argo_parnaibaiii_v3_busip7
ARGO_PARNAIBAIII_V3::BRAVO::BUSIP60,-3.1226317102245686,-41.76382649071134,76.0,"[(-3.1226364131246025, -41.76383300339411), (-3.1226270073245352, -41.76381997802856)]","[(-3.1226364131246025, -41.76383300339411), (-3.1226270073245352, -41.76381997802856)]",63.15004,78.9756,1.447815,1.0470428,b_argo_parnaibaiii_v3_busip60
ARGO_PARNAIBAIII_V3::CHARLIE_DELTA::BUSIP6,-3.1231095208004,-41.76492704271408,77.0,"[(-3.123114223700433, -41.76493355539686), (-3.1231048179003658, -41.7649205300313)]","[(-3.123114223700433, -41.76493355539686), (-3.1231048179003658, -41.7649205300313)]",9.96072,-43.35461,1.447815,1.0470428,cd_argo_parnaibaiii_v3_busip6
ARGO_PARNAIBAIII_V3::CHARLIE_DELTA::BUSIP59,-3.1227230561417367,-41.76382966959862,76.0,"[(-3.1227277590417706, -41.7638361822814), (-3.1227183532417033, -41.76382315691584)]","[(-3.1227277590417706, -41.7638361822814), (-3.1227183532417033, -41.76382315691584)]",52.98152,78.62225,1.447815,1.0470428,cd_argo_parnaibaiii_v3_busip59
ARGO_PARNAIBAIII_V3::CHARLIE_DELTA::BUSIP58,-3.1227693201064146,-41.76382959010026,76.0,"[(-3.1227740230064485, -41.76383610278304), (-3.122764617206381, -41.76382307741748)]","[(-3.1227740230064485, -41.76383610278304), (-3.122764617206381, -41.76382307741748)]",47.83147,78.63109,1.447815,1.0470428,cd_argo_parnaibaiii_v3_busip58
ARGO_PARNAIBAIII_V3::CHARLIE_DELTA::BUSIP57,-3.122811887730776,-41.763829116550255,76.0,"[(-3.1228165906308094, -41.76383562923303), (-3.122807184830742, -41.763822603867474)]","[(-3.1228165906308094, -41.76383562923303), (-3.122807184830742, -41.763822603867474)]",43.09289,78.68372,1.447815,1.0470428,cd_argo_parnaibaiii_v3_busip57
ARGO_PARNAIBAIII_V3::CHARLIE_DELTA::BUSIP56,-3.122851507775412,-41.763829048722585,76.0,"[(-3.122856210675446, -41.76383556140536), (-3.1228468048753784, -41.763822536039804)]","[(-3.122856210675446, -41.76383556140536), (-3.1228468048753784, -41.763822536039804)]",38.68243,78.69126,1.447815,1.0470428,cd_argo_parnaibaiii_v3_busip56
ARGO_PARNAIBAIII_V3::CHARLIE_DELTA::BUSIP55,-3.1228929790572115,-41.76382917740594,76.0,"[(-3.122897681957245, -41.76383569008872), (-3.1228882761571777, -41.763822664723165)]","[(-3.122897681957245, -41.76383569008872), (-3.1228882761571777, -41.763822664723165)]",34.0659,78.67696,1.447815,1.0470428,cd_argo_parnaibaiii_v3_busip55
ARGO_PARNAIBAIII_V3::CHARLIE_DELTA::BUSIP54,-3.1229335921260257,-41.76382930780554,76.0,"[(-3.122938295026059, -41.76383582048832), (-3.122928889225992, -41.76382279512276)]","[(-3.122938295026059, -41.76383582048832), (-3.122928889225992, -41.76382279512276)]",29.5449,78.66247,1.447815,1.0470428,cd_argo_parnaibaiii_v3_busip54
ARGO_PARNAIBAIII_V3::CHARLIE_DELTA::BUSIP53,-3.1229786121547765,-41.76382923050401,77.0,"[(-3.1229833150548103, -41.76383574318679), (-3.122973909254743, -41.76382271782123)]","[(-3.1229833150548103, -41.76383574318679), (-3.122973909254743, -41.76382271782123)]",24.53332,78.67106,1.447815,1.0470428,cd_argo_parnaibaiii_v3_busip53
ARGO_PARNAIBAIII_V3::CHARLIE_DELTA::BUSIP52,-3.123020864220546,-41.7638293580889,77.0,"[(-3.12302556712058, -41.76383587077168), (-3.1230161613205127, -41.76382284540612)]","[(-3.12302556712058, -41.76383587077168), (-3.1230161613205127, -41.76382284540612)]",19.82987,78.65688,1.447815,1.0470428,cd_argo_parnaibaiii_v3_busip52
ARGO_PARNAIBAIII_V3::CHARLIE_DELTA::BUSIP51,-3.1230626361543323,-41.76382908606139,77.0,"[(-3.1230673390543657, -41.76383559874417), (-3.1230579332542985, -41.76382257337861)]","[(-3.1230673390543657, -41.76383559874417), (-3.1230579332542985, -41.76382257337861)]",15.17987,78.68711,1.447815,1.0470428,cd_argo_parnaibaiii_v3_busip51
ARGO_PARNAIBAIII_V3::CHARLIE_DELTA::BUSIP50,-3.123145882882354,-41.76382877606329,77.0,"[(-3.123150585782388, -41.76383528874607), (-3.12314117998232, -41.76382226338052)]","[(-3.123150585782388, -41.76383528874607), (-3.12314117998232, -41.76382226338052)]",5.91294,78.72157,1.447815,1.0470428,cd_argo_parnaibaiii_v3_busip50
ARGO_PARNAIBAIII_V3::CHARLIE_DELTA::BUSIP5,-3.123151176976246,-41.76492697117927,77.0,"[(-3.12315587987628, -41.76493348386205), (-3.1231464740762127, -41.76492045849649)]","[(-3.12315587987628, -41.76493348386205), (-3.1231464740762127, -41.76492045849649)]",5.3236,-43.34666,1.447815,1.0470428,cd_argo_parnaibaiii_v3_busip5
ARGO_PARNAIBAIII_V3::CHARLIE_DELTA::BUSIP49,-3.123230805715462,-41.76382829666517,77.0,"[(-3.1232355086154957, -41.76383480934795), (-3.123226102815428, -41.76382178398239)]","[(-3.1232355086154957, -41.76383480934795), (-3.123226102815428, -41.76382178398239)]",-3.54058,78.77486,1.447815,1.0470428,cd_argo_parnaibaiii_v3_busip49
ARGO_PARNAIBAIII_V3::ECHO_FOX::BUSIP48,-3.123332016414593,-41.76382347849346,77.0,"[(-3.1233367193146266, -41.76382999117624), (-3.1233273135145594, -41.763816965810676)]","[(-3.1233367193146266, -41.76382999117624), (-3.1233273135145594, -41.763816965810676)]",-14.80723,79.31041,1.447815,1.0470428,ef_argo_parnaibaiii_v3_busip48
ARGO_PARNAIBAIII_V3::BRAVO::BUSIP46,-3.122631999130042,-41.76390152678835,76.0,"[(-3.1226367020300754, -41.76390803947113), (-3.122627296230008, -41.76389501410557)]","[(-3.1226367020300754, -41.76390803947113), (-3.122627296230008, -41.76389501410557)]",63.11788,70.63507,1.447815,1.0470428,b_argo_parnaibaiii_v3_busip46
ARGO_PARNAIBAIII_V3::CHARLIE_DELTA::BUSIP45,-3.1227251632498647,-41.76390503623741,76.0,"[(-3.122729866149898, -41.763911548920184), (-3.122720460349831, -41.76389852355462)]","[(-3.122729866149898, -41.763911548920184), (-3.122720460349831, -41.76389852355462)]",52.74696,70.24499,1.447815,1.0470428,cd_argo_parnaibaiii_v3_busip45
ARGO_PARNAIBAIII_V3::CHARLIE_DELTA::BUSIP44,-3.122769358819815,-41.76390496044618,76.0,"[(-3.1227740617198485, -41.763911473128964), (-3.1227646559197813, -41.7638984477634)]","[(-3.1227740617198485, -41.763911473128964), (-3.1227646559197813, -41.7638984477634)]",47.82716,70.25341,1.447815,1.0470428,cd_argo_parnaibaiii_v3_busip44
ARGO_PARNAIBAIII_V3::CHARLIE_DELTA::BUSIP43,-3.1228105140458724,-41.7639048897352,76.0,"[(-3.1228152169459062, -41.76391140241798), (-3.1228058111458386, -41.76389837705242)]","[(-3.1228152169459062, -41.76391140241798), (-3.1228058111458386, -41.76389837705242)]",43.24581,70.26127,1.447815,1.0470428,cd_argo_parnaibaiii_v3_busip43
ARGO_PARNAIBAIII_V3::CHARLIE_DELTA::BUSIP42,-3.122851766456566,-41.76390481874963,76.0,"[(-3.1228564693565994, -41.76391133143241), (-3.122847063556532, -41.76389830606685)]","[(-3.1228564693565994, -41.76391133143241), (-3.122847063556532, -41.76389830606685)]",38.65364,70.26916,1.447815,1.0470428,cd_argo_parnaibaiii_v3_busip42
ARGO_PARNAIBAIII_V3::CHARLIE_DELTA::BUSIP41,-3.122897327683116,-41.76390474034971,76.0,"[(-3.122902030583149, -41.76391125303249), (-3.122892624783082, -41.76389822766693)]","[(-3.122902030583149, -41.76391125303249), (-3.122892624783082, -41.76389822766693)]",33.58181,70.27787,1.447815,1.0470428,cd_argo_parnaibaiii_v3_busip41
ARGO_PARNAIBAIII_V3::CHARLIE_DELTA::BUSIP40,-3.12293450282823,-41.76390467664114,76.0,"[(-3.122939205728264, -41.76391118932392), (-3.1229297999281966, -41.76389816395836)]","[(-3.122939205728264, -41.76391118932392), (-3.1229297999281966, -41.76389816395836)]",29.44352,70.28496,1.447815,1.0470428,cd_argo_parnaibaiii_v3_busip40
ARGO_PARNAIBAIII_V3::CHARLIE_DELTA::BUSIP4,-3.1231914278214763,-41.76492690190999,77.0,"[(-3.12319613072151, -41.76493341459277), (-3.123186724921443, -41.76492038922721)]","[(-3.12319613072151, -41.76493341459277), (-3.123186724921443, -41.76492038922721)]",0.84293,-43.33896,1.447815,1.0470428,cd_argo_parnaibaiii_v3_busip4
ARGO_PARNAIBAIII_V3::CHARLIE_DELTA::BUSIP39,-3.1229773720300806,-41.76390460277223,77.0,"[(-3.1229820749301145, -41.76391111545501), (-3.122972669130047, -41.76389809008945)]","[(-3.1229820749301145, -41.76391111545501), (-3.122972669130047, -41.76389809008945)]",24.67137,70.29317,1.447815,1.0470428,cd_argo_parnaibaiii_v3_busip39
ARGO_PARNAIBAIII_V3::CHARLIE_DELTA::BUSIP38,-3.123062293394048,-41.76390445681928,77.0,"[(-3.1230669962940816, -41.76391096950206), (-3.1230575904940143, -41.763897944136495)]","[(-3.1230669962940816, -41.76391096950206), (-3.1230575904940143, -41.763897944136495)]",15.21802,70.30939,1.447815,1.0470428,cd_argo_parnaibaiii_v3_busip38
ARGO_PARNAIBAIII_V3::CHARLIE_DELTA::BUSIP37,-3.123107768264715,-41.76390437869394,77.0,"[(-3.123112471164749, -41.76391089137672), (-3.1231030653646816, -41.763897866011156)]","[(-3.123112471164749, -41.76391089137672), (-3.1231030653646816, -41.763897866011156)]",10.15581,70.31807,1.447815,1.0470428,cd_argo_parnaibaiii_v3_busip37
ARGO_PARNAIBAIII_V3::CHARLIE_DELTA::BUSIP36.003,-3.123149424457696,-41.76390430715912,77.0,"[(-3.1231541273577297, -41.763910819841904), (-3.1231447215576624, -41.76389779447635)]","[(-3.1231541273577297, -41.763910819841904), (-3.1231447215576624, -41.76389779447635)]",5.51869,70.32603,1.447815,1.0470428,cd_argo_parnaibaiii_v3_busip36.003
ARGO_PARNAIBAIII_V3::CHARLIE_DELTA::BUSIP35,-3.1231896752900754,-41.76390423782121,77.0,"[(-3.1231943781901093, -41.76391075050398), (-3.123184972390042, -41.76389772513843)]","[(-3.1231943781901093, -41.76391075050398), (-3.123184972390042, -41.76389772513843)]",1.03802,70.33373,1.447815,1.0470428,cd_argo_parnaibaiii_v3_busip35
ARGO_PARNAIBAIII_V3::CHARLIE_DELTA::BUSIP34,-3.123230938102372,-41.763901284642095,77.0,"[(-3.123235641002405, -41.763907797324876), (-3.1232262352023374, -41.763894771959315)]","[(-3.123235641002405, -41.763907797324876), (-3.1232262352023374, -41.763894771959315)]",-3.55531,70.66199,1.447815,1.0470428,cd_argo_parnaibaiii_v3_busip34
ARGO_PARNAIBAIII_V3::CHARLIE_DELTA::BUSIP33.003,-3.1232818998121448,-41.7639014372085,77.0,"[(-3.1232866027121786, -41.763907949891276), (-3.123277196912111, -41.76389492452572)]","[(-3.1232866027121786, -41.763907949891276), (-3.123277196912111, -41.76389492452572)]",-9.22831,70.64503,1.447815,1.0470428,cd_argo_parnaibaiii_v3_busip33.003
ARGO_PARNAIBAIII_V3::ECHO_FOX::BUSIP32.003,-3.1233320872380417,-41.76390111067938,77.0,"[(-3.1233367901380755, -41.76390762336216), (-3.123327384338008, -41.7638945979966)]","[(-3.1233367901380755, -41.76390762336216), (-3.123327384338008, -41.7638945979966)]",-14.81512,70.68133,1.447815,1.0470428,ef_argo_parnaibaiii_v3_busip32.003
ARGO_PARNAIBAIII_V3::BRAVO::BUSIP31,-3.1225463893710868,-41.764852640422006,76.0,"[(-3.12255109227112, -41.76485915310479), (-3.122541686471053, -41.764846127739226)]","[(-3.12255109227112, -41.76485915310479), (-3.122541686471053, -41.764846127739226)]",72.64786,-35.08454,1.447815,1.0470428,b_argo_parnaibaiii_v3_busip31
ARGO_PARNAIBAIII_V3::BRAVO::BUSIP30,-3.122635828090086,-41.76485248674576,76.0,"[(-3.1226405309901195, -41.76485899942854), (-3.1226311251900523, -41.76484597406298)]","[(-3.1226405309901195, -41.76485899942854), (-3.1226311251900523, -41.76484597406298)]",62.69165,-35.06746,1.447815,1.0470428,b_argo_parnaibaiii_v3_busip30
ARGO_PARNAIBAIII_V3::CHARLIE_DELTA::BUSIP3,-3.1232336549335007,-41.76492682934541,77.0,"[(-3.123238357833534, -41.76493334202819), (-3.123228952033467, -41.76492031666264)]","[(-3.123238357833534, -41.76493334202819), (-3.123228952033467, -41.76492031666264)]",-3.85775,-43.3309,1.447815,1.0470428,cd_argo_parnaibaiii_v3_busip3
ARGO_PARNAIBAIII_V3::CHARLIE_DELTA::BUSIP29,-3.1227248087459576,-41.76485233379036,76.0,"[(-3.1227295116459914, -41.76485884647314), (-3.1227201058459237, -41.764845821107585)]","[(-3.1227295116459914, -41.76485884647314), (-3.1227201058459237, -41.764845821107585)]",52.78642,-35.05046,1.447815,1.0470428,cd_argo_parnaibaiii_v3_busip29
ARGO_PARNAIBAIII_V3::CHARLIE_DELTA::BUSIP28,-3.122771072642099,-41.764852254292,76.0,"[(-3.1227757755421326, -41.764858766974776), (-3.1227663697420653, -41.764845741609214)]","[(-3.1227757755421326, -41.764858766974776), (-3.1227663697420653, -41.764845741609214)]",47.63638,-35.04162,1.447815,1.0470428,cd_argo_parnaibaiii_v3_busip28
ARGO_PARNAIBAIII_V3::CHARLIE_DELTA::BUSIP27,-3.12281364026646,-41.76485178077631,76.0,"[(-3.122818343166494, -41.76485829345909), (-3.1228089373664267, -41.76484526809353)]","[(-3.122818343166494, -41.76485829345909), (-3.1228089373664267, -41.76484526809353)]",42.8978,-34.98899,1.447815,1.0470428,cd_argo_parnaibaiii_v3_busip27
ARGO_PARNAIBAIII_V3::CHARLIE_DELTA::BUSIP26,-3.12285326024256,-41.76485171267409,76.0,"[(-3.122857963142594, -41.76485822535687), (-3.1228485573425266, -41.764845199991306)]","[(-3.122857963142594, -41.76485822535687), (-3.1228485573425266, -41.764845199991306)]",38.48735,-34.98142,1.447815,1.0470428,cd_argo_parnaibaiii_v3_busip26
ARGO_PARNAIBAIII_V3::CHARLIE_DELTA::BUSIP25,-3.12289473152436,-41.76485184159768,76.0,"[(-3.122899434424393, -41.764858354280456), (-3.1228900286243255, -41.7648453289149)]","[(-3.122899434424393, -41.764858354280456), (-3.1228900286243255, -41.7648453289149)]",33.87082,-34.99575,1.447815,1.0470428,cd_argo_parnaibaiii_v3_busip25
ARGO_PARNAIBAIII_V3::CHARLIE_DELTA::BUSIP24,-3.1229353447302466,-41.76485197189432,76.0,"[(-3.12294004763028, -41.764858484577104), (-3.1229306418302127, -41.76484545921154)]","[(-3.12294004763028, -41.764858484577104), (-3.1229306418302127, -41.76484545921154)]",29.3498,-35.01023,1.447815,1.0470428,cd_argo_parnaibaiii_v3_busip24
ARGO_PARNAIBAIII_V3::CHARLIE_DELTA::BUSIP23,-3.122980364656193,-41.76485189452415,77.0,"[(-3.1229850675562263, -41.76485840720693), (-3.122975661756159, -41.76484538184137)]","[(-3.1229850675562263, -41.76485840720693), (-3.122975661756159, -41.76484538184137)]",24.33823,-19.1808,1.447815,1.0470428,cd_argo_parnaibaiii_v3_busip23
ARGO_PARNAIBAIII_V3::CHARLIE_DELTA::BUSIP22,-3.123022616790499,-41.76485202207472,77.0,"[(-3.1230273196905327, -41.7648585347575), (-3.123017913890465, -41.76484550939194)]","[(-3.1230273196905327, -41.7648585347575), (-3.123017913890465, -41.76484550939194)]",19.63478,-35.01581,1.447815,1.0470428,cd_argo_parnaibaiii_v3_busip22
ARGO_PARNAIBAIII_V3::CHARLIE_DELTA::BUSIP21,-3.1230643886900165,-41.76485175011585,77.0,"[(-3.1230690915900503, -41.76485826279863), (-3.1230596857899826, -41.76484523743307)]","[(-3.1230690915900503, -41.76485826279863), (-3.1230596857899826, -41.76484523743307)]",14.98478,-34.98558,1.447815,1.0470428,cd_argo_parnaibaiii_v3_busip21
ARGO_PARNAIBAIII_V3::CHARLIE_DELTA::BUSIP20,-3.1231059596578565,-41.764851345067264,77.0,"[(-3.1231106625578904, -41.764857857750044), (-3.123101256757823, -41.76484483238448)]","[(-3.1231106625578904, -41.764857857750044), (-3.123101256757823, -41.76484483238448)]",10.35714,-34.94056,1.447815,1.0470428,cd_argo_parnaibaiii_v3_busip20
ARGO_PARNAIBAIII_V3::CHARLIE_DELTA::BUSIP2,-3.123282217838696,-41.76492674586528,77.0,"[(-3.12328692073873, -41.76493325854805), (-3.1232775149386627, -41.764920233182494)]","[(-3.12328692073873, -41.76493325854805), (-3.1232775149386627, -41.764920233182494)]",-9.26371,-43.32162,1.447815,1.0470428,cd_argo_parnaibaiii_v3_busip2
ARGO_PARNAIBAIII_V3::CHARLIE_DELTA::BUSIP19,-3.123143837952372,-41.76485144674261,77.0,"[(-3.123148540852406, -41.764857959425385), (-3.1231391350523388, -41.76484493405982)]","[(-3.123148540852406, -41.764857959425385), (-3.1231391350523388, -41.76484493405982)]",6.14058,-34.95186,1.447815,1.0470428,cd_argo_parnaibaiii_v3_busip19
ARGO_PARNAIBAIII_V3::CHARLIE_DELTA::BUSIP18,-3.123191306123274,-41.76485136515037,77.0,"[(-3.123196009023308, -41.76485787783315), (-3.1231866032232407, -41.76484485246759)]","[(-3.123196009023308, -41.76485787783315), (-3.1231866032232407, -41.76484485246759)]",0.85647,-34.94279,1.447815,1.0470428,cd_argo_parnaibaiii_v3_busip18
ARGO_PARNAIBAIII_V3::CHARLIE_DELTA::BUSIP17,-3.123230561299532,-41.76485196493387,77.0,"[(-3.123235264199566, -41.76485847761665), (-3.1232258583994987, -41.76484545225109)]","[(-3.123235264199566, -41.76485847761665), (-3.1232258583994987, -41.76484545225109)]",-3.51337,-35.00946,1.447815,1.0470428,cd_argo_parnaibaiii_v3_busip17
ARGO_PARNAIBAIII_V3::ECHO_FOX::BUSIP16,-3.123332979455512,-41.76485195566849,77.0,"[(-3.123337682355545, -41.764858468351264), (-3.123328276555478, -41.76484544298571)]","[(-3.123337682355545, -41.764858468351264), (-3.123328276555478, -41.76484544298571)]",-14.91444,-35.00843,1.447815,1.0470428,ef_argo_parnaibaiii_v3_busip16
ARGO_PARNAIBAIII_V3::BRAVO::BUSIP15,-3.1225469294626285,-41.76492800980684,76.0,"[(-3.1225516323626623, -41.76493452248961), (-3.122542226562595, -41.76492149712406)]","[(-3.1225516323626623, -41.76493452248961), (-3.122542226562595, -41.76492149712406)]",72.58774,-43.46211,1.447815,1.0470428,b_argo_parnaibaiii_v3_busip15
ARGO_PARNAIBAIII_V3::BRAVO::BUSIP14,-3.1226362563987355,-41.76492785623358,76.0,"[(-3.1226409592987694, -41.76493436891636), (-3.1226315534987017, -41.7649213435508)]","[(-3.1226409592987694, -41.76493436891636), (-3.1226315534987017, -41.7649213435508)]",62.64397,-43.44504,1.447815,1.0470428,b_argo_parnaibaiii_v3_busip14
ARGO_PARNAIBAIII_V3::CHARLIE_DELTA::BUSIP12,-3.1228122666500933,-41.764927553686704,76.0,"[(-3.1228169695501267, -41.764934066369484), (-3.1228075637500594, -41.76492104100392)]","[(-3.1228169695501267, -41.764934066369484), (-3.1228075637500594, -41.76492104100392)]",43.05071,-43.41141,1.447815,1.0470428,cd_argo_parnaibaiii_v3_busip12
ARGO_PARNAIBAIII_V3::CHARLIE_DELTA::BUSIP11,-3.1228535190607865,-41.76492748276977,76.0,"[(-3.1228582219608203, -41.76493399545255), (-3.122848816160753, -41.764920970087)]","[(-3.1228582219608203, -41.76493399545255), (-3.122848816160753, -41.764920970087)]",38.45854,-43.40353,1.447815,1.0470428,cd_argo_parnaibaiii_v3_busip11
ARGO_PARNAIBAIII_V3::CHARLIE_DELTA::BUSIP10,-3.122899080287336,-41.76492740443849,76.0,"[(-3.12290378318737, -41.76493391712127), (-3.122894377387303, -41.76492089175571)]","[(-3.12290378318737, -41.76493391712127), (-3.122894377387303, -41.76492089175571)]",33.38672,-43.39482,1.447815,1.0470428,cd_argo_parnaibaiii_v3_busip10
ARGO_PARNAIBAIII_V3::ECHO_FOX::BUSIP1,-3.1233331251883056,-41.76492665840333,77.0,"[(-3.1233378280883395, -41.76493317108611), (-3.1233284222882722, -41.76492014572056)]","[(-3.1233378280883395, -41.76493317108611), (-3.1233284222882722, -41.76492014572056)]",-14.93066,-43.3119,1.447815,1.0470428,ef_argo_parnaibaiii_v3_busip1
ARGO_PARNAIBAIII_V3::CHARLIE_DELTA::BUSCSB9,-3.1228120338904404,-41.76500196079625,76.0,"[(-3.1228169730361874, -41.76500898305001), (-3.122807094744693, -41.76499493854248)]","[(-3.1228169730361874, -41.76500898305001), (-3.122807094744693, -41.76499493854248)]",43.07662,-51.68202,1.5610962,1.09964,cd_argo_parnaibaiii_v3_buscsb9
ARGO_PARNAIBAIII_V3::CHARLIE_DELTA::BUSCSB8,-3.1228933106078123,-41.76500182115921,76.0,"[(-3.12289824975356, -41.76500884341298), (-3.1228883714620648, -41.76499479890544)]","[(-3.12289824975356, -41.76500884341298), (-3.1228883714620648, -41.76499479890544)]",34.02899,-51.6665,1.5610962,1.09964,cd_argo_parnaibaiii_v3_buscsb8
ARGO_PARNAIBAIII_V3::CHARLIE_DELTA::BUSCSB7,-3.122934375160193,-41.76500175058553,76.0,"[(-3.1229393143059405, -41.7650087728393), (-3.1229294360144455, -41.764994728331764)]","[(-3.1229393143059405, -41.7650087728393), (-3.1229294360144455, -41.764994728331764)]",29.45773,-51.65866,1.5610962,1.09964,cd_argo_parnaibaiii_v3_buscsb7
ARGO_PARNAIBAIII_V3::CHARLIE_DELTA::BUSCSB6,-3.1229788396156324,-41.76500167410784,77.0,"[(-3.12298377876138, -41.76500869636161), (-3.122973900469885, -41.764994651854074)]","[(-3.12298377876138, -41.76500869636161), (-3.122973900469885, -41.764994651854074)]",24.508,-51.65015,1.5610962,1.09964,cd_argo_parnaibaiii_v3_buscsb6
ARGO_PARNAIBAIII_V3::CHARLIE_DELTA::BUSCSB5,-3.1230639331602075,-41.76500152781164,77.0,"[(-3.123068872305955, -41.76500855006541), (-3.12305899401446, -41.76499450555787)]","[(-3.123068872305955, -41.76500855006541), (-3.12305899401446, -41.76499450555787)]",15.03548,-51.63389,1.5610962,1.09964,cd_argo_parnaibaiii_v3_buscsb5
ARGO_PARNAIBAIII_V3::CHARLIE_DELTA::BUSCSB4,-3.123145537567312,-41.7650013876254,77.0,"[(-3.1231504767130596, -41.765008409879165), (-3.123140598421565, -41.76499436537163)]","[(-3.1231504767130596, -41.765008409879165), (-3.123140598421565, -41.76499436537163)]",5.95138,-51.61831,1.5610962,1.09964,cd_argo_parnaibaiii_v3_buscsb4
ARGO_PARNAIBAIII_V3::CHARLIE_DELTA::BUSCSB3,-3.1231908368305508,-41.76500130970603,77.0,"[(-3.1231957759762983, -41.7650083319598), (-3.1231858976848033, -41.76499428745226)]","[(-3.1231957759762983, -41.7650083319598), (-3.1231858976848033, -41.76499428745226)]",0.90871,-51.60965,1.5610962,1.09964,cd_argo_parnaibaiii_v3_buscsb3
ARGO_PARNAIBAIII_V3::BRAVO::BUSCSB25,-3.1226317174707603,-41.76397931505803,76.0,"[(-3.122636656616508, -41.7639863373118), (-3.122626778325013, -41.76397229280426)]","[(-3.122636656616508, -41.7639863373118), (-3.122626778325013, -41.76397229280426)]",63.14924,61.98863,1.5610962,1.09964,b_argo_parnaibaiii_v3_buscsb25
ARGO_PARNAIBAIII_V3::CHARLIE_DELTA::BUSCSB24,-3.122723818212643,-41.763979156747816,76.0,"[(-3.1227287573583906, -41.763986179001584), (-3.1227188790668956, -41.763972134494054)]","[(-3.1227287573583906, -41.763986179001584), (-3.1227188790668956, -41.763972134494054)]",52.89669,62.00623,1.5610962,1.09964,cd_argo_parnaibaiii_v3_buscsb24
ARGO_PARNAIBAIII_V3::CHARLIE_DELTA::BUSCSB23,-3.1227705142651474,-41.76397907642565,76.0,"[(-3.122775453410895, -41.76398609867942), (-3.1227655751194003, -41.76397205417188)]","[(-3.122775453410895, -41.76398609867942), (-3.1227655751194003, -41.76397205417188)]",47.69854,62.01516,1.5610962,1.09964,cd_argo_parnaibaiii_v3_buscsb23
ARGO_PARNAIBAIII_V3::CHARLIE_DELTA::BUSCSB22,-3.1228101690920145,-41.76397900818614,76.0,"[(-3.122815108237762, -41.7639860304399), (-3.122805229946267, -41.76397198593237)]","[(-3.122815108237762, -41.7639860304399), (-3.122805229946267, -41.76397198593237)]",43.28421,62.02274,1.5610962,1.09964,cd_argo_parnaibaiii_v3_buscsb22
ARGO_PARNAIBAIII_V3::CHARLIE_DELTA::BUSCSB20,-3.1228520458009097,-41.7639789363767,76.0,"[(-3.1228569849466568, -41.76398595863047), (-3.122847106655162, -41.76397191412293)]","[(-3.1228569849466568, -41.76398595863047), (-3.122847106655162, -41.76397191412293)]",38.62254,62.03073,1.5610962,1.09964,cd_argo_parnaibaiii_v3_buscsb20
ARGO_PARNAIBAIII_V3::CHARLIE_DELTA::BUSCSB2,-3.1232334864331617,-41.765001236454935,77.0,"[(-3.123238425578909, -41.765008258708704), (-3.123228547287414, -41.76499421420117)]","[(-3.123238425578909, -41.765008258708704), (-3.123228547287414, -41.76499421420117)]",-3.83899,-51.60151,1.5610962,1.09964,cd_argo_parnaibaiii_v3_buscsb2
ARGO_PARNAIBAIII_V3::CHARLIE_DELTA::BUSCSB19,-3.122891557660815,-41.76397886827451,76.0,"[(-3.1228964968065624, -41.76398589052828), (-3.1228866185150674, -41.763971846020745)]","[(-3.1228964968065624, -41.76398589052828), (-3.1228866185150674, -41.763971846020745)]",34.22413,62.0383,1.5610962,1.09964,cd_argo_parnaibaiii_v3_buscsb19
ARGO_PARNAIBAIII_V3::CHARLIE_DELTA::BUSCSB18,-3.1229326221446594,-41.76397879770084,76.0,"[(-3.122937561290407, -41.763985819954605), (-3.122927682998912, -41.76397177544707)]","[(-3.122937561290407, -41.763985819954605), (-3.122927682998912, -41.76397177544707)]",29.65288,62.04614,1.5610962,1.09964,cd_argo_parnaibaiii_v3_buscsb18
ARGO_PARNAIBAIII_V3::CHARLIE_DELTA::BUSCSB17,-3.1229770865658306,-41.76397872136042,77.0,"[(-3.122982025711578, -41.76398574361419), (-3.122972147420083, -41.763971699106655)]","[(-3.122982025711578, -41.76398574361419), (-3.122972147420083, -41.763971699106655)]",24.70315,62.05463,1.5610962,1.09964,cd_argo_parnaibaiii_v3_buscsb17
ARGO_PARNAIBAIII_V3::CHARLIE_DELTA::BUSCSB16,-3.1230621801104057,-41.76397857513286,77.0,"[(-3.123067119256153, -41.76398559738663), (-3.123057240964658, -41.76397155287909)]","[(-3.123067119256153, -41.76398559738663), (-3.123057240964658, -41.76397155287909)]",15.23063,62.07088,1.5610962,1.09964,cd_argo_parnaibaiii_v3_buscsb16
ARGO_PARNAIBAIII_V3::CHARLIE_DELTA::BUSCSB15,-3.1231437845175107,-41.76397843480934,77.0,"[(-3.1231487236632582, -41.76398545706311), (-3.1231388453717632, -41.76397141255557)]","[(-3.1231487236632582, -41.76398545706311), (-3.1231388453717632, -41.76397141255557)]",6.14652,62.08648,1.5610962,1.09964,cd_argo_parnaibaiii_v3_buscsb15
ARGO_PARNAIBAIII_V3::CHARLIE_DELTA::BUSCSB14.003,-3.1232309577567547,-41.763978285011895,77.0,"[(-3.1232358969025023, -41.76398530726566), (-3.1232260186110072, -41.763971262758126)]","[(-3.1232358969025023, -41.76398530726566), (-3.1232260186110072, -41.763971262758126)]",-3.5575,62.10313,1.5610962,1.09964,cd_argo_parnaibaiii_v3_buscsb14.003
ARGO_PARNAIBAIII_V3::CHARLIE_DELTA::BUSCSB14,-3.1231900235777688,-41.763978355310975,77.0,"[(-3.1231949627235163, -41.763985377564744), (-3.1231850844320213, -41.76397133305721)]","[(-3.1231949627235163, -41.763985377564744), (-3.1231850844320213, -41.76397133305721)]",0.99924,62.09531,1.5610962,1.09964,cd_argo_parnaibaiii_v3_buscsb14
ARGO_PARNAIBAIII_V3::ECHO_FOX::BUSCSB13,-3.123331869068924,-41.76397811173564,77.0,"[(-3.1233368082146717, -41.76398513398941), (-3.123326929923177, -41.76397108948187)]","[(-3.1233368082146717, -41.76398513398941), (-3.123326929923177, -41.76397108948187)]",-14.79083,62.12239,1.5610962,1.09964,ef_argo_parnaibaiii_v3_buscsb13
ARGO_PARNAIBAIII_V3::BRAVO::BUSCSB12,-3.122545519898467,-41.76500241890727,76.0,"[(-3.1225504590442146, -41.76500944116104), (-3.1225405807527196, -41.764995396653504)]","[(-3.1225504590442146, -41.76500944116104), (-3.1225405807527196, -41.764995396653504)]",72.74465,-51.73294,1.5610962,1.09964,b_argo_parnaibaiii_v3_buscsb12
ARGO_PARNAIBAIII_V3::BRAVO::BUSCSB11,-3.12263546359377,-41.76500226430424,76.0,"[(-3.1226404027395174, -41.765009286558005), (-3.1226305244480224, -41.764995242050475)]","[(-3.1226404027395174, -41.765009286558005), (-3.1226305244480224, -41.764995242050475)]",62.73222,-51.71576,1.5610962,1.09964,b_argo_parnaibaiii_v3_buscsb11
ARGO_PARNAIBAIII_V3::CHARLIE_DELTA::BUSCSB10,-3.12272536548186,-41.76500210976986,76.0,"[(-3.1227303046276074, -41.76500913202363), (-3.1227204263361124, -41.76499508751609)]","[(-3.1227303046276074, -41.76500913202363), (-3.1227204263361124, -41.76499508751609)]",52.72445,-51.69858,1.5610962,1.09964,cd_argo_parnaibaiii_v3_buscsb10
ARGO_PARNAIBAIII_V3::ECHO_FOX::BUSCSB1,-3.123336011203905,-41.76500106029534,77.0,"[(-3.1233409503496525, -41.76500808254911), (-3.1233310720581575, -41.76499403804157)]","[(-3.1233409503496525, -41.76500808254911), (-3.1233310720581575, -41.76499403804157)]",-15.25193,-51.58193,1.5610962,1.09964,ef_argo_parnaibaiii_v3_buscsb1
ARGO_PARNAIBAIII_V3::BRAVO::TC6,-3.1222585452517264,-41.76437547275384,76.0,"[(-3.1222648715058288, -41.764383180224876), (-3.122252218997624, -41.76436776528279)]","[(-3.1222648715058288, -41.764383180224876), (-3.122252218997624, -41.76436776528279)]",104.69034,17.95432,1.7134248,1.4084626,b_argo_parnaibaiii_v3_tc6
ARGO_PARNAIBAIII_V3::BRAVO::TC5,-3.122326097003762,-41.764375356629934,76.0,"[(-3.122332423257865, -41.764383064100976), (-3.1223197707496597, -41.76436764915889)]","[(-3.122332423257865, -41.764383064100976), (-3.1223197707496597, -41.76436764915889)]",97.17055,17.96723,1.7134248,1.4084626,b_argo_parnaibaiii_v3_tc5
ARGO_PARNAIBAIII_V3::BRAVO::TC4,-3.122392155552931,-41.76437524311478,76.0,"[(-3.1223984818070334, -41.76438295058582), (-3.1223858292988282, -41.764367535643736)]","[(-3.1223984818070334, -41.76438295058582), (-3.1223858292988282, -41.764367535643736)]",89.81699,17.97984,1.7134248,1.4084626,b_argo_parnaibaiii_v3_tc4
ARGO_PARNAIBAIII_V3::BRAVO::TC3,-3.122259095978156,-41.76469686636701,76.0,"[(-3.1222654222322586, -41.76470457383805), (-3.122252769724054, -41.76468915889597)]","[(-3.1222654222322586, -41.76470457383805), (-3.122252769724054, -41.76468915889597)]",104.62903,-17.76971,1.7134248,1.4084626,b_argo_parnaibaiii_v3_tc3
ARGO_PARNAIBAIII_V3::BRAVO::TC2,-3.1223261179437065,-41.76469675115274,76.0,"[(-3.122332444197809, -41.76470445862378), (-3.122319791689604, -41.7646890436817)]","[(-3.122332444197809, -41.76470445862378), (-3.122319791689604, -41.7646890436817)]",97.16822,-17.7569,1.7134248,1.4084626,b_argo_parnaibaiii_v3_tc2
ARGO_PARNAIBAIII_V3::BRAVO::TC1,-3.122392832317827,-41.76469663648768,76.0,"[(-3.12239915857193, -41.764704343958726), (-3.122386506063725, -41.764688929016636)]","[(-3.12239915857193, -41.764704343958726), (-3.122386506063725, -41.764688929016636)]",89.74166,-17.74415,1.7134248,1.4084626,b_argo_parnaibaiii_v3_tc1
ARGO_PARNAIBAIII_V3::BRAVO::SECV6,-3.1222579707589704,-41.76452259973901,72.0,"[(-3.122262909904718, -41.76453239693818), (-3.1222530316132233, -41.76451280253984)]","[(-3.122262909904718, -41.76453239693818), (-3.1222530316132233, -41.76451280253984)]",104.75429,1.60064,2.177986,1.09964,b_argo_parnaibaiii_v3_secv6
ARGO_PARNAIBAIII_V3::BRAVO::SECV5,-3.1223263246612043,-41.76452248225924,72.0,"[(-3.1223312638069514, -41.76453227945841), (-3.122321385515457, -41.76451268506007)]","[(-3.1223312638069514, -41.76453227945841), (-3.122321385515457, -41.76451268506007)]",97.14521,1.6137,2.177986,1.09964,b_argo_parnaibaiii_v3_secv5
ARGO_PARNAIBAIII_V3::BRAVO::SECV4,-3.122394678494901,-41.76452236477947,72.0,"[(-3.1223996176406486, -41.764532161978636), (-3.122389739349154, -41.7645125675803)]","[(-3.1223996176406486, -41.764532161978636), (-3.122389739349154, -41.7645125675803)]",89.53614,1.62676,2.177986,1.09964,b_argo_parnaibaiii_v3_secv4
ARGO_PARNAIBAIII_V3::BRAVO::SECV3,-3.122258980355532,-41.76511174807455,72.0,"[(-3.122263919501279, -41.76512154527372), (-3.1222540412097843, -41.76510195087538)]","[(-3.122263919501279, -41.76512154527372), (-3.1222540412097843, -41.76510195087538)]",104.6419,-63.88526,2.177986,1.09964,b_argo_parnaibaiii_v3_secv3
ARGO_PARNAIBAIII_V3::BRAVO::SECV2,-3.1223273342577653,-41.7651116305433,72.0,"[(-3.122332273403513, -41.76512142774247), (-3.122322395112018, -41.76510183334413)]","[(-3.122332273403513, -41.76512142774247), (-3.122322395112018, -41.76510183334413)]",97.03282,-63.8722,2.177986,1.09964,b_argo_parnaibaiii_v3_secv2
ARGO_PARNAIBAIII_V3::BRAVO::SECV1,-3.122395688228535,-41.76511151314933,72.0,"[(-3.1224006273742826, -41.7651213103485), (-3.1223907490827876, -41.76510171595016)]","[(-3.1224006273742826, -41.7651213103485), (-3.1223907490827876, -41.76510171595016)]",89.42374,-63.85915,2.177986,1.09964,b_argo_parnaibaiii_v3_secv1
ARGO_PARNAIBAIII_V3::BRAVO::SECH6,-3.1222571963670465,-41.76431570874744,72.0,"[(-3.122261959647692, -41.76434543107677), (-3.1222524330864005, -41.764285986418116)]","[(-3.122261959647692, -41.76434543107677), (-3.1222524330864005, -41.764285986418116)]",104.84049,24.5973,6.607482,1.0604858,b_argo_parnaibaiii_v3_sech6
ARGO_PARNAIBAIII_V3::BRAVO::SECH5,-3.1223252151947483,-41.76431559183405,72.0,"[(-3.122329978475394, -41.76434531416338), (-3.122320451914103, -41.76428586950472)]","[(-3.122329978475394, -41.76434531416338), (-3.122320451914103, -41.76428586950472)]",97.26872,24.61029,6.607482,1.0604858,b_argo_parnaibaiii_v3_sech5
ARGO_PARNAIBAIII_V3::BRAVO::SECH4,-3.1223917264954726,-41.76431547756372,72.0,"[(-3.1223964897761185, -41.76434519989305), (-3.1223869632148267, -41.7642857552344)]","[(-3.1223964897761185, -41.76434519989305), (-3.1223869632148267, -41.7642857552344)]",89.86475,24.62299,6.607482,1.0604858,b_argo_parnaibaiii_v3_sech4
ARGO_PARNAIBAIII_V3::BRAVO::SECH3,-3.1222585658298545,-41.76463822922211,72.0,"[(-3.1222633291105, -41.76466795155144), (-3.1222538025492086, -41.764608506892785)]","[(-3.1222633291105, -41.76466795155144), (-3.1222538025492086, -41.764608506892785)]",104.68805,-11.25198,6.607482,1.0604858,b_argo_parnaibaiii_v3_sech3
ARGO_PARNAIBAIII_V3::BRAVO::SECH2,-3.122326584520484,-41.76463811231729,72.0,"[(-3.122331347801129, -41.76466783464662), (-3.122321821239838, -41.76460838998796)]","[(-3.122331347801129, -41.76466783464662), (-3.122321821239838, -41.76460838998796)]",97.11628,-11.23899,6.607482,1.0604858,b_argo_parnaibaiii_v3_sech2
ARGO_PARNAIBAIII_V3::BRAVO::SECH1,-3.122393095821208,-41.76463799799549,72.0,"[(-3.1223978591018535, -41.76466772032482), (-3.122388332540562, -41.76460827566616)]","[(-3.1223978591018535, -41.76466772032482), (-3.122388332540562, -41.76460827566616)]",89.71232,-11.22628,6.607482,1.0604858,b_argo_parnaibaiii_v3_sech1
ARGO_PARNAIBAIII_V3::BRAVO::IP6,-3.122259689795009,-41.76517012194837,72.0,"[(-3.122264392695042, -41.765176634631146), (-3.122254986894975, -41.76516360926559)]","[(-3.122264392695042, -41.765176634631146), (-3.122254986894975, -41.76516360926559)]",104.56293,-70.37372,1.447815,1.0470428,b_argo_parnaibaiii_v3_ip6
ARGO_PARNAIBAIII_V3::BRAVO::IP5,-3.1223272384629057,-41.76517000585879,72.0,"[(-3.1223319413629396, -41.765176518541566), (-3.1223225355628723, -41.76516349317601)]","[(-3.1223319413629396, -41.765176518541566), (-3.1223225355628723, -41.76516349317601)]",97.04349,-70.36082,1.447815,1.0470428,b_argo_parnaibaiii_v3_ip5
ARGO_PARNAIBAIII_V3::BRAVO::IP4,-3.122395580782485,-41.76516988832754,72.0,"[(-3.1224002836825187, -41.76517640101032), (-3.1223908778824514, -41.76516337564476)]","[(-3.1224002836825187, -41.76517640101032), (-3.1223908778824514, -41.76516337564476)]",89.4357,-70.34775,1.447815,1.0470428,b_argo_parnaibaiii_v3_ip4
ARGO_PARNAIBAIII_V3::CHARLIE_DELTA::IP1,-3.1231748716271546,-41.765168548938014,77.0,"[(-3.1231795745271884, -41.765175061620795), (-3.123170168727121, -41.76516203625524)]","[(-3.1231795745271884, -41.765175061620795), (-3.123170168727121, -41.76516203625524)]",2.68594,-70.19888,1.447815,1.0470428,cd_argo_parnaibaiii_v3_ip1
ARGO_PARNAIBAIII_V3::BRAVO::ESTRUTURA256,-3.1223196056371423,-41.76371879241591,72.0,"[(-3.1223312838035815, -41.76374344301121), (-3.122307927470703, -41.76369414182061)]","[(-3.1223312838035815, -41.76374344301121), (-3.122307927470703, -41.76369414182061)]",97.89316,90.94664,5.48,2.6,b_argo_parnaibaiii_v3_estrutura256
ARGO_PARNAIBAIII_V3::BRAVO::ESTRUTURA234,-3.1223255644541865,-41.764519094698834,72.0,"[(-3.1223372426206257, -41.764543745294134), (-3.122313886287747, -41.76449444410353)]","[(-3.1223372426206257, -41.764543745294134), (-3.122313886287747, -41.76449444410353)]",97.22984,1.99024,5.48,2.6,b_argo_parnaibaiii_v3_estrutura234
ARGO_PARNAIBAIII_V3::BRAVO::ESTRUTURA212,-3.122326581591193,-41.76511265648117,72.0,"[(-3.122338259757633, -41.76513730707647), (-3.122314903424754, -41.76508800588587)]","[(-3.122338259757633, -41.76513730707647), (-3.122314903424754, -41.76508800588587)]",97.11661,-63.98623,5.48,2.6,b_argo_parnaibaiii_v3_estrutura212
ARGO_PARNAIBAIII_V3::BRAVO::DISJUNTOR6,-3.122257935302796,-41.764452579444665,72.0,"[(-3.1222645675032994, -41.76447469908058), (-3.1222513031022925, -41.76443045980876)]","[(-3.1222645675032994, -41.76447469908058), (-3.1222513031022925, -41.76443045980876)]",104.75824,9.38364,4.91735,1.4765778,b_argo_parnaibaiii_v3_disjuntor6
ARGO_PARNAIBAIII_V3::BRAVO::DISJUNTOR5,-3.1223278541655226,-41.76445245927033,72.0,"[(-3.1223344863660265, -41.76447457890624), (-3.122321221965019, -41.764430339634416)]","[(-3.1223344863660265, -41.76447457890624), (-3.122321221965019, -41.764430339634416)]",96.97495,9.397,4.91735,1.4765778,b_argo_parnaibaiii_v3_disjuntor5
ARGO_PARNAIBAIII_V3::BRAVO::DISJUNTOR4,-3.1223928551978126,-41.764452347540114,72.0,"[(-3.122399487398316, -41.76447446717603), (-3.122386222997309, -41.76443022790421)]","[(-3.122399487398316, -41.76447446717603), (-3.122386222997309, -41.76443022790421)]",89.73911,9.40942,4.91735,1.4765778,b_argo_parnaibaiii_v3_disjuntor4
ARGO_PARNAIBAIII_V3::BRAVO::DISJUNTOR3,-3.122258468754784,-41.76476396611635,72.0,"[(-3.1222651009552873, -41.764786085752256), (-3.1222518365542804, -41.76474184648043)]","[(-3.1222651009552873, -41.764786085752256), (-3.1222518365542804, -41.76474184648043)]",104.69885,-25.22808,4.91735,1.4765778,b_argo_parnaibaiii_v3_disjuntor3
ARGO_PARNAIBAIII_V3::BRAVO::DISJUNTOR2,-3.122328387891657,-41.76476384594201,72.0,"[(-3.12233502009216, -41.764785965577914), (-3.122321755691153, -41.7647417263061)]","[(-3.12233502009216, -41.764785965577914), (-3.122321755691153, -41.7647417263061)]",96.91553,-25.21472,4.91735,1.4765778,b_argo_parnaibaiii_v3_disjuntor2
ARGO_PARNAIBAIII_V3::BRAVO::DISJUNTOR1,-3.122393388786873,-41.7647637342118,72.0,"[(-3.122400020987377, -41.764785853847705), (-3.1223867565863697, -41.76474161457589)]","[(-3.122400020987377, -41.764785853847705), (-3.1223867565863697, -41.76474161457589)]",89.67971,-25.2023,4.91735,1.4765778,b_argo_parnaibaiii_v3_disjuntor1
ARGO_PARNAIBAIII_V3::BRAVO::BUSIP9,-3.1225346076529057,-41.76537750526184,76.0,"[(-3.122539310552939, -41.76538401794461), (-3.122529904752872, -41.76537099257906)]","[(-3.122539310552939, -41.76538401794461), (-3.122529904752872, -41.76537099257906)]",73.95939,-93.4251,1.447815,1.0470428,b_argo_parnaibaiii_v3_busip9
ARGO_PARNAIBAIII_V3::BRAVO::BUSIP8,-3.1222266348434418,-41.76545429322806,76.0,"[(-3.122231337743475, -41.76546080591084), (-3.122221931943408, -41.76544778054528)]","[(-3.122231337743475, -41.76546080591084), (-3.122221931943408, -41.76544778054528)]",108.24257,-101.96035,1.447815,1.0470428,b_argo_parnaibaiii_v3_busip8
ARGO_PARNAIBAIII_V3::BRAVO::BUSIP7,-3.122318736202152,-41.765454134780576,76.0,"[(-3.122323439102186, -41.76546064746336), (-3.1223140333021187, -41.765447622097795)]","[(-3.122323439102186, -41.76546064746336), (-3.1223140333021187, -41.765447622097795)]",97.98995,-101.94274,1.447815,1.0470428,b_argo_parnaibaiii_v3_busip7
ARGO_PARNAIBAIII_V3::BRAVO::BUSIP6,-3.122406923240609,-41.765453983198206,76.0,"[(-3.1224116261406434, -41.76546049588099), (-3.122402220340576, -41.765447470515426)]","[(-3.1224116261406434, -41.76546049588099), (-3.122402220340576, -41.765447470515426)]",88.17307,-101.92589,1.447815,1.0470428,b_argo_parnaibaiii_v3_busip6
ARGO_PARNAIBAIII_V3::BRAVO::BUSIP5,-3.1224981807729426,-41.765435316622096,76.0,"[(-3.1225028836729765, -41.765441829304876), (-3.1224934778729088, -41.765428803939315)]","[(-3.1225028836729765, -41.765441829304876), (-3.1224934778729088, -41.765428803939315)]",78.01439,-99.85104,1.447815,1.0470428,b_argo_parnaibaiii_v3_busip5
ARGO_PARNAIBAIII_V3::BRAVO::BUSIP40,-3.122199259772883,-41.76383029190818,72.0,"[(-3.1222039626729168, -41.76383680459096), (-3.1221945568728495, -41.763823779225405)]","[(-3.1222039626729168, -41.76383680459096), (-3.1221945568728495, -41.763823779225405)]",111.28993,78.55308,1.447815,1.0470428,b_argo_parnaibaiii_v3_busip40
ARGO_PARNAIBAIII_V3::BRAVO::BUSIP4,-3.122261162478325,-41.76550694680389,76.0,"[(-3.122265865378359, -41.76551345948667), (-3.122256459578291, -41.76550043412111)]","[(-3.122265865378359, -41.76551345948667), (-3.122256459578291, -41.76550043412111)]",104.39899,-107.81298,1.447815,1.0470428,b_argo_parnaibaiii_v3_busip4
ARGO_PARNAIBAIII_V3::BRAVO::BUSIP39,-3.1222868177841265,-41.76383014142423,72.0,"[(-3.12229152068416, -41.76383665410701), (-3.1222821148840927, -41.76382362874145)]","[(-3.12229152068416, -41.76383665410701), (-3.1222821148840927, -41.76382362874145)]",101.54307,78.56981,1.447815,1.0470428,b_argo_parnaibaiii_v3_busip39
ARGO_PARNAIBAIII_V3::BRAVO::BUSIP38,-3.122369657474436,-41.76382999917843,72.0,"[(-3.1223743603744696, -41.76383651186121), (-3.1223649545744023, -41.76382348649565)]","[(-3.1223743603744696, -41.76383651186121), (-3.1223649545744023, -41.76382348649565)]",92.32145,78.58562,1.447815,1.0470428,b_argo_parnaibaiii_v3_busip38
ARGO_PARNAIBAIII_V3::BRAVO::BUSIP37,-3.122453707380756,-41.76382985459853,72.0,"[(-3.1224584102807897, -41.76383636728131), (-3.1224490044807225, -41.763823341915746)]","[(-3.1224584102807897, -41.76383636728131), (-3.1224490044807225, -41.763823341915746)]",82.96511,78.60169,1.447815,1.0470428,b_argo_parnaibaiii_v3_busip37
ARGO_PARNAIBAIII_V3::BRAVO::BUSIP36,-3.1225428319288304,-41.76382970136853,76.0,"[(-3.122547534828864, -41.76383621405131), (-3.1225381290287966, -41.76382318868575)]","[(-3.122547534828864, -41.76383621405131), (-3.1225381290287966, -41.76382318868575)]",73.04387,78.61872,1.447815,1.0470428,b_argo_parnaibaiii_v3_busip36
ARGO_PARNAIBAIII_V3::BRAVO::BUSIP35,-3.1222869485765266,-41.76390651306658,72.0,"[(-3.1222916514765604, -41.76391302574936), (-3.1222822456764927, -41.763900000383806)]","[(-3.1222916514765604, -41.76391302574936), (-3.1222822456764927, -41.763900000383806)]",101.52851,70.08083,1.447815,1.0470428,b_argo_parnaibaiii_v3_busip35
ARGO_PARNAIBAIII_V3::BRAVO::BUSIP34,-3.122369493834398,-41.76390637123271,72.0,"[(-3.122374196734432, -41.76391288391549), (-3.122364790934365, -41.76389985854993)]","[(-3.122374196734432, -41.76391288391549), (-3.122364790934365, -41.76389985854993)]",92.33967,70.0966,1.447815,1.0470428,b_argo_parnaibaiii_v3_busip34
ARGO_PARNAIBAIII_V3::BRAVO::BUSIP33,-3.122453838173156,-41.76390622624088,72.0,"[(-3.1224585410731898, -41.76391273892366), (-3.1224491352731225, -41.7638997135581)]","[(-3.1224585410731898, -41.76391273892366), (-3.1224491352731225, -41.7638997135581)]",82.95055,70.11271,1.447815,1.0470428,b_argo_parnaibaiii_v3_busip33
ARGO_PARNAIBAIII_V3::BRAVO::BUSIP32,-3.122542846003644,-41.76390585014215,76.0,"[(-3.122547548903677, -41.76391236282493), (-3.12253814310361, -41.76389933745937)]","[(-3.122547548903677, -41.76391236282493), (-3.12253814310361, -41.76389933745937)]",73.04231,70.15452,1.447815,1.0470428,b_argo_parnaibaiii_v3_busip32
ARGO_PARNAIBAIII_V3::BRAVO::BUSIP31,-3.122197846268996,-41.76485328614853,72.0,"[(-3.1222025491690295, -41.76485979883131), (-3.1221931433689623, -41.76484677346575)]","[(-3.1222025491690295, -41.76485979883131), (-3.1221931433689623, -41.76484677346575)]",111.44728,-35.15631,1.447815,1.0470428,b_argo_parnaibaiii_v3_busip31
ARGO_PARNAIBAIII_V3::BRAVO::BUSIP30,-3.1222444822836013,-41.76485320599797,72.0,"[(-3.1222491851836347, -41.76485971868075), (-3.1222397793835674, -41.7648466933152)]","[(-3.1222491851836347, -41.76485971868075), (-3.1222397793835674, -41.7648466933152)]",106.25581,-35.1474,1.447815,1.0470428,b_argo_parnaibaiii_v3_busip30
ARGO_PARNAIBAIII_V3::BRAVO::BUSIP3,-3.1223698907712434,-41.765506759934674,76.0,"[(-3.122374593671277, -41.765513272617454), (-3.1223651878712095, -41.7655002472519)]","[(-3.122374593671277, -41.765513272617454), (-3.1223651878712095, -41.7655002472519)]",92.29548,-107.79221,1.447815,1.0470428,b_argo_parnaibaiii_v3_busip3
ARGO_PARNAIBAIII_V3::BRAVO::BUSIP29,-3.122286468513687,-41.76485313377668,72.0,"[(-3.1222911714137207, -41.764859646459456), (-3.1222817656136534, -41.764846621093895)]","[(-3.1222911714137207, -41.764859646459456), (-3.1222817656136534, -41.764846621093895)]",101.58195,-35.13938,1.447815,1.0470428,b_argo_parnaibaiii_v3_busip29
ARGO_PARNAIBAIII_V3::BRAVO::BUSIP28,-3.1223262177151967,-41.76485306546849,72.0,"[(-3.1223309206152305, -41.764859578151274), (-3.122321514815163, -41.76484655278571)]","[(-3.1223309206152305, -41.764859578151274), (-3.122321514815163, -41.76484655278571)]",97.15712,-35.13178,1.447815,1.0470428,b_argo_parnaibaiii_v3_busip28
ARGO_PARNAIBAIII_V3::BRAVO::BUSIP27,-3.1223677307698754,-41.764852994139645,72.0,"[(-3.1223724336699092, -41.764859506822425), (-3.1223630278698415, -41.76484648145687)]","[(-3.1223724336699092, -41.764859506822425), (-3.1223630278698415, -41.76484648145687)]",92.53593,-35.12386,1.447815,1.0470428,b_argo_parnaibaiii_v3_busip27
ARGO_PARNAIBAIII_V3::BRAVO::BUSIP26,-3.122408153273123,-41.7648529246644,72.0,"[(-3.122412856173157, -41.76485943734718), (-3.1224034503730898, -41.764846411981615)]","[(-3.122412856173157, -41.76485943734718), (-3.1224034503730898, -41.764846411981615)]",88.03614,-35.11613,1.447815,1.0470428,b_argo_parnaibaiii_v3_busip26
ARGO_PARNATorreIBAIII_V3::BRAVO::BUSIP25,-3.122453424316493,-41.764852846848,72.0,"[(-3.1224581272165266, -41.764859359530774), (-3.1224487214164593, -41.76484633416521)]","[(-3.1224581272165266, -41.764859359530774), (-3.1224487214164593, -41.76484633416521)]",82.99662,-35.10748,1.447815,1.0470428,b_argo_parnaibaiii_v3_busip25
ARGO_PARNAIBAIII_V3::BRAVO::BUSIP24,-3.1222000585121963,-41.76492930286122,72.0,"[(-3.1222047614122297, -41.764935815544), (-3.1221953556121624, -41.76492279017844)]","[(-3.1222047614122297, -41.764935815544), (-3.1221953556121624, -41.76492279017844)]",111.20101,-43.60584,1.447815,1.0470428,b_argo_parnaibaiii_v3_busip24
ARGO_PARNAIBAIII_V3::BRAVO::BUSIP23,-3.122285442137146,-41.76492915601582,72.0,"[(-3.12229014503718, -41.76493566869859), (-3.122280739237113, -41.76492264333304)]","[(-3.12229014503718, -41.76493566869859), (-3.122280739237113, -41.76492264333304)]",101.69621,-43.58951,1.447815,1.0470428,b_argo_parnaibaiii_v3_busip23
ARGO_PARNAIBAIII_V3::BRAVO::BUSIP22,-3.1223266949590585,-41.764929085098885,72.0,"[(-3.1223313978590923, -41.764935597781665), (-3.122321992059025, -41.764922572416104)]","[(-3.1223313978590923, -41.764935597781665), (-3.122321992059025, -41.764922572416104)]",97.10399,-43.58163,1.447815,1.0470428,b_argo_parnaibaiii_v3_busip22
ARGO_PARNAIBAIII_V3::BRAVO::BUSIP21,-3.122372025080818,-41.76492900724814,72.0,"[(-3.1223767279808516, -41.76493551993092), (-3.1223673221807844, -41.76492249456536)]","[(-3.1223767279808516, -41.76493551993092), (-3.1223673221807844, -41.76492249456536)]",92.05789,-43.57298,1.447815,1.0470428,b_argo_parnaibaiii_v3_busip21
ARGO_PARNAIBAIII_V3::BRAVO::BUSIP20,-3.122409440137652,-41.76492894285311,72.0,"[(-3.1224141430376857, -41.76493545553589), (-3.1224047372376185, -41.76492243017033)]","[(-3.1224141430376857, -41.76493545553589), (-3.1224047372376185, -41.76492243017033)]",87.89289,-43.56582,1.447815,1.0470428,b_argo_parnaibaiii_v3_busip20
ARGO_PARNAIBAIII_V3::BRAVO::BUSIP2,-3.122474433887997,-41.7655065803425,76.0,"[(-3.1224791367880314, -41.765513093025284), (-3.122469730987964, -41.76550006765972)]","[(-3.1224791367880314, -41.765513093025284), (-3.122469730987964, -41.76550006765972)]",80.65786,-107.77225,1.447815,1.0470428,b_argo_parnaibaiii_v3_busip2
ARGO_PARNAIBAIII_V3::BRAVO::BUSIP19,-3.122452051077158,-41.76492886967067,72.0,"[(-3.1224567539771915, -41.76493538235345), (-3.122447348177124, -41.76492235698789)]","[(-3.1224567539771915, -41.76493538235345), (-3.122447348177124, -41.76492235698789)]",83.14949,-43.55769,1.447815,1.0470428,b_argo_parnaibaiii_v3_busip19
ARGO_PARNAIBAIII_V3::BRAVO::BUSIP18,-3.122259201084647,-41.76524002971029,76.0,"[(-3.1222639039846802, -41.765246542393065), (-3.122254498184613, -41.765233517027504)]","[(-3.1222639039846802, -41.765246542393065), (-3.122254498184613, -41.765233517027504)]",104.61733,-78.14421,1.447815,1.0470428,b_argo_parnaibaiii_v3_busip18
ARGO_PARNAIBAIII_V3::BRAVO::BUSIP17,-3.122328101427833,-41.76524027321665,76.0,"[(-3.122332804327866, -41.76524678589943), (-3.122323398527799, -41.76523376053387)]","[(-3.122332804327866, -41.76524678589943), (-3.122323398527799, -41.76523376053387)]",96.94742,-78.17128,1.447815,1.0470428,b_argo_parnaibaiii_v3_busip17
ARGO_PARNAIBAIII_V3::BRAVO::BUSIP16,-3.12239590183006,-41.76524039736126,76.0,"[(-3.1224006047300934, -41.76524691004404), (-3.122391198930026, -41.76523388467848)]","[(-3.1224006047300934, -41.76524691004404), (-3.122391198930026, -41.76523388467848)]",89.39996,-78.18508,1.447815,1.0470428,b_argo_parnaibaiii_v3_busip16
ARGO_PARNAIBAIII_V3::BRAVO::BUSIP15,-3.122259317892932,-41.76530816900456,76.0,"[(-3.1222640207929655, -41.765314681687336), (-3.1222546149928982, -41.765301656321775)]","[(-3.1222640207929655, -41.765314681687336), (-3.1222546149928982, -41.765301656321775)]",104.60433,-85.71814,1.447815,1.0470428,b_argo_parnaibaiii_v3_busip15
ARGO_PARNAIBAIII_V3::BRAVO::BUSIP14,-3.122328218099045,-41.7653084126482,76.0,"[(-3.122332920999079, -41.765314925330976), (-3.1223235151990116, -41.76530189996542)]","[(-3.122332920999079, -41.765314925330976), (-3.1223235151990116, -41.76530189996542)]",96.93444,-85.74522,1.447815,1.0470428,b_argo_parnaibaiii_v3_busip14
ARGO_PARNAIBAIII_V3::BRAVO::BUSIP1,-3.1225347956155107,-41.76548708201681,76.0,"[(-3.1225394985155446, -41.76549359469959), (-3.122530092715477, -41.76548056933403)]","[(-3.1225394985155446, -41.76549359469959), (-3.122530092715477, -41.76548056933403)]",73.93846,-105.60494,1.447815,1.0470428,b_argo_parnaibaiii_v3_busip1
ARGO_PARNAIBAIII_V3::CHARLIE_DELTA::BUSIP13.003,-3.1227269158540856,-41.76492770046346,76.0,"[(-3.122731618754119, -41.76493421314624), (-3.1227222129540517, -41.76492118778068)]","[(-3.122731618754119, -41.76493421314624), (-3.1227222129540517, -41.76492118778068)]",52.55186,-43.42772,1.447815,1.0470428,cd_argo_parnaibaiii_v3_busip13.003
ARGO_PARNAIBAIII_V3::BRAVO::BUSIP13,-3.122396018638345,-41.76530853665553,76.0,"[(-3.1224007215383787, -41.76531504933831), (-3.122391315738311, -41.76530202397275)]","[(-3.1224007215383787, -41.76531504933831), (-3.122391315738311, -41.76530202397275)]",89.38696,-85.759,1.447815,1.0470428,b_argo_parnaibaiii_v3_busip13
ARGO_PARNAIBAIII_V3::BRAVO::BUSIP12,-3.122261767621408,-41.76540440747146,76.0,"[(-3.122266470521441, -41.76541092015424), (-3.122257064721374, -41.76539789478868)]","[(-3.122266470521441, -41.76541092015424), (-3.122257064721374, -41.76539789478868)]",104.33163,-96.41538,1.447815,1.0470428,b_argo_parnaibaiii_v3_busip12
ARGO_PARNAIBAIII_V3::BRAVO::BUSIP11,-3.122329497430887,-41.76540379450871,76.0,"[(-3.1223342003309202, -41.76541030719148), (-3.122324794530853, -41.765397281825926)]","[(-3.1223342003309202, -41.76541030719148), (-3.122324794530853, -41.765397281825926)]",96.79202,-96.34725,1.447815,1.0470428,b_argo_parnaibaiii_v3_busip11
ARGO_PARNAIBAIII_V3::BRAVO::BUSIP10,-3.1224329129180486,-41.76540373530859,76.0,"[(-3.1224376158180824, -41.76541024799137), (-3.1224282100180147, -41.76539722262581)]","[(-3.1224376158180824, -41.76541024799137), (-3.1224282100180147, -41.76539722262581)]",85.27993,-96.34067,1.447815,1.0470428,b_argo_parnaibaiii_v3_busip10
ARGO_PARNAIBAIII_V3::BRAVO::BUSCSB8,-3.12236838247165,-41.76397916551258,72.0,"[(-3.1223733216173977, -41.76398618776635), (-3.1223634433259027, -41.76397214325881)]","[(-3.1223733216173977, -41.76398618776635), (-3.1223634433259027, -41.76397214325881)]",92.46338,62.00526,1.5610962,1.09964,b_argo_parnaibaiii_v3_buscsb8
ARGO_PARNAIBAIII_V3::BRAVO::BUSCSB7,-3.1224524832319904,-41.763979021069936,72.0,"[(-3.122457422377738, -41.763986043323705), (-3.122447544086243, -41.76397199881617)]","[(-3.122457422377738, -41.763986043323705), (-3.122447544086243, -41.76397199881617)]",83.10138,62.02131,1.5610962,1.09964,b_argo_parnaibaiii_v3_buscsb7
ARGO_PARNAIBAIII_V3::BRAVO::BUSCSB6,-3.1225412354217235,-41.76397886838917,76.0,"[(-3.122546174567471, -41.763985890642935), (-3.122536296275976, -41.763971846135405)]","[(-3.122546174567471, -41.763985890642935), (-3.122536296275976, -41.763971846135405)]",73.22159,62.03828,1.5610962,1.09964,b_argo_parnaibaiii_v3_buscsb6
ARGO_PARNAIBAIII_V3::BRAVO::BUSCSB5,-3.122198590554781,-41.76500301521365,72.0,"[(-3.122203529700529, -41.76501003746741), (-3.1221936514090345, -41.764995992959875)]","[(-3.122203529700529, -41.76501003746741), (-3.1221936514090345, -41.764995992959875)]",111.36442,-51.79922,1.5610962,1.09964,b_argo_parnaibaiii_v3_buscsb5
ARGO_PARNAIBAIII_V3::BRAVO::BUSCSB4,-3.1222856509916546,-41.76500286555352,72.0,"[(-3.1222905901374016, -41.76500988780729), (-3.122280711845907, -41.76499584329975)]","[(-3.1222905901374016, -41.76500988780729), (-3.122280711845907, -41.76499584329975)]",101.67296,-51.78259,1.5610962,1.09964,b_argo_parnaibaiii_v3_buscsb4
ARGO_PARNAIBAIII_V3::BRAVO::BUSCSB3,-3.122366575774537,-41.76500272646571,72.0,"[(-3.1223715149202844, -41.76500974871947), (-3.1223616366287894, -41.76499570421194)]","[(-3.1223715149202844, -41.76500974871947), (-3.1223616366287894, -41.76499570421194)]",92.6645,-51.76713,1.5610962,1.09964,b_argo_parnaibaiii_v3_buscsb3
ARGO_PARNAIBAIII_V3::BRAVO::BUSCSB2,-3.122407821194516,-41.76500265554878,72.0,"[(-3.1224127603402634, -41.765009677802546), (-3.122402882048769, -41.76499563329501)]","[(-3.1224127603402634, -41.765009677802546), (-3.122402882048769, -41.76499563329501)]",88.07311,-51.75925,1.5610962,1.09964,b_argo_parnaibaiii_v3_buscsb2
ARGO_PARNAIBAIII_V3::BRAVO::BUSCSB1,-3.1224521993454752,-41.76500257934567,72.0,"[(-3.1224571384912228, -41.76500960159944), (-3.1224472601997277, -41.7649955570919)]","[(-3.1224571384912228, -41.76500960159944), (-3.1224472601997277, -41.7649955570919)]",83.13299,-51.75077,1.5610962,1.09964,b_argo_parnaibaiii_v3_buscsb1
ARGO_PARNAIBAIII_V3::CHARLIE_DELTA::SECV9,-3.1230371261668486,-41.76452043589982,77.0,"[(-3.123042065312596, -41.76453023309899), (-3.123032187021101, -41.76451063870065)]","[(-3.123042065312596, -41.76453023309899), (-3.123032187021101, -41.76451063870065)]",18.01961,1.84116,2.177986,1.09964,cd_argo_parnaibaiii_v3_secv9
ARGO_PARNAIBAIII_V3::CHARLIE_DELTA::SECV8,-3.123105395752156,-41.7645203116592,77.0,"[(-3.1231103348979032, -41.76453010885837), (-3.1231004566064082, -41.76451051446003)]","[(-3.1231103348979032, -41.76453010885837), (-3.1231004566064082, -41.76451051446003)]",10.41992,1.85497,2.177986,1.09964,cd_argo_parnaibaiii_v3_secv8
ARGO_PARNAIBAIII_V3::CHARLIE_DELTA::SECV7,-3.123173033217543,-41.76452018856848,77.0,"[(-3.1231779723632904, -41.764529985767645), (-3.1231680940717954, -41.764510391369306)]","[(-3.1231779723632904, -41.764529985767645), (-3.1231680940717954, -41.764510391369306)]",2.89059,1.86865,2.177986,1.09964,cd_argo_parnaibaiii_v3_secv7
ARGO_PARNAIBAIII_V3::CHARLIE_DELTA::SECV6,-3.122786962619741,-41.765109767170166,77.0,"[(-3.1227919017654884, -41.765119564369336), (-3.1227820234739934, -41.765099969971)]","[(-3.1227919017654884, -41.765119564369336), (-3.1227820234739934, -41.765099969971)]",45.86753,-63.66508,2.177986,1.09964,cd_argo_parnaibaiii_v3_secv6
ARGO_PARNAIBAIII_V3::CHARLIE_DELTA::SECV5,-3.122855050120928,-41.76510964339291,77.0,"[(-3.1228599892666757, -41.76511944059209), (-3.1228501109751807, -41.76509984619374)]","[(-3.1228599892666757, -41.76511944059209), (-3.1228501109751807, -41.76509984619374)]",38.2881,-63.65132,2.177986,1.09964,cd_argo_parnaibaiii_v3_secv5
ARGO_PARNAIBAIII_V3::CHARLIE_DELTA::SECV4,-3.122923501756087,-41.76510951879188,77.0,"[(-3.122928440901834, -41.76511931599105), (-3.1229185626103395, -41.76509972159271)]","[(-3.122928440901834, -41.76511931599105), (-3.1229185626103395, -41.76509972159271)]",30.66815,-63.63747,2.177986,1.09964,cd_argo_parnaibaiii_v3_secv4
ARGO_PARNAIBAIII_V3::CHARLIE_DELTA::SECV3,-3.123038194601832,-41.76510931009372,77.0,"[(-3.1230431337475797, -41.76511910729289), (-3.1230332554560847, -41.76509951289455)]","[(-3.1230431337475797, -41.76511910729289), (-3.1230332554560847, -41.76509951289455)]",17.90067,-63.61427,2.177986,1.09964,cd_argo_parnaibaiii_v3_secv3
ARGO_PARNAIBAIII_V3::CHARLIE_DELTA::SECV2,-3.12310646418714,-41.76510918583594,77.0,"[(-3.123111403332887, -41.76511898303511), (-3.123101525041392, -41.76509938863677)]","[(-3.123111403332887, -41.76511898303511), (-3.123101525041392, -41.76509938863677)]",10.30098,-63.60046,2.177986,1.09964,cd_argo_parnaibaiii_v3_secv2
ARGO_PARNAIBAIII_V3::CHARLIE_DELTA::SECV12,-3.1227858942190254,-41.76452089307923,77.0,"[(-3.122790833364773, -41.7645306902784), (-3.122780955073278, -41.76451109588005)]","[(-3.122790833364773, -41.7645306902784), (-3.122780955073278, -41.76451109588005)]",45.98646,1.79034,2.177986,1.09964,cd_argo_parnaibaiii_v3_secv12
ARGO_PARNAIBAIII_V3::CHARLIE_DELTA::SECV11,-3.1228539816516765,-41.76452076918186,77.0,"[(-3.1228589207974236, -41.764530566381026), (-3.122849042505929, -41.76451097198269)]","[(-3.1228589207974236, -41.764530566381026), (-3.122849042505929, -41.76451097198269)]",38.40704,1.80411,2.177986,1.09964,cd_argo_parnaibaiii_v3_secv11
ARGO_PARNAIBAIII_V3::CHARLIE_DELTA::SECV10,-3.122922433355372,-41.76452064461514,77.0,"[(-3.1229273725011186, -41.76453044181431), (-3.122917494209624, -41.76451084741597)]","[(-3.1229273725011186, -41.76453044181431), (-3.122917494209624, -41.76451084741597)]",30.78708,1.81796,2.177986,1.09964,cd_argo_parnaibaiii_v3_secv10
ARGO_PARNAIBAIII_V3::CHARLIE_DELTA::SECV1,-3.1231741016696604,-41.76510906274521,77.0,"[(-3.123179040815408, -41.76511885994439), (-3.1231691625239133, -41.76509926554604)]","[(-3.123179040815408, -41.76511885994439), (-3.1231691625239133, -41.76509926554604)]",2.77165,-63.58678,2.177986,1.09964,cd_argo_parnaibaiii_v3_secv1
ARGO_PARNAIBAIII_V3::CHARLIE_DELTA::SECH18,-3.122785441603778,-41.7643085155829,77.0,"[(-3.122790204884424, -41.76433823791223), (-3.1227806783231324, -41.76427879325357)]","[(-3.122790204884424, -41.76433823791223), (-3.1227806783231324, -41.76427879325357)]",46.03684,25.39684,6.607482,1.0604858,cd_argo_parnaibaiii_v3_sech18
ARGO_PARNAIBAIII_V3::CHARLIE_DELTA::SECH17,-3.122853104384804,-41.76430839235489,77.0,"[(-3.122857867665449, -41.76433811468422), (-3.1228483411041577, -41.76427867002556)]","[(-3.122857867665449, -41.76433811468422), (-3.1228483411041577, -41.76427867002556)]",38.5047,25.41054,6.607482,1.0604858,cd_argo_parnaibaiii_v3_sech17
ARGO_PARNAIBAIII_V3::CHARLIE_DELTA::SECH16,-3.1229198567966323,-41.764308270980415,77.0,"[(-3.1229246200772782, -41.764337993309745), (-3.1229150935159864, -41.764278548651085)]","[(-3.1229246200772782, -41.764337993309745), (-3.1229150935159864, -41.764278548651085)]",31.0739,25.42403,6.607482,1.0604858,cd_argo_parnaibaiii_v3_sech16
ARGO_PARNAIBAIII_V3::CHARLIE_DELTA::SECH15,-3.123037583783725,-41.76430805665292,77.0,"[(-3.1230423470643704, -41.764337778982245), (-3.123032820503079, -41.764278334323585)]","[(-3.1230423470643704, -41.764337778982245), (-3.123032820503079, -41.764278334323585)]",17.96867,25.44785,6.607482,1.0604858,cd_argo_parnaibaiii_v3_sech15
ARGO_PARNAIBAIII_V3::CHARLIE_DELTA::SECH14,-3.1231060640328367,-41.76430793212051,77.0,"[(-3.123110827313482, -41.76433765444984), (-3.123101300752191, -41.76427820979118)]","[(-3.123110827313482, -41.76433765444984), (-3.123101300752191, -41.76427820979118)]",10.34552,25.4617,6.607482,1.0604858,cd_argo_parnaibaiii_v3_sech14
ARGO_PARNAIBAIII_V3::CHARLIE_DELTA::SECH13,-3.1231726478879205,-41.764307810883366,77.0,"[(-3.1231774111685664, -41.7643375332127), (-3.123167884607275, -41.764278088554036)]","[(-3.1231774111685664, -41.7643375332127), (-3.123167884607275, -41.764278088554036)]",2.93349,25.47517,6.607482,1.0604858,cd_argo_parnaibaiii_v3_sech13
ARGO_PARNAIBAIII_V3::ECHO_FOX::REATOR811,-3.1234484170501866,-41.76332279838121,77.0,"[(-3.123475856492263, -41.763336604028076), (-3.12342097760811, -41.763308992734345)]","[(-3.123475856492263, -41.763336604028076), (-3.12342097760811, -41.763308992734345)]",-27.76482,134.96276,3.069092,6.109054,ef_argo_parnaibaiii_v3_reator811
ARGO_PARNAIBAIII_V3::BRAVO::IP3,-3.122260589266943,-41.7651702055496,72.0,"[(-3.1222652921669765, -41.76517671823238), (-3.122255886366909, -41.76516369286682)]","[(-3.1222652921669765, -41.76517671823238), (-3.122255886366909, -41.76516369286682)]",104.4628,-70.38301,1.447815,1.0470428,b_argo_parnaibaiii_v3_ip3
ARGO_PARNAIBAIII_V3::BRAVO::IP2,-3.122328312702696,-41.76517008239021,72.0,"[(-3.122333015602729, -41.765176595072994), (-3.122323609802662, -41.76516356970743)]","[(-3.122333015602729, -41.765176595072994), (-3.122323609802662, -41.76516356970743)]",96.9239,-70.36932,1.447815,1.0470428,b_argo_parnaibaiii_v3_ip2
ARGO_PARNAIBAIII_V3::CHARLIE_DELTA::IP1,-3.123175957252528,-41.76516853980876,77.0,"[(-3.123180660152562, -41.76517505249154), (-3.1231712543524948, -41.76516202712598)]","[(-3.123180660152562, -41.76517505249154), (-3.1231712543524948, -41.76516202712598)]",2.56509,-70.19786,1.447815,1.0470428,cd_argo_parnaibaiii_v3_ip1
ARGO_PARNAIBAIII_V3::ECHO_FOX::DISJUNTOR13,-3.12372539768638,-41.764066160282255,77.0,"[(-3.1237320298868836, -41.76408827991816), (-3.1237187654858767, -41.76404404064634)]","[(-3.1237320298868836, -41.76408827991816), (-3.1237187654858767, -41.76404404064634)]",-58.59798,52.33548,4.91735,1.4765778,ef_argo_parnaibaiii_v3_disjuntor13
ARGO_PARNAIBAIII_V3::ECHO_FOX::DISJUNTOR12,-3.123590907023128,-41.76445029849877,77.0,"[(-3.123597539223632, -41.76447241813468), (-3.123584274822625, -41.76442817886286)]","[(-3.123597539223632, -41.76447241813468), (-3.123584274822625, -41.76442817886286)]",-43.62664,9.63718,4.91735,1.4765778,ef_argo_parnaibaiii_v3_disjuntor12
ARGO_PARNAIBAIII_V3::ECHO_FOX::DISJUNTOR11,-3.1236605488616647,-41.76445017178672,77.0,"[(-3.123667181062168, -41.76447229142263), (-3.123653916661161, -41.764428052150805)]","[(-3.123667181062168, -41.76447229142263), (-3.123653916661161, -41.764428052150805)]",-51.37909,9.65126,4.91735,1.4765778,ef_argo_parnaibaiii_v3_disjuntor11
ARGO_PARNAIBAIII_V3::ECHO_FOX::BUSIP47,-3.12333283186947,-41.76382362318286,77.0,"[(-3.1233375347695036, -41.76383013586564), (-3.1233281289694363, -41.76381711050008)]","[(-3.1233375347695036, -41.76383013586564), (-3.1233281289694363, -41.76381711050008)]",-14.89801,79.29433,1.447815,1.0470428,ef_argo_parnaibaiii_v3_busip47
ARGO_PARNAIBAIII_V3::CHARLIE_DELTA::BUSIP36.x001,-3.123150224397713,-41.7639046700499,77.0,"[(-3.123154927297747, -41.76391118273268), (-3.1231455214976793, -41.763898157367116)]","[(-3.123154927297747, -41.76391118273268), (-3.1231455214976793, -41.763898157367116)]",5.42964,70.28569,1.447815,1.0470428,cd_argo_parnaibaiii_v3_busip36.x001
ARGO_PARNAIBAIII_V3::CHARLIE_DELTA::BUSIP33,-3.123282817686062,-41.763901384425296,77.0,"[(-3.1232875205860955, -41.763907897108076), (-3.1232781147860282, -41.76389487174252)]","[(-3.1232875205860955, -41.763907897108076), (-3.1232781147860282, -41.76389487174252)]",-9.33049,70.6509,1.447815,1.0470428,cd_argo_parnaibaiii_v3_busip33
ARGO_PARNAIBAIII_V3::ECHO_FOX::BUSIP32,-3.1233329727885493,-41.76390129339441,77.0,"[(-3.1233376756885827, -41.76390780607719), (-3.1233282698885154, -41.76389478071163)]","[(-3.1233376756885827, -41.76390780607719), (-3.1233282698885154, -41.76389478071163)]",-14.9137,70.66102,1.447815,1.0470428,ef_argo_parnaibaiii_v3_busip32
ARGO_PARNAIBAIII_V3::BRAVO::BUSIP3.003,-3.122370824579862,-41.765506661026485,76.0,"[(-3.1223755274798957, -41.765513173709266), (-3.1223661216798284, -41.76550014834371)]","[(-3.1223755274798957, -41.765513173709266), (-3.1223661216798284, -41.76550014834371)]",92.19153,-107.78122,1.447815,1.0470428,b_argo_parnaibaiii_v3_busip3.003
ARGO_PARNAIBAIII_V3::CHARLIE_DELTA::BUSIP13,-3.122727775677942,-41.76492851472009,77.0,"[(-3.122732478577976, -41.76493502740287), (-3.1227230727779087, -41.76492200203731)]","[(-3.122732478577976, -41.76493502740287), (-3.1227230727779087, -41.76492200203731)]",52.45615,-43.51823,1.447815,1.0470428,cd_argo_parnaibaiii_v3_busip13
ARGO_PARNAIBAIII_V3::CHARLIE_DELTA::BUSCSB21,-3.122853342715726,-41.76397967375822,77.0,"[(-3.1228582818614736, -41.76398669601199), (-3.122848403569979, -41.76397265150445)]","[(-3.1228582818614736, -41.76398669601199), (-3.122848403569979, -41.76397265150445)]",38.47817,61.94876,1.5610962,1.09964,cd_argo_parnaibaiii_v3_buscsb21
