<?xml version="1.0" encoding="UTF-8"?>
<kml xmlns="http://www.opengis.net/kml/2.2">
  <Document>
    <name>Grafo de Caminhos - Parnaíba III (Amostra)</name>
    <description>Caminhos possíveis entre pontos de observação (amostra para melhor performance)</description>
    
    <!-- Estilos -->
    <Style id="node_style">
      <IconStyle>
        <color>ff00ff00</color>
        <scale>0.6</scale>
        <Icon><href>http://maps.google.com/mapfiles/kml/shapes/placemark_circle.png</href></Icon>
      </IconStyle>
    </Style>
    
    <Style id="edge_style">
      <LineStyle>
        <color>ff0000ff</color>
        <width>1</width>
      </LineStyle>
    </Style>
    
    <!-- Pontos de Observação -->
    <Folder>
      <name>Pontos de Observação (Amostra)</name>
      <Placemark>
        <name>ef_busip31.002.3093</name>
        <description>ID: ef_busip31.002.3093
Coordenadas: (-114.17, -37.68)
GPS: (-3.12217338, -41.76487599)</description>
        <styleUrl>#node_style</styleUrl>
        <Point>
          <coordinates>-41.76487598886887,-3.122173376710628,0</coordinates>
        </Point>
      </Placemark>
      <Placemark>
        <name>ef_busip31.002.3087</name>
        <description>ID: ef_busip31.002.3087
Coordenadas: (-114.17, -32.59)
GPS: (-3.12217338, -41.76483022)</description>
        <styleUrl>#node_style</styleUrl>
        <Point>
          <coordinates>-41.76483022153004,-3.122173376710628,0</coordinates>
        </Point>
      </Placemark>
      <Placemark>
        <name>ef_buscsb5.002.3323</name>
        <description>ID: ef_buscsb5.002.3323
Coordenadas: (-114.14, -54.35)
GPS: (-3.12217361, -41.76502595)</description>
        <styleUrl>#node_style</styleUrl>
        <Point>
          <coordinates>-41.76502595445396,-3.122173612070598,0</coordinates>
        </Point>
      </Placemark>
      <Placemark>
        <name>ef_buscsb5.002.3318</name>
        <description>ID: ef_buscsb5.002.3318
Coordenadas: (-114.14, -49.25)
GPS: (-3.12217361, -41.76498008)</description>
        <styleUrl>#node_style</styleUrl>
        <Point>
          <coordinates>-41.76498007555769,-3.122173612070598,0</coordinates>
        </Point>
      </Placemark>
      <Placemark>
        <name>ef_busip40.002.3004</name>
        <description>ID: ef_busip40.002.3004
Coordenadas: (-114.01, 76.03)
GPS: (-3.12217479, -41.76385299)</description>
        <styleUrl>#node_style</styleUrl>
        <Point>
          <coordinates>-41.76385299456194,-3.1221747906670876,0</coordinates>
        </Point>
      </Placemark>
      <Placemark>
        <name>ef_busip40.002.3001</name>
        <description>ID: ef_busip40.002.3001
Coordenadas: (-114.01, 81.08)
GPS: (-3.12217479, -41.76380759)</description>
        <styleUrl>#node_style</styleUrl>
        <Point>
          <coordinates>-41.76380758888513,-3.1221747906670876,0</coordinates>
        </Point>
      </Placemark>
      <Placemark>
        <name>ef_busip24.002.3128</name>
        <description>ID: ef_busip24.002.3128
Coordenadas: (-113.92, -46.13)
GPS: (-3.12217559, -41.76495201)</description>
        <styleUrl>#node_style</styleUrl>
        <Point>
          <coordinates>-41.764952005367036,-3.122175589274008,0</coordinates>
        </Point>
      </Placemark>
      <Placemark>
        <name>ef_busip24.002.3124</name>
        <description>ID: ef_busip24.002.3124
Coordenadas: (-113.92, -41.08)
GPS: (-3.12217559, -41.76490660)</description>
        <styleUrl>#node_style</styleUrl>
        <Point>
          <coordinates>-41.76490659969022,-3.122175589274008,0</coordinates>
        </Point>
      </Placemark>
      <Placemark>
        <name>ef_buscsb5.002.3321</name>
        <description>ID: ef_buscsb5.002.3321
Coordenadas: (-111.17, -49.25)
GPS: (-3.12220033, -41.76498008)</description>
        <styleUrl>#node_style</styleUrl>
        <Point>
          <coordinates>-41.76498007555769,-3.1222003263254883,0</coordinates>
        </Point>
      </Placemark>
      <Placemark>
        <name>ef_busip24.002.3125</name>
        <description>ID: ef_busip24.002.3125
Coordenadas: (-111.17, -46.13)
GPS: (-3.12220033, -41.76495201)</description>
        <styleUrl>#node_style</styleUrl>
        <Point>
          <coordinates>-41.764952005367036,-3.1222003263254883,0</coordinates>
        </Point>
      </Placemark>
      <Placemark>
        <name>ef_busip24.002.3129</name>
        <description>ID: ef_busip24.002.3129
Coordenadas: (-111.17, -41.08)
GPS: (-3.12220033, -41.76490660)</description>
        <styleUrl>#node_style</styleUrl>
        <Point>
          <coordinates>-41.76490659969022,-3.1222003263254883,0</coordinates>
        </Point>
      </Placemark>
      <Placemark>
        <name>ef_busip31.002.3092</name>
        <description>ID: ef_busip31.002.3092
Coordenadas: (-111.17, -37.68)
GPS: (-3.12220033, -41.76487599)</description>
        <styleUrl>#node_style</styleUrl>
        <Point>
          <coordinates>-41.76487598886887,-3.1222003263254883,0</coordinates>
        </Point>
      </Placemark>
      <Placemark>
        <name>ef_busip31.002.3094</name>
        <description>ID: ef_busip31.002.3094
Coordenadas: (-111.17, -32.59)
GPS: (-3.12220033, -41.76483022)</description>
        <styleUrl>#node_style</styleUrl>
        <Point>
          <coordinates>-41.76483022153004,-3.1222003263254883,0</coordinates>
        </Point>
      </Placemark>
      <Placemark>
        <name>ef_busip40.002.3002</name>
        <description>ID: ef_busip40.002.3002
Coordenadas: (-111.17, 76.03)
GPS: (-3.12220033, -41.76385299)</description>
        <styleUrl>#node_style</styleUrl>
        <Point>
          <coordinates>-41.76385299456194,-3.1222003263254883,0</coordinates>
        </Point>
      </Placemark>
      <Placemark>
        <name>ef_busip8.002.2962</name>
        <description>ID: ef_busip8.002.2962
Coordenadas: (-110.97, -104.48)
GPS: (-3.12220217, -41.76547700)</description>
        <styleUrl>#node_style</styleUrl>
        <Point>
          <coordinates>-41.76547699557263,-3.122202165187542,0</coordinates>
        </Point>
      </Placemark>
      <Placemark>
        <name>ef_busip8.002.2967</name>
        <description>ID: ef_busip8.002.2967
Coordenadas: (-110.97, -99.44)
GPS: (-3.12220217, -41.76543159)</description>
        <styleUrl>#node_style</styleUrl>
        <Point>
          <coordinates>-41.76543158989581,-3.122202165187542,0</coordinates>
        </Point>
      </Placemark>
      <Placemark>
        <name>ef_sech6.002.2839</name>
        <description>ID: ef_sech6.002.2839
Coordenadas: (-110.14, 22.07)
GPS: (-3.12220955, -41.76433847)</description>
        <styleUrl>#node_style</styleUrl>
        <Point>
          <coordinates>-41.764338471842514,-3.122209552076975,0</coordinates>
        </Point>
      </Placemark>
      <Placemark>
        <name>ef_sech6.002.2835</name>
        <description>ID: ef_sech6.002.2835
Coordenadas: (-110.14, 27.15)
GPS: (-3.12220955, -41.76429271)</description>
        <styleUrl>#node_style</styleUrl>
        <Point>
          <coordinates>-41.76429271350025,-3.122209552076975,0</coordinates>
        </Point>
      </Placemark>
      <Placemark>
        <name>ef_sech3.002.2849</name>
        <description>ID: ef_sech3.002.2849
Coordenadas: (-109.99, -13.78)
GPS: (-3.12221092, -41.76466099)</description>
        <styleUrl>#node_style</styleUrl>
        <Point>
          <coordinates>-41.76466099249435,-3.1222109211174103,0</coordinates>
        </Point>
      </Placemark>
      <Placemark>
        <name>ef_sech3.002.2844</name>
        <description>ID: ef_sech3.002.2844
Coordenadas: (-109.99, -8.70)
GPS: (-3.12221092, -41.76461523)</description>
        <styleUrl>#node_style</styleUrl>
        <Point>
          <coordinates>-41.76461523415208,-3.1222109211174103,0</coordinates>
        </Point>
      </Placemark>
      <Placemark>
        <name>ef_disjuntor6.002.2923</name>
        <description>ID: ef_disjuntor6.002.2923
Coordenadas: (-109.22, 6.65)
GPS: (-3.12221788, -41.76447721)</description>
        <styleUrl>#node_style</styleUrl>
        <Point>
          <coordinates>-41.764477214209485,-3.1222178822029285,0</coordinates>
        </Point>
      </Placemark>
      <Placemark>
        <name>ef_disjuntor6.002.2919</name>
        <description>ID: ef_disjuntor6.002.2919
Coordenadas: (-109.22, 12.15)
GPS: (-3.12221788, -41.76442771)</description>
        <styleUrl>#node_style</styleUrl>
        <Point>
          <coordinates>-41.76442771239543,-3.1222178822029285,0</coordinates>
        </Point>
      </Placemark>
      <Placemark>
        <name>ef_disjuntor3.002.2946</name>
        <description>ID: ef_disjuntor3.002.2946
Coordenadas: (-109.16, -27.97)
GPS: (-3.12221842, -41.76478860)</description>
        <styleUrl>#node_style</styleUrl>
        <Point>
          <coordinates>-41.764788600709224,-3.122218415805303,0</coordinates>
        </Point>
      </Placemark>
      <Placemark>
        <name>ef_disjuntor3.002.2943</name>
        <description>ID: ef_disjuntor3.002.2943
Coordenadas: (-109.16, -22.46)
GPS: (-3.12221842, -41.76473910)</description>
        <styleUrl>#node_style</styleUrl>
        <Point>
          <coordinates>-41.76473909889517,-3.122218415805303,0</coordinates>
        </Point>
      </Placemark>
      <Placemark>
        <name>ef_buscsb5.002.3319</name>
        <description>ID: ef_buscsb5.002.3319
Coordenadas: (-108.58, -54.35)
GPS: (-3.12222357, -41.76502595)</description>
        <styleUrl>#node_style</styleUrl>
        <Point>
          <coordinates>-41.76502595445396,-3.122223568571664,0</coordinates>
        </Point>
      </Placemark>
      <Placemark>
        <name>ef_buscsb5.002.3317</name>
        <description>ID: ef_buscsb5.002.3317
Coordenadas: (-108.58, -53.32)
GPS: (-3.12222357, -41.76501674)</description>
        <styleUrl>#node_style</styleUrl>
        <Point>
          <coordinates>-41.76501673567111,-3.122223568571664,0</coordinates>
        </Point>
      </Placemark>
      <Placemark>
        <name>ef_buscsb5.002.3320</name>
        <description>ID: ef_buscsb5.002.3320
Coordenadas: (-108.58, -50.32)
GPS: (-3.12222357, -41.76498975)</description>
        <styleUrl>#node_style</styleUrl>
        <Point>
          <coordinates>-41.76498974596823,-3.122223568571664,0</coordinates>
        </Point>
      </Placemark>
      <Placemark>
        <name>ef_buscsb5.002.3322</name>
        <description>ID: ef_buscsb5.002.3322
Coordenadas: (-108.58, -49.25)
GPS: (-3.12222357, -41.76498008)</description>
        <styleUrl>#node_style</styleUrl>
        <Point>
          <coordinates>-41.76498007555769,-3.122223568571664,0</coordinates>
        </Point>
      </Placemark>
      <Placemark>
        <name>ef_busip40.002.3000</name>
        <description>ID: ef_busip40.002.3000
Coordenadas: (-108.57, 76.03)
GPS: (-3.12222373, -41.76385299)</description>
        <styleUrl>#node_style</styleUrl>
        <Point>
          <coordinates>-41.76385299456194,-3.1222237293710324,0</coordinates>
        </Point>
      </Placemark>
      <Placemark>
        <name>ef_busip40.002.3003</name>
        <description>ID: ef_busip40.002.3003
Coordenadas: (-108.57, 78.68)
GPS: (-3.12222373, -41.76382919)</description>
        <styleUrl>#node_style</styleUrl>
        <Point>
          <coordinates>-41.76382918874434,-3.1222237293710324,0</coordinates>
        </Point>
      </Placemark>
      <Placemark>
        <name>ef_busip40.002.2999</name>
        <description>ID: ef_busip40.002.2999
Coordenadas: (-108.57, 81.08)
GPS: (-3.12222373, -41.76380759)</description>
        <styleUrl>#node_style</styleUrl>
        <Point>
          <coordinates>-41.76380758888513,-3.1222237293710324,0</coordinates>
        </Point>
      </Placemark>
      <Placemark>
        <name>ef_busip24.002.3127</name>
        <description>ID: ef_busip24.002.3127
Coordenadas: (-108.48, -46.13)
GPS: (-3.12222453, -41.76495201)</description>
        <styleUrl>#node_style</styleUrl>
        <Point>
          <coordinates>-41.764952005367036,-3.122224527977953,0</coordinates>
        </Point>
      </Placemark>
      <Placemark>
        <name>ef_busip24.002.3123</name>
        <description>ID: ef_busip24.002.3123
Coordenadas: (-108.48, -44.32)
GPS: (-3.12222453, -41.76493577)</description>
        <styleUrl>#node_style</styleUrl>
        <Point>
          <coordinates>-41.764935766562466,-3.122224527977953,0</coordinates>
        </Point>
      </Placemark>
      <Placemark>
        <name>ef_busip24.002.3126</name>
        <description>ID: ef_busip24.002.3126
Coordenadas: (-108.48, -41.32)
GPS: (-3.12222453, -41.76490878)</description>
        <styleUrl>#node_style</styleUrl>
        <Point>
          <coordinates>-41.764908776859585,-3.122224527977953,0</coordinates>
        </Point>
      </Placemark>
      <Placemark>
        <name>ef_busip24.002.3122</name>
        <description>ID: ef_busip24.002.3122
Coordenadas: (-108.48, -41.08)
GPS: (-3.12222453, -41.76490660)</description>
        <styleUrl>#node_style</styleUrl>
        <Point>
          <coordinates>-41.76490659969022,-3.122224527977953,0</coordinates>
        </Point>
      </Placemark>
      <Placemark>
        <name>ef_busip8.002.2963</name>
        <description>ID: ef_busip8.002.2963
Coordenadas: (-108.17, -99.44)
GPS: (-3.12222728, -41.76543159)</description>
        <styleUrl>#node_style</styleUrl>
        <Point>
          <coordinates>-41.76543158989581,-3.122227275940348,0</coordinates>
        </Point>
      </Placemark>
      <Placemark>
        <name>ef_busip30.002.3104</name>
        <description>ID: ef_busip30.002.3104
Coordenadas: (-108.17, -37.68)
GPS: (-3.12222728, -41.76487599)</description>
        <styleUrl>#node_style</styleUrl>
        <Point>
          <coordinates>-41.76487598886887,-3.122227275940348,0</coordinates>
        </Point>
      </Placemark>
      <Placemark>
        <name>ef_busip30.002.3085</name>
        <description>ID: ef_busip30.002.3085
Coordenadas: (-108.17, -32.59)
GPS: (-3.12222728, -41.76483022)</description>
        <styleUrl>#node_style</styleUrl>
        <Point>
          <coordinates>-41.76483022153004,-3.122227275940348,0</coordinates>
        </Point>
      </Placemark>
      <Placemark>
        <name>ef_disjuntor3.002.2948</name>
        <description>ID: ef_disjuntor3.002.2948
Coordenadas: (-108.17, -27.97)
GPS: (-3.12222728, -41.76478860)</description>
        <styleUrl>#node_style</styleUrl>
        <Point>
          <coordinates>-41.764788600709224,-3.122227275940348,0</coordinates>
        </Point>
      </Placemark>
      <Placemark>
        <name>ef_disjuntor3.002.2945</name>
        <description>ID: ef_disjuntor3.002.2945
Coordenadas: (-108.17, -22.46)
GPS: (-3.12222728, -41.76473910)</description>
        <styleUrl>#node_style</styleUrl>
        <Point>
          <coordinates>-41.76473909889517,-3.122227275940348,0</coordinates>
        </Point>
      </Placemark>
      <Placemark>
        <name>ef_sech3.002.2848</name>
        <description>ID: ef_sech3.002.2848
Coordenadas: (-108.17, -13.78)
GPS: (-3.12222728, -41.76466099)</description>
        <styleUrl>#node_style</styleUrl>
        <Point>
          <coordinates>-41.76466099249435,-3.122227275940348,0</coordinates>
        </Point>
      </Placemark>
      <Placemark>
        <name>ef_sech3.002.2854</name>
        <description>ID: ef_sech3.002.2854
Coordenadas: (-108.17, -8.70)
GPS: (-3.12222728, -41.76461523)</description>
        <styleUrl>#node_style</styleUrl>
        <Point>
          <coordinates>-41.76461523415208,-3.122227275940348,0</coordinates>
        </Point>
      </Placemark>
      <Placemark>
        <name>ef_disjuntor6.002.2909</name>
        <description>ID: ef_disjuntor6.002.2909
Coordenadas: (-108.17, 6.65)
GPS: (-3.12222728, -41.76447721)</description>
        <styleUrl>#node_style</styleUrl>
        <Point>
          <coordinates>-41.764477214209485,-3.122227275940348,0</coordinates>
        </Point>
      </Placemark>
      <Placemark>
        <name>ef_disjuntor6.002.2928</name>
        <description>ID: ef_disjuntor6.002.2928
Coordenadas: (-108.17, 12.15)
GPS: (-3.12222728, -41.76442771)</description>
        <styleUrl>#node_style</styleUrl>
        <Point>
          <coordinates>-41.76442771239543,-3.122227275940348,0</coordinates>
        </Point>
      </Placemark>
      <Placemark>
        <name>ef_sech6.002.2824</name>
        <description>ID: ef_sech6.002.2824
Coordenadas: (-108.17, 22.07)
GPS: (-3.12222728, -41.76433847)</description>
        <styleUrl>#node_style</styleUrl>
        <Point>
          <coordinates>-41.764338471842514,-3.122227275940348,0</coordinates>
        </Point>
      </Placemark>
      <Placemark>
        <name>ef_secv6.002.2763</name>
        <description>ID: ef_secv6.002.2763
Coordenadas: (-107.84, -0.95)
GPS: (-3.12223022, -41.76454554)</description>
        <styleUrl>#node_style</styleUrl>
        <Point>
          <coordinates>-41.76454553864233,-3.1222302215332522,0</coordinates>
        </Point>
      </Placemark>
      <Placemark>
        <name>ef_secv6.002.2758</name>
        <description>ID: ef_secv6.002.2758
Coordenadas: (-107.84, 4.15)
GPS: (-3.12223022, -41.76449966)</description>
        <styleUrl>#node_style</styleUrl>
        <Point>
          <coordinates>-41.76449965974606,-3.1222302215332522,0</coordinates>
        </Point>
      </Placemark>
      <Placemark>
        <name>ef_secv3.002.2795</name>
        <description>ID: ef_secv3.002.2795
Coordenadas: (-107.73, -66.44)
GPS: (-3.12223123, -41.76513469)</description>
        <styleUrl>#node_style</styleUrl>
        <Point>
          <coordinates>-41.7651346869703,-3.122231231245489,0</coordinates>
        </Point>
      </Placemark>
      <Placemark>
        <name>ef_secv3.002.2792</name>
        <description>ID: ef_secv3.002.2792
Coordenadas: (-107.73, -61.34)
GPS: (-3.12223123, -41.76508881)</description>
        <styleUrl>#node_style</styleUrl>
        <Point>
          <coordinates>-41.765088808074026,-3.122231231245489,0</coordinates>
        </Point>
      </Placemark>
      <Placemark>
        <name>ef_tc6.002.2697</name>
        <description>ID: ef_tc6.002.2697
Coordenadas: (-107.55, 15.25)
GPS: (-3.12223288, -41.76439980)</description>
        <styleUrl>#node_style</styleUrl>
        <Point>
          <coordinates>-41.76439980144403,-3.12223288325688,0</coordinates>
        </Point>
      </Placemark>
      <Placemark>
        <name>ef_tc6.002.2691</name>
        <description>ID: ef_tc6.002.2691
Coordenadas: (-107.55, 20.66)
GPS: (-3.12223288, -41.76435114)</description>
        <styleUrl>#node_style</styleUrl>
        <Point>
          <coordinates>-41.764351143508016,-3.12223288325688,0</coordinates>
        </Point>
      </Placemark>
      <Placemark>
        <name>ef_tc3.002.2723</name>
        <description>ID: ef_tc3.002.2723
Coordenadas: (-107.49, -20.47)
GPS: (-3.12223343, -41.76472119)</description>
        <styleUrl>#node_style</styleUrl>
        <Point>
          <coordinates>-41.76472119482594,-3.122233433927344,0</coordinates>
        </Point>
      </Placemark>
      <Placemark>
        <name>ef_tc3.002.2722</name>
        <description>ID: ef_tc3.002.2722
Coordenadas: (-107.49, -15.07)
GPS: (-3.12223343, -41.76467254)</description>
        <styleUrl>#node_style</styleUrl>
        <Point>
          <coordinates>-41.764672536889925,-3.122233433927344,0</coordinates>
        </Point>
      </Placemark>
      <Placemark>
        <name>ef_busip18.002.3167</name>
        <description>ID: ef_busip18.002.3167
Coordenadas: (-107.34, -80.67)
GPS: (-3.12223473, -41.76526273)</description>
        <styleUrl>#node_style</styleUrl>
        <Point>
          <coordinates>-41.765262732418364,-3.122234731102139,0</coordinates>
        </Point>
      </Placemark>
      <Placemark>
        <name>ef_busip18.002.3166</name>
        <description>ID: ef_busip18.002.3166
Coordenadas: (-107.34, -75.62)
GPS: (-3.12223473, -41.76521733)</description>
        <styleUrl>#node_style</styleUrl>
        <Point>
          <coordinates>-41.76521732674155,-3.122234731102139,0</coordinates>
        </Point>
      </Placemark>
      <Placemark>
        <name>ef_busip15.002.3204</name>
        <description>ID: ef_busip15.002.3204
Coordenadas: (-107.33, -88.24)
GPS: (-3.12223485, -41.76533087)</description>
        <styleUrl>#node_style</styleUrl>
        <Point>
          <coordinates>-41.76533087152192,-3.1222348478838033,0</coordinates>
        </Point>
      </Placemark>
      <Placemark>
        <name>ef_busip15.002.3202</name>
        <description>ID: ef_busip15.002.3202
Coordenadas: (-107.33, -83.19)
GPS: (-3.12223485, -41.76528547)</description>
        <styleUrl>#node_style</styleUrl>
        <Point>
          <coordinates>-41.7652854658451,-3.1222348478838033,0</coordinates>
        </Point>
      </Placemark>
      <Placemark>
        <name>ef_ip6.001.2870</name>
        <description>ID: ef_ip6.001.2870
Coordenadas: (-107.29, -72.91)
GPS: (-3.12223522, -41.76519291)</description>
        <styleUrl>#node_style</styleUrl>
        <Point>
          <coordinates>-41.765192908257696,-3.1222352197884886,0</coordinates>
        </Point>
      </Placemark>
      <Placemark>
        <name>ef_ip6.001.2871</name>
        <description>ID: ef_ip6.001.2871
Coordenadas: (-107.29, -67.85)
GPS: (-3.12223522, -41.76514742)</description>
        <styleUrl>#node_style</styleUrl>
        <Point>
          <coordinates>-41.765147418912804,-3.1222352197884886,0</coordinates>
        </Point>
      </Placemark>
      <Placemark>
        <name>ef_busip4.002.3005</name>
        <description>ID: ef_busip4.002.3005
Coordenadas: (-107.12, -110.34)
GPS: (-3.12223669, -41.76552965)</description>
        <styleUrl>#node_style</styleUrl>
        <Point>
          <coordinates>-41.76552964978398,-3.122236693034101,0</coordinates>
        </Point>
      </Placemark>
      <Placemark>
        <name>ef_busip8.002.3008</name>
        <description>ID: ef_busip8.002.3008
Coordenadas: (-107.12, -105.29)
GPS: (-3.12223669, -41.76548424)</description>
        <styleUrl>#node_style</styleUrl>
        <Point>
          <coordinates>-41.76548424320751,-3.122236693034101,0</coordinates>
        </Point>
      </Placemark>
      <Placemark>
        <name>ef_busip8.002.3258</name>
        <description>ID: ef_busip8.002.3258
Coordenadas: (-107.06, -98.94)
GPS: (-3.12223730, -41.76542711)</description>
        <styleUrl>#node_style</styleUrl>
        <Point>
          <coordinates>-41.765427110504795,-3.122237297603794,0</coordinates>
        </Point>
      </Placemark>
      <Placemark>
        <name>ef_busip12.002.3251</name>
        <description>ID: ef_busip12.002.3251
Coordenadas: (-107.06, -93.89)
GPS: (-3.12223730, -41.76538170)</description>
        <styleUrl>#node_style</styleUrl>
        <Point>
          <coordinates>-41.76538170392832,-3.122237297603794,0</coordinates>
        </Point>
      </Placemark>
      <Placemark>
        <name>ef_busip4.002.2968</name>
        <description>ID: ef_busip4.002.2968
Coordenadas: (-105.52, -104.48)
GPS: (-3.12225110, -41.76547700)</description>
        <styleUrl>#node_style</styleUrl>
        <Point>
          <coordinates>-41.76547699557263,-3.122251103891487,0</coordinates>
        </Point>
      </Placemark>
      <Placemark>
        <name>ef_busip8.002.2964</name>
        <description>ID: ef_busip8.002.2964
Coordenadas: (-105.52, -104.32)
GPS: (-3.12225110, -41.76547556)</description>
        <styleUrl>#node_style</styleUrl>
        <Point>
          <coordinates>-41.76547556062009,-3.122251103891487,0</coordinates>
        </Point>
      </Placemark>
      <Placemark>
        <name>ef_busip8.002.2966</name>
        <description>ID: ef_busip8.002.2966
Coordenadas: (-105.52, -101.32)
GPS: (-3.12225110, -41.76544857)</description>
        <styleUrl>#node_style</styleUrl>
        <Point>
          <coordinates>-41.76544857091721,-3.122251103891487,0</coordinates>
        </Point>
      </Placemark>
      <Placemark>
        <name>ef_busip12.002.2965</name>
        <description>ID: ef_busip12.002.2965
Coordenadas: (-105.52, -99.44)
GPS: (-3.12225110, -41.76543159)</description>
        <styleUrl>#node_style</styleUrl>
        <Point>
          <coordinates>-41.76543158989581,-3.122251103891487,0</coordinates>
        </Point>
      </Placemark>
      <Placemark>
        <name>ef_busip4.002.3009</name>
        <description>ID: ef_busip4.002.3009
Coordenadas: (-105.17, -105.29)
GPS: (-3.12225423, -41.76548424)</description>
        <styleUrl>#node_style</styleUrl>
        <Point>
          <coordinates>-41.76548424320751,-3.122254225555208,0</coordinates>
        </Point>
      </Placemark>
      <Placemark>
        <name>ef_busip12.002.3256</name>
        <description>ID: ef_busip12.002.3256
Coordenadas: (-105.17, -98.94)
GPS: (-3.12225423, -41.76542711)</description>
        <styleUrl>#node_style</styleUrl>
        <Point>
          <coordinates>-41.765427110504795,-3.122254225555208,0</coordinates>
        </Point>
      </Placemark>
      <Placemark>
        <name>ef_busip12.002.3254</name>
        <description>ID: ef_busip12.002.3254
Coordenadas: (-105.17, -93.89)
GPS: (-3.12225423, -41.76538170)</description>
        <styleUrl>#node_style</styleUrl>
        <Point>
          <coordinates>-41.76538170392832,-3.122254225555208,0</coordinates>
        </Point>
      </Placemark>
      <Placemark>
        <name>ef_busip15.002.3196</name>
        <description>ID: ef_busip15.002.3196
Coordenadas: (-105.17, -88.24)
GPS: (-3.12225423, -41.76533087)</description>
        <styleUrl>#node_style</styleUrl>
        <Point>
          <coordinates>-41.76533087152192,-3.122254225555208,0</coordinates>
        </Point>
      </Placemark>
      <Placemark>
        <name>ef_busip15.002.3201</name>
        <description>ID: ef_busip15.002.3201
Coordenadas: (-105.17, -83.19)
GPS: (-3.12225423, -41.76528547)</description>
        <styleUrl>#node_style</styleUrl>
        <Point>
          <coordinates>-41.7652854658451,-3.122254225555208,0</coordinates>
        </Point>
      </Placemark>
      <Placemark>
        <name>ef_busip18.002.3163</name>
        <description>ID: ef_busip18.002.3163
Coordenadas: (-105.17, -80.67)
GPS: (-3.12225423, -41.76526273)</description>
        <styleUrl>#node_style</styleUrl>
        <Point>
          <coordinates>-41.765262732418364,-3.122254225555208,0</coordinates>
        </Point>
      </Placemark>
      <Placemark>
        <name>ef_busip18.002.3162</name>
        <description>ID: ef_busip18.002.3162
Coordenadas: (-105.17, -75.62)
GPS: (-3.12225423, -41.76521733)</description>
        <styleUrl>#node_style</styleUrl>
        <Point>
          <coordinates>-41.76521732674155,-3.122254225555208,0</coordinates>
        </Point>
      </Placemark>
      <Placemark>
        <name>ef_ip6.001.2862</name>
        <description>ID: ef_ip6.001.2862
Coordenadas: (-105.17, -72.91)
GPS: (-3.12225423, -41.76519291)</description>
        <styleUrl>#node_style</styleUrl>
        <Point>
          <coordinates>-41.765192908257696,-3.122254225555208,0</coordinates>
        </Point>
      </Placemark>
      <Placemark>
        <name>ef_ip6.001.2866</name>
        <description>ID: ef_ip6.001.2866
Coordenadas: (-105.17, -67.85)
GPS: (-3.12225423, -41.76514742)</description>
        <styleUrl>#node_style</styleUrl>
        <Point>
          <coordinates>-41.765147418912804,-3.122254225555208,0</coordinates>
        </Point>
      </Placemark>
      <Placemark>
        <name>ef_secv3.002.2796</name>
        <description>ID: ef_secv3.002.2796
Coordenadas: (-105.17, -66.44)
GPS: (-3.12225423, -41.76513469)</description>
        <styleUrl>#node_style</styleUrl>
        <Point>
          <coordinates>-41.7651346869703,-3.122254225555208,0</coordinates>
        </Point>
      </Placemark>
      <Placemark>
        <name>ef_secv3.002.2797</name>
        <description>ID: ef_secv3.002.2797
Coordenadas: (-105.17, -61.34)
GPS: (-3.12225423, -41.76508881)</description>
        <styleUrl>#node_style</styleUrl>
        <Point>
          <coordinates>-41.765088808074026,-3.122254225555208,0</coordinates>
        </Point>
      </Placemark>
      <Placemark>
        <name>ef_busip30.002.3096</name>
        <description>ID: ef_busip30.002.3096
Coordenadas: (-105.17, -37.68)
GPS: (-3.12225423, -41.76487599)</description>
        <styleUrl>#node_style</styleUrl>
        <Point>
          <coordinates>-41.76487598886887,-3.122254225555208,0</coordinates>
        </Point>
      </Placemark>
      <Placemark>
        <name>ef_busip30.002.3086</name>
        <description>ID: ef_busip30.002.3086
Coordenadas: (-105.17, -32.59)
GPS: (-3.12225423, -41.76483022)</description>
        <styleUrl>#node_style</styleUrl>
        <Point>
          <coordinates>-41.76483022153004,-3.122254225555208,0</coordinates>
        </Point>
      </Placemark>
      <Placemark>
        <name>ef_disjuntor3.002.2936</name>
        <description>ID: ef_disjuntor3.002.2936
Coordenadas: (-105.17, -27.97)
GPS: (-3.12225423, -41.76478860)</description>
        <styleUrl>#node_style</styleUrl>
        <Point>
          <coordinates>-41.764788600709224,-3.122254225555208,0</coordinates>
        </Point>
      </Placemark>
      <Placemark>
        <name>ef_disjuntor3.002.2939</name>
        <description>ID: ef_disjuntor3.002.2939
Coordenadas: (-105.17, -22.46)
GPS: (-3.12225423, -41.76473910)</description>
        <styleUrl>#node_style</styleUrl>
        <Point>
          <coordinates>-41.76473909889517,-3.122254225555208,0</coordinates>
        </Point>
      </Placemark>
      <Placemark>
        <name>ef_tc3.002.2725</name>
        <description>ID: ef_tc3.002.2725
Coordenadas: (-105.17, -20.47)
GPS: (-3.12225423, -41.76472119)</description>
        <styleUrl>#node_style</styleUrl>
        <Point>
          <coordinates>-41.76472119482594,-3.122254225555208,0</coordinates>
        </Point>
      </Placemark>
      <Placemark>
        <name>ef_tc3.002.2726</name>
        <description>ID: ef_tc3.002.2726
Coordenadas: (-105.17, -15.07)
GPS: (-3.12225423, -41.76467254)</description>
        <styleUrl>#node_style</styleUrl>
        <Point>
          <coordinates>-41.764672536889925,-3.122254225555208,0</coordinates>
        </Point>
      </Placemark>
      <Placemark>
        <name>ef_sech3.002.2860</name>
        <description>ID: ef_sech3.002.2860
Coordenadas: (-105.17, -13.78)
GPS: (-3.12225423, -41.76466099)</description>
        <styleUrl>#node_style</styleUrl>
        <Point>
          <coordinates>-41.76466099249435,-3.122254225555208,0</coordinates>
        </Point>
      </Placemark>
      <Placemark>
        <name>ef_sech3.002.2857</name>
        <description>ID: ef_sech3.002.2857
Coordenadas: (-105.17, -8.70)
GPS: (-3.12225423, -41.76461523)</description>
        <styleUrl>#node_style</styleUrl>
        <Point>
          <coordinates>-41.76461523415208,-3.122254225555208,0</coordinates>
        </Point>
      </Placemark>
      <Placemark>
        <name>ef_secv6.002.2759</name>
        <description>ID: ef_secv6.002.2759
Coordenadas: (-105.17, -0.95)
GPS: (-3.12225423, -41.76454554)</description>
        <styleUrl>#node_style</styleUrl>
        <Point>
          <coordinates>-41.76454553864233,-3.122254225555208,0</coordinates>
        </Point>
      </Placemark>
      <Placemark>
        <name>ef_secv6.002.2765</name>
        <description>ID: ef_secv6.002.2765
Coordenadas: (-105.17, 4.15)
GPS: (-3.12225423, -41.76449966)</description>
        <styleUrl>#node_style</styleUrl>
        <Point>
          <coordinates>-41.76449965974606,-3.122254225555208,0</coordinates>
        </Point>
      </Placemark>
      <Placemark>
        <name>ef_disjuntor6.002.2921</name>
        <description>ID: ef_disjuntor6.002.2921
Coordenadas: (-105.17, 6.65)
GPS: (-3.12225423, -41.76447721)</description>
        <styleUrl>#node_style</styleUrl>
        <Point>
          <coordinates>-41.764477214209485,-3.122254225555208,0</coordinates>
        </Point>
      </Placemark>
      <Placemark>
        <name>ef_disjuntor6.002.2925</name>
        <description>ID: ef_disjuntor6.002.2925
Coordenadas: (-105.17, 12.15)
GPS: (-3.12225423, -41.76442771)</description>
        <styleUrl>#node_style</styleUrl>
        <Point>
          <coordinates>-41.76442771239543,-3.122254225555208,0</coordinates>
        </Point>
      </Placemark>
      <Placemark>
        <name>ef_tc6.002.2693</name>
        <description>ID: ef_tc6.002.2693
Coordenadas: (-105.17, 15.25)
GPS: (-3.12225423, -41.76439980)</description>
        <styleUrl>#node_style</styleUrl>
        <Point>
          <coordinates>-41.76439980144403,-3.122254225555208,0</coordinates>
        </Point>
      </Placemark>
      <Placemark>
        <name>ef_tc6.002.2689</name>
        <description>ID: ef_tc6.002.2689
Coordenadas: (-105.17, 20.66)
GPS: (-3.12225423, -41.76435114)</description>
        <styleUrl>#node_style</styleUrl>
        <Point>
          <coordinates>-41.764351143508016,-3.122254225555208,0</coordinates>
        </Point>
      </Placemark>
      <Placemark>
        <name>ef_sech6.002.2831</name>
        <description>ID: ef_sech6.002.2831
Coordenadas: (-105.17, 22.07)
GPS: (-3.12225423, -41.76433847)</description>
        <styleUrl>#node_style</styleUrl>
        <Point>
          <coordinates>-41.764338471842514,-3.122254225555208,0</coordinates>
        </Point>
      </Placemark>
      <Placemark>
        <name>ef_buscsb4.002.3334</name>
        <description>ID: ef_buscsb4.002.3334
Coordenadas: (-104.45, -54.33)
GPS: (-3.12226067, -41.76502581)</description>
        <styleUrl>#node_style</styleUrl>
        <Point>
          <coordinates>-41.76502580511094,-3.1222606728014033,0</coordinates>
        </Point>
      </Placemark>
      <Placemark>
        <name>ef_buscsb4.002.3331</name>
        <description>ID: ef_buscsb4.002.3331
Coordenadas: (-104.45, -53.32)
GPS: (-3.12226067, -41.76501674)</description>
        <styleUrl>#node_style</styleUrl>
        <Point>
          <coordinates>-41.76501673567111,-3.1222606728014033,0</coordinates>
        </Point>
      </Placemark>
      <Placemark>
        <name>ef_buscsb4.002.3328</name>
        <description>ID: ef_buscsb4.002.3328
Coordenadas: (-104.45, -50.32)
GPS: (-3.12226067, -41.76498975)</description>
        <styleUrl>#node_style</styleUrl>
        <Point>
          <coordinates>-41.76498974596823,-3.1222606728014033,0</coordinates>
        </Point>
      </Placemark>
      <Placemark>
        <name>ef_buscsb4.002.3325</name>
        <description>ID: ef_buscsb4.002.3325
Coordenadas: (-104.45, -49.23)
GPS: (-3.12226067, -41.76497993)</description>
        <styleUrl>#node_style</styleUrl>
        <Point>
          <coordinates>-41.76497992531501,-3.1222606728014033,0</coordinates>
        </Point>
      </Placemark>
      <Placemark>
        <name>ef_busip23.002.3131</name>
        <description>ID: ef_busip23.002.3131
Coordenadas: (-104.42, -46.11)
GPS: (-3.12226097, -41.76495186)</description>
        <styleUrl>#node_style</styleUrl>
        <Point>
          <coordinates>-41.76495185872298,-3.122260972840449,0</coordinates>
        </Point>
      </Placemark>
      <Placemark>
        <name>ef_busip23.002.3136</name>
        <description>ID: ef_busip23.002.3136
Coordenadas: (-104.42, -44.32)
GPS: (-3.12226097, -41.76493577)</description>
        <styleUrl>#node_style</styleUrl>
        <Point>
          <coordinates>-41.764935766562466,-3.122260972840449,0</coordinates>
        </Point>
      </Placemark>
      <Placemark>
        <name>ef_busip23.002.3149</name>
        <description>ID: ef_busip23.002.3149
Coordenadas: (-104.42, -41.32)
GPS: (-3.12226097, -41.76490878)</description>
        <styleUrl>#node_style</styleUrl>
        <Point>
          <coordinates>-41.764908776859585,-3.122260972840449,0</coordinates>
        </Point>
      </Placemark>
      <Placemark>
        <name>ef_busip23.002.3141</name>
        <description>ID: ef_busip23.002.3141
Coordenadas: (-104.42, -41.03)
GPS: (-3.12226097, -41.76490617)</description>
        <styleUrl>#node_style</styleUrl>
        <Point>
          <coordinates>-41.76490616605566,-3.122260972840449,0</coordinates>
        </Point>
      </Placemark>
      <Placemark>
        <name>ef_busip39.002.3020</name>
        <description>ID: ef_busip39.002.3020
Coordenadas: (-104.27, 76.05)
GPS: (-3.12226235, -41.76385284)</description>
        <styleUrl>#node_style</styleUrl>
        <Point>
          <coordinates>-41.76385284431926,-3.122262348169127,0</coordinates>
        </Point>
      </Placemark>
      <Placemark>
        <name>ef_busip39.002.3019</name>
        <description>ID: ef_busip39.002.3019
Coordenadas: (-104.27, 78.68)
GPS: (-3.12226235, -41.76382919)</description>
        <styleUrl>#node_style</styleUrl>
        <Point>
          <coordinates>-41.76382918874434,-3.122262348169127,0</coordinates>
        </Point>
      </Placemark>
      <Placemark>
        <name>ef_busip39.002.3016</name>
        <description>ID: ef_busip39.002.3016
Coordenadas: (-104.27, 81.09)
GPS: (-3.12226235, -41.76380744)</description>
        <styleUrl>#node_style</styleUrl>
        <Point>
          <coordinates>-41.76380743774279,-3.122262348169127,0</coordinates>
        </Point>
      </Placemark>
      <Placemark>
        <name>ef_busip35.002.3053</name>
        <description>ID: ef_busip35.002.3053
Coordenadas: (-104.25, 67.56)
GPS: (-3.12226248, -41.76392922)</description>
        <styleUrl>#node_style</styleUrl>
        <Point>
          <coordinates>-41.76392921618184,-3.1222624793239193,0</coordinates>
        </Point>
      </Placemark>
      <Placemark>
        <name>ef_busip35.002.3052</name>
        <description>ID: ef_busip35.002.3052
Coordenadas: (-104.25, 72.60)
GPS: (-3.12226248, -41.76388381)</description>
        <styleUrl>#node_style</styleUrl>
        <Point>
          <coordinates>-41.763883809605375,-3.1222624793239193,0</coordinates>
        </Point>
      </Placemark>
      <Placemark>
        <name>ef_busip4.002.3010</name>
        <description>ID: ef_busip4.002.3010
Coordenadas: (-102.17, -105.29)
GPS: (-3.12228118, -41.76548424)</description>
        <styleUrl>#node_style</styleUrl>
        <Point>
          <coordinates>-41.76548424320751,-3.1222811751700683,0</coordinates>
        </Point>
      </Placemark>
      <Placemark>
        <name>ef_busip12.002.3257</name>
        <description>ID: ef_busip12.002.3257
Coordenadas: (-102.17, -98.94)
GPS: (-3.12228118, -41.76542711)</description>
        <styleUrl>#node_style</styleUrl>
        <Point>
          <coordinates>-41.765427110504795,-3.1222811751700683,0</coordinates>
        </Point>
      </Placemark>
      <Placemark>
        <name>ef_busip12.002.3259</name>
        <description>ID: ef_busip12.002.3259
Coordenadas: (-102.17, -93.89)
GPS: (-3.12228118, -41.76538170)</description>
        <styleUrl>#node_style</styleUrl>
        <Point>
          <coordinates>-41.76538170392832,-3.1222811751700683,0</coordinates>
        </Point>
      </Placemark>
      <Placemark>
        <name>ef_busip15.002.3197</name>
        <description>ID: ef_busip15.002.3197
Coordenadas: (-102.17, -88.24)
GPS: (-3.12228118, -41.76533087)</description>
        <styleUrl>#node_style</styleUrl>
        <Point>
          <coordinates>-41.76533087152192,-3.1222811751700683,0</coordinates>
        </Point>
      </Placemark>
      <Placemark>
        <name>ef_busip15.002.3200</name>
        <description>ID: ef_busip15.002.3200
Coordenadas: (-102.17, -83.19)
GPS: (-3.12228118, -41.76528547)</description>
        <styleUrl>#node_style</styleUrl>
        <Point>
          <coordinates>-41.7652854658451,-3.1222811751700683,0</coordinates>
        </Point>
      </Placemark>
      <Placemark>
        <name>ef_busip18.002.3169</name>
        <description>ID: ef_busip18.002.3169
Coordenadas: (-102.17, -80.67)
GPS: (-3.12228118, -41.76526273)</description>
        <styleUrl>#node_style</styleUrl>
        <Point>
          <coordinates>-41.765262732418364,-3.1222811751700683,0</coordinates>
        </Point>
      </Placemark>
      <Placemark>
        <name>ef_busip18.002.3171</name>
        <description>ID: ef_busip18.002.3171
Coordenadas: (-102.17, -75.62)
GPS: (-3.12228118, -41.76521733)</description>
        <styleUrl>#node_style</styleUrl>
        <Point>
          <coordinates>-41.76521732674155,-3.1222811751700683,0</coordinates>
        </Point>
      </Placemark>
      <Placemark>
        <name>ef_ip3.002.2864</name>
        <description>ID: ef_ip3.002.2864
Coordenadas: (-102.17, -72.91)
GPS: (-3.12228118, -41.76519291)</description>
        <styleUrl>#node_style</styleUrl>
        <Point>
          <coordinates>-41.765192908257696,-3.1222811751700683,0</coordinates>
        </Point>
      </Placemark>
      <Placemark>
        <name>ef_ip3.002.2865</name>
        <description>ID: ef_ip3.002.2865
Coordenadas: (-102.17, -67.85)
GPS: (-3.12228118, -41.76514742)</description>
        <styleUrl>#node_style</styleUrl>
        <Point>
          <coordinates>-41.765147418912804,-3.1222811751700683,0</coordinates>
        </Point>
      </Placemark>
      <Placemark>
        <name>ef_secv3.002.2794</name>
        <description>ID: ef_secv3.002.2794
Coordenadas: (-102.17, -66.44)
GPS: (-3.12228118, -41.76513469)</description>
        <styleUrl>#node_style</styleUrl>
        <Point>
          <coordinates>-41.7651346869703,-3.1222811751700683,0</coordinates>
        </Point>
      </Placemark>
      <Placemark>
        <name>ef_secv3.002.2790</name>
        <description>ID: ef_secv3.002.2790
Coordenadas: (-102.17, -61.34)
GPS: (-3.12228118, -41.76508881)</description>
        <styleUrl>#node_style</styleUrl>
        <Point>
          <coordinates>-41.765088808074026,-3.1222811751700683,0</coordinates>
        </Point>
      </Placemark>
      <Placemark>
        <name>ef_buscsb4.002.3326</name>
        <description>ID: ef_buscsb4.002.3326
Coordenadas: (-102.17, -54.33)
GPS: (-3.12228118, -41.76502581)</description>
        <styleUrl>#node_style</styleUrl>
        <Point>
          <coordinates>-41.76502580511094,-3.1222811751700683,0</coordinates>
        </Point>
      </Placemark>
      <Placemark>
        <name>ef_buscsb4.002.3327</name>
        <description>ID: ef_buscsb4.002.3327
Coordenadas: (-102.17, -49.23)
GPS: (-3.12228118, -41.76497993)</description>
        <styleUrl>#node_style</styleUrl>
        <Point>
          <coordinates>-41.76497992531501,-3.1222811751700683,0</coordinates>
        </Point>
      </Placemark>
      <Placemark>
        <name>ef_busip23.002.3134</name>
        <description>ID: ef_busip23.002.3134
Coordenadas: (-102.17, -46.11)
GPS: (-3.12228118, -41.76495186)</description>
        <styleUrl>#node_style</styleUrl>
        <Point>
          <coordinates>-41.76495185872298,-3.1222811751700683,0</coordinates>
        </Point>
      </Placemark>
      <Placemark>
        <name>ef_busip23.002.3138</name>
        <description>ID: ef_busip23.002.3138
Coordenadas: (-102.17, -41.03)
GPS: (-3.12228118, -41.76490617)</description>
        <styleUrl>#node_style</styleUrl>
        <Point>
          <coordinates>-41.76490616605566,-3.1222811751700683,0</coordinates>
        </Point>
      </Placemark>
      <Placemark>
        <name>ef_busip29.002.3095</name>
        <description>ID: ef_busip29.002.3095
Coordenadas: (-102.17, -37.68)
GPS: (-3.12228118, -41.76487599)</description>
        <styleUrl>#node_style</styleUrl>
        <Point>
          <coordinates>-41.76487598886887,-3.1222811751700683,0</coordinates>
        </Point>
      </Placemark>
      <Placemark>
        <name>ef_busip29.002.3103</name>
        <description>ID: ef_busip29.002.3103
Coordenadas: (-102.17, -32.59)
GPS: (-3.12228118, -41.76483022)</description>
        <styleUrl>#node_style</styleUrl>
        <Point>
          <coordinates>-41.76483022153004,-3.1222811751700683,0</coordinates>
        </Point>
      </Placemark>
      <Placemark>
        <name>ef_disjuntor3.002.2933</name>
        <description>ID: ef_disjuntor3.002.2933
Coordenadas: (-102.17, -27.97)
GPS: (-3.12228118, -41.76478860)</description>
        <styleUrl>#node_style</styleUrl>
        <Point>
          <coordinates>-41.764788600709224,-3.1222811751700683,0</coordinates>
        </Point>
      </Placemark>
      <Placemark>
        <name>ef_disjuntor3.002.2934</name>
        <description>ID: ef_disjuntor3.002.2934
Coordenadas: (-102.17, -22.46)
GPS: (-3.12228118, -41.76473910)</description>
        <styleUrl>#node_style</styleUrl>
        <Point>
          <coordinates>-41.76473909889517,-3.1222811751700683,0</coordinates>
        </Point>
      </Placemark>
      <Placemark>
        <name>ef_tc3.002.2724</name>
        <description>ID: ef_tc3.002.2724
Coordenadas: (-102.17, -20.47)
GPS: (-3.12228118, -41.76472119)</description>
        <styleUrl>#node_style</styleUrl>
        <Point>
          <coordinates>-41.76472119482594,-3.1222811751700683,0</coordinates>
        </Point>
      </Placemark>
      <Placemark>
        <name>ef_tc3.002.2730</name>
        <description>ID: ef_tc3.002.2730
Coordenadas: (-102.17, -15.07)
GPS: (-3.12228118, -41.76467254)</description>
        <styleUrl>#node_style</styleUrl>
        <Point>
          <coordinates>-41.764672536889925,-3.1222811751700683,0</coordinates>
        </Point>
      </Placemark>
      <Placemark>
        <name>ef_sech3.002.2853</name>
        <description>ID: ef_sech3.002.2853
Coordenadas: (-102.17, -13.78)
GPS: (-3.12228118, -41.76466099)</description>
        <styleUrl>#node_style</styleUrl>
        <Point>
          <coordinates>-41.76466099249435,-3.1222811751700683,0</coordinates>
        </Point>
      </Placemark>
      <Placemark>
        <name>ef_sech3.002.2845</name>
        <description>ID: ef_sech3.002.2845
Coordenadas: (-102.17, -8.70)
GPS: (-3.12228118, -41.76461523)</description>
        <styleUrl>#node_style</styleUrl>
        <Point>
          <coordinates>-41.76461523415208,-3.1222811751700683,0</coordinates>
        </Point>
      </Placemark>
      <Placemark>
        <name>ef_secv6.002.2761</name>
        <description>ID: ef_secv6.002.2761
Coordenadas: (-102.17, -0.95)
GPS: (-3.12228118, -41.76454554)</description>
        <styleUrl>#node_style</styleUrl>
        <Point>
          <coordinates>-41.76454553864233,-3.1222811751700683,0</coordinates>
        </Point>
      </Placemark>
      <Placemark>
        <name>ef_secv6.002.2757</name>
        <description>ID: ef_secv6.002.2757
Coordenadas: (-102.17, 4.15)
GPS: (-3.12228118, -41.76449966)</description>
        <styleUrl>#node_style</styleUrl>
        <Point>
          <coordinates>-41.76449965974606,-3.1222811751700683,0</coordinates>
        </Point>
      </Placemark>
      <Placemark>
        <name>ef_disjuntor6.002.2910</name>
        <description>ID: ef_disjuntor6.002.2910
Coordenadas: (-102.17, 6.65)
GPS: (-3.12228118, -41.76447721)</description>
        <styleUrl>#node_style</styleUrl>
        <Point>
          <coordinates>-41.764477214209485,-3.1222811751700683,0</coordinates>
        </Point>
      </Placemark>
      <Placemark>
        <name>ef_disjuntor6.002.2914</name>
        <description>ID: ef_disjuntor6.002.2914
Coordenadas: (-102.17, 12.15)
GPS: (-3.12228118, -41.76442771)</description>
        <styleUrl>#node_style</styleUrl>
        <Point>
          <coordinates>-41.76442771239543,-3.1222811751700683,0</coordinates>
        </Point>
      </Placemark>
      <Placemark>
        <name>ef_tc6.002.2694</name>
        <description>ID: ef_tc6.002.2694
Coordenadas: (-102.17, 15.25)
GPS: (-3.12228118, -41.76439980)</description>
        <styleUrl>#node_style</styleUrl>
        <Point>
          <coordinates>-41.76439980144403,-3.1222811751700683,0</coordinates>
        </Point>
      </Placemark>
      <Placemark>
        <name>ef_tc6.002.2690</name>
        <description>ID: ef_tc6.002.2690
Coordenadas: (-102.17, 20.66)
GPS: (-3.12228118, -41.76435114)</description>
        <styleUrl>#node_style</styleUrl>
        <Point>
          <coordinates>-41.764351143508016,-3.1222811751700683,0</coordinates>
        </Point>
      </Placemark>
      <Placemark>
        <name>ef_sech6.002.2834</name>
        <description>ID: ef_sech6.002.2834
Coordenadas: (-102.17, 22.07)
GPS: (-3.12228118, -41.76433847)</description>
        <styleUrl>#node_style</styleUrl>
        <Point>
          <coordinates>-41.764338471842514,-3.1222811751700683,0</coordinates>
        </Point>
      </Placemark>
      <Placemark>
        <name>ef_sech6.002.2840</name>
        <description>ID: ef_sech6.002.2840
Coordenadas: (-102.17, 27.15)
GPS: (-3.12228118, -41.76429271)</description>
        <styleUrl>#node_style</styleUrl>
        <Point>
          <coordinates>-41.76429271350025,-3.1222811751700683,0</coordinates>
        </Point>
      </Placemark>
      <Placemark>
        <name>ef_busip35.002.3049</name>
        <description>ID: ef_busip35.002.3049
Coordenadas: (-102.17, 67.56)
GPS: (-3.12228118, -41.76392922)</description>
        <styleUrl>#node_style</styleUrl>
        <Point>
          <coordinates>-41.76392921618184,-3.1222811751700683,0</coordinates>
        </Point>
      </Placemark>
      <Placemark>
        <name>ef_busip35.002.3051</name>
        <description>ID: ef_busip35.002.3051
Coordenadas: (-102.17, 72.60)
GPS: (-3.12228118, -41.76388381)</description>
        <styleUrl>#node_style</styleUrl>
        <Point>
          <coordinates>-41.763883809605375,-3.1222811751700683,0</coordinates>
        </Point>
      </Placemark>
      <Placemark>
        <name>ef_busip39.002.3015</name>
        <description>ID: ef_busip39.002.3015
Coordenadas: (-102.17, 76.05)
GPS: (-3.12228118, -41.76385284)</description>
        <styleUrl>#node_style</styleUrl>
        <Point>
          <coordinates>-41.76385284431926,-3.1222811751700683,0</coordinates>
        </Point>
      </Placemark>
      <Placemark>
        <name>ef_busip18.002.3170</name>
        <description>ID: ef_busip18.002.3170
Coordenadas: (-101.89, -80.67)
GPS: (-3.12228367, -41.76526273)</description>
        <styleUrl>#node_style</styleUrl>
        <Point>
          <coordinates>-41.765262732418364,-3.1222836707044044,0</coordinates>
        </Point>
      </Placemark>
      <Placemark>
        <name>ef_busip18.002.3165</name>
        <description>ID: ef_busip18.002.3165
Coordenadas: (-101.89, -80.32)
GPS: (-3.12228367, -41.76525964)</description>
        <styleUrl>#node_style</styleUrl>
        <Point>
          <coordinates>-41.765259642997044,-3.1222836707044044,0</coordinates>
        </Point>
      </Placemark>
      <Placemark>
        <name>ef_busip18.002.3168</name>
        <description>ID: ef_busip18.002.3168
Coordenadas: (-101.89, -77.32)
GPS: (-3.12228367, -41.76523265)</description>
        <styleUrl>#node_style</styleUrl>
        <Point>
          <coordinates>-41.76523265329416,-3.1222836707044044,0</coordinates>
        </Point>
      </Placemark>
      <Placemark>
        <name>ef_busip18.002.3164</name>
        <description>ID: ef_busip18.002.3164
Coordenadas: (-101.89, -75.62)
GPS: (-3.12228367, -41.76521733)</description>
        <styleUrl>#node_style</styleUrl>
        <Point>
          <coordinates>-41.76521732674155,-3.1222836707044044,0</coordinates>
        </Point>
      </Placemark>
      <Placemark>
        <name>ef_busip15.002.3195</name>
        <description>ID: ef_busip15.002.3195
Coordenadas: (-101.88, -88.24)
GPS: (-3.12228379, -41.76533087)</description>
        <styleUrl>#node_style</styleUrl>
        <Point>
          <coordinates>-41.76533087152192,-3.1222837874860687,0</coordinates>
        </Point>
      </Placemark>
      <Placemark>
        <name>ef_busip15.002.3199</name>
        <description>ID: ef_busip15.002.3199
Coordenadas: (-101.88, -86.32)
GPS: (-3.12228379, -41.76531362)</description>
        <styleUrl>#node_style</styleUrl>
        <Point>
          <coordinates>-41.76531362240281,-3.1222837874860687,0</coordinates>
        </Point>
      </Placemark>
      <Placemark>
        <name>ef_busip15.002.3203</name>
        <description>ID: ef_busip15.002.3203
Coordenadas: (-101.88, -83.32)
GPS: (-3.12228379, -41.76528663)</description>
        <styleUrl>#node_style</styleUrl>
        <Point>
          <coordinates>-41.765286632699926,-3.1222837874860687,0</coordinates>
        </Point>
      </Placemark>
      <Placemark>
        <name>ef_busip15.002.3198</name>
        <description>ID: ef_busip15.002.3198
Coordenadas: (-101.88, -83.19)
GPS: (-3.12228379, -41.76528547)</description>
        <styleUrl>#node_style</styleUrl>
        <Point>
          <coordinates>-41.7652854658451,-3.1222837874860687,0</coordinates>
        </Point>
      </Placemark>
      <Placemark>
        <name>ef_tc6.002.2695</name>
        <description>ID: ef_tc6.002.2695
Coordenadas: (-101.83, 15.25)
GPS: (-3.12228421, -41.76439980)</description>
        <styleUrl>#node_style</styleUrl>
        <Point>
          <coordinates>-41.76439980144403,-3.122284207900061,0</coordinates>
        </Point>
      </Placemark>
      <Placemark>
        <name>ef_tc6.002.2688</name>
        <description>ID: ef_tc6.002.2688
Coordenadas: (-101.83, 15.68)
GPS: (-3.12228421, -41.76439597)</description>
        <styleUrl>#node_style</styleUrl>
        <Point>
          <coordinates>-41.76439597250484,-3.122284207900061,0</coordinates>
        </Point>
      </Placemark>
      <Placemark>
        <name>ef_tc6.002.2696</name>
        <description>ID: ef_tc6.002.2696
Coordenadas: (-101.83, 18.68)
GPS: (-3.12228421, -41.76436898)</description>
        <styleUrl>#node_style</styleUrl>
        <Point>
          <coordinates>-41.76436898280196,-3.122284207900061,0</coordinates>
        </Point>
      </Placemark>
      <Placemark>
        <name>ef_tc6.002.2692</name>
        <description>ID: ef_tc6.002.2692
Coordenadas: (-101.83, 20.66)
GPS: (-3.12228421, -41.76435114)</description>
        <styleUrl>#node_style</styleUrl>
        <Point>
          <coordinates>-41.764351143508016,-3.122284207900061,0</coordinates>
        </Point>
      </Placemark>
      <Placemark>
        <name>ef_tc3.002.2728</name>
        <description>ID: ef_tc3.002.2728
Coordenadas: (-101.77, -20.47)
GPS: (-3.12228476, -41.76472119)</description>
        <styleUrl>#node_style</styleUrl>
        <Point>
          <coordinates>-41.76472119482594,-3.1222847585705242,0</coordinates>
        </Point>
      </Placemark>
      <Placemark>
        <name>ef_tc3.002.2731</name>
        <description>ID: ef_tc3.002.2731
Coordenadas: (-101.77, -20.32)
GPS: (-3.12228476, -41.76471985)</description>
        <styleUrl>#node_style</styleUrl>
        <Point>
          <coordinates>-41.76471984893942,-3.1222847585705242,0</coordinates>
        </Point>
      </Placemark>
      <Placemark>
        <name>ef_tc3.002.2729</name>
        <description>ID: ef_tc3.002.2729
Coordenadas: (-101.77, -17.32)
GPS: (-3.12228476, -41.76469286)</description>
        <styleUrl>#node_style</styleUrl>
        <Point>
          <coordinates>-41.76469285923654,-3.1222847585705242,0</coordinates>
        </Point>
      </Placemark>
      <Placemark>
        <name>ef_tc3.002.2727</name>
        <description>ID: ef_tc3.002.2727
Coordenadas: (-101.77, -15.07)
GPS: (-3.12228476, -41.76467254)</description>
        <styleUrl>#node_style</styleUrl>
        <Point>
          <coordinates>-41.764672536889925,-3.1222847585705242,0</coordinates>
        </Point>
      </Placemark>
      <Placemark>
        <name>ef_ip3.002.2867</name>
        <description>ID: ef_ip3.002.2867
Coordenadas: (-101.74, -72.91)
GPS: (-3.12228506, -41.76519291)</description>
        <styleUrl>#node_style</styleUrl>
        <Point>
          <coordinates>-41.765192908257696,-3.12228505860957,0</coordinates>
        </Point>
      </Placemark>
      <Placemark>
        <name>ef_ip3.002.2868</name>
        <description>ID: ef_ip3.002.2868
Coordenadas: (-101.74, -71.32)
GPS: (-3.12228506, -41.76517867)</description>
        <styleUrl>#node_style</styleUrl>
        <Point>
          <coordinates>-41.7651786738884,-3.12228505860957,0</coordinates>
        </Point>
      </Placemark>
      <Placemark>
        <name>ef_ip3.002.2863</name>
        <description>ID: ef_ip3.002.2863
Coordenadas: (-101.74, -68.32)
GPS: (-3.12228506, -41.76515168)</description>
        <styleUrl>#node_style</styleUrl>
        <Point>
          <coordinates>-41.76515168418552,-3.12228505860957,0</coordinates>
        </Point>
      </Placemark>
      <Placemark>
        <name>ef_ip3.002.2869</name>
        <description>ID: ef_ip3.002.2869
Coordenadas: (-101.74, -67.85)
GPS: (-3.12228506, -41.76514742)</description>
        <styleUrl>#node_style</styleUrl>
        <Point>
          <coordinates>-41.765147418912804,-3.12228505860957,0</coordinates>
        </Point>
      </Placemark>
      <Placemark>
        <name>ef_busip4.002.3007</name>
        <description>ID: ef_busip4.002.3007
Coordenadas: (-101.68, -110.34)
GPS: (-3.12228563, -41.76552965)</description>
        <styleUrl>#node_style</styleUrl>
        <Point>
          <coordinates>-41.76552964978398,-3.1222856317380456,0</coordinates>
        </Point>
      </Placemark>
      <Placemark>
        <name>ef_busip4.002.3012</name>
        <description>ID: ef_busip4.002.3012
Coordenadas: (-101.68, -110.32)
GPS: (-3.12228563, -41.76552954)</description>
        <styleUrl>#node_style</styleUrl>
        <Point>
          <coordinates>-41.76552954002585,-3.1222856317380456,0</coordinates>
        </Point>
      </Placemark>
      <Placemark>
        <name>ef_busip4.002.3006</name>
        <description>ID: ef_busip4.002.3006
Coordenadas: (-101.68, -107.32)
GPS: (-3.12228563, -41.76550255)</description>
        <styleUrl>#node_style</styleUrl>
        <Point>
          <coordinates>-41.76550255032297,-3.1222856317380456,0</coordinates>
        </Point>
      </Placemark>
      <Placemark>
        <name>ef_busip4.002.3011</name>
        <description>ID: ef_busip4.002.3011
Coordenadas: (-101.68, -105.29)
GPS: (-3.12228563, -41.76548424)</description>
        <styleUrl>#node_style</styleUrl>
        <Point>
          <coordinates>-41.76548424320751,-3.1222856317380456,0</coordinates>
        </Point>
      </Placemark>
      <Placemark>
        <name>ef_secv6.002.2762</name>
        <description>ID: ef_secv6.002.2762
Coordenadas: (-101.67, -0.95)
GPS: (-3.12228572, -41.76454554)</description>
        <styleUrl>#node_style</styleUrl>
        <Point>
          <coordinates>-41.76454553864233,-3.1222857197734544,0</coordinates>
        </Point>
      </Placemark>
      <Placemark>
        <name>ef_secv6.002.2760</name>
        <description>ID: ef_secv6.002.2760
Coordenadas: (-101.67, 0.68)
GPS: (-3.12228572, -41.76453092)</description>
        <styleUrl>#node_style</styleUrl>
        <Point>
          <coordinates>-41.76453092101925,-3.1222857197734544,0</coordinates>
        </Point>
      </Placemark>
      <Placemark>
        <name>ef_secv6.002.2764</name>
        <description>ID: ef_secv6.002.2764
Coordenadas: (-101.67, 3.68)
GPS: (-3.12228572, -41.76450393)</description>
        <styleUrl>#node_style</styleUrl>
        <Point>
          <coordinates>-41.76450393131637,-3.1222857197734544,0</coordinates>
        </Point>
      </Placemark>
      <Placemark>
        <name>ef_secv6.002.2756</name>
        <description>ID: ef_secv6.002.2756
Coordenadas: (-101.67, 4.15)
GPS: (-3.12228572, -41.76449966)</description>
        <styleUrl>#node_style</styleUrl>
        <Point>
          <coordinates>-41.76449965974606,-3.1222857197734544,0</coordinates>
        </Point>
      </Placemark>
      <Placemark>
        <name>ef_busip12.002.3255</name>
        <description>ID: ef_busip12.002.3255
Coordenadas: (-101.61, -98.94)
GPS: (-3.12228624, -41.76542711)</description>
        <styleUrl>#node_style</styleUrl>
        <Point>
          <coordinates>-41.765427110504795,-3.1222862372060596,0</coordinates>
        </Point>
      </Placemark>
      <Placemark>
        <name>ef_busip12.002.3253</name>
        <description>ID: ef_busip12.002.3253
Coordenadas: (-101.61, -98.32)
GPS: (-3.12228624, -41.76542158)</description>
        <styleUrl>#node_style</styleUrl>
        <Point>
          <coordinates>-41.765421581214326,-3.1222862372060596,0</coordinates>
        </Point>
      </Placemark>
      <Placemark>
        <name>ef_busip12.002.3250</name>
        <description>ID: ef_busip12.002.3250
Coordenadas: (-101.61, -95.32)
GPS: (-3.12228624, -41.76539459)</description>
        <styleUrl>#node_style</styleUrl>
        <Point>
          <coordinates>-41.765394591511445,-3.1222862372060596,0</coordinates>
        </Point>
      </Placemark>
      <Placemark>
        <name>ef_busip12.002.3252</name>
        <description>ID: ef_busip12.002.3252
Coordenadas: (-101.61, -93.89)
GPS: (-3.12228624, -41.76538170)</description>
        <styleUrl>#node_style</styleUrl>
        <Point>
          <coordinates>-41.76538170392832,-3.1222862372060596,0</coordinates>
        </Point>
      </Placemark>
      <Placemark>
        <name>ef_secv3.002.2798</name>
        <description>ID: ef_secv3.002.2798
Coordenadas: (-101.55, -66.44)
GPS: (-3.12228673, -41.76513469)</description>
        <styleUrl>#node_style</styleUrl>
        <Point>
          <coordinates>-41.7651346869703,-3.122286729485691,0</coordinates>
        </Point>
      </Placemark>
      <Placemark>
        <name>ef_secv3.002.2799</name>
        <description>ID: ef_secv3.002.2799
Coordenadas: (-101.55, -65.32)
GPS: (-3.12228673, -41.76512469)</description>
        <styleUrl>#node_style</styleUrl>
        <Point>
          <coordinates>-41.76512469448264,-3.122286729485691,0</coordinates>
        </Point>
      </Placemark>
      <Placemark>
        <name>ef_secv3.002.2791</name>
        <description>ID: ef_secv3.002.2791
Coordenadas: (-101.55, -62.32)
GPS: (-3.12228673, -41.76509770)</description>
        <styleUrl>#node_style</styleUrl>
        <Point>
          <coordinates>-41.765097704779755,-3.122286729485691,0</coordinates>
        </Point>
      </Placemark>
      <Placemark>
        <name>ef_secv3.002.2793</name>
        <description>ID: ef_secv3.002.2793
Coordenadas: (-101.55, -61.34)
GPS: (-3.12228673, -41.76508881)</description>
        <styleUrl>#node_style</styleUrl>
        <Point>
          <coordinates>-41.765088808074026,-3.122286729485691,0</coordinates>
        </Point>
      </Placemark>
      <Placemark>
        <name>ef_busip7.002.2976</name>
        <description>ID: ef_busip7.002.2976
Coordenadas: (-100.71, -104.47)
GPS: (-3.12229427, -41.76547684)</description>
        <styleUrl>#node_style</styleUrl>
        <Point>
          <coordinates>-41.76547683723304,-3.122294266394647,0</coordinates>
        </Point>
      </Placemark>
      <Placemark>
        <name>ef_busip7.002.2977</name>
        <description>ID: ef_busip7.002.2977
Coordenadas: (-100.71, -104.32)
GPS: (-3.12229427, -41.76547556)</description>
        <styleUrl>#node_style</styleUrl>
        <Point>
          <coordinates>-41.76547556062009,-3.122294266394647,0</coordinates>
        </Point>
      </Placemark>
      <Placemark>
        <name>ef_busip7.002.2970</name>
        <description>ID: ef_busip7.002.2970
Coordenadas: (-100.71, -101.32)
GPS: (-3.12229427, -41.76544857)</description>
        <styleUrl>#node_style</styleUrl>
        <Point>
          <coordinates>-41.76544857091721,-3.122294266394647,0</coordinates>
        </Point>
      </Placemark>
      <Placemark>
        <name>ef_busip7.002.2973</name>
        <description>ID: ef_busip7.002.2973
Coordenadas: (-100.71, -99.42)
GPS: (-3.12229427, -41.76543143)</description>
        <styleUrl>#node_style</styleUrl>
        <Point>
          <coordinates>-41.76543143155622,-3.122294266394647,0</coordinates>
        </Point>
      </Placemark>
      <Placemark>
        <name>ef_secv5.002.2770</name>
        <description>ID: ef_secv5.002.2770
Coordenadas: (-100.23, -0.94)
GPS: (-3.12229858, -41.76454542)</description>
        <styleUrl>#node_style</styleUrl>
        <Point>
          <coordinates>-41.764545421686954,-3.1222985756380632,0</coordinates>
        </Point>
      </Placemark>
      <Placemark>
        <name>ef_secv5.002.2774</name>
        <description>ID: ef_secv5.002.2774
Coordenadas: (-100.23, 0.68)
GPS: (-3.12229858, -41.76453092)</description>
        <styleUrl>#node_style</styleUrl>
        <Point>
          <coordinates>-41.76453092101925,-3.1222985756380632,0</coordinates>
        </Point>
      </Placemark>
      <Placemark>
        <name>ef_secv5.002.2777</name>
        <description>ID: ef_secv5.002.2777
Coordenadas: (-100.23, 3.68)
GPS: (-3.12229858, -41.76450393)</description>
        <styleUrl>#node_style</styleUrl>
        <Point>
          <coordinates>-41.76450393131637,-3.1222985756380632,0</coordinates>
        </Point>
      </Placemark>
      <Placemark>
        <name>ef_secv5.002.2766</name>
        <description>ID: ef_secv5.002.2766
Coordenadas: (-100.23, 4.16)
GPS: (-3.12229858, -41.76449954)</description>
        <styleUrl>#node_style</styleUrl>
        <Point>
          <coordinates>-41.76449954279068,-3.1222985756380632,0</coordinates>
        </Point>
      </Placemark>
      <Placemark>
        <name>ef_secv2.002.2810</name>
        <description>ID: ef_secv2.002.2810
Coordenadas: (-100.12, -66.42)
GPS: (-3.12229959, -41.76513457)</description>
        <styleUrl>#node_style</styleUrl>
        <Point>
          <coordinates>-41.76513457001492,-3.1222995853502997,0</coordinates>
        </Point>
      </Placemark>
      <Placemark>
        <name>ef_secv2.002.2801</name>
        <description>ID: ef_secv2.002.2801
Coordenadas: (-100.12, -65.32)
GPS: (-3.12229959, -41.76512469)</description>
        <styleUrl>#node_style</styleUrl>
        <Point>
          <coordinates>-41.76512469448264,-3.1222995853502997,0</coordinates>
        </Point>
      </Placemark>
      <Placemark>
        <name>ef_secv2.002.2802</name>
        <description>ID: ef_secv2.002.2802
Coordenadas: (-100.12, -62.32)
GPS: (-3.12229959, -41.76509770)</description>
        <styleUrl>#node_style</styleUrl>
        <Point>
          <coordinates>-41.765097704779755,-3.1222995853502997,0</coordinates>
        </Point>
      </Placemark>
      <Placemark>
        <name>ef_secv2.002.2800</name>
        <description>ID: ef_secv2.002.2800
Coordenadas: (-100.12, -61.32)
GPS: (-3.12229959, -41.76508869)</description>
        <styleUrl>#node_style</styleUrl>
        <Point>
          <coordinates>-41.765088690218995,-3.1222995853502997,0</coordinates>
        </Point>
      </Placemark>
      <Placemark>
        <name>ef_tc5.002.2703</name>
        <description>ID: ef_tc5.002.2703
Coordenadas: (-100.03, 15.26)
GPS: (-3.12230043, -41.76439969)</description>
        <styleUrl>#node_style</styleUrl>
        <Point>
          <coordinates>-41.764399685388305,-3.1223004342631677,0</coordinates>
        </Point>
      </Placemark>
      <Placemark>
        <name>ef_tc5.002.2706</name>
        <description>ID: ef_tc5.002.2706
Coordenadas: (-100.03, 15.68)
GPS: (-3.12230043, -41.76439597)</description>
        <styleUrl>#node_style</styleUrl>
        <Point>
          <coordinates>-41.76439597250484,-3.1223004342631677,0</coordinates>
        </Point>
      </Placemark>
      <Placemark>
        <name>ef_tc5.002.2707</name>
        <description>ID: ef_tc5.002.2707
Coordenadas: (-100.03, 18.68)
GPS: (-3.12230043, -41.76436898)</description>
        <styleUrl>#node_style</styleUrl>
        <Point>
          <coordinates>-41.76436898280196,-3.1223004342631677,0</coordinates>
        </Point>
      </Placemark>
      <Placemark>
        <name>ef_tc5.002.2701</name>
        <description>ID: ef_tc5.002.2701
Coordenadas: (-100.03, 20.67)
GPS: (-3.12230043, -41.76435103)</description>
        <styleUrl>#node_style</styleUrl>
        <Point>
          <coordinates>-41.76435102745229,-3.1223004342631677,0</coordinates>
        </Point>
      </Placemark>
      <Placemark>
        <name>ef_tc2.002.2735</name>
        <description>ID: ef_tc2.002.2735
Coordenadas: (-100.02, -20.46)
GPS: (-3.12230046, -41.76472108)</description>
        <styleUrl>#node_style</styleUrl>
        <Point>
          <coordinates>-41.76472107966987,-3.12230045582286,0</coordinates>
        </Point>
      </Placemark>
      <Placemark>
        <name>ef_tc2.002.2742</name>
        <description>ID: ef_tc2.002.2742
Coordenadas: (-100.02, -20.32)
GPS: (-3.12230046, -41.76471985)</description>
        <styleUrl>#node_style</styleUrl>
        <Point>
          <coordinates>-41.76471984893942,-3.12230045582286,0</coordinates>
        </Point>
      </Placemark>
      <Placemark>
        <name>ef_tc2.002.2738</name>
        <description>ID: ef_tc2.002.2738
Coordenadas: (-100.02, -17.32)
GPS: (-3.12230046, -41.76469286)</description>
        <styleUrl>#node_style</styleUrl>
        <Point>
          <coordinates>-41.76469285923654,-3.12230045582286,0</coordinates>
        </Point>
      </Placemark>
      <Placemark>
        <name>ef_tc2.002.2732</name>
        <description>ID: ef_tc2.002.2732
Coordenadas: (-100.02, -15.05)
GPS: (-3.12230046, -41.76467242)</description>
        <styleUrl>#node_style</styleUrl>
        <Point>
          <coordinates>-41.76467242173386,-3.12230045582286,0</coordinates>
        </Point>
      </Placemark>
      <Placemark>
        <name>ef_ip5.001.2876</name>
        <description>ID: ef_ip5.001.2876
Coordenadas: (-99.77, -72.89)
GPS: (-3.12230277, -41.76519279)</description>
        <styleUrl>#node_style</styleUrl>
        <Point>
          <coordinates>-41.76519278500472,-3.1223027689981353,0</coordinates>
        </Point>
      </Placemark>
      <Placemark>
        <name>ef_ip5.001.2879</name>
        <description>ID: ef_ip5.001.2879
Coordenadas: (-99.77, -71.32)
GPS: (-3.12230277, -41.76517867)</description>
        <styleUrl>#node_style</styleUrl>
        <Point>
          <coordinates>-41.7651786738884,-3.1223027689981353,0</coordinates>
        </Point>
      </Placemark>
      <Placemark>
        <name>ef_ip5.001.2878</name>
        <description>ID: ef_ip5.001.2878
Coordenadas: (-99.77, -68.32)
GPS: (-3.12230277, -41.76515168)</description>
        <styleUrl>#node_style</styleUrl>
        <Point>
          <coordinates>-41.76515168418552,-3.1223027689981353,0</coordinates>
        </Point>
      </Placemark>
      <Placemark>
        <name>ef_ip5.001.2872</name>
        <description>ID: ef_ip5.001.2872
Coordenadas: (-99.77, -67.84)
GPS: (-3.12230277, -41.76514730)</description>
        <styleUrl>#node_style</styleUrl>
        <Point>
          <coordinates>-41.76514730285708,-3.1223027689981353,0</coordinates>
        </Point>
      </Placemark>
      <Placemark>
        <name>ef_busip17.002.3181</name>
        <description>ID: ef_busip17.002.3181
Coordenadas: (-99.67, -80.69)
GPS: (-3.12230363, -41.76526298)</description>
        <styleUrl>#node_style</styleUrl>
        <Point>
          <coordinates>-41.76526297622535,-3.122303631385811,0</coordinates>
        </Point>
      </Placemark>
      <Placemark>
        <name>ef_busip17.002.3172</name>
        <description>ID: ef_busip17.002.3172
Coordenadas: (-99.67, -80.32)
GPS: (-3.12230363, -41.76525964)</description>
        <styleUrl>#node_style</styleUrl>
        <Point>
          <coordinates>-41.765259642997044,-3.122303631385811,0</coordinates>
        </Point>
      </Placemark>
      <Placemark>
        <name>ef_busip17.002.3178</name>
        <description>ID: ef_busip17.002.3178
Coordenadas: (-99.67, -77.32)
GPS: (-3.12230363, -41.76523265)</description>
        <styleUrl>#node_style</styleUrl>
        <Point>
          <coordinates>-41.76523265329416,-3.122303631385811,0</coordinates>
        </Point>
      </Placemark>
      <Placemark>
        <name>ef_busip17.002.3179</name>
        <description>ID: ef_busip17.002.3179
Coordenadas: (-99.67, -75.65)
GPS: (-3.12230363, -41.76521757)</description>
        <styleUrl>#node_style</styleUrl>
        <Point>
          <coordinates>-41.765217569648875,-3.122303631385811,0</coordinates>
        </Point>
      </Placemark>
      <Placemark>
        <name>ef_busip14.002.3210</name>
        <description>ID: ef_busip14.002.3210
Coordenadas: (-99.66, -88.27)
GPS: (-3.12230375, -41.76533112)</description>
        <styleUrl>#node_style</styleUrl>
        <Point>
          <coordinates>-41.7653311153289,-3.122303748167475,0</coordinates>
        </Point>
      </Placemark>
      <Placemark>
        <name>ef_busip14.002.3212</name>
        <description>ID: ef_busip14.002.3212
Coordenadas: (-99.66, -86.32)
GPS: (-3.12230375, -41.76531362)</description>
        <styleUrl>#node_style</styleUrl>
        <Point>
          <coordinates>-41.76531362240281,-3.122303748167475,0</coordinates>
        </Point>
      </Placemark>
      <Placemark>
        <name>ef_busip14.002.3211</name>
        <description>ID: ef_busip14.002.3211
Coordenadas: (-99.66, -83.32)
GPS: (-3.12230375, -41.76528663)</description>
        <styleUrl>#node_style</styleUrl>
        <Point>
          <coordinates>-41.765286632699926,-3.122303748167475,0</coordinates>
        </Point>
      </Placemark>
      <Placemark>
        <name>ef_busip14.002.3205</name>
        <description>ID: ef_busip14.002.3205
Coordenadas: (-99.66, -83.22)
GPS: (-3.12230375, -41.76528571)</description>
        <styleUrl>#node_style</styleUrl>
        <Point>
          <coordinates>-41.76528570965208,-3.122303748167475,0</coordinates>
        </Point>
      </Placemark>
      <Placemark>
        <name>ef_busip7.002.3264</name>
        <description>ID: ef_busip7.002.3264
Coordenadas: (-99.52, -98.87)
GPS: (-3.12230503, -41.76542650)</description>
        <styleUrl>#node_style</styleUrl>
        <Point>
          <coordinates>-41.76542649693888,-3.1223050273758606,0</coordinates>
        </Point>
      </Placemark>
      <Placemark>
        <name>ef_busip11.002.3268</name>
        <description>ID: ef_busip11.002.3268
Coordenadas: (-99.52, -98.32)
GPS: (-3.12230503, -41.76542158)</description>
        <styleUrl>#node_style</styleUrl>
        <Point>
          <coordinates>-41.765421581214326,-3.1223050273758606,0</coordinates>
        </Point>
      </Placemark>
      <Placemark>
        <name>ef_busip11.002.3267</name>
        <description>ID: ef_busip11.002.3267
Coordenadas: (-99.52, -95.32)
GPS: (-3.12230503, -41.76539459)</description>
        <styleUrl>#node_style</styleUrl>
        <Point>
          <coordinates>-41.765394591511445,-3.1223050273758606,0</coordinates>
        </Point>
      </Placemark>
      <Placemark>
        <name>ef_busip11.002.3260</name>
        <description>ID: ef_busip11.002.3260
Coordenadas: (-99.52, -93.82)
GPS: (-3.12230503, -41.76538109)</description>
        <styleUrl>#node_style</styleUrl>
        <Point>
          <coordinates>-41.765381091262064,-3.1223050273758606,0</coordinates>
        </Point>
      </Placemark>
      <Placemark>
        <name>ef_busip7.002.2971</name>
        <description>ID: ef_busip7.002.2971
Coordenadas: (-99.17, -99.42)
GPS: (-3.12230812, -41.76543143)</description>
        <styleUrl>#node_style</styleUrl>
        <Point>
          <coordinates>-41.76543143155622,-3.1223081247849285,0</coordinates>
        </Point>
      </Placemark>
      <Placemark>
        <name>ef_busip7.002.3269</name>
        <description>ID: ef_busip7.002.3269
Coordenadas: (-99.17, -98.87)
GPS: (-3.12230812, -41.76542650)</description>
        <styleUrl>#node_style</styleUrl>
        <Point>
          <coordinates>-41.76542649693888,-3.1223081247849285,0</coordinates>
        </Point>
      </Placemark>
      <Placemark>
        <name>ef_busip11.002.3266</name>
        <description>ID: ef_busip11.002.3266
Coordenadas: (-99.17, -93.82)
GPS: (-3.12230812, -41.76538109)</description>
        <styleUrl>#node_style</styleUrl>
        <Point>
          <coordinates>-41.765381091262064,-3.1223081247849285,0</coordinates>
        </Point>
      </Placemark>
      <Placemark>
        <name>ef_busip14.002.3209</name>
        <description>ID: ef_busip14.002.3209
Coordenadas: (-99.17, -88.27)
GPS: (-3.12230812, -41.76533112)</description>
        <styleUrl>#node_style</styleUrl>
        <Point>
          <coordinates>-41.7653311153289,-3.1223081247849285,0</coordinates>
        </Point>
      </Placemark>
      <Placemark>
        <name>ef_busip14.002.3215</name>
        <description>ID: ef_busip14.002.3215
Coordenadas: (-99.17, -83.22)
GPS: (-3.12230812, -41.76528571)</description>
        <styleUrl>#node_style</styleUrl>
        <Point>
          <coordinates>-41.76528570965208,-3.1223081247849285,0</coordinates>
        </Point>
      </Placemark>
      <Placemark>
        <name>ef_busip17.002.3180</name>
        <description>ID: ef_busip17.002.3180
Coordenadas: (-99.17, -80.69)
GPS: (-3.12230812, -41.76526298)</description>
        <styleUrl>#node_style</styleUrl>
        <Point>
          <coordinates>-41.76526297622535,-3.1223081247849285,0</coordinates>
        </Point>
      </Placemark>
      <Placemark>
        <name>ef_busip17.002.3176</name>
        <description>ID: ef_busip17.002.3176
Coordenadas: (-99.17, -75.65)
GPS: (-3.12230812, -41.76521757)</description>
        <styleUrl>#node_style</styleUrl>
        <Point>
          <coordinates>-41.765217569648875,-3.1223081247849285,0</coordinates>
        </Point>
      </Placemark>
      <Placemark>
        <name>ef_ip5.001.2883</name>
        <description>ID: ef_ip5.001.2883
Coordenadas: (-99.17, -72.89)
GPS: (-3.12230812, -41.76519279)</description>
        <styleUrl>#node_style</styleUrl>
        <Point>
          <coordinates>-41.76519278500472,-3.1223081247849285,0</coordinates>
        </Point>
      </Placemark>
      <Placemark>
        <name>ef_ip5.001.2874</name>
        <description>ID: ef_ip5.001.2874
Coordenadas: (-99.17, -67.84)
GPS: (-3.12230812, -41.76514730)</description>
        <styleUrl>#node_style</styleUrl>
        <Point>
          <coordinates>-41.76514730285708,-3.1223081247849285,0</coordinates>
        </Point>
      </Placemark>
      <Placemark>
        <name>ef_secv2.002.2803</name>
        <description>ID: ef_secv2.002.2803
Coordenadas: (-99.17, -66.42)
GPS: (-3.12230812, -41.76513457)</description>
        <styleUrl>#node_style</styleUrl>
        <Point>
          <coordinates>-41.76513457001492,-3.1223081247849285,0</coordinates>
        </Point>
      </Placemark>
      <Placemark>
        <name>ef_secv2.002.2804</name>
        <description>ID: ef_secv2.002.2804
Coordenadas: (-99.17, -61.32)
GPS: (-3.12230812, -41.76508869)</description>
        <styleUrl>#node_style</styleUrl>
        <Point>
          <coordinates>-41.765088690218995,-3.1223081247849285,0</coordinates>
        </Point>
      </Placemark>
      <Placemark>
        <name>ef_buscsb4.002.3330</name>
        <description>ID: ef_buscsb4.002.3330
Coordenadas: (-99.17, -54.33)
GPS: (-3.12230812, -41.76502581)</description>
        <styleUrl>#node_style</styleUrl>
        <Point>
          <coordinates>-41.76502580511094,-3.1223081247849285,0</coordinates>
        </Point>
      </Placemark>
      <Placemark>
        <name>ef_buscsb4.002.3332</name>
        <description>ID: ef_buscsb4.002.3332
Coordenadas: (-99.17, -49.23)
GPS: (-3.12230812, -41.76497993)</description>
        <styleUrl>#node_style</styleUrl>
        <Point>
          <coordinates>-41.76497992531501,-3.1223081247849285,0</coordinates>
        </Point>
      </Placemark>
      <Placemark>
        <name>ef_busip22.002.3145</name>
        <description>ID: ef_busip22.002.3145
Coordenadas: (-99.17, -46.11)
GPS: (-3.12230812, -41.76495186)</description>
        <styleUrl>#node_style</styleUrl>
        <Point>
          <coordinates>-41.76495185872298,-3.1223081247849285,0</coordinates>
        </Point>
      </Placemark>
      <Placemark>
        <name>ef_busip22.002.3130</name>
        <description>ID: ef_busip22.002.3130
Coordenadas: (-99.17, -41.03)
GPS: (-3.12230812, -41.76490617)</description>
        <styleUrl>#node_style</styleUrl>
        <Point>
          <coordinates>-41.76490616605566,-3.1223081247849285,0</coordinates>
        </Point>
      </Placemark>
      <Placemark>
        <name>ef_busip28.002.3088</name>
        <description>ID: ef_busip28.002.3088
Coordenadas: (-99.17, -37.68)
GPS: (-3.12230812, -41.76487599)</description>
        <styleUrl>#node_style</styleUrl>
        <Point>
          <coordinates>-41.76487598886887,-3.1223081247849285,0</coordinates>
        </Point>
      </Placemark>
      <Placemark>
        <name>ef_busip28.002.3099</name>
        <description>ID: ef_busip28.002.3099
Coordenadas: (-99.17, -32.59)
GPS: (-3.12230812, -41.76483022)</description>
        <styleUrl>#node_style</styleUrl>
        <Point>
          <coordinates>-41.76483022153004,-3.1223081247849285,0</coordinates>
        </Point>
      </Placemark>
      <Placemark>
        <name>ef_disjuntor2.002.2932</name>
        <description>ID: ef_disjuntor2.002.2932
Coordenadas: (-99.17, -27.97)
GPS: (-3.12230812, -41.76478860)</description>
        <styleUrl>#node_style</styleUrl>
        <Point>
          <coordinates>-41.764788600709224,-3.1223081247849285,0</coordinates>
        </Point>
      </Placemark>
      <Placemark>
        <name>ef_disjuntor2.002.2944</name>
        <description>ID: ef_disjuntor2.002.2944
Coordenadas: (-99.17, -22.46)
GPS: (-3.12230812, -41.76473910)</description>
        <styleUrl>#node_style</styleUrl>
        <Point>
          <coordinates>-41.76473909889517,-3.1223081247849285,0</coordinates>
        </Point>
      </Placemark>
      <Placemark>
        <name>ef_tc2.002.2737</name>
        <description>ID: ef_tc2.002.2737
Coordenadas: (-99.17, -20.46)
GPS: (-3.12230812, -41.76472108)</description>
        <styleUrl>#node_style</styleUrl>
        <Point>
          <coordinates>-41.76472107966987,-3.1223081247849285,0</coordinates>
        </Point>
      </Placemark>
      <Placemark>
        <name>ef_tc2.002.2733</name>
        <description>ID: ef_tc2.002.2733
Coordenadas: (-99.17, -15.05)
GPS: (-3.12230812, -41.76467242)</description>
        <styleUrl>#node_style</styleUrl>
        <Point>
          <coordinates>-41.76467242173386,-3.1223081247849285,0</coordinates>
        </Point>
      </Placemark>
      <Placemark>
        <name>ef_sech2.002.2847</name>
        <description>ID: ef_sech2.002.2847
Coordenadas: (-99.17, -13.78)
GPS: (-3.12230812, -41.76466099)</description>
        <styleUrl>#node_style</styleUrl>
        <Point>
          <coordinates>-41.76466099249435,-3.1223081247849285,0</coordinates>
        </Point>
      </Placemark>
      <Placemark>
        <name>ef_sech2.002.2841</name>
        <description>ID: ef_sech2.002.2841
Coordenadas: (-99.17, -8.70)
GPS: (-3.12230812, -41.76461523)</description>
        <styleUrl>#node_style</styleUrl>
        <Point>
          <coordinates>-41.76461523415208,-3.1223081247849285,0</coordinates>
        </Point>
      </Placemark>
      <Placemark>
        <name>ef_secv5.002.2767</name>
        <description>ID: ef_secv5.002.2767
Coordenadas: (-99.17, -0.94)
GPS: (-3.12230812, -41.76454542)</description>
        <styleUrl>#node_style</styleUrl>
        <Point>
          <coordinates>-41.764545421686954,-3.1223081247849285,0</coordinates>
        </Point>
      </Placemark>
      <Placemark>
        <name>ef_secv5.002.2775</name>
        <description>ID: ef_secv5.002.2775
Coordenadas: (-99.17, 4.16)
GPS: (-3.12230812, -41.76449954)</description>
        <styleUrl>#node_style</styleUrl>
        <Point>
          <coordinates>-41.76449954279068,-3.1223081247849285,0</coordinates>
        </Point>
      </Placemark>
      <Placemark>
        <name>ef_disjuntor5.002.2915</name>
        <description>ID: ef_disjuntor5.002.2915
Coordenadas: (-99.17, 6.65)
GPS: (-3.12230812, -41.76447721)</description>
        <styleUrl>#node_style</styleUrl>
        <Point>
          <coordinates>-41.764477214209485,-3.1223081247849285,0</coordinates>
        </Point>
      </Placemark>
      <Placemark>
        <name>ef_disjuntor5.002.2916</name>
        <description>ID: ef_disjuntor5.002.2916
Coordenadas: (-99.17, 12.15)
GPS: (-3.12230812, -41.76442771)</description>
        <styleUrl>#node_style</styleUrl>
        <Point>
          <coordinates>-41.76442771239543,-3.1223081247849285,0</coordinates>
        </Point>
      </Placemark>
      <Placemark>
        <name>ef_tc5.002.2704</name>
        <description>ID: ef_tc5.002.2704
Coordenadas: (-99.17, 15.26)
GPS: (-3.12230812, -41.76439969)</description>
        <styleUrl>#node_style</styleUrl>
        <Point>
          <coordinates>-41.764399685388305,-3.1223081247849285,0</coordinates>
        </Point>
      </Placemark>
      <Placemark>
        <name>ef_tc5.002.2700</name>
        <description>ID: ef_tc5.002.2700
Coordenadas: (-99.17, 20.67)
GPS: (-3.12230812, -41.76435103)</description>
        <styleUrl>#node_style</styleUrl>
        <Point>
          <coordinates>-41.76435102745229,-3.1223081247849285,0</coordinates>
        </Point>
      </Placemark>
      <Placemark>
        <name>ef_sech5.002.2838</name>
        <description>ID: ef_sech5.002.2838
Coordenadas: (-99.17, 22.07)
GPS: (-3.12230812, -41.76433847)</description>
        <styleUrl>#node_style</styleUrl>
        <Point>
          <coordinates>-41.764338471842514,-3.1223081247849285,0</coordinates>
        </Point>
      </Placemark>
      <Placemark>
        <name>ef_sech5.002.2827</name>
        <description>ID: ef_sech5.002.2827
Coordenadas: (-99.17, 27.15)
GPS: (-3.12230812, -41.76429271)</description>
        <styleUrl>#node_style</styleUrl>
        <Point>
          <coordinates>-41.76429271350025,-3.1223081247849285,0</coordinates>
        </Point>
      </Placemark>
      <Placemark>
        <name>ef_busip35.002.3046</name>
        <description>ID: ef_busip35.002.3046
Coordenadas: (-99.17, 67.56)
GPS: (-3.12230812, -41.76392922)</description>
        <styleUrl>#node_style</styleUrl>
        <Point>
          <coordinates>-41.76392921618184,-3.1223081247849285,0</coordinates>
        </Point>
      </Placemark>
      <Placemark>
        <name>ef_busip35.002.3045</name>
        <description>ID: ef_busip35.002.3045
Coordenadas: (-99.17, 72.60)
GPS: (-3.12230812, -41.76388381)</description>
        <styleUrl>#node_style</styleUrl>
        <Point>
          <coordinates>-41.763883809605375,-3.1223081247849285,0</coordinates>
        </Point>
      </Placemark>
      <Placemark>
        <name>ef_busip39.002.3018</name>
        <description>ID: ef_busip39.002.3018
Coordenadas: (-99.17, 76.05)
GPS: (-3.12230812, -41.76385284)</description>
        <styleUrl>#node_style</styleUrl>
        <Point>
          <coordinates>-41.76385284431926,-3.1223081247849285,0</coordinates>
        </Point>
      </Placemark>
      <Placemark>
        <name>ef_buscsb4.002.3333</name>
        <description>ID: ef_buscsb4.002.3333
Coordenadas: (-98.89, -54.33)
GPS: (-3.12231063, -41.76502581)</description>
        <styleUrl>#node_style</styleUrl>
        <Point>
          <coordinates>-41.76502580511094,-3.1223106293024694,0</coordinates>
        </Point>
      </Placemark>
      <Placemark>
        <name>ef_buscsb4.002.3329</name>
        <description>ID: ef_buscsb4.002.3329
Coordenadas: (-98.89, -53.32)
GPS: (-3.12231063, -41.76501674)</description>
        <styleUrl>#node_style</styleUrl>
        <Point>
          <coordinates>-41.76501673567111,-3.1223106293024694,0</coordinates>
        </Point>
      </Placemark>
      <Placemark>
        <name>ef_buscsb4.002.3324</name>
        <description>ID: ef_buscsb4.002.3324
Coordenadas: (-98.89, -50.32)
GPS: (-3.12231063, -41.76498975)</description>
        <styleUrl>#node_style</styleUrl>
        <Point>
          <coordinates>-41.76498974596823,-3.1223106293024694,0</coordinates>
        </Point>
      </Placemark>
      <Placemark>
        <name>ef_buscsb4.002.3335</name>
        <description>ID: ef_buscsb4.002.3335
Coordenadas: (-98.89, -49.23)
GPS: (-3.12231063, -41.76497993)</description>
        <styleUrl>#node_style</styleUrl>
        <Point>
          <coordinates>-41.76497992531501,-3.1223106293024694,0</coordinates>
        </Point>
      </Placemark>
      <Placemark>
        <name>ef_busip39.002.3013</name>
        <description>ID: ef_busip39.002.3013
Coordenadas: (-98.82, 76.05)
GPS: (-3.12231129, -41.76385284)</description>
        <styleUrl>#node_style</styleUrl>
        <Point>
          <coordinates>-41.76385284431926,-3.1223112877713928,0</coordinates>
        </Point>
      </Placemark>
      <Placemark>
        <name>ef_busip39.002.3014</name>
        <description>ID: ef_busip39.002.3014
Coordenadas: (-98.82, 78.68)
GPS: (-3.12231129, -41.76382919)</description>
        <styleUrl>#node_style</styleUrl>
        <Point>
          <coordinates>-41.76382918874434,-3.1223112877713928,0</coordinates>
        </Point>
      </Placemark>
      <Placemark>
        <name>ef_busip39.002.3017</name>
        <description>ID: ef_busip39.002.3017
Coordenadas: (-98.82, 81.09)
GPS: (-3.12231129, -41.76380744)</description>
        <styleUrl>#node_style</styleUrl>
        <Point>
          <coordinates>-41.76380743774279,-3.1223112877713928,0</coordinates>
        </Point>
      </Placemark>
      <Placemark>
        <name>ef_busip35.002.3048</name>
        <description>ID: ef_busip35.002.3048
Coordenadas: (-98.80, 67.56)
GPS: (-3.12231142, -41.76392922)</description>
        <styleUrl>#node_style</styleUrl>
        <Point>
          <coordinates>-41.76392921618184,-3.1223114180278646,0</coordinates>
        </Point>
      </Placemark>
      <Placemark>
        <name>ef_busip35.002.3050</name>
        <description>ID: ef_busip35.002.3050
Coordenadas: (-98.80, 69.68)
GPS: (-3.12231142, -41.76391016)</description>
        <styleUrl>#node_style</styleUrl>
        <Point>
          <coordinates>-41.76391015785298,-3.1223114180278646,0</coordinates>
        </Point>
      </Placemark>
      <Placemark>
        <name>ef_busip35.002.3047</name>
        <description>ID: ef_busip35.002.3047
Coordenadas: (-98.80, 72.60)
GPS: (-3.12231142, -41.76388381)</description>
        <styleUrl>#node_style</styleUrl>
        <Point>
          <coordinates>-41.763883809605375,-3.1223114180278646,0</coordinates>
        </Point>
      </Placemark>
      <Placemark>
        <name>ef_busip7.002.2969</name>
        <description>ID: ef_busip7.002.2969
Coordenadas: (-96.17, -99.42)
GPS: (-3.12233507, -41.76543143)</description>
        <styleUrl>#node_style</styleUrl>
        <Point>
          <coordinates>-41.76543143155622,-3.1223350743997886,0</coordinates>
        </Point>
      </Placemark>
      <Placemark>
        <name>ef_busip11.002.3271</name>
        <description>ID: ef_busip11.002.3271
Coordenadas: (-96.17, -98.87)
GPS: (-3.12233507, -41.76542650)</description>
        <styleUrl>#node_style</styleUrl>
        <Point>
          <coordinates>-41.76542649693888,-3.1223350743997886,0</coordinates>
        </Point>
      </Placemark>
      <Placemark>
        <name>ef_busip11.002.3262</name>
        <description>ID: ef_busip11.002.3262
Coordenadas: (-96.17, -93.82)
GPS: (-3.12233507, -41.76538109)</description>
        <styleUrl>#node_style</styleUrl>
        <Point>
          <coordinates>-41.765381091262064,-3.1223350743997886,0</coordinates>
        </Point>
      </Placemark>
      <Placemark>
        <name>ef_busip14.002.3213</name>
        <description>ID: ef_busip14.002.3213
Coordenadas: (-96.17, -88.27)
GPS: (-3.12233507, -41.76533112)</description>
        <styleUrl>#node_style</styleUrl>
        <Point>
          <coordinates>-41.7653311153289,-3.1223350743997886,0</coordinates>
        </Point>
      </Placemark>
      <Placemark>
        <name>ef_busip14.002.3214</name>
        <description>ID: ef_busip14.002.3214
Coordenadas: (-96.17, -83.22)
GPS: (-3.12233507, -41.76528571)</description>
        <styleUrl>#node_style</styleUrl>
        <Point>
          <coordinates>-41.76528570965208,-3.1223350743997886,0</coordinates>
        </Point>
      </Placemark>
      <Placemark>
        <name>ef_busip17.002.3183</name>
        <description>ID: ef_busip17.002.3183
Coordenadas: (-96.17, -80.69)
GPS: (-3.12233507, -41.76526298)</description>
        <styleUrl>#node_style</styleUrl>
        <Point>
          <coordinates>-41.76526297622535,-3.1223350743997886,0</coordinates>
        </Point>
      </Placemark>
      <Placemark>
        <name>ef_busip17.002.3175</name>
        <description>ID: ef_busip17.002.3175
Coordenadas: (-96.17, -75.65)
GPS: (-3.12233507, -41.76521757)</description>
        <styleUrl>#node_style</styleUrl>
        <Point>
          <coordinates>-41.765217569648875,-3.1223350743997886,0</coordinates>
        </Point>
      </Placemark>
      <Placemark>
        <name>ef_ip2.002.2875</name>
        <description>ID: ef_ip2.002.2875
Coordenadas: (-96.17, -72.89)
GPS: (-3.12233507, -41.76519279)</description>
        <styleUrl>#node_style</styleUrl>
        <Point>
          <coordinates>-41.76519278500472,-3.1223350743997886,0</coordinates>
        </Point>
      </Placemark>
      <Placemark>
        <name>ef_ip2.002.2880</name>
        <description>ID: ef_ip2.002.2880
Coordenadas: (-96.17, -67.84)
GPS: (-3.12233507, -41.76514730)</description>
        <styleUrl>#node_style</styleUrl>
        <Point>
          <coordinates>-41.76514730285708,-3.1223350743997886,0</coordinates>
        </Point>
      </Placemark>
      <Placemark>
        <name>ef_secv2.002.2805</name>
        <description>ID: ef_secv2.002.2805
Coordenadas: (-96.17, -66.42)
GPS: (-3.12233507, -41.76513457)</description>
        <styleUrl>#node_style</styleUrl>
        <Point>
          <coordinates>-41.76513457001492,-3.1223350743997886,0</coordinates>
        </Point>
      </Placemark>
      <Placemark>
        <name>ef_secv2.002.2811</name>
        <description>ID: ef_secv2.002.2811
Coordenadas: (-96.17, -61.32)
GPS: (-3.12233507, -41.76508869)</description>
        <styleUrl>#node_style</styleUrl>
        <Point>
          <coordinates>-41.765088690218995,-3.1223350743997886,0</coordinates>
        </Point>
      </Placemark>
      <Placemark>
        <name>ef_busip22.002.3147</name>
        <description>ID: ef_busip22.002.3147
Coordenadas: (-96.17, -46.11)
GPS: (-3.12233507, -41.76495186)</description>
        <styleUrl>#node_style</styleUrl>
        <Point>
          <coordinates>-41.76495185872298,-3.1223350743997886,0</coordinates>
        </Point>
      </Placemark>
      <Placemark>
        <name>ef_busip22.002.3153</name>
        <description>ID: ef_busip22.002.3153
Coordenadas: (-96.17, -41.03)
GPS: (-3.12233507, -41.76490617)</description>
        <styleUrl>#node_style</styleUrl>
        <Point>
          <coordinates>-41.76490616605566,-3.1223350743997886,0</coordinates>
        </Point>
      </Placemark>
      <Placemark>
        <name>ef_busip28.002.3100</name>
        <description>ID: ef_busip28.002.3100
Coordenadas: (-96.17, -37.68)
GPS: (-3.12233507, -41.76487599)</description>
        <styleUrl>#node_style</styleUrl>
        <Point>
          <coordinates>-41.76487598886887,-3.1223350743997886,0</coordinates>
        </Point>
      </Placemark>
      <Placemark>
        <name>ef_busip28.002.3091</name>
        <description>ID: ef_busip28.002.3091
Coordenadas: (-96.17, -32.59)
GPS: (-3.12233507, -41.76483022)</description>
        <styleUrl>#node_style</styleUrl>
        <Point>
          <coordinates>-41.76483022153004,-3.1223350743997886,0</coordinates>
        </Point>
      </Placemark>
      <Placemark>
        <name>ef_disjuntor2.002.2931</name>
        <description>ID: ef_disjuntor2.002.2931
Coordenadas: (-96.17, -27.97)
GPS: (-3.12233507, -41.76478860)</description>
        <styleUrl>#node_style</styleUrl>
        <Point>
          <coordinates>-41.764788600709224,-3.1223350743997886,0</coordinates>
        </Point>
      </Placemark>
      <Placemark>
        <name>ef_disjuntor2.002.2937</name>
        <description>ID: ef_disjuntor2.002.2937
Coordenadas: (-96.17, -22.46)
GPS: (-3.12233507, -41.76473910)</description>
        <styleUrl>#node_style</styleUrl>
        <Point>
          <coordinates>-41.76473909889517,-3.1223350743997886,0</coordinates>
        </Point>
      </Placemark>
      <Placemark>
        <name>ef_tc2.002.2743</name>
        <description>ID: ef_tc2.002.2743
Coordenadas: (-96.17, -20.46)
GPS: (-3.12233507, -41.76472108)</description>
        <styleUrl>#node_style</styleUrl>
        <Point>
          <coordinates>-41.76472107966987,-3.1223350743997886,0</coordinates>
        </Point>
      </Placemark>
      <Placemark>
        <name>ef_tc2.002.2740</name>
        <description>ID: ef_tc2.002.2740
Coordenadas: (-96.17, -15.05)
GPS: (-3.12233507, -41.76467242)</description>
        <styleUrl>#node_style</styleUrl>
        <Point>
          <coordinates>-41.76467242173386,-3.1223350743997886,0</coordinates>
        </Point>
      </Placemark>
      <Placemark>
        <name>ef_sech2.002.2843</name>
        <description>ID: ef_sech2.002.2843
Coordenadas: (-96.17, -13.78)
GPS: (-3.12233507, -41.76466099)</description>
        <styleUrl>#node_style</styleUrl>
        <Point>
          <coordinates>-41.76466099249435,-3.1223350743997886,0</coordinates>
        </Point>
      </Placemark>
      <Placemark>
        <name>ef_sech2.002.2851</name>
        <description>ID: ef_sech2.002.2851
Coordenadas: (-96.17, -8.70)
GPS: (-3.12233507, -41.76461523)</description>
        <styleUrl>#node_style</styleUrl>
        <Point>
          <coordinates>-41.76461523415208,-3.1223350743997886,0</coordinates>
        </Point>
      </Placemark>
      <Placemark>
        <name>ef_secv5.002.2771</name>
        <description>ID: ef_secv5.002.2771
Coordenadas: (-96.17, -0.94)
GPS: (-3.12233507, -41.76454542)</description>
        <styleUrl>#node_style</styleUrl>
        <Point>
          <coordinates>-41.764545421686954,-3.1223350743997886,0</coordinates>
        </Point>
      </Placemark>
      <Placemark>
        <name>ef_secv5.002.2768</name>
        <description>ID: ef_secv5.002.2768
Coordenadas: (-96.17, 4.16)
GPS: (-3.12233507, -41.76449954)</description>
        <styleUrl>#node_style</styleUrl>
        <Point>
          <coordinates>-41.76449954279068,-3.1223350743997886,0</coordinates>
        </Point>
      </Placemark>
      <Placemark>
        <name>ef_disjuntor5.002.2911</name>
        <description>ID: ef_disjuntor5.002.2911
Coordenadas: (-96.17, 6.65)
GPS: (-3.12233507, -41.76447721)</description>
        <styleUrl>#node_style</styleUrl>
        <Point>
          <coordinates>-41.764477214209485,-3.1223350743997886,0</coordinates>
        </Point>
      </Placemark>
      <Placemark>
        <name>ef_disjuntor5.002.2920</name>
        <description>ID: ef_disjuntor5.002.2920
Coordenadas: (-96.17, 12.15)
GPS: (-3.12233507, -41.76442771)</description>
        <styleUrl>#node_style</styleUrl>
        <Point>
          <coordinates>-41.76442771239543,-3.1223350743997886,0</coordinates>
        </Point>
      </Placemark>
      <Placemark>
        <name>ef_tc5.002.2709</name>
        <description>ID: ef_tc5.002.2709
Coordenadas: (-96.17, 15.26)
GPS: (-3.12233507, -41.76439969)</description>
        <styleUrl>#node_style</styleUrl>
        <Point>
          <coordinates>-41.764399685388305,-3.1223350743997886,0</coordinates>
        </Point>
      </Placemark>
      <Placemark>
        <name>ef_tc5.002.2705</name>
        <description>ID: ef_tc5.002.2705
Coordenadas: (-96.17, 20.67)
GPS: (-3.12233507, -41.76435103)</description>
        <styleUrl>#node_style</styleUrl>
        <Point>
          <coordinates>-41.76435102745229,-3.1223350743997886,0</coordinates>
        </Point>
      </Placemark>
      <Placemark>
        <name>ef_sech5.002.2833</name>
        <description>ID: ef_sech5.002.2833
Coordenadas: (-96.17, 22.07)
GPS: (-3.12233507, -41.76433847)</description>
        <styleUrl>#node_style</styleUrl>
        <Point>
          <coordinates>-41.764338471842514,-3.1223350743997886,0</coordinates>
        </Point>
      </Placemark>
      <Placemark>
        <name>ef_buscsb3.002.3346</name>
        <description>ID: ef_buscsb3.002.3346
Coordenadas: (-95.45, -54.32)
GPS: (-3.12234160, -41.76502567)</description>
        <styleUrl>#node_style</styleUrl>
        <Point>
          <coordinates>-41.76502566566414,-3.122341597104905,0</coordinates>
        </Point>
      </Placemark>
      <Placemark>
        <name>ef_buscsb3.002.3340</name>
        <description>ID: ef_buscsb3.002.3340
Coordenadas: (-95.45, -53.32)
GPS: (-3.12234160, -41.76501674)</description>
        <styleUrl>#node_style</styleUrl>
        <Point>
          <coordinates>-41.76501673567111,-3.122341597104905,0</coordinates>
        </Point>
      </Placemark>
      <Placemark>
        <name>ef_buscsb3.002.3351</name>
        <description>ID: ef_buscsb3.002.3351
Coordenadas: (-95.45, -50.32)
GPS: (-3.12234160, -41.76498975)</description>
        <styleUrl>#node_style</styleUrl>
        <Point>
          <coordinates>-41.76498974596823,-3.122341597104905,0</coordinates>
        </Point>
      </Placemark>
      <Placemark>
        <name>ef_buscsb3.002.3342</name>
        <description>ID: ef_buscsb3.002.3342
Coordenadas: (-95.45, -49.20)
GPS: (-3.12234160, -41.76497964)</description>
        <styleUrl>#node_style</styleUrl>
        <Point>
          <coordinates>-41.76497963922416,-3.122341597104905,0</coordinates>
        </Point>
      </Placemark>
      <Placemark>
        <name>ef_busip7.002.2978</name>
        <description>ID: ef_busip7.002.2978
Coordenadas: (-95.27, -104.47)
GPS: (-3.12234321, -41.76547684)</description>
        <styleUrl>#node_style</styleUrl>
        <Point>
          <coordinates>-41.76547683723304,-3.1223432050985918,0</coordinates>
        </Point>
      </Placemark>
      <Placemark>
        <name>ef_busip7.002.2975</name>
        <description>ID: ef_busip7.002.2975
Coordenadas: (-95.27, -104.32)
GPS: (-3.12234321, -41.76547556)</description>
        <styleUrl>#node_style</styleUrl>
        <Point>
          <coordinates>-41.76547556062009,-3.1223432050985918,0</coordinates>
        </Point>
      </Placemark>
      <Placemark>
        <name>ef_busip7.002.2974</name>
        <description>ID: ef_busip7.002.2974
Coordenadas: (-95.27, -101.32)
GPS: (-3.12234321, -41.76544857)</description>
        <styleUrl>#node_style</styleUrl>
        <Point>
          <coordinates>-41.76544857091721,-3.1223432050985918,0</coordinates>
        </Point>
      </Placemark>
      <Placemark>
        <name>ef_busip11.002.2972</name>
        <description>ID: ef_busip11.002.2972
Coordenadas: (-95.27, -99.42)
GPS: (-3.12234321, -41.76543143)</description>
        <styleUrl>#node_style</styleUrl>
        <Point>
          <coordinates>-41.76543143155622,-3.1223432050985918,0</coordinates>
        </Point>
      </Placemark>
      <Placemark>
        <name>ef_buscsb8.002.3283</name>
        <description>ID: ef_buscsb8.002.3283
Coordenadas: (-95.24, 59.46)
GPS: (-3.12234340, -41.76400210)</description>
        <styleUrl>#node_style</styleUrl>
        <Point>
          <coordinates>-41.76400210457345,-3.122343404525742,0</coordinates>
        </Point>
      </Placemark>
      <Placemark>
        <name>ef_buscsb8.002.3291</name>
        <description>ID: ef_buscsb8.002.3291
Coordenadas: (-95.24, 64.56)
GPS: (-3.12234340, -41.76395623)</description>
        <styleUrl>#node_style</styleUrl>
        <Point>
          <coordinates>-41.76395622567718,-3.122343404525742,0</coordinates>
        </Point>
      </Placemark>
      <Placemark>
        <name>ef_busip34.002.3056</name>
        <description>ID: ef_busip34.002.3056
Coordenadas: (-95.06, 67.57)
GPS: (-3.12234502, -41.76392907)</description>
        <styleUrl>#node_style</styleUrl>
        <Point>
          <coordinates>-41.76392907403608,-3.122345024197595,0</coordinates>
        </Point>
      </Placemark>
      <Placemark>
        <name>ef_busip34.002.3061</name>
        <description>ID: ef_busip34.002.3061
Coordenadas: (-95.06, 69.68)
GPS: (-3.12234502, -41.76391016)</description>
        <styleUrl>#node_style</styleUrl>
        <Point>
          <coordinates>-41.76391015785298,-3.122345024197595,0</coordinates>
        </Point>
      </Placemark>
      <Placemark>
        <name>ef_busip34.002.3063</name>
        <description>ID: ef_busip34.002.3063
Coordenadas: (-95.06, 72.62)
GPS: (-3.12234502, -41.76388367)</description>
        <styleUrl>#node_style</styleUrl>
        <Point>
          <coordinates>-41.76388366835926,-3.122345024197595,0</coordinates>
        </Point>
      </Placemark>
      <Placemark>
        <name>ef_busip38.002.3026</name>
        <description>ID: ef_busip38.002.3026
Coordenadas: (-95.05, 76.06)
GPS: (-3.12234519, -41.76385270)</description>
        <styleUrl>#node_style</styleUrl>
        <Point>
          <coordinates>-41.763852702173494,-3.122345188590246,0</coordinates>
        </Point>
      </Placemark>
      <Placemark>
        <name>ef_busip38.002.3024</name>
        <description>ID: ef_busip38.002.3024
Coordenadas: (-95.05, 78.68)
GPS: (-3.12234519, -41.76382919)</description>
        <styleUrl>#node_style</styleUrl>
        <Point>
          <coordinates>-41.76382918874434,-3.122345188590246,0</coordinates>
        </Point>
      </Placemark>
      <Placemark>
        <name>ef_busip38.002.3022</name>
        <description>ID: ef_busip38.002.3022
Coordenadas: (-95.05, 81.11)
GPS: (-3.12234519, -41.76380730)</description>
        <styleUrl>#node_style</styleUrl>
        <Point>
          <coordinates>-41.76380729559702,-3.122345188590246,0</coordinates>
        </Point>
      </Placemark>
      <Placemark>
        <name>ef_busip3.002.3108</name>
        <description>ID: ef_busip3.002.3108
Coordenadas: (-95.02, -110.32)
GPS: (-3.12234542, -41.76552946)</description>
        <styleUrl>#node_style</styleUrl>
        <Point>
          <coordinates>-41.76552946265537,-3.122345421255254,0</coordinates>
        </Point>
      </Placemark>
      <Placemark>
        <name>ef_busip3.002.3106</name>
        <description>ID: ef_busip3.002.3106
Coordenadas: (-95.02, -107.32)
GPS: (-3.12234542, -41.76550255)</description>
        <styleUrl>#node_style</styleUrl>
        <Point>
          <coordinates>-41.76550255032297,-3.122345421255254,0</coordinates>
        </Point>
      </Placemark>
      <Placemark>
        <name>ef_busip3.002.3109</name>
        <description>ID: ef_busip3.002.3109
Coordenadas: (-95.02, -105.26)
GPS: (-3.12234542, -41.76548396)</description>
        <styleUrl>#node_style</styleUrl>
        <Point>
          <coordinates>-41.76548395801631,-3.122345421255254,0</coordinates>
        </Point>
      </Placemark>
      <Placemark>
        <name>ef_tc5.002.2702</name>
        <description>ID: ef_tc5.002.2702
Coordenadas: (-94.31, 15.26)
GPS: (-3.12235176, -41.76439969)</description>
        <styleUrl>#node_style</styleUrl>
        <Point>
          <coordinates>-41.764399685388305,-3.122351759804669,0</coordinates>
        </Point>
      </Placemark>
      <Placemark>
        <name>ef_tc5.002.2699</name>
        <description>ID: ef_tc5.002.2699
Coordenadas: (-94.31, 15.68)
GPS: (-3.12235176, -41.76439597)</description>
        <styleUrl>#node_style</styleUrl>
        <Point>
          <coordinates>-41.76439597250484,-3.122351759804669,0</coordinates>
        </Point>
      </Placemark>
      <Placemark>
        <name>ef_tc5.002.2698</name>
        <description>ID: ef_tc5.002.2698
Coordenadas: (-94.31, 18.68)
GPS: (-3.12235176, -41.76436898)</description>
        <styleUrl>#node_style</styleUrl>
        <Point>
          <coordinates>-41.76436898280196,-3.122351759804669,0</coordinates>
        </Point>
      </Placemark>
      <Placemark>
        <name>ef_tc5.002.2708</name>
        <description>ID: ef_tc5.002.2708
Coordenadas: (-94.31, 20.67)
GPS: (-3.12235176, -41.76435103)</description>
        <styleUrl>#node_style</styleUrl>
        <Point>
          <coordinates>-41.76435102745229,-3.122351759804669,0</coordinates>
        </Point>
      </Placemark>
      <Placemark>
        <name>ef_tc2.002.2736</name>
        <description>ID: ef_tc2.002.2736
Coordenadas: (-94.31, -20.46)
GPS: (-3.12235178, -41.76472108)</description>
        <styleUrl>#node_style</styleUrl>
        <Point>
          <coordinates>-41.76472107966987,-3.1223517804660403,0</coordinates>
        </Point>
      </Placemark>
      <Placemark>
        <name>ef_tc2.002.2739</name>
        <description>ID: ef_tc2.002.2739
Coordenadas: (-94.31, -20.32)
GPS: (-3.12235178, -41.76471985)</description>
        <styleUrl>#node_style</styleUrl>
        <Point>
          <coordinates>-41.76471984893942,-3.1223517804660403,0</coordinates>
        </Point>
      </Placemark>
      <Placemark>
        <name>ef_tc2.002.2734</name>
        <description>ID: ef_tc2.002.2734
Coordenadas: (-94.31, -17.32)
GPS: (-3.12235178, -41.76469286)</description>
        <styleUrl>#node_style</styleUrl>
        <Point>
          <coordinates>-41.76469285923654,-3.1223517804660403,0</coordinates>
        </Point>
      </Placemark>
      <Placemark>
        <name>ef_tc2.002.2741</name>
        <description>ID: ef_tc2.002.2741
Coordenadas: (-94.31, -15.05)
GPS: (-3.12235178, -41.76467242)</description>
        <styleUrl>#node_style</styleUrl>
        <Point>
          <coordinates>-41.76467242173386,-3.1223517804660403,0</coordinates>
        </Point>
      </Placemark>
      <Placemark>
        <name>ef_busip17.002.3173</name>
        <description>ID: ef_busip17.002.3173
Coordenadas: (-94.22, -80.69)
GPS: (-3.12235257, -41.76526298)</description>
        <styleUrl>#node_style</styleUrl>
        <Point>
          <coordinates>-41.76526297622535,-3.122352570988076,0</coordinates>
        </Point>
      </Placemark>
      <Placemark>
        <name>ef_busip17.002.3182</name>
        <description>ID: ef_busip17.002.3182
Coordenadas: (-94.22, -80.32)
GPS: (-3.12235257, -41.76525964)</description>
        <styleUrl>#node_style</styleUrl>
        <Point>
          <coordinates>-41.765259642997044,-3.122352570988076,0</coordinates>
        </Point>
      </Placemark>
      <Placemark>
        <name>ef_busip17.002.3177</name>
        <description>ID: ef_busip17.002.3177
Coordenadas: (-94.22, -77.32)
GPS: (-3.12235257, -41.76523265)</description>
        <styleUrl>#node_style</styleUrl>
        <Point>
          <coordinates>-41.76523265329416,-3.122352570988076,0</coordinates>
        </Point>
      </Placemark>
      <Placemark>
        <name>ef_busip17.002.3174</name>
        <description>ID: ef_busip17.002.3174
Coordenadas: (-94.22, -75.65)
GPS: (-3.12235257, -41.76521757)</description>
        <styleUrl>#node_style</styleUrl>
        <Point>
          <coordinates>-41.765217569648875,-3.122352570988076,0</coordinates>
        </Point>
      </Placemark>
      <Placemark>
        <name>ef_busip14.002.3208</name>
        <description>ID: ef_busip14.002.3208
Coordenadas: (-94.21, -88.27)
GPS: (-3.12235269, -41.76533112)</description>
        <styleUrl>#node_style</styleUrl>
        <Point>
          <coordinates>-41.7653311153289,-3.12235268687142,0</coordinates>
        </Point>
      </Placemark>
      <Placemark>
        <name>ef_busip14.002.3207</name>
        <description>ID: ef_busip14.002.3207
Coordenadas: (-94.21, -86.32)
GPS: (-3.12235269, -41.76531362)</description>
        <styleUrl>#node_style</styleUrl>
        <Point>
          <coordinates>-41.76531362240281,-3.12235268687142,0</coordinates>
        </Point>
      </Placemark>
      <Placemark>
        <name>ef_busip14.002.3216</name>
        <description>ID: ef_busip14.002.3216
Coordenadas: (-94.21, -83.32)
GPS: (-3.12235269, -41.76528663)</description>
        <styleUrl>#node_style</styleUrl>
        <Point>
          <coordinates>-41.765286632699926,-3.12235268687142,0</coordinates>
        </Point>
      </Placemark>
      <Placemark>
        <name>ef_busip14.002.3206</name>
        <description>ID: ef_busip14.002.3206
Coordenadas: (-94.21, -83.22)
GPS: (-3.12235269, -41.76528571)</description>
        <styleUrl>#node_style</styleUrl>
        <Point>
          <coordinates>-41.76528570965208,-3.12235268687142,0</coordinates>
        </Point>
      </Placemark>
      <Placemark>
        <name>ef_ip2.002.2873</name>
        <description>ID: ef_ip2.002.2873
Coordenadas: (-94.20, -72.89)
GPS: (-3.12235278, -41.76519279)</description>
        <styleUrl>#node_style</styleUrl>
        <Point>
          <coordinates>-41.76519278500472,-3.1223527820933925,0</coordinates>
        </Point>
      </Placemark>
      <Placemark>
        <name>ef_ip2.002.2877</name>
        <description>ID: ef_ip2.002.2877
Coordenadas: (-94.20, -71.32)
GPS: (-3.12235278, -41.76517867)</description>
        <styleUrl>#node_style</styleUrl>
        <Point>
          <coordinates>-41.7651786738884,-3.1223527820933925,0</coordinates>
        </Point>
      </Placemark>
      <Placemark>
        <name>ef_ip2.002.2881</name>
        <description>ID: ef_ip2.002.2881
Coordenadas: (-94.20, -68.32)
GPS: (-3.12235278, -41.76515168)</description>
        <styleUrl>#node_style</styleUrl>
        <Point>
          <coordinates>-41.76515168418552,-3.1223527820933925,0</coordinates>
        </Point>
      </Placemark>
      <Placemark>
        <name>ef_ip2.002.2882</name>
        <description>ID: ef_ip2.002.2882
Coordenadas: (-94.20, -67.84)
GPS: (-3.12235278, -41.76514730)</description>
        <styleUrl>#node_style</styleUrl>
        <Point>
          <coordinates>-41.76514730285708,-3.1223527820933925,0</coordinates>
        </Point>
      </Placemark>
      <Placemark>
        <name>ef_busip11.002.3265</name>
        <description>ID: ef_busip11.002.3265
Coordenadas: (-94.07, -98.87)
GPS: (-3.12235397, -41.76542650)</description>
        <styleUrl>#node_style</styleUrl>
        <Point>
          <coordinates>-41.76542649693888,-3.122353966978126,0</coordinates>
        </Point>
      </Placemark>
      <Placemark>
        <name>ef_busip11.002.3261</name>
        <description>ID: ef_busip11.002.3261
Coordenadas: (-94.07, -98.32)
GPS: (-3.12235397, -41.76542158)</description>
        <styleUrl>#node_style</styleUrl>
        <Point>
          <coordinates>-41.765421581214326,-3.122353966978126,0</coordinates>
        </Point>
      </Placemark>
      <Placemark>
        <name>ef_busip11.002.3270</name>
        <description>ID: ef_busip11.002.3270
Coordenadas: (-94.07, -95.32)
GPS: (-3.12235397, -41.76539459)</description>
        <styleUrl>#node_style</styleUrl>
        <Point>
          <coordinates>-41.765394591511445,-3.122353966978126,0</coordinates>
        </Point>
      </Placemark>
      <Placemark>
        <name>ef_busip11.002.3263</name>
        <description>ID: ef_busip11.002.3263
Coordenadas: (-94.07, -93.82)
GPS: (-3.12235397, -41.76538109)</description>
        <styleUrl>#node_style</styleUrl>
        <Point>
          <coordinates>-41.765381091262064,-3.122353966978126,0</coordinates>
        </Point>
      </Placemark>
      <Placemark>
        <name>ef_secv5.002.2769</name>
        <description>ID: ef_secv5.002.2769
Coordenadas: (-94.06, -0.94)
GPS: (-3.12235407, -41.76454542)</description>
        <styleUrl>#node_style</styleUrl>
        <Point>
          <coordinates>-41.764545421686954,-3.122354073878265,0</coordinates>
        </Point>
      </Placemark>
      <Placemark>
        <name>ef_secv5.002.2772</name>
        <description>ID: ef_secv5.002.2772
Coordenadas: (-94.06, 0.68)
GPS: (-3.12235407, -41.76453092)</description>
        <styleUrl>#node_style</styleUrl>
        <Point>
          <coordinates>-41.76453092101925,-3.122354073878265,0</coordinates>
        </Point>
      </Placemark>
      <Placemark>
        <name>ef_secv5.002.2773</name>
        <description>ID: ef_secv5.002.2773
Coordenadas: (-94.06, 3.68)
GPS: (-3.12235407, -41.76450393)</description>
        <styleUrl>#node_style</styleUrl>
        <Point>
          <coordinates>-41.76450393131637,-3.122354073878265,0</coordinates>
        </Point>
      </Placemark>
      <Placemark>
        <name>ef_secv5.002.2776</name>
        <description>ID: ef_secv5.002.2776
Coordenadas: (-94.06, 4.16)
GPS: (-3.12235407, -41.76449954)</description>
        <styleUrl>#node_style</styleUrl>
        <Point>
          <coordinates>-41.76449954279068,-3.122354073878265,0</coordinates>
        </Point>
      </Placemark>
      <Placemark>
        <name>ef_secv2.002.2807</name>
        <description>ID: ef_secv2.002.2807
Coordenadas: (-93.94, -66.42)
GPS: (-3.12235508, -41.76513457)</description>
        <styleUrl>#node_style</styleUrl>
        <Point>
          <coordinates>-41.76513457001492,-3.1223550826921813,0</coordinates>
        </Point>
      </Placemark>
      <Placemark>
        <name>ef_secv2.002.2808</name>
        <description>ID: ef_secv2.002.2808
Coordenadas: (-93.94, -65.32)
GPS: (-3.12235508, -41.76512469)</description>
        <styleUrl>#node_style</styleUrl>
        <Point>
          <coordinates>-41.76512469448264,-3.1223550826921813,0</coordinates>
        </Point>
      </Placemark>
      <Placemark>
        <name>ef_secv2.002.2809</name>
        <description>ID: ef_secv2.002.2809
Coordenadas: (-93.94, -62.32)
GPS: (-3.12235508, -41.76509770)</description>
        <styleUrl>#node_style</styleUrl>
        <Point>
          <coordinates>-41.765097704779755,-3.1223550826921813,0</coordinates>
        </Point>
      </Placemark>
      <Placemark>
        <name>ef_secv2.002.2806</name>
        <description>ID: ef_secv2.002.2806
Coordenadas: (-93.94, -61.32)
GPS: (-3.12235508, -41.76508869)</description>
        <styleUrl>#node_style</styleUrl>
        <Point>
          <coordinates>-41.765088690218995,-3.1223550826921813,0</coordinates>
        </Point>
      </Placemark>
      <Placemark>
        <name>ef_busip3.002.3113</name>
        <description>ID: ef_busip3.002.3113
Coordenadas: (-93.17, -105.26)
GPS: (-3.12236202, -41.76548396)</description>
        <styleUrl>#node_style</styleUrl>
        <Point>
          <coordinates>-41.76548395801631,-3.122362024014649,0</coordinates>
        </Point>
      </Placemark>
      <Placemark>
        <name>pp_1</name>
        <description>ID: pp_1
Coordenadas: (-93.17, -101.32)
GPS: (-3.12236202, -41.76544857)</description>
        <styleUrl>#node_style</styleUrl>
        <Point>
          <coordinates>-41.76544857091721,-3.122362024014649,0</coordinates>
        </Point>
      </Placemark>
      <Placemark>
        <name>ef_buscsb3.002.3338</name>
        <description>ID: ef_buscsb3.002.3338
Coordenadas: (-93.17, -54.32)
GPS: (-3.12236202, -41.76502567)</description>
        <styleUrl>#node_style</styleUrl>
        <Point>
          <coordinates>-41.76502566566414,-3.122362024014649,0</coordinates>
        </Point>
      </Placemark>
      <Placemark>
        <name>ef_buscsb3.002.3339</name>
        <description>ID: ef_buscsb3.002.3339
Coordenadas: (-93.17, -49.20)
GPS: (-3.12236202, -41.76497964)</description>
        <styleUrl>#node_style</styleUrl>
        <Point>
          <coordinates>-41.76497963922416,-3.122362024014649,0</coordinates>
        </Point>
      </Placemark>
      <Placemark>
        <name>ef_busip21.002.3133</name>
        <description>ID: ef_busip21.002.3133
Coordenadas: (-93.17, -46.11)
GPS: (-3.12236202, -41.76495186)</description>
        <styleUrl>#node_style</styleUrl>
        <Point>
          <coordinates>-41.76495185872298,-3.122362024014649,0</coordinates>
        </Point>
      </Placemark>
      <Placemark>
        <name>ef_busip21.002.3148</name>
        <description>ID: ef_busip21.002.3148
Coordenadas: (-93.17, -41.03)
GPS: (-3.12236202, -41.76490617)</description>
        <styleUrl>#node_style</styleUrl>
        <Point>
          <coordinates>-41.76490616605566,-3.122362024014649,0</coordinates>
        </Point>
      </Placemark>
      <Placemark>
        <name>ef_busip27.002.3090</name>
        <description>ID: ef_busip27.002.3090
Coordenadas: (-93.17, -37.68)
GPS: (-3.12236202, -41.76487599)</description>
        <styleUrl>#node_style</styleUrl>
        <Point>
          <coordinates>-41.76487598886887,-3.122362024014649,0</coordinates>
        </Point>
      </Placemark>
      <Placemark>
        <name>ef_busip27.002.3105</name>
        <description>ID: ef_busip27.002.3105
Coordenadas: (-93.17, -32.59)
GPS: (-3.12236202, -41.76483022)</description>
        <styleUrl>#node_style</styleUrl>
        <Point>
          <coordinates>-41.76483022153004,-3.122362024014649,0</coordinates>
        </Point>
      </Placemark>
      <Placemark>
        <name>ef_disjuntor1.002.2929</name>
        <description>ID: ef_disjuntor1.002.2929
Coordenadas: (-93.17, -27.97)
GPS: (-3.12236202, -41.76478860)</description>
        <styleUrl>#node_style</styleUrl>
        <Point>
          <coordinates>-41.764788600709224,-3.122362024014649,0</coordinates>
        </Point>
      </Placemark>
      <Placemark>
        <name>ef_disjuntor1.002.2950</name>
        <description>ID: ef_disjuntor1.002.2950
Coordenadas: (-93.17, -22.46)
GPS: (-3.12236202, -41.76473910)</description>
        <styleUrl>#node_style</styleUrl>
        <Point>
          <coordinates>-41.76473909889517,-3.122362024014649,0</coordinates>
        </Point>
      </Placemark>
      <Placemark>
        <name>ef_sech1.002.2856</name>
        <description>ID: ef_sech1.002.2856
Coordenadas: (-93.17, -13.78)
GPS: (-3.12236202, -41.76466099)</description>
        <styleUrl>#node_style</styleUrl>
        <Point>
          <coordinates>-41.76466099249435,-3.122362024014649,0</coordinates>
        </Point>
      </Placemark>
      <Placemark>
        <name>ef_sech1.002.2850</name>
        <description>ID: ef_sech1.002.2850
Coordenadas: (-93.17, -8.70)
GPS: (-3.12236202, -41.76461523)</description>
        <styleUrl>#node_style</styleUrl>
        <Point>
          <coordinates>-41.76461523415208,-3.122362024014649,0</coordinates>
        </Point>
      </Placemark>
      <Placemark>
        <name>ef_disjuntor4.002.2926</name>
        <description>ID: ef_disjuntor4.002.2926
Coordenadas: (-93.17, 6.65)
GPS: (-3.12236202, -41.76447721)</description>
        <styleUrl>#node_style</styleUrl>
        <Point>
          <coordinates>-41.764477214209485,-3.122362024014649,0</coordinates>
        </Point>
      </Placemark>
      <Placemark>
        <name>ef_disjuntor4.002.2917</name>
        <description>ID: ef_disjuntor4.002.2917
Coordenadas: (-93.17, 12.15)
GPS: (-3.12236202, -41.76442771)</description>
        <styleUrl>#node_style</styleUrl>
        <Point>
          <coordinates>-41.76442771239543,-3.122362024014649,0</coordinates>
        </Point>
      </Placemark>
      <Placemark>
        <name>ef_sech4.002.2830</name>
        <description>ID: ef_sech4.002.2830
Coordenadas: (-93.17, 22.07)
GPS: (-3.12236202, -41.76433847)</description>
        <styleUrl>#node_style</styleUrl>
        <Point>
          <coordinates>-41.764338471842514,-3.122362024014649,0</coordinates>
        </Point>
      </Placemark>
      <Placemark>
        <name>ef_sech4.002.2826</name>
        <description>ID: ef_sech4.002.2826
Coordenadas: (-93.17, 27.15)
GPS: (-3.12236202, -41.76429271)</description>
        <styleUrl>#node_style</styleUrl>
        <Point>
          <coordinates>-41.76429271350025,-3.122362024014649,0</coordinates>
        </Point>
      </Placemark>
      <Placemark>
        <name>ef_buscsb8.002.3292</name>
        <description>ID: ef_buscsb8.002.3292
Coordenadas: (-93.17, 59.46)
GPS: (-3.12236202, -41.76400210)</description>
        <styleUrl>#node_style</styleUrl>
        <Point>
          <coordinates>-41.76400210457345,-3.122362024014649,0</coordinates>
        </Point>
      </Placemark>
      <Placemark>
        <name>ef_buscsb8.002.3287</name>
        <description>ID: ef_buscsb8.002.3287
Coordenadas: (-93.17, 64.56)
GPS: (-3.12236202, -41.76395623)</description>
        <styleUrl>#node_style</styleUrl>
        <Point>
          <coordinates>-41.76395622567718,-3.122362024014649,0</coordinates>
        </Point>
      </Placemark>
      <Placemark>
        <name>ef_busip34.002.3062</name>
        <description>ID: ef_busip34.002.3062
Coordenadas: (-93.17, 67.57)
GPS: (-3.12236202, -41.76392907)</description>
        <styleUrl>#node_style</styleUrl>
        <Point>
          <coordinates>-41.76392907403608,-3.122362024014649,0</coordinates>
        </Point>
      </Placemark>
      <Placemark>
        <name>ef_busip34.002.3060</name>
        <description>ID: ef_busip34.002.3060
Coordenadas: (-93.17, 72.62)
GPS: (-3.12236202, -41.76388367)</description>
        <styleUrl>#node_style</styleUrl>
        <Point>
          <coordinates>-41.76388366835926,-3.122362024014649,0</coordinates>
        </Point>
      </Placemark>
      <Placemark>
        <name>ef_busip38.002.3025</name>
        <description>ID: ef_busip38.002.3025
Coordenadas: (-93.17, 76.06)
GPS: (-3.12236202, -41.76385270)</description>
        <styleUrl>#node_style</styleUrl>
        <Point>
          <coordinates>-41.763852702173494,-3.122362024014649,0</coordinates>
        </Point>
      </Placemark>
      <Placemark>
        <name>ef_tc4.002.2713</name>
        <description>ID: ef_tc4.002.2713
Coordenadas: (-92.67, 15.28)
GPS: (-3.12236649, -41.76439957)</description>
        <styleUrl>#node_style</styleUrl>
        <Point>
          <coordinates>-41.76439957203155,-3.122366493159113,0</coordinates>
        </Point>
      </Placemark>
      <Placemark>
        <name>ef_tc4.002.2717</name>
        <description>ID: ef_tc4.002.2717
Coordenadas: (-92.67, 15.68)
GPS: (-3.12236649, -41.76439597)</description>
        <styleUrl>#node_style</styleUrl>
        <Point>
          <coordinates>-41.76439597250484,-3.122366493159113,0</coordinates>
        </Point>
      </Placemark>
      <Placemark>
        <name>ef_tc4.002.2710</name>
        <description>ID: ef_tc4.002.2710
Coordenadas: (-92.67, 18.68)
GPS: (-3.12236649, -41.76436898)</description>
        <styleUrl>#node_style</styleUrl>
        <Point>
          <coordinates>-41.76436898280196,-3.122366493159113,0</coordinates>
        </Point>
      </Placemark>
      <Placemark>
        <name>ef_tc4.002.2715</name>
        <description>ID: ef_tc4.002.2715
Coordenadas: (-92.67, 20.68)
GPS: (-3.12236649, -41.76435091)</description>
        <styleUrl>#node_style</styleUrl>
        <Point>
          <coordinates>-41.764350914095544,-3.122366493159113,0</coordinates>
        </Point>
      </Placemark>
      <Placemark>
        <name>ef_secv4.002.2781</name>
        <description>ID: ef_secv4.002.2781
Coordenadas: (-92.63, -0.92)
GPS: (-3.12236693, -41.76454530)</description>
        <styleUrl>#node_style</styleUrl>
        <Point>
          <coordinates>-41.764545303831916,-3.1223669297428738,0</coordinates>
        </Point>
      </Placemark>
      <Placemark>
        <name>ef_secv4.002.2785</name>
        <description>ID: ef_secv4.002.2785
Coordenadas: (-92.63, 0.68)
GPS: (-3.12236693, -41.76453092)</description>
        <styleUrl>#node_style</styleUrl>
        <Point>
          <coordinates>-41.76453092101925,-3.1223669297428738,0</coordinates>
        </Point>
      </Placemark>
      <Placemark>
        <name>ef_secv4.002.2784</name>
        <description>ID: ef_secv4.002.2784
Coordenadas: (-92.63, 3.68)
GPS: (-3.12236693, -41.76450393)</description>
        <styleUrl>#node_style</styleUrl>
        <Point>
          <coordinates>-41.76450393131637,-3.1223669297428738,0</coordinates>
        </Point>
      </Placemark>
      <Placemark>
        <name>ef_secv4.002.2778</name>
        <description>ID: ef_secv4.002.2778
Coordenadas: (-92.63, 4.18)
GPS: (-3.12236693, -41.76449942)</description>
        <styleUrl>#node_style</styleUrl>
        <Point>
          <coordinates>-41.76449942493564,-3.1223669297428738,0</coordinates>
        </Point>
      </Placemark>
      <Placemark>
        <name>ef_tc1.002.2746</name>
        <description>ID: ef_tc1.002.2746
Coordenadas: (-92.60, -20.45)
GPS: (-3.12236717, -41.76472097)</description>
        <styleUrl>#node_style</styleUrl>
        <Point>
          <coordinates>-41.76472096541346,-3.122367169594446,0</coordinates>
        </Point>
      </Placemark>
      <Placemark>
        <name>ef_tc1.002.2754</name>
        <description>ID: ef_tc1.002.2754
Coordenadas: (-92.60, -20.32)
GPS: (-3.12236717, -41.76471985)</description>
        <styleUrl>#node_style</styleUrl>
        <Point>
          <coordinates>-41.76471984893942,-3.122367169594446,0</coordinates>
        </Point>
      </Placemark>
      <Placemark>
        <name>ef_tc1.002.2750</name>
        <description>ID: ef_tc1.002.2750
Coordenadas: (-92.60, -17.32)
GPS: (-3.12236717, -41.76469286)</description>
        <styleUrl>#node_style</styleUrl>
        <Point>
          <coordinates>-41.76469285923654,-3.122367169594446,0</coordinates>
        </Point>
      </Placemark>
      <Placemark>
        <name>ef_tc1.002.2749</name>
        <description>ID: ef_tc1.002.2749
Coordenadas: (-92.60, -15.04)
GPS: (-3.12236717, -41.76467231)</description>
        <styleUrl>#node_style</styleUrl>
        <Point>
          <coordinates>-41.764672307477454,-3.122367169594446,0</coordinates>
        </Point>
      </Placemark>
      <Placemark>
        <name>ef_secv1.002.2821</name>
        <description>ID: ef_secv1.002.2821
Coordenadas: (-92.51, -66.41)
GPS: (-3.12236794, -41.76513445)</description>
        <styleUrl>#node_style</styleUrl>
        <Point>
          <coordinates>-41.765134452159884,-3.12236793855679,0</coordinates>
        </Point>
      </Placemark>
      <Placemark>
        <name>ef_secv1.002.2816</name>
        <description>ID: ef_secv1.002.2816
Coordenadas: (-92.51, -65.32)
GPS: (-3.12236794, -41.76512469)</description>
        <styleUrl>#node_style</styleUrl>
        <Point>
          <coordinates>-41.76512469448264,-3.12236793855679,0</coordinates>
        </Point>
      </Placemark>
      <Placemark>
        <name>ef_secv1.002.2812</name>
        <description>ID: ef_secv1.002.2812
Coordenadas: (-92.51, -62.32)
GPS: (-3.12236794, -41.76509770)</description>
        <styleUrl>#node_style</styleUrl>
        <Point>
          <coordinates>-41.765097704779755,-3.12236793855679,0</coordinates>
        </Point>
      </Placemark>
      <Placemark>
        <name>ef_secv1.002.2822</name>
        <description>ID: ef_secv1.002.2822
Coordenadas: (-92.51, -61.31)
GPS: (-3.12236794, -41.76508857)</description>
        <styleUrl>#node_style</styleUrl>
        <Point>
          <coordinates>-41.76508857326361,-3.12236793855679,0</coordinates>
        </Point>
      </Placemark>
      <Placemark>
        <name>ef_ip4.001.2885</name>
        <description>ID: ef_ip4.001.2885
Coordenadas: (-92.16, -72.87)
GPS: (-3.12237111, -41.76519259)</description>
        <styleUrl>#node_style</styleUrl>
        <Point>
          <coordinates>-41.76519259067886,-3.1223711114247794,0</coordinates>
        </Point>
      </Placemark>
      <Placemark>
        <name>ef_ip4.001.2893</name>
        <description>ID: ef_ip4.001.2893
Coordenadas: (-92.16, -71.32)
GPS: (-3.12237111, -41.76517867)</description>
        <styleUrl>#node_style</styleUrl>
        <Point>
          <coordinates>-41.7651786738884,-3.1223711114247794,0</coordinates>
        </Point>
      </Placemark>
      <Placemark>
        <name>ef_ip4.001.2894</name>
        <description>ID: ef_ip4.001.2894
Coordenadas: (-92.16, -68.32)
GPS: (-3.12237111, -41.76515168)</description>
        <styleUrl>#node_style</styleUrl>
        <Point>
          <coordinates>-41.76515168418552,-3.1223711114247794,0</coordinates>
        </Point>
      </Placemark>
      <Placemark>
        <name>ef_ip4.001.2890</name>
        <description>ID: ef_ip4.001.2890
Coordenadas: (-92.16, -67.82)
GPS: (-3.12237111, -41.76514719)</description>
        <styleUrl>#node_style</styleUrl>
        <Point>
          <coordinates>-41.76514718500205,-3.1223711114247794,0</coordinates>
        </Point>
      </Placemark>
      <Placemark>
        <name>ef_busip16.002.3194</name>
        <description>ID: ef_busip16.002.3194
Coordenadas: (-92.12, -80.71)
GPS: (-3.12237143, -41.76526310)</description>
        <styleUrl>#node_style</styleUrl>
        <Point>
          <coordinates>-41.76526310037798,-3.1223714321251963,0</coordinates>
        </Point>
      </Placemark>
      <Placemark>
        <name>ef_busip16.002.3188</name>
        <description>ID: ef_busip16.002.3188
Coordenadas: (-92.12, -80.32)
GPS: (-3.12237143, -41.76525964)</description>
        <styleUrl>#node_style</styleUrl>
        <Point>
          <coordinates>-41.765259642997044,-3.1223714321251963,0</coordinates>
        </Point>
      </Placemark>
      <Placemark>
        <name>ef_busip16.002.3187</name>
        <description>ID: ef_busip16.002.3187
Coordenadas: (-92.12, -77.32)
GPS: (-3.12237143, -41.76523265)</description>
        <styleUrl>#node_style</styleUrl>
        <Point>
          <coordinates>-41.76523265329416,-3.1223714321251963,0</coordinates>
        </Point>
      </Placemark>
      <Placemark>
        <name>ef_busip16.002.3190</name>
        <description>ID: ef_busip16.002.3190
Coordenadas: (-92.12, -75.66)
GPS: (-3.12237143, -41.76521769)</description>
        <styleUrl>#node_style</styleUrl>
        <Point>
          <coordinates>-41.76521769380151,-3.1223714321251963,0</coordinates>
        </Point>
      </Placemark>
      <Placemark>
        <name>ef_busip13.002.3243</name>
        <description>ID: ef_busip13.002.3243
Coordenadas: (-92.11, -88.28)
GPS: (-3.12237155, -41.76533124)</description>
        <styleUrl>#node_style</styleUrl>
        <Point>
          <coordinates>-41.76533123948153,-3.1223715489068606,0</coordinates>
        </Point>
      </Placemark>
      <Placemark>
        <name>ef_busip13.002.3244</name>
        <description>ID: ef_busip13.002.3244
Coordenadas: (-92.11, -86.32)
GPS: (-3.12237155, -41.76531362)</description>
        <styleUrl>#node_style</styleUrl>
        <Point>
          <coordinates>-41.76531362240281,-3.1223715489068606,0</coordinates>
        </Point>
      </Placemark>
      <Placemark>
        <name>ef_busip13.002.3246</name>
        <description>ID: ef_busip13.002.3246
Coordenadas: (-92.11, -83.32)
GPS: (-3.12237155, -41.76528663)</description>
        <styleUrl>#node_style</styleUrl>
        <Point>
          <coordinates>-41.765286632699926,-3.1223715489068606,0</coordinates>
        </Point>
      </Placemark>
      <Placemark>
        <name>ef_busip13.002.3241</name>
        <description>ID: ef_busip13.002.3241
Coordenadas: (-92.11, -83.24)
GPS: (-3.12237155, -41.76528583)</description>
        <styleUrl>#node_style</styleUrl>
        <Point>
          <coordinates>-41.76528583380472,-3.1223715489068606,0</coordinates>
        </Point>
      </Placemark>
      <Placemark>
        <name>ef_busip3.003.2989</name>
        <description>ID: ef_busip3.003.2989
Coordenadas: (-90.90, -104.45)
GPS: (-3.12238245, -41.76547669)</description>
        <styleUrl>#node_style</styleUrl>
        <Point>
          <coordinates>-41.7654766860907,-3.1223824536193536,0</coordinates>
        </Point>
      </Placemark>
      <Placemark>
        <name>ef_busip6.002.2985</name>
        <description>ID: ef_busip6.002.2985
Coordenadas: (-90.90, -104.32)
GPS: (-3.12238245, -41.76547556)</description>
        <styleUrl>#node_style</styleUrl>
        <Point>
          <coordinates>-41.76547556062009,-3.1223824536193536,0</coordinates>
        </Point>
      </Placemark>
      <Placemark>
        <name>ef_busip6.002.2982</name>
        <description>ID: ef_busip6.002.2982
Coordenadas: (-90.90, -101.32)
GPS: (-3.12238245, -41.76544857)</description>
        <styleUrl>#node_style</styleUrl>
        <Point>
          <coordinates>-41.76544857091721,-3.1223824536193536,0</coordinates>
        </Point>
      </Placemark>
      <Placemark>
        <name>ef_busip6.002.2987</name>
        <description>ID: ef_busip6.002.2987
Coordenadas: (-90.90, -99.40)
GPS: (-3.12238245, -41.76543128)</description>
        <styleUrl>#node_style</styleUrl>
        <Point>
          <coordinates>-41.76543127951423,-3.1223824536193536,0</coordinates>
        </Point>
      </Placemark>
      <Placemark>
        <name>ef_busip3.003.3107</name>
        <description>ID: ef_busip3.003.3107
Coordenadas: (-90.17, -105.26)
GPS: (-3.12238897, -41.76548396)</description>
        <styleUrl>#node_style</styleUrl>
        <Point>
          <coordinates>-41.76548395801631,-3.122388973629509,0</coordinates>
        </Point>
      </Placemark>
      <Placemark>
        <name>ef_busip6.002.2986</name>
        <description>ID: ef_busip6.002.2986
Coordenadas: (-90.17, -104.45)
GPS: (-3.12238897, -41.76547669)</description>
        <styleUrl>#node_style</styleUrl>
        <Point>
          <coordinates>-41.7654766860907,-3.122388973629509,0</coordinates>
        </Point>
      </Placemark>
      <Placemark>
        <name>ef_busip6.002.2988</name>
        <description>ID: ef_busip6.002.2988
Coordenadas: (-90.17, -99.40)
GPS: (-3.12238897, -41.76543128)</description>
        <styleUrl>#node_style</styleUrl>
        <Point>
          <coordinates>-41.76543127951423,-3.122388973629509,0</coordinates>
        </Point>
      </Placemark>
      <Placemark>
        <name>pp_2</name>
        <description>ID: pp_2
Coordenadas: (-90.17, -95.32)
GPS: (-3.12238897, -41.76539459)</description>
        <styleUrl>#node_style</styleUrl>
        <Point>
          <coordinates>-41.765394591511445,-3.122388973629509,0</coordinates>
        </Point>
      </Placemark>
      <Placemark>
        <name>ef_busip13.002.3240</name>
        <description>ID: ef_busip13.002.3240
Coordenadas: (-90.17, -88.28)
GPS: (-3.12238897, -41.76533124)</description>
        <styleUrl>#node_style</styleUrl>
        <Point>
          <coordinates>-41.76533123948153,-3.122388973629509,0</coordinates>
        </Point>
      </Placemark>
      <Placemark>
        <name>ef_busip13.002.3242</name>
        <description>ID: ef_busip13.002.3242
Coordenadas: (-90.17, -83.24)
GPS: (-3.12238897, -41.76528583)</description>
        <styleUrl>#node_style</styleUrl>
        <Point>
          <coordinates>-41.76528583380472,-3.122388973629509,0</coordinates>
        </Point>
      </Placemark>
      <Placemark>
        <name>ef_busip16.002.3184</name>
        <description>ID: ef_busip16.002.3184
Coordenadas: (-90.17, -80.71)
GPS: (-3.12238897, -41.76526310)</description>
        <styleUrl>#node_style</styleUrl>
        <Point>
          <coordinates>-41.76526310037798,-3.122388973629509,0</coordinates>
        </Point>
      </Placemark>
      <Placemark>
        <name>ef_busip16.002.3185</name>
        <description>ID: ef_busip16.002.3185
Coordenadas: (-90.17, -75.66)
GPS: (-3.12238897, -41.76521769)</description>
        <styleUrl>#node_style</styleUrl>
        <Point>
          <coordinates>-41.76521769380151,-3.122388973629509,0</coordinates>
        </Point>
      </Placemark>
      <Placemark>
        <name>ef_ip4.001.2888</name>
        <description>ID: ef_ip4.001.2888
Coordenadas: (-90.17, -72.87)
GPS: (-3.12238897, -41.76519259)</description>
        <styleUrl>#node_style</styleUrl>
        <Point>
          <coordinates>-41.76519259067886,-3.122388973629509,0</coordinates>
        </Point>
      </Placemark>
      <Placemark>
        <name>ef_ip4.001.2884</name>
        <description>ID: ef_ip4.001.2884
Coordenadas: (-90.17, -67.82)
GPS: (-3.12238897, -41.76514719)</description>
        <styleUrl>#node_style</styleUrl>
        <Point>
          <coordinates>-41.76514718500205,-3.122388973629509,0</coordinates>
        </Point>
      </Placemark>
      <Placemark>
        <name>ef_secv1.002.2814</name>
        <description>ID: ef_secv1.002.2814
Coordenadas: (-90.17, -66.41)
GPS: (-3.12238897, -41.76513445)</description>
        <styleUrl>#node_style</styleUrl>
        <Point>
          <coordinates>-41.765134452159884,-3.122388973629509,0</coordinates>
        </Point>
      </Placemark>
      <Placemark>
        <name>ef_secv1.002.2817</name>
        <description>ID: ef_secv1.002.2817
Coordenadas: (-90.17, -61.31)
GPS: (-3.12238897, -41.76508857)</description>
        <styleUrl>#node_style</styleUrl>
        <Point>
          <coordinates>-41.76508857326361,-3.122388973629509,0</coordinates>
        </Point>
      </Placemark>
      <Placemark>
        <name>ef_buscsb2.002.3350</name>
        <description>ID: ef_buscsb2.002.3350
Coordenadas: (-90.17, -54.32)
GPS: (-3.12238897, -41.76502567)</description>
        <styleUrl>#node_style</styleUrl>
        <Point>
          <coordinates>-41.76502566566414,-3.122388973629509,0</coordinates>
        </Point>
      </Placemark>
      <Placemark>
        <name>ef_buscsb2.002.3348</name>
        <description>ID: ef_buscsb2.002.3348
Coordenadas: (-90.17, -49.20)
GPS: (-3.12238897, -41.76497964)</description>
        <styleUrl>#node_style</styleUrl>
        <Point>
          <coordinates>-41.76497963922416,-3.122388973629509,0</coordinates>
        </Point>
      </Placemark>
      <Placemark>
        <name>ef_busip21.002.3140</name>
        <description>ID: ef_busip21.002.3140
Coordenadas: (-90.17, -46.11)
GPS: (-3.12238897, -41.76495186)</description>
        <styleUrl>#node_style</styleUrl>
        <Point>
          <coordinates>-41.76495185872298,-3.122388973629509,0</coordinates>
        </Point>
      </Placemark>
      <Placemark>
        <name>ef_busip21.002.3135</name>
        <description>ID: ef_busip21.002.3135
Coordenadas: (-90.17, -41.03)
GPS: (-3.12238897, -41.76490617)</description>
        <styleUrl>#node_style</styleUrl>
        <Point>
          <coordinates>-41.76490616605566,-3.122388973629509,0</coordinates>
        </Point>
      </Placemark>
      <Placemark>
        <name>ef_busip26.002.3097</name>
        <description>ID: ef_busip26.002.3097
Coordenadas: (-90.17, -37.68)
GPS: (-3.12238897, -41.76487599)</description>
        <styleUrl>#node_style</styleUrl>
        <Point>
          <coordinates>-41.76487598886887,-3.122388973629509,0</coordinates>
        </Point>
      </Placemark>
      <Placemark>
        <name>ef_busip26.002.3089</name>
        <description>ID: ef_busip26.002.3089
Coordenadas: (-90.17, -32.59)
GPS: (-3.12238897, -41.76483022)</description>
        <styleUrl>#node_style</styleUrl>
        <Point>
          <coordinates>-41.76483022153004,-3.122388973629509,0</coordinates>
        </Point>
      </Placemark>
      <Placemark>
        <name>ef_disjuntor1.002.2949</name>
        <description>ID: ef_disjuntor1.002.2949
Coordenadas: (-90.17, -27.97)
GPS: (-3.12238897, -41.76478860)</description>
        <styleUrl>#node_style</styleUrl>
        <Point>
          <coordinates>-41.764788600709224,-3.122388973629509,0</coordinates>
        </Point>
      </Placemark>
      <Placemark>
        <name>ef_disjuntor1.002.2940</name>
        <description>ID: ef_disjuntor1.002.2940
Coordenadas: (-90.17, -22.46)
GPS: (-3.12238897, -41.76473910)</description>
        <styleUrl>#node_style</styleUrl>
        <Point>
          <coordinates>-41.76473909889517,-3.122388973629509,0</coordinates>
        </Point>
      </Placemark>
      <Placemark>
        <name>ef_tc1.002.2744</name>
        <description>ID: ef_tc1.002.2744
Coordenadas: (-90.17, -20.45)
GPS: (-3.12238897, -41.76472097)</description>
        <styleUrl>#node_style</styleUrl>
        <Point>
          <coordinates>-41.76472096541346,-3.122388973629509,0</coordinates>
        </Point>
      </Placemark>
      <Placemark>
        <name>ef_tc1.002.2752</name>
        <description>ID: ef_tc1.002.2752
Coordenadas: (-90.17, -15.04)
GPS: (-3.12238897, -41.76467231)</description>
        <styleUrl>#node_style</styleUrl>
        <Point>
          <coordinates>-41.764672307477454,-3.122388973629509,0</coordinates>
        </Point>
      </Placemark>
      <Placemark>
        <name>ef_sech1.002.2846</name>
        <description>ID: ef_sech1.002.2846
Coordenadas: (-90.17, -13.78)
GPS: (-3.12238897, -41.76466099)</description>
        <styleUrl>#node_style</styleUrl>
        <Point>
          <coordinates>-41.76466099249435,-3.122388973629509,0</coordinates>
        </Point>
      </Placemark>
      <Placemark>
        <name>ef_sech1.002.2842</name>
        <description>ID: ef_sech1.002.2842
Coordenadas: (-90.17, -8.70)
GPS: (-3.12238897, -41.76461523)</description>
        <styleUrl>#node_style</styleUrl>
        <Point>
          <coordinates>-41.76461523415208,-3.122388973629509,0</coordinates>
        </Point>
      </Placemark>
      <Placemark>
        <name>ef_secv4.002.2789</name>
        <description>ID: ef_secv4.002.2789
Coordenadas: (-90.17, -0.92)
GPS: (-3.12238897, -41.76454530)</description>
        <styleUrl>#node_style</styleUrl>
        <Point>
          <coordinates>-41.764545303831916,-3.122388973629509,0</coordinates>
        </Point>
      </Placemark>
      <Placemark>
        <name>ef_secv4.002.2786</name>
        <description>ID: ef_secv4.002.2786
Coordenadas: (-90.17, 4.18)
GPS: (-3.12238897, -41.76449942)</description>
        <styleUrl>#node_style</styleUrl>
        <Point>
          <coordinates>-41.76449942493564,-3.122388973629509,0</coordinates>
        </Point>
      </Placemark>
      <Placemark>
        <name>ef_disjuntor4.002.2924</name>
        <description>ID: ef_disjuntor4.002.2924
Coordenadas: (-90.17, 6.65)
GPS: (-3.12238897, -41.76447721)</description>
        <styleUrl>#node_style</styleUrl>
        <Point>
          <coordinates>-41.764477214209485,-3.122388973629509,0</coordinates>
        </Point>
      </Placemark>
      <Placemark>
        <name>ef_disjuntor4.002.2912</name>
        <description>ID: ef_disjuntor4.002.2912
Coordenadas: (-90.17, 12.15)
GPS: (-3.12238897, -41.76442771)</description>
        <styleUrl>#node_style</styleUrl>
        <Point>
          <coordinates>-41.76442771239543,-3.122388973629509,0</coordinates>
        </Point>
      </Placemark>
      <Placemark>
        <name>ef_tc4.002.2720</name>
        <description>ID: ef_tc4.002.2720
Coordenadas: (-90.17, 15.28)
GPS: (-3.12238897, -41.76439957)</description>
        <styleUrl>#node_style</styleUrl>
        <Point>
          <coordinates>-41.76439957203155,-3.122388973629509,0</coordinates>
        </Point>
      </Placemark>
      <Placemark>
        <name>ef_tc4.002.2712</name>
        <description>ID: ef_tc4.002.2712
Coordenadas: (-90.17, 20.68)
GPS: (-3.12238897, -41.76435091)</description>
        <styleUrl>#node_style</styleUrl>
        <Point>
          <coordinates>-41.764350914095544,-3.122388973629509,0</coordinates>
        </Point>
      </Placemark>
      <Placemark>
        <name>ef_sech4.002.2828</name>
        <description>ID: ef_sech4.002.2828
Coordenadas: (-90.17, 22.07)
GPS: (-3.12238897, -41.76433847)</description>
        <styleUrl>#node_style</styleUrl>
        <Point>
          <coordinates>-41.764338471842514,-3.122388973629509,0</coordinates>
        </Point>
      </Placemark>
      <Placemark>
        <name>ef_sech4.002.2825</name>
        <description>ID: ef_sech4.002.2825
Coordenadas: (-90.17, 27.15)
GPS: (-3.12238897, -41.76429271)</description>
        <styleUrl>#node_style</styleUrl>
        <Point>
          <coordinates>-41.76429271350025,-3.122388973629509,0</coordinates>
        </Point>
      </Placemark>
      <Placemark>
        <name>ef_buscsb8.002.3285</name>
        <description>ID: ef_buscsb8.002.3285
Coordenadas: (-90.17, 59.46)
GPS: (-3.12238897, -41.76400210)</description>
        <styleUrl>#node_style</styleUrl>
        <Point>
          <coordinates>-41.76400210457345,-3.122388973629509,0</coordinates>
        </Point>
      </Placemark>
      <Placemark>
        <name>ef_buscsb8.002.3289</name>
        <description>ID: ef_buscsb8.002.3289
Coordenadas: (-90.17, 64.56)
GPS: (-3.12238897, -41.76395623)</description>
        <styleUrl>#node_style</styleUrl>
        <Point>
          <coordinates>-41.76395622567718,-3.122388973629509,0</coordinates>
        </Point>
      </Placemark>
      <Placemark>
        <name>ef_busip34.002.3057</name>
        <description>ID: ef_busip34.002.3057
Coordenadas: (-90.17, 67.57)
GPS: (-3.12238897, -41.76392907)</description>
        <styleUrl>#node_style</styleUrl>
        <Point>
          <coordinates>-41.76392907403608,-3.122388973629509,0</coordinates>
        </Point>
      </Placemark>
      <Placemark>
        <name>ef_busip34.002.3058</name>
        <description>ID: ef_busip34.002.3058
Coordenadas: (-90.17, 72.62)
GPS: (-3.12238897, -41.76388367)</description>
        <styleUrl>#node_style</styleUrl>
        <Point>
          <coordinates>-41.76388366835926,-3.122388973629509,0</coordinates>
        </Point>
      </Placemark>
      <Placemark>
        <name>ef_busip38.002.3023</name>
        <description>ID: ef_busip38.002.3023
Coordenadas: (-90.17, 76.06)
GPS: (-3.12238897, -41.76385270)</description>
        <styleUrl>#node_style</styleUrl>
        <Point>
          <coordinates>-41.763852702173494,-3.122388973629509,0</coordinates>
        </Point>
      </Placemark>
      <Placemark>
        <name>ef_buscsb8.002.3290</name>
        <description>ID: ef_buscsb8.002.3290
Coordenadas: (-89.68, 59.46)
GPS: (-3.12239336, -41.76400210)</description>
        <styleUrl>#node_style</styleUrl>
        <Point>
          <coordinates>-41.76400210457345,-3.122393361026808,0</coordinates>
        </Point>
      </Placemark>
      <Placemark>
        <name>ef_buscsb8.002.3284</name>
        <description>ID: ef_buscsb8.002.3284
Coordenadas: (-89.68, 60.68)
GPS: (-3.12239336, -41.76399113)</description>
        <styleUrl>#node_style</styleUrl>
        <Point>
          <coordinates>-41.76399112696163,-3.122393361026808,0</coordinates>
        </Point>
      </Placemark>
      <Placemark>
        <name>ef_buscsb8.002.3288</name>
        <description>ID: ef_buscsb8.002.3288
Coordenadas: (-89.68, 63.68)
GPS: (-3.12239336, -41.76396414)</description>
        <styleUrl>#node_style</styleUrl>
        <Point>
          <coordinates>-41.763964137258746,-3.122393361026808,0</coordinates>
        </Point>
      </Placemark>
      <Placemark>
        <name>ef_buscsb8.002.3286</name>
        <description>ID: ef_buscsb8.002.3286
Coordenadas: (-89.68, 64.56)
GPS: (-3.12239336, -41.76395623)</description>
        <styleUrl>#node_style</styleUrl>
        <Point>
          <coordinates>-41.76395622567718,-3.122393361026808,0</coordinates>
        </Point>
      </Placemark>
      <Placemark>
        <name>ef_busip34.002.3055</name>
        <description>ID: ef_busip34.002.3055
Coordenadas: (-89.62, 67.57)
GPS: (-3.12239396, -41.76392907)</description>
        <styleUrl>#node_style</styleUrl>
        <Point>
          <coordinates>-41.76392907403608,-3.1223939637998606,0</coordinates>
        </Point>
      </Placemark>
      <Placemark>
        <name>ef_busip34.002.3059</name>
        <description>ID: ef_busip34.002.3059
Coordenadas: (-89.62, 69.68)
GPS: (-3.12239396, -41.76391016)</description>
        <styleUrl>#node_style</styleUrl>
        <Point>
          <coordinates>-41.76391015785298,-3.1223939637998606,0</coordinates>
        </Point>
      </Placemark>
      <Placemark>
        <name>ef_busip34.002.3054</name>
        <description>ID: ef_busip34.002.3054
Coordenadas: (-89.62, 72.62)
GPS: (-3.12239396, -41.76388367)</description>
        <styleUrl>#node_style</styleUrl>
        <Point>
          <coordinates>-41.76388366835926,-3.1223939637998606,0</coordinates>
        </Point>
      </Placemark>
      <Placemark>
        <name>ef_busip38.002.3021</name>
        <description>ID: ef_busip38.002.3021
Coordenadas: (-89.60, 76.06)
GPS: (-3.12239413, -41.76385270)</description>
        <styleUrl>#node_style</styleUrl>
        <Point>
          <coordinates>-41.763852702173494,-3.1223941272941906,0</coordinates>
        </Point>
      </Placemark>
      <Placemark>
        <name>ef_busip38.002.3028</name>
        <description>ID: ef_busip38.002.3028
Coordenadas: (-89.60, 78.68)
GPS: (-3.12239413, -41.76382919)</description>
        <styleUrl>#node_style</styleUrl>
        <Point>
          <coordinates>-41.76382918874434,-3.1223941272941906,0</coordinates>
        </Point>
      </Placemark>
      <Placemark>
        <name>ef_busip38.002.3027</name>
        <description>ID: ef_busip38.002.3027
Coordenadas: (-89.60, 81.11)
GPS: (-3.12239413, -41.76380730)</description>
        <styleUrl>#node_style</styleUrl>
        <Point>
          <coordinates>-41.76380729559702,-3.1223941272941906,0</coordinates>
        </Point>
      </Placemark>
      <Placemark>
        <name>ef_busip3.003.3110</name>
        <description>ID: ef_busip3.003.3110
Coordenadas: (-89.47, -110.32)
GPS: (-3.12239529, -41.76552946)</description>
        <styleUrl>#node_style</styleUrl>
        <Point>
          <coordinates>-41.76552946265537,-3.1223952933141934,0</coordinates>
        </Point>
      </Placemark>
      <Placemark>
        <name>ef_busip3.003.3112</name>
        <description>ID: ef_busip3.003.3112
Coordenadas: (-89.47, -107.32)
GPS: (-3.12239529, -41.76550255)</description>
        <styleUrl>#node_style</styleUrl>
        <Point>
          <coordinates>-41.76550255032297,-3.1223952933141934,0</coordinates>
        </Point>
      </Placemark>
      <Placemark>
        <name>ef_busip6.002.3111</name>
        <description>ID: ef_busip6.002.3111
Coordenadas: (-89.47, -105.26)
GPS: (-3.12239529, -41.76548396)</description>
        <styleUrl>#node_style</styleUrl>
        <Point>
          <coordinates>-41.76548395801631,-3.1223952933141934,0</coordinates>
        </Point>
      </Placemark>
      <Placemark>
        <name>ef_busip6.002.3278</name>
        <description>ID: ef_busip6.002.3278
Coordenadas: (-88.00, -98.86)
GPS: (-3.12240844, -41.76542644)</description>
        <styleUrl>#node_style</styleUrl>
        <Point>
          <coordinates>-41.76542643846119,-3.122408442929604,0</coordinates>
        </Point>
      </Placemark>
      <Placemark>
        <name>ef_busip10.002.3273</name>
        <description>ID: ef_busip10.002.3273
Coordenadas: (-88.00, -98.32)
GPS: (-3.12240844, -41.76542158)</description>
        <styleUrl>#node_style</styleUrl>
        <Point>
          <coordinates>-41.765421581214326,-3.122408442929604,0</coordinates>
        </Point>
      </Placemark>
      <Placemark>
        <name>ef_busip10.002.3279</name>
        <description>ID: ef_busip10.002.3279
Coordenadas: (-88.00, -95.32)
GPS: (-3.12240844, -41.76539459)</description>
        <styleUrl>#node_style</styleUrl>
        <Point>
          <coordinates>-41.765394591511445,-3.122408442929604,0</coordinates>
        </Point>
      </Placemark>
      <Placemark>
        <name>ef_busip10.002.3276</name>
        <description>ID: ef_busip10.002.3276
Coordenadas: (-88.00, -93.82)
GPS: (-3.12240844, -41.76538103)</description>
        <styleUrl>#node_style</styleUrl>
        <Point>
          <coordinates>-41.76538103188472,-3.122408442929604,0</coordinates>
        </Point>
      </Placemark>
      <Placemark>
        <name>ef_busip6.002.2979</name>
        <description>ID: ef_busip6.002.2979
Coordenadas: (-87.17, -99.40)
GPS: (-3.12241592, -41.76543128)</description>
        <styleUrl>#node_style</styleUrl>
        <Point>
          <coordinates>-41.76543127951423,-3.122415923244369,0</coordinates>
        </Point>
      </Placemark>
      <Placemark>
        <name>ef_busip10.002.3277</name>
        <description>ID: ef_busip10.002.3277
Coordenadas: (-87.17, -98.86)
GPS: (-3.12241592, -41.76542644)</description>
        <styleUrl>#node_style</styleUrl>
        <Point>
          <coordinates>-41.76542643846119,-3.122415923244369,0</coordinates>
        </Point>
      </Placemark>
      <Placemark>
        <name>ef_busip10.002.3275</name>
        <description>ID: ef_busip10.002.3275
Coordenadas: (-87.17, -93.82)
GPS: (-3.12241592, -41.76538103)</description>
        <styleUrl>#node_style</styleUrl>
        <Point>
          <coordinates>-41.76538103188472,-3.122415923244369,0</coordinates>
        </Point>
      </Placemark>
      <Placemark>
        <name>ef_busip13.002.3239</name>
        <description>ID: ef_busip13.002.3239
Coordenadas: (-87.17, -88.28)
GPS: (-3.12241592, -41.76533124)</description>
        <styleUrl>#node_style</styleUrl>
        <Point>
          <coordinates>-41.76533123948153,-3.122415923244369,0</coordinates>
        </Point>
      </Placemark>
      <Placemark>
        <name>ef_busip13.002.3248</name>
        <description>ID: ef_busip13.002.3248
Coordenadas: (-87.17, -83.24)
GPS: (-3.12241592, -41.76528583)</description>
        <styleUrl>#node_style</styleUrl>
        <Point>
          <coordinates>-41.76528583380472,-3.122415923244369,0</coordinates>
        </Point>
      </Placemark>
      <Placemark>
        <name>ef_busip16.002.3192</name>
        <description>ID: ef_busip16.002.3192
Coordenadas: (-87.17, -80.71)
GPS: (-3.12241592, -41.76526310)</description>
        <styleUrl>#node_style</styleUrl>
        <Point>
          <coordinates>-41.76526310037798,-3.122415923244369,0</coordinates>
        </Point>
      </Placemark>
      <Placemark>
        <name>ef_busip16.002.3189</name>
        <description>ID: ef_busip16.002.3189
Coordenadas: (-87.17, -75.66)
GPS: (-3.12241592, -41.76521769)</description>
        <styleUrl>#node_style</styleUrl>
        <Point>
          <coordinates>-41.76521769380151,-3.122415923244369,0</coordinates>
        </Point>
      </Placemark>
      <Placemark>
        <name>ef_ip4.001.2886</name>
        <description>ID: ef_ip4.001.2886
Coordenadas: (-87.17, -72.87)
GPS: (-3.12241592, -41.76519259)</description>
        <styleUrl>#node_style</styleUrl>
        <Point>
          <coordinates>-41.76519259067886,-3.122415923244369,0</coordinates>
        </Point>
      </Placemark>
      <Placemark>
        <name>ef_ip4.001.2887</name>
        <description>ID: ef_ip4.001.2887
Coordenadas: (-87.17, -67.82)
GPS: (-3.12241592, -41.76514719)</description>
        <styleUrl>#node_style</styleUrl>
        <Point>
          <coordinates>-41.76514718500205,-3.122415923244369,0</coordinates>
        </Point>
      </Placemark>
      <Placemark>
        <name>ef_secv1.002.2818</name>
        <description>ID: ef_secv1.002.2818
Coordenadas: (-87.17, -66.41)
GPS: (-3.12241592, -41.76513445)</description>
        <styleUrl>#node_style</styleUrl>
        <Point>
          <coordinates>-41.765134452159884,-3.122415923244369,0</coordinates>
        </Point>
      </Placemark>
      <Placemark>
        <name>ef_secv1.002.2820</name>
        <description>ID: ef_secv1.002.2820
Coordenadas: (-87.17, -61.31)
GPS: (-3.12241592, -41.76508857)</description>
        <styleUrl>#node_style</styleUrl>
        <Point>
          <coordinates>-41.76508857326361,-3.122415923244369,0</coordinates>
        </Point>
      </Placemark>
      <Placemark>
        <name>ef_buscsb2.002.3344</name>
        <description>ID: ef_buscsb2.002.3344
Coordenadas: (-87.17, -54.32)
GPS: (-3.12241592, -41.76502567)</description>
        <styleUrl>#node_style</styleUrl>
        <Point>
          <coordinates>-41.76502566566414,-3.122415923244369,0</coordinates>
        </Point>
      </Placemark>
      <Placemark>
        <name>ef_buscsb2.002.3353</name>
        <description>ID: ef_buscsb2.002.3353
Coordenadas: (-87.17, -49.20)
GPS: (-3.12241592, -41.76497964)</description>
        <styleUrl>#node_style</styleUrl>
        <Point>
          <coordinates>-41.76497963922416,-3.122415923244369,0</coordinates>
        </Point>
      </Placemark>
      <Placemark>
        <name>ef_busip20.002.3151</name>
        <description>ID: ef_busip20.002.3151
Coordenadas: (-87.17, -46.11)
GPS: (-3.12241592, -41.76495186)</description>
        <styleUrl>#node_style</styleUrl>
        <Point>
          <coordinates>-41.76495185872298,-3.122415923244369,0</coordinates>
        </Point>
      </Placemark>
      <Placemark>
        <name>ef_busip20.002.3132</name>
        <description>ID: ef_busip20.002.3132
Coordenadas: (-87.17, -41.03)
GPS: (-3.12241592, -41.76490617)</description>
        <styleUrl>#node_style</styleUrl>
        <Point>
          <coordinates>-41.76490616605566,-3.122415923244369,0</coordinates>
        </Point>
      </Placemark>
      <Placemark>
        <name>ef_busip26.002.3101</name>
        <description>ID: ef_busip26.002.3101
Coordenadas: (-87.17, -37.68)
GPS: (-3.12241592, -41.76487599)</description>
        <styleUrl>#node_style</styleUrl>
        <Point>
          <coordinates>-41.76487598886887,-3.122415923244369,0</coordinates>
        </Point>
      </Placemark>
      <Placemark>
        <name>ef_busip26.002.3102</name>
        <description>ID: ef_busip26.002.3102
Coordenadas: (-87.17, -32.59)
GPS: (-3.12241592, -41.76483022)</description>
        <styleUrl>#node_style</styleUrl>
        <Point>
          <coordinates>-41.76483022153004,-3.122415923244369,0</coordinates>
        </Point>
      </Placemark>
      <Placemark>
        <name>ef_disjuntor1.002.2938</name>
        <description>ID: ef_disjuntor1.002.2938
Coordenadas: (-87.17, -27.97)
GPS: (-3.12241592, -41.76478860)</description>
        <styleUrl>#node_style</styleUrl>
        <Point>
          <coordinates>-41.764788600709224,-3.122415923244369,0</coordinates>
        </Point>
      </Placemark>
      <Placemark>
        <name>ef_disjuntor1.002.2941</name>
        <description>ID: ef_disjuntor1.002.2941
Coordenadas: (-87.17, -22.46)
GPS: (-3.12241592, -41.76473910)</description>
        <styleUrl>#node_style</styleUrl>
        <Point>
          <coordinates>-41.76473909889517,-3.122415923244369,0</coordinates>
        </Point>
      </Placemark>
      <Placemark>
        <name>ef_tc1.002.2753</name>
        <description>ID: ef_tc1.002.2753
Coordenadas: (-87.17, -20.45)
GPS: (-3.12241592, -41.76472097)</description>
        <styleUrl>#node_style</styleUrl>
        <Point>
          <coordinates>-41.76472096541346,-3.122415923244369,0</coordinates>
        </Point>
      </Placemark>
      <Placemark>
        <name>ef_tc1.002.2755</name>
        <description>ID: ef_tc1.002.2755
Coordenadas: (-87.17, -15.04)
GPS: (-3.12241592, -41.76467231)</description>
        <styleUrl>#node_style</styleUrl>
        <Point>
          <coordinates>-41.764672307477454,-3.122415923244369,0</coordinates>
        </Point>
      </Placemark>
      <Placemark>
        <name>ef_sech1.002.2852</name>
        <description>ID: ef_sech1.002.2852
Coordenadas: (-87.17, -13.78)
GPS: (-3.12241592, -41.76466099)</description>
        <styleUrl>#node_style</styleUrl>
        <Point>
          <coordinates>-41.76466099249435,-3.122415923244369,0</coordinates>
        </Point>
      </Placemark>
      <Placemark>
        <name>ef_sech1.002.2859</name>
        <description>ID: ef_sech1.002.2859
Coordenadas: (-87.17, -8.70)
GPS: (-3.12241592, -41.76461523)</description>
        <styleUrl>#node_style</styleUrl>
        <Point>
          <coordinates>-41.76461523415208,-3.122415923244369,0</coordinates>
        </Point>
      </Placemark>
      <Placemark>
        <name>ef_secv4.002.2779</name>
        <description>ID: ef_secv4.002.2779
Coordenadas: (-87.17, -0.92)
GPS: (-3.12241592, -41.76454530)</description>
        <styleUrl>#node_style</styleUrl>
        <Point>
          <coordinates>-41.764545303831916,-3.122415923244369,0</coordinates>
        </Point>
      </Placemark>
      <Placemark>
        <name>ef_secv4.002.2788</name>
        <description>ID: ef_secv4.002.2788
Coordenadas: (-87.17, 4.18)
GPS: (-3.12241592, -41.76449942)</description>
        <styleUrl>#node_style</styleUrl>
        <Point>
          <coordinates>-41.76449942493564,-3.122415923244369,0</coordinates>
        </Point>
      </Placemark>
      <Placemark>
        <name>ef_disjuntor4.002.2913</name>
        <description>ID: ef_disjuntor4.002.2913
Coordenadas: (-87.17, 6.65)
GPS: (-3.12241592, -41.76447721)</description>
        <styleUrl>#node_style</styleUrl>
        <Point>
          <coordinates>-41.764477214209485,-3.122415923244369,0</coordinates>
        </Point>
      </Placemark>
      <Placemark>
        <name>ef_disjuntor4.002.2908</name>
        <description>ID: ef_disjuntor4.002.2908
Coordenadas: (-87.17, 12.15)
GPS: (-3.12241592, -41.76442771)</description>
        <styleUrl>#node_style</styleUrl>
        <Point>
          <coordinates>-41.76442771239543,-3.122415923244369,0</coordinates>
        </Point>
      </Placemark>
      <Placemark>
        <name>ef_tc4.002.2721</name>
        <description>ID: ef_tc4.002.2721
Coordenadas: (-87.17, 15.28)
GPS: (-3.12241592, -41.76439957)</description>
        <styleUrl>#node_style</styleUrl>
        <Point>
          <coordinates>-41.76439957203155,-3.122415923244369,0</coordinates>
        </Point>
      </Placemark>
      <Placemark>
        <name>ef_tc4.002.2719</name>
        <description>ID: ef_tc4.002.2719
Coordenadas: (-87.17, 20.68)
GPS: (-3.12241592, -41.76435091)</description>
        <styleUrl>#node_style</styleUrl>
        <Point>
          <coordinates>-41.764350914095544,-3.122415923244369,0</coordinates>
        </Point>
      </Placemark>
      <Placemark>
        <name>ef_sech4.002.2837</name>
        <description>ID: ef_sech4.002.2837
Coordenadas: (-87.17, 22.07)
GPS: (-3.12241592, -41.76433847)</description>
        <styleUrl>#node_style</styleUrl>
        <Point>
          <coordinates>-41.764338471842514,-3.122415923244369,0</coordinates>
        </Point>
      </Placemark>
      <Placemark>
        <name>ef_tc4.002.2714</name>
        <description>ID: ef_tc4.002.2714
Coordenadas: (-86.96, 15.28)
GPS: (-3.12241782, -41.76439957)</description>
        <styleUrl>#node_style</styleUrl>
        <Point>
          <coordinates>-41.76439957203155,-3.1224178178022934,0</coordinates>
        </Point>
      </Placemark>
      <Placemark>
        <name>ef_tc4.002.2718</name>
        <description>ID: ef_tc4.002.2718
Coordenadas: (-86.96, 15.68)
GPS: (-3.12241782, -41.76439597)</description>
        <styleUrl>#node_style</styleUrl>
        <Point>
          <coordinates>-41.76439597250484,-3.1224178178022934,0</coordinates>
        </Point>
      </Placemark>
      <Placemark>
        <name>ef_tc4.002.2711</name>
        <description>ID: ef_tc4.002.2711
Coordenadas: (-86.96, 18.68)
GPS: (-3.12241782, -41.76436898)</description>
        <styleUrl>#node_style</styleUrl>
        <Point>
          <coordinates>-41.76436898280196,-3.1224178178022934,0</coordinates>
        </Point>
      </Placemark>
      <Placemark>
        <name>ef_tc4.002.2716</name>
        <description>ID: ef_tc4.002.2716
Coordenadas: (-86.96, 20.68)
GPS: (-3.12241782, -41.76435091)</description>
        <styleUrl>#node_style</styleUrl>
        <Point>
          <coordinates>-41.764350914095544,-3.1224178178022934,0</coordinates>
        </Point>
      </Placemark>
      <Placemark>
        <name>ef_tc1.002.2748</name>
        <description>ID: ef_tc1.002.2748
Coordenadas: (-86.88, -20.45)
GPS: (-3.12241850, -41.76472097)</description>
        <styleUrl>#node_style</styleUrl>
        <Point>
          <coordinates>-41.76472096541346,-3.122418495135947,0</coordinates>
        </Point>
      </Placemark>
      <Placemark>
        <name>ef_tc1.002.2747</name>
        <description>ID: ef_tc1.002.2747
Coordenadas: (-86.88, -20.32)
GPS: (-3.12241850, -41.76471985)</description>
        <styleUrl>#node_style</styleUrl>
        <Point>
          <coordinates>-41.76471984893942,-3.122418495135947,0</coordinates>
        </Point>
      </Placemark>
      <Placemark>
        <name>ef_tc1.002.2751</name>
        <description>ID: ef_tc1.002.2751
Coordenadas: (-86.88, -17.32)
GPS: (-3.12241850, -41.76469286)</description>
        <styleUrl>#node_style</styleUrl>
        <Point>
          <coordinates>-41.76469285923654,-3.122418495135947,0</coordinates>
        </Point>
      </Placemark>
      <Placemark>
        <name>ef_tc1.002.2745</name>
        <description>ID: ef_tc1.002.2745
Coordenadas: (-86.88, -15.04)
GPS: (-3.12241850, -41.76467231)</description>
        <styleUrl>#node_style</styleUrl>
        <Point>
          <coordinates>-41.764672307477454,-3.122418495135947,0</coordinates>
        </Point>
      </Placemark>
      <Placemark>
        <name>ef_ip4.001.2891</name>
        <description>ID: ef_ip4.001.2891
Coordenadas: (-86.71, -72.87)
GPS: (-3.12242005, -41.76519259)</description>
        <styleUrl>#node_style</styleUrl>
        <Point>
          <coordinates>-41.76519259067886,-3.1224200501287247,0</coordinates>
        </Point>
      </Placemark>
      <Placemark>
        <name>ef_ip4.001.2895</name>
        <description>ID: ef_ip4.001.2895
Coordenadas: (-86.71, -71.32)
GPS: (-3.12242005, -41.76517867)</description>
        <styleUrl>#node_style</styleUrl>
        <Point>
          <coordinates>-41.7651786738884,-3.1224200501287247,0</coordinates>
        </Point>
      </Placemark>
      <Placemark>
        <name>ef_ip4.001.2889</name>
        <description>ID: ef_ip4.001.2889
Coordenadas: (-86.71, -68.32)
GPS: (-3.12242005, -41.76515168)</description>
        <styleUrl>#node_style</styleUrl>
        <Point>
          <coordinates>-41.76515168418552,-3.1224200501287247,0</coordinates>
        </Point>
      </Placemark>
      <Placemark>
        <name>ef_ip4.001.2892</name>
        <description>ID: ef_ip4.001.2892
Coordenadas: (-86.71, -67.82)
GPS: (-3.12242005, -41.76514719)</description>
        <styleUrl>#node_style</styleUrl>
        <Point>
          <coordinates>-41.76514718500205,-3.1224200501287247,0</coordinates>
        </Point>
      </Placemark>
      <Placemark>
        <name>ef_busip16.002.3193</name>
        <description>ID: ef_busip16.002.3193
Coordenadas: (-86.68, -80.71)
GPS: (-3.12242037, -41.76526310)</description>
        <styleUrl>#node_style</styleUrl>
        <Point>
          <coordinates>-41.76526310037798,-3.122420370829141,0</coordinates>
        </Point>
      </Placemark>
      <Placemark>
        <name>ef_busip16.002.3186</name>
        <description>ID: ef_busip16.002.3186
Coordenadas: (-86.68, -80.32)
GPS: (-3.12242037, -41.76525964)</description>
        <styleUrl>#node_style</styleUrl>
        <Point>
          <coordinates>-41.765259642997044,-3.122420370829141,0</coordinates>
        </Point>
      </Placemark>
      <Placemark>
        <name>ef_busip16.002.3191</name>
        <description>ID: ef_busip16.002.3191
Coordenadas: (-86.68, -75.66)
GPS: (-3.12242037, -41.76521769)</description>
        <styleUrl>#node_style</styleUrl>
        <Point>
          <coordinates>-41.76521769380151,-3.122420370829141,0</coordinates>
        </Point>
      </Placemark>
      <Placemark>
        <name>ef_busip13.002.3245</name>
        <description>ID: ef_busip13.002.3245
Coordenadas: (-86.66, -88.28)
GPS: (-3.12242049, -41.76533124)</description>
        <styleUrl>#node_style</styleUrl>
        <Point>
          <coordinates>-41.76533123948153,-3.122420487610806,0</coordinates>
        </Point>
      </Placemark>
      <Placemark>
        <name>ef_busip13.002.3247</name>
        <description>ID: ef_busip13.002.3247
Coordenadas: (-86.66, -83.32)
GPS: (-3.12242049, -41.76528663)</description>
        <styleUrl>#node_style</styleUrl>
        <Point>
          <coordinates>-41.765286632699926,-3.122420487610806,0</coordinates>
        </Point>
      </Placemark>
      <Placemark>
        <name>ef_busip13.002.3249</name>
        <description>ID: ef_busip13.002.3249
Coordenadas: (-86.66, -83.24)
GPS: (-3.12242049, -41.76528583)</description>
        <styleUrl>#node_style</styleUrl>
        <Point>
          <coordinates>-41.76528583380472,-3.122420487610806,0</coordinates>
        </Point>
      </Placemark>
      <Placemark>
        <name>ef_secv4.002.2783</name>
        <description>ID: ef_secv4.002.2783
Coordenadas: (-86.45, -0.92)
GPS: (-3.12242243, -41.76454530)</description>
        <styleUrl>#node_style</styleUrl>
        <Point>
          <coordinates>-41.764545303831916,-3.122422427983076,0</coordinates>
        </Point>
      </Placemark>
      <Placemark>
        <name>ef_secv4.002.2782</name>
        <description>ID: ef_secv4.002.2782
Coordenadas: (-86.45, 0.68)
GPS: (-3.12242243, -41.76453092)</description>
        <styleUrl>#node_style</styleUrl>
        <Point>
          <coordinates>-41.76453092101925,-3.122422427983076,0</coordinates>
        </Point>
      </Placemark>
      <Placemark>
        <name>ef_secv4.002.2787</name>
        <description>ID: ef_secv4.002.2787
Coordenadas: (-86.45, 3.68)
GPS: (-3.12242243, -41.76450393)</description>
        <styleUrl>#node_style</styleUrl>
        <Point>
          <coordinates>-41.76450393131637,-3.122422427983076,0</coordinates>
        </Point>
      </Placemark>
      <Placemark>
        <name>ef_secv4.002.2780</name>
        <description>ID: ef_secv4.002.2780
Coordenadas: (-86.45, 4.18)
GPS: (-3.12242243, -41.76449942)</description>
        <styleUrl>#node_style</styleUrl>
        <Point>
          <coordinates>-41.76449942493564,-3.122422427983076,0</coordinates>
        </Point>
      </Placemark>
      <Placemark>
        <name>ef_secv1.002.2819</name>
        <description>ID: ef_secv1.002.2819
Coordenadas: (-86.33, -66.41)
GPS: (-3.12242344, -41.76513445)</description>
        <styleUrl>#node_style</styleUrl>
        <Point>
          <coordinates>-41.765134452159884,-3.122423436796992,0</coordinates>
        </Point>
      </Placemark>
      <Placemark>
        <name>ef_secv1.002.2823</name>
        <description>ID: ef_secv1.002.2823
Coordenadas: (-86.33, -65.32)
GPS: (-3.12242344, -41.76512469)</description>
        <styleUrl>#node_style</styleUrl>
        <Point>
          <coordinates>-41.76512469448264,-3.122423436796992,0</coordinates>
        </Point>
      </Placemark>
      <Placemark>
        <name>ef_secv1.002.2815</name>
        <description>ID: ef_secv1.002.2815
Coordenadas: (-86.33, -62.32)
GPS: (-3.12242344, -41.76509770)</description>
        <styleUrl>#node_style</styleUrl>
        <Point>
          <coordinates>-41.765097704779755,-3.122423436796992,0</coordinates>
        </Point>
      </Placemark>
      <Placemark>
        <name>ef_secv1.002.2813</name>
        <description>ID: ef_secv1.002.2813
Coordenadas: (-86.33, -61.31)
GPS: (-3.12242344, -41.76508857)</description>
        <styleUrl>#node_style</styleUrl>
        <Point>
          <coordinates>-41.76508857326361,-3.122423436796992,0</coordinates>
        </Point>
      </Placemark>
      <Placemark>
        <name>ef_buscsb7.002.3301</name>
        <description>ID: ef_buscsb7.002.3301
Coordenadas: (-85.88, 59.47)
GPS: (-3.12242751, -41.76400196)</description>
        <styleUrl>#node_style</styleUrl>
        <Point>
          <coordinates>-41.76400196062836,-3.1224275052905153,0</coordinates>
        </Point>
      </Placemark>
      <Placemark>
        <name>ef_buscsb7.002.3297</name>
        <description>ID: ef_buscsb7.002.3297
Coordenadas: (-85.88, 60.68)
GPS: (-3.12242751, -41.76399113)</description>
        <styleUrl>#node_style</styleUrl>
        <Point>
          <coordinates>-41.76399112696163,-3.1224275052905153,0</coordinates>
        </Point>
      </Placemark>
    </Folder>
    
    <!-- Caminhos Possíveis -->
    <Folder>
      <name>Caminhos Possíveis (Amostra)</name>
      <Placemark>
        <name>ef_busip31.002.3093 → ef_busip31.002.3092</name>
        <description>De: ef_busip31.002.3093
Para: ef_busip31.002.3092
Distância: 3.00m</description>
        <styleUrl>#edge_style</styleUrl>
        <LineString>
          <coordinates>-41.76487598886887,-3.122173376710628,0 -41.76487598886887,-3.1222003263254883,0</coordinates>
        </LineString>
      </Placemark>
      <Placemark>
        <name>ef_busip31.002.3093 → ef_busip31.002.3087</name>
        <description>De: ef_busip31.002.3093
Para: ef_busip31.002.3087
Distância: 5.09m</description>
        <styleUrl>#edge_style</styleUrl>
        <LineString>
          <coordinates>-41.76487598886887,-3.122173376710628,0 -41.76483022153004,-3.122173376710628,0</coordinates>
        </LineString>
      </Placemark>
      <Placemark>
        <name>ef_busip31.002.3087 → ef_busip31.002.3094</name>
        <description>De: ef_busip31.002.3087
Para: ef_busip31.002.3094
Distância: 3.00m</description>
        <styleUrl>#edge_style</styleUrl>
        <LineString>
          <coordinates>-41.76483022153004,-3.122173376710628,0 -41.76483022153004,-3.1222003263254883,0</coordinates>
        </LineString>
      </Placemark>
      <Placemark>
        <name>ef_buscsb5.002.3323 → ef_buscsb5.002.3319</name>
        <description>De: ef_buscsb5.002.3323
Para: ef_buscsb5.002.3319
Distância: 5.56m</description>
        <styleUrl>#edge_style</styleUrl>
        <LineString>
          <coordinates>-41.76502595445396,-3.122173612070598,0 -41.76502595445396,-3.122223568571664,0</coordinates>
        </LineString>
      </Placemark>
      <Placemark>
        <name>ef_buscsb5.002.3323 → ef_buscsb5.002.3318</name>
        <description>De: ef_buscsb5.002.3323
Para: ef_buscsb5.002.3318
Distância: 5.10m</description>
        <styleUrl>#edge_style</styleUrl>
        <LineString>
          <coordinates>-41.76502595445396,-3.122173612070598,0 -41.76498007555769,-3.122173612070598,0</coordinates>
        </LineString>
      </Placemark>
      <Placemark>
        <name>ef_buscsb5.002.3318 → ef_buscsb5.002.3321</name>
        <description>De: ef_buscsb5.002.3318
Para: ef_buscsb5.002.3321
Distância: 2.97m</description>
        <styleUrl>#edge_style</styleUrl>
        <LineString>
          <coordinates>-41.76498007555769,-3.122173612070598,0 -41.76498007555769,-3.1222003263254883,0</coordinates>
        </LineString>
      </Placemark>
      <Placemark>
        <name>ef_busip40.002.3004 → ef_busip40.002.3002</name>
        <description>De: ef_busip40.002.3004
Para: ef_busip40.002.3002
Distância: 2.84m</description>
        <styleUrl>#edge_style</styleUrl>
        <LineString>
          <coordinates>-41.76385299456194,-3.1221747906670876,0 -41.76385299456194,-3.1222003263254883,0</coordinates>
        </LineString>
      </Placemark>
      <Placemark>
        <name>ef_busip40.002.3004 → ef_busip40.002.3001</name>
        <description>De: ef_busip40.002.3004
Para: ef_busip40.002.3001
Distância: 5.05m</description>
        <styleUrl>#edge_style</styleUrl>
        <LineString>
          <coordinates>-41.76385299456194,-3.1221747906670876,0 -41.76380758888513,-3.1221747906670876,0</coordinates>
        </LineString>
      </Placemark>
      <Placemark>
        <name>ef_busip40.002.3001 → ef_busip40.002.2999</name>
        <description>De: ef_busip40.002.3001
Para: ef_busip40.002.2999
Distância: 5.45m</description>
        <styleUrl>#edge_style</styleUrl>
        <LineString>
          <coordinates>-41.76380758888513,-3.1221747906670876,0 -41.76380758888513,-3.1222237293710324,0</coordinates>
        </LineString>
      </Placemark>
      <Placemark>
        <name>ef_busip24.002.3128 → ef_busip24.002.3124</name>
        <description>De: ef_busip24.002.3128
Para: ef_busip24.002.3124
Distância: 5.05m</description>
        <styleUrl>#edge_style</styleUrl>
        <LineString>
          <coordinates>-41.764952005367036,-3.122175589274008,0 -41.76490659969022,-3.122175589274008,0</coordinates>
        </LineString>
      </Placemark>
      <Placemark>
        <name>ef_busip24.002.3128 → ef_busip24.002.3125</name>
        <description>De: ef_busip24.002.3128
Para: ef_busip24.002.3125
Distância: 2.75m</description>
        <styleUrl>#edge_style</styleUrl>
        <LineString>
          <coordinates>-41.764952005367036,-3.122175589274008,0 -41.764952005367036,-3.1222003263254883,0</coordinates>
        </LineString>
      </Placemark>
      <Placemark>
        <name>ef_busip24.002.3124 → ef_busip24.002.3129</name>
        <description>De: ef_busip24.002.3124
Para: ef_busip24.002.3129
Distância: 2.75m</description>
        <styleUrl>#edge_style</styleUrl>
        <LineString>
          <coordinates>-41.76490659969022,-3.122175589274008,0 -41.76490659969022,-3.1222003263254883,0</coordinates>
        </LineString>
      </Placemark>
      <Placemark>
        <name>ef_buscsb5.002.3321 → ef_busip24.002.3125</name>
        <description>De: ef_buscsb5.002.3321
Para: ef_busip24.002.3125
Distância: 3.12m</description>
        <styleUrl>#edge_style</styleUrl>
        <LineString>
          <coordinates>-41.76498007555769,-3.1222003263254883,0 -41.764952005367036,-3.1222003263254883,0</coordinates>
        </LineString>
      </Placemark>
      <Placemark>
        <name>ef_buscsb5.002.3321 → ef_buscsb5.002.3322</name>
        <description>De: ef_buscsb5.002.3321
Para: ef_buscsb5.002.3322
Distância: 2.59m</description>
        <styleUrl>#edge_style</styleUrl>
        <LineString>
          <coordinates>-41.76498007555769,-3.1222003263254883,0 -41.76498007555769,-3.122223568571664,0</coordinates>
        </LineString>
      </Placemark>
      <Placemark>
        <name>ef_busip24.002.3125 → ef_busip24.002.3127</name>
        <description>De: ef_busip24.002.3125
Para: ef_busip24.002.3127
Distância: 2.69m</description>
        <styleUrl>#edge_style</styleUrl>
        <LineString>
          <coordinates>-41.764952005367036,-3.1222003263254883,0 -41.764952005367036,-3.122224527977953,0</coordinates>
        </LineString>
      </Placemark>
      <Placemark>
        <name>ef_busip24.002.3129 → ef_busip31.002.3092</name>
        <description>De: ef_busip24.002.3129
Para: ef_busip31.002.3092
Distância: 3.40m</description>
        <styleUrl>#edge_style</styleUrl>
        <LineString>
          <coordinates>-41.76490659969022,-3.1222003263254883,0 -41.76487598886887,-3.1222003263254883,0</coordinates>
        </LineString>
      </Placemark>
      <Placemark>
        <name>ef_busip24.002.3129 → ef_busip24.002.3122</name>
        <description>De: ef_busip24.002.3129
Para: ef_busip24.002.3122
Distância: 2.69m</description>
        <styleUrl>#edge_style</styleUrl>
        <LineString>
          <coordinates>-41.76490659969022,-3.1222003263254883,0 -41.76490659969022,-3.122224527977953,0</coordinates>
        </LineString>
      </Placemark>
      <Placemark>
        <name>ef_busip31.002.3092 → ef_busip30.002.3104</name>
        <description>De: ef_busip31.002.3092
Para: ef_busip30.002.3104
Distância: 3.00m</description>
        <styleUrl>#edge_style</styleUrl>
        <LineString>
          <coordinates>-41.76487598886887,-3.1222003263254883,0 -41.76487598886887,-3.122227275940348,0</coordinates>
        </LineString>
      </Placemark>
      <Placemark>
        <name>ef_busip31.002.3094 → ef_busip40.002.3002</name>
        <description>De: ef_busip31.002.3094
Para: ef_busip40.002.3002
Distância: 108.62m</description>
        <styleUrl>#edge_style</styleUrl>
        <LineString>
          <coordinates>-41.76483022153004,-3.1222003263254883,0 -41.76385299456194,-3.1222003263254883,0</coordinates>
        </LineString>
      </Placemark>
      <Placemark>
        <name>ef_busip31.002.3094 → ef_busip30.002.3085</name>
        <description>De: ef_busip31.002.3094
Para: ef_busip30.002.3085
Distância: 3.00m</description>
        <styleUrl>#edge_style</styleUrl>
        <LineString>
          <coordinates>-41.76483022153004,-3.1222003263254883,0 -41.76483022153004,-3.122227275940348,0</coordinates>
        </LineString>
      </Placemark>
      <Placemark>
        <name>ef_busip40.002.3002 → ef_busip40.002.3000</name>
        <description>De: ef_busip40.002.3002
Para: ef_busip40.002.3000
Distância: 2.61m</description>
        <styleUrl>#edge_style</styleUrl>
        <LineString>
          <coordinates>-41.76385299456194,-3.1222003263254883,0 -41.76385299456194,-3.1222237293710324,0</coordinates>
        </LineString>
      </Placemark>
      <Placemark>
        <name>ef_busip8.002.2962 → ef_busip8.002.2967</name>
        <description>De: ef_busip8.002.2962
Para: ef_busip8.002.2967
Distância: 5.05m</description>
        <styleUrl>#edge_style</styleUrl>
        <LineString>
          <coordinates>-41.76547699557263,-3.122202165187542,0 -41.76543158989581,-3.122202165187542,0</coordinates>
        </LineString>
      </Placemark>
      <Placemark>
        <name>ef_busip8.002.2962 → ef_busip4.002.2968</name>
        <description>De: ef_busip8.002.2962
Para: ef_busip4.002.2968
Distância: 5.45m</description>
        <styleUrl>#edge_style</styleUrl>
        <LineString>
          <coordinates>-41.76547699557263,-3.122202165187542,0 -41.76547699557263,-3.122251103891487,0</coordinates>
        </LineString>
      </Placemark>
      <Placemark>
        <name>ef_busip8.002.2967 → ef_busip8.002.2963</name>
        <description>De: ef_busip8.002.2967
Para: ef_busip8.002.2963
Distância: 2.80m</description>
        <styleUrl>#edge_style</styleUrl>
        <LineString>
          <coordinates>-41.76543158989581,-3.122202165187542,0 -41.76543158989581,-3.122227275940348,0</coordinates>
        </LineString>
      </Placemark>
      <Placemark>
        <name>ef_sech6.002.2839 → ef_sech6.002.2835</name>
        <description>De: ef_sech6.002.2839
Para: ef_sech6.002.2835
Distância: 5.09m</description>
        <styleUrl>#edge_style</styleUrl>
        <LineString>
          <coordinates>-41.764338471842514,-3.122209552076975,0 -41.76429271350025,-3.122209552076975,0</coordinates>
        </LineString>
      </Placemark>
      <Placemark>
        <name>ef_sech6.002.2839 → ef_sech6.002.2824</name>
        <description>De: ef_sech6.002.2839
Para: ef_sech6.002.2824
Distância: 1.97m</description>
        <styleUrl>#edge_style</styleUrl>
        <LineString>
          <coordinates>-41.764338471842514,-3.122209552076975,0 -41.764338471842514,-3.122227275940348,0</coordinates>
        </LineString>
      </Placemark>
      <Placemark>
        <name>ef_sech6.002.2835 → ef_sech6.002.2840</name>
        <description>De: ef_sech6.002.2835
Para: ef_sech6.002.2840
Distância: 7.97m</description>
        <styleUrl>#edge_style</styleUrl>
        <LineString>
          <coordinates>-41.76429271350025,-3.122209552076975,0 -41.76429271350025,-3.1222811751700683,0</coordinates>
        </LineString>
      </Placemark>
      <Placemark>
        <name>ef_sech3.002.2849 → ef_sech3.002.2848</name>
        <description>De: ef_sech3.002.2849
Para: ef_sech3.002.2848
Distância: 1.82m</description>
        <styleUrl>#edge_style</styleUrl>
        <LineString>
          <coordinates>-41.76466099249435,-3.1222109211174103,0 -41.76466099249435,-3.122227275940348,0</coordinates>
        </LineString>
      </Placemark>
      <Placemark>
        <name>ef_sech3.002.2849 → ef_sech3.002.2844</name>
        <description>De: ef_sech3.002.2849
Para: ef_sech3.002.2844
Distância: 5.09m</description>
        <styleUrl>#edge_style</styleUrl>
        <LineString>
          <coordinates>-41.76466099249435,-3.1222109211174103,0 -41.76461523415208,-3.1222109211174103,0</coordinates>
        </LineString>
      </Placemark>
      <Placemark>
        <name>ef_sech3.002.2844 → ef_sech3.002.2854</name>
        <description>De: ef_sech3.002.2844
Para: ef_sech3.002.2854
Distância: 1.82m</description>
        <styleUrl>#edge_style</styleUrl>
        <LineString>
          <coordinates>-41.76461523415208,-3.1222109211174103,0 -41.76461523415208,-3.122227275940348,0</coordinates>
        </LineString>
      </Placemark>
      <Placemark>
        <name>ef_disjuntor6.002.2923 → ef_disjuntor6.002.2909</name>
        <description>De: ef_disjuntor6.002.2923
Para: ef_disjuntor6.002.2909
Distância: 1.05m</description>
        <styleUrl>#edge_style</styleUrl>
        <LineString>
          <coordinates>-41.764477214209485,-3.1222178822029285,0 -41.764477214209485,-3.122227275940348,0</coordinates>
        </LineString>
      </Placemark>
      <Placemark>
        <name>ef_disjuntor6.002.2923 → ef_disjuntor6.002.2919</name>
        <description>De: ef_disjuntor6.002.2923
Para: ef_disjuntor6.002.2919
Distância: 5.50m</description>
        <styleUrl>#edge_style</styleUrl>
        <LineString>
          <coordinates>-41.764477214209485,-3.1222178822029285,0 -41.76442771239543,-3.1222178822029285,0</coordinates>
        </LineString>
      </Placemark>
      <Placemark>
        <name>ef_disjuntor6.002.2919 → ef_disjuntor6.002.2928</name>
        <description>De: ef_disjuntor6.002.2919
Para: ef_disjuntor6.002.2928
Distância: 1.05m</description>
        <styleUrl>#edge_style</styleUrl>
        <LineString>
          <coordinates>-41.76442771239543,-3.1222178822029285,0 -41.76442771239543,-3.122227275940348,0</coordinates>
        </LineString>
      </Placemark>
      <Placemark>
        <name>ef_disjuntor3.002.2946 → ef_disjuntor3.002.2943</name>
        <description>De: ef_disjuntor3.002.2946
Para: ef_disjuntor3.002.2943
Distância: 5.50m</description>
        <styleUrl>#edge_style</styleUrl>
        <LineString>
          <coordinates>-41.764788600709224,-3.122218415805303,0 -41.76473909889517,-3.122218415805303,0</coordinates>
        </LineString>
      </Placemark>
      <Placemark>
        <name>ef_disjuntor3.002.2946 → ef_disjuntor3.002.2948</name>
        <description>De: ef_disjuntor3.002.2946
Para: ef_disjuntor3.002.2948
Distância: 0.99m</description>
        <styleUrl>#edge_style</styleUrl>
        <LineString>
          <coordinates>-41.764788600709224,-3.122218415805303,0 -41.764788600709224,-3.122227275940348,0</coordinates>
        </LineString>
      </Placemark>
      <Placemark>
        <name>ef_disjuntor3.002.2943 → ef_disjuntor3.002.2945</name>
        <description>De: ef_disjuntor3.002.2943
Para: ef_disjuntor3.002.2945
Distância: 0.99m</description>
        <styleUrl>#edge_style</styleUrl>
        <LineString>
          <coordinates>-41.76473909889517,-3.122218415805303,0 -41.76473909889517,-3.122227275940348,0</coordinates>
        </LineString>
      </Placemark>
      <Placemark>
        <name>ef_buscsb5.002.3319 → ef_buscsb5.002.3317</name>
        <description>De: ef_buscsb5.002.3319
Para: ef_buscsb5.002.3317
Distância: 1.02m</description>
        <styleUrl>#edge_style</styleUrl>
        <LineString>
          <coordinates>-41.76502595445396,-3.122223568571664,0 -41.76501673567111,-3.122223568571664,0</coordinates>
        </LineString>
      </Placemark>
      <Placemark>
        <name>ef_buscsb5.002.3317 → ef_buscsb4.002.3331</name>
        <description>De: ef_buscsb5.002.3317
Para: ef_buscsb4.002.3331
Distância: 4.13m</description>
        <styleUrl>#edge_style</styleUrl>
        <LineString>
          <coordinates>-41.76501673567111,-3.122223568571664,0 -41.76501673567111,-3.1222606728014033,0</coordinates>
        </LineString>
      </Placemark>
      <Placemark>
        <name>ef_buscsb5.002.3317 → ef_buscsb5.002.3320</name>
        <description>De: ef_buscsb5.002.3317
Para: ef_buscsb5.002.3320
Distância: 3.00m</description>
        <styleUrl>#edge_style</styleUrl>
        <LineString>
          <coordinates>-41.76501673567111,-3.122223568571664,0 -41.76498974596823,-3.122223568571664,0</coordinates>
        </LineString>
      </Placemark>
      <Placemark>
        <name>ef_buscsb5.002.3320 → ef_buscsb5.002.3322</name>
        <description>De: ef_buscsb5.002.3320
Para: ef_buscsb5.002.3322
Distância: 1.07m</description>
        <styleUrl>#edge_style</styleUrl>
        <LineString>
          <coordinates>-41.76498974596823,-3.122223568571664,0 -41.76498007555769,-3.122223568571664,0</coordinates>
        </LineString>
      </Placemark>
      <Placemark>
        <name>ef_buscsb5.002.3320 → ef_buscsb4.002.3328</name>
        <description>De: ef_buscsb5.002.3320
Para: ef_buscsb4.002.3328
Distância: 4.13m</description>
        <styleUrl>#edge_style</styleUrl>
        <LineString>
          <coordinates>-41.76498974596823,-3.122223568571664,0 -41.76498974596823,-3.1222606728014033,0</coordinates>
        </LineString>
      </Placemark>
      <Placemark>
        <name>ef_busip40.002.3000 → ef_busip40.002.3003</name>
        <description>De: ef_busip40.002.3000
Para: ef_busip40.002.3003
Distância: 2.65m</description>
        <styleUrl>#edge_style</styleUrl>
        <LineString>
          <coordinates>-41.76385299456194,-3.1222237293710324,0 -41.76382918874434,-3.1222237293710324,0</coordinates>
        </LineString>
      </Placemark>
      <Placemark>
        <name>ef_busip40.002.3003 → ef_busip39.002.3019</name>
        <description>De: ef_busip40.002.3003
Para: ef_busip39.002.3019
Distância: 4.30m</description>
        <styleUrl>#edge_style</styleUrl>
        <LineString>
          <coordinates>-41.76382918874434,-3.1222237293710324,0 -41.76382918874434,-3.122262348169127,0</coordinates>
        </LineString>
      </Placemark>
      <Placemark>
        <name>ef_busip40.002.3003 → ef_busip40.002.2999</name>
        <description>De: ef_busip40.002.3003
Para: ef_busip40.002.2999
Distância: 2.40m</description>
        <styleUrl>#edge_style</styleUrl>
        <LineString>
          <coordinates>-41.76382918874434,-3.1222237293710324,0 -41.76380758888513,-3.1222237293710324,0</coordinates>
        </LineString>
      </Placemark>
      <Placemark>
        <name>ef_busip24.002.3127 → ef_busip24.002.3123</name>
        <description>De: ef_busip24.002.3127
Para: ef_busip24.002.3123
Distância: 1.80m</description>
        <styleUrl>#edge_style</styleUrl>
        <LineString>
          <coordinates>-41.764952005367036,-3.122224527977953,0 -41.764935766562466,-3.122224527977953,0</coordinates>
        </LineString>
      </Placemark>
      <Placemark>
        <name>ef_busip24.002.3123 → ef_busip23.002.3136</name>
        <description>De: ef_busip24.002.3123
Para: ef_busip23.002.3136
Distância: 4.06m</description>
        <styleUrl>#edge_style</styleUrl>
        <LineString>
          <coordinates>-41.764935766562466,-3.122224527977953,0 -41.764935766562466,-3.122260972840449,0</coordinates>
        </LineString>
      </Placemark>
      <Placemark>
        <name>ef_busip24.002.3123 → ef_busip24.002.3126</name>
        <description>De: ef_busip24.002.3123
Para: ef_busip24.002.3126
Distância: 3.00m</description>
        <styleUrl>#edge_style</styleUrl>
        <LineString>
          <coordinates>-41.764935766562466,-3.122224527977953,0 -41.764908776859585,-3.122224527977953,0</coordinates>
        </LineString>
      </Placemark>
      <Placemark>
        <name>ef_busip24.002.3126 → ef_busip24.002.3122</name>
        <description>De: ef_busip24.002.3126
Para: ef_busip24.002.3122
Distância: 0.24m</description>
        <styleUrl>#edge_style</styleUrl>
        <LineString>
          <coordinates>-41.764908776859585,-3.122224527977953,0 -41.76490659969022,-3.122224527977953,0</coordinates>
        </LineString>
      </Placemark>
      <Placemark>
        <name>ef_busip24.002.3126 → ef_busip23.002.3149</name>
        <description>De: ef_busip24.002.3126
Para: ef_busip23.002.3149
Distância: 4.06m</description>
        <styleUrl>#edge_style</styleUrl>
        <LineString>
          <coordinates>-41.764908776859585,-3.122224527977953,0 -41.764908776859585,-3.122260972840449,0</coordinates>
        </LineString>
      </Placemark>
      <Placemark>
        <name>ef_busip8.002.2963 → ef_busip12.002.2965</name>
        <description>De: ef_busip8.002.2963
Para: ef_busip12.002.2965
Distância: 2.65m</description>
        <styleUrl>#edge_style</styleUrl>
        <LineString>
          <coordinates>-41.76543158989581,-3.122227275940348,0 -41.76543158989581,-3.122251103891487,0</coordinates>
        </LineString>
      </Placemark>
      <Placemark>
        <name>ef_busip8.002.2963 → ef_busip30.002.3104</name>
        <description>De: ef_busip8.002.2963
Para: ef_busip30.002.3104
Distância: 61.76m</description>
        <styleUrl>#edge_style</styleUrl>
        <LineString>
          <coordinates>-41.76543158989581,-3.122227275940348,0 -41.76487598886887,-3.122227275940348,0</coordinates>
        </LineString>
      </Placemark>
      <Placemark>
        <name>ef_busip30.002.3104 → ef_busip30.002.3096</name>
        <description>De: ef_busip30.002.3104
Para: ef_busip30.002.3096
Distância: 3.00m</description>
        <styleUrl>#edge_style</styleUrl>
        <LineString>
          <coordinates>-41.76487598886887,-3.122227275940348,0 -41.76487598886887,-3.122254225555208,0</coordinates>
        </LineString>
      </Placemark>
      <Placemark>
        <name>ef_busip30.002.3085 → ef_busip30.002.3086</name>
        <description>De: ef_busip30.002.3085
Para: ef_busip30.002.3086
Distância: 3.00m</description>
        <styleUrl>#edge_style</styleUrl>
        <LineString>
          <coordinates>-41.76483022153004,-3.122227275940348,0 -41.76483022153004,-3.122254225555208,0</coordinates>
        </LineString>
      </Placemark>
      <Placemark>
        <name>ef_busip30.002.3085 → ef_disjuntor3.002.2948</name>
        <description>De: ef_busip30.002.3085
Para: ef_disjuntor3.002.2948
Distância: 4.63m</description>
        <styleUrl>#edge_style</styleUrl>
        <LineString>
          <coordinates>-41.76483022153004,-3.122227275940348,0 -41.764788600709224,-3.122227275940348,0</coordinates>
        </LineString>
      </Placemark>
      <Placemark>
        <name>ef_disjuntor3.002.2948 → ef_disjuntor3.002.2936</name>
        <description>De: ef_disjuntor3.002.2948
Para: ef_disjuntor3.002.2936
Distância: 3.00m</description>
        <styleUrl>#edge_style</styleUrl>
        <LineString>
          <coordinates>-41.764788600709224,-3.122227275940348,0 -41.764788600709224,-3.122254225555208,0</coordinates>
        </LineString>
      </Placemark>
      <Placemark>
        <name>ef_disjuntor3.002.2945 → ef_sech3.002.2848</name>
        <description>De: ef_disjuntor3.002.2945
Para: ef_sech3.002.2848
Distância: 8.68m</description>
        <styleUrl>#edge_style</styleUrl>
        <LineString>
          <coordinates>-41.76473909889517,-3.122227275940348,0 -41.76466099249435,-3.122227275940348,0</coordinates>
        </LineString>
      </Placemark>
      <Placemark>
        <name>ef_disjuntor3.002.2945 → ef_disjuntor3.002.2939</name>
        <description>De: ef_disjuntor3.002.2945
Para: ef_disjuntor3.002.2939
Distância: 3.00m</description>
        <styleUrl>#edge_style</styleUrl>
        <LineString>
          <coordinates>-41.76473909889517,-3.122227275940348,0 -41.76473909889517,-3.122254225555208,0</coordinates>
        </LineString>
      </Placemark>
      <Placemark>
        <name>ef_sech3.002.2848 → ef_sech3.002.2860</name>
        <description>De: ef_sech3.002.2848
Para: ef_sech3.002.2860
Distância: 3.00m</description>
        <styleUrl>#edge_style</styleUrl>
        <LineString>
          <coordinates>-41.76466099249435,-3.122227275940348,0 -41.76466099249435,-3.122254225555208,0</coordinates>
        </LineString>
      </Placemark>
      <Placemark>
        <name>ef_sech3.002.2854 → ef_disjuntor6.002.2909</name>
        <description>De: ef_sech3.002.2854
Para: ef_disjuntor6.002.2909
Distância: 15.34m</description>
        <styleUrl>#edge_style</styleUrl>
        <LineString>
          <coordinates>-41.76461523415208,-3.122227275940348,0 -41.764477214209485,-3.122227275940348,0</coordinates>
        </LineString>
      </Placemark>
      <Placemark>
        <name>ef_sech3.002.2854 → ef_sech3.002.2857</name>
        <description>De: ef_sech3.002.2854
Para: ef_sech3.002.2857
Distância: 3.00m</description>
        <styleUrl>#edge_style</styleUrl>
        <LineString>
          <coordinates>-41.76461523415208,-3.122227275940348,0 -41.76461523415208,-3.122254225555208,0</coordinates>
        </LineString>
      </Placemark>
      <Placemark>
        <name>ef_disjuntor6.002.2909 → ef_disjuntor6.002.2921</name>
        <description>De: ef_disjuntor6.002.2909
Para: ef_disjuntor6.002.2921
Distância: 3.00m</description>
        <styleUrl>#edge_style</styleUrl>
        <LineString>
          <coordinates>-41.764477214209485,-3.122227275940348,0 -41.764477214209485,-3.122254225555208,0</coordinates>
        </LineString>
      </Placemark>
      <Placemark>
        <name>ef_disjuntor6.002.2928 → ef_sech6.002.2824</name>
        <description>De: ef_disjuntor6.002.2928
Para: ef_sech6.002.2824
Distância: 9.92m</description>
        <styleUrl>#edge_style</styleUrl>
        <LineString>
          <coordinates>-41.76442771239543,-3.122227275940348,0 -41.764338471842514,-3.122227275940348,0</coordinates>
        </LineString>
      </Placemark>
      <Placemark>
        <name>ef_disjuntor6.002.2928 → ef_disjuntor6.002.2925</name>
        <description>De: ef_disjuntor6.002.2928
Para: ef_disjuntor6.002.2925
Distância: 3.00m</description>
        <styleUrl>#edge_style</styleUrl>
        <LineString>
          <coordinates>-41.76442771239543,-3.122227275940348,0 -41.76442771239543,-3.122254225555208,0</coordinates>
        </LineString>
      </Placemark>
      <Placemark>
        <name>ef_sech6.002.2824 → ef_sech6.002.2831</name>
        <description>De: ef_sech6.002.2824
Para: ef_sech6.002.2831
Distância: 3.00m</description>
        <styleUrl>#edge_style</styleUrl>
        <LineString>
          <coordinates>-41.764338471842514,-3.122227275940348,0 -41.764338471842514,-3.122254225555208,0</coordinates>
        </LineString>
      </Placemark>
      <Placemark>
        <name>ef_secv6.002.2763 → ef_secv6.002.2759</name>
        <description>De: ef_secv6.002.2763
Para: ef_secv6.002.2759
Distância: 2.67m</description>
        <styleUrl>#edge_style</styleUrl>
        <LineString>
          <coordinates>-41.76454553864233,-3.1222302215332522,0 -41.76454553864233,-3.122254225555208,0</coordinates>
        </LineString>
      </Placemark>
      <Placemark>
        <name>ef_secv6.002.2763 → ef_secv6.002.2758</name>
        <description>De: ef_secv6.002.2763
Para: ef_secv6.002.2758
Distância: 5.10m</description>
        <styleUrl>#edge_style</styleUrl>
        <LineString>
          <coordinates>-41.76454553864233,-3.1222302215332522,0 -41.76449965974606,-3.1222302215332522,0</coordinates>
        </LineString>
      </Placemark>
      <Placemark>
        <name>ef_secv6.002.2758 → ef_secv6.002.2765</name>
        <description>De: ef_secv6.002.2758
Para: ef_secv6.002.2765
Distância: 2.67m</description>
        <styleUrl>#edge_style</styleUrl>
        <LineString>
          <coordinates>-41.76449965974606,-3.1222302215332522,0 -41.76449965974606,-3.122254225555208,0</coordinates>
        </LineString>
      </Placemark>
      <Placemark>
        <name>ef_secv3.002.2795 → ef_secv3.002.2796</name>
        <description>De: ef_secv3.002.2795
Para: ef_secv3.002.2796
Distância: 2.56m</description>
        <styleUrl>#edge_style</styleUrl>
        <LineString>
          <coordinates>-41.7651346869703,-3.122231231245489,0 -41.7651346869703,-3.122254225555208,0</coordinates>
        </LineString>
      </Placemark>
      <Placemark>
        <name>ef_secv3.002.2795 → ef_secv3.002.2792</name>
        <description>De: ef_secv3.002.2795
Para: ef_secv3.002.2792
Distância: 5.10m</description>
        <styleUrl>#edge_style</styleUrl>
        <LineString>
          <coordinates>-41.7651346869703,-3.122231231245489,0 -41.765088808074026,-3.122231231245489,0</coordinates>
        </LineString>
      </Placemark>
      <Placemark>
        <name>ef_secv3.002.2792 → ef_secv3.002.2797</name>
        <description>De: ef_secv3.002.2792
Para: ef_secv3.002.2797
Distância: 2.56m</description>
        <styleUrl>#edge_style</styleUrl>
        <LineString>
          <coordinates>-41.765088808074026,-3.122231231245489,0 -41.765088808074026,-3.122254225555208,0</coordinates>
        </LineString>
      </Placemark>
      <Placemark>
        <name>ef_tc6.002.2697 → ef_tc6.002.2691</name>
        <description>De: ef_tc6.002.2697
Para: ef_tc6.002.2691
Distância: 5.41m</description>
        <styleUrl>#edge_style</styleUrl>
        <LineString>
          <coordinates>-41.76439980144403,-3.12223288325688,0 -41.764351143508016,-3.12223288325688,0</coordinates>
        </LineString>
      </Placemark>
      <Placemark>
        <name>ef_tc6.002.2697 → ef_tc6.002.2693</name>
        <description>De: ef_tc6.002.2697
Para: ef_tc6.002.2693
Distância: 2.38m</description>
        <styleUrl>#edge_style</styleUrl>
        <LineString>
          <coordinates>-41.76439980144403,-3.12223288325688,0 -41.76439980144403,-3.122254225555208,0</coordinates>
        </LineString>
      </Placemark>
      <Placemark>
        <name>ef_tc6.002.2691 → ef_tc6.002.2689</name>
        <description>De: ef_tc6.002.2691
Para: ef_tc6.002.2689
Distância: 2.38m</description>
        <styleUrl>#edge_style</styleUrl>
        <LineString>
          <coordinates>-41.764351143508016,-3.12223288325688,0 -41.764351143508016,-3.122254225555208,0</coordinates>
        </LineString>
      </Placemark>
      <Placemark>
        <name>ef_tc3.002.2723 → ef_tc3.002.2722</name>
        <description>De: ef_tc3.002.2723
Para: ef_tc3.002.2722
Distância: 5.41m</description>
        <styleUrl>#edge_style</styleUrl>
        <LineString>
          <coordinates>-41.76472119482594,-3.122233433927344,0 -41.764672536889925,-3.122233433927344,0</coordinates>
        </LineString>
      </Placemark>
      <Placemark>
        <name>ef_tc3.002.2723 → ef_tc3.002.2725</name>
        <description>De: ef_tc3.002.2723
Para: ef_tc3.002.2725
Distância: 2.31m</description>
        <styleUrl>#edge_style</styleUrl>
        <LineString>
          <coordinates>-41.76472119482594,-3.122233433927344,0 -41.76472119482594,-3.122254225555208,0</coordinates>
        </LineString>
      </Placemark>
      <Placemark>
        <name>ef_tc3.002.2722 → ef_tc3.002.2726</name>
        <description>De: ef_tc3.002.2722
Para: ef_tc3.002.2726
Distância: 2.31m</description>
        <styleUrl>#edge_style</styleUrl>
        <LineString>
          <coordinates>-41.764672536889925,-3.122233433927344,0 -41.764672536889925,-3.122254225555208,0</coordinates>
        </LineString>
      </Placemark>
      <Placemark>
        <name>ef_busip18.002.3167 → ef_busip18.002.3166</name>
        <description>De: ef_busip18.002.3167
Para: ef_busip18.002.3166
Distância: 5.05m</description>
        <styleUrl>#edge_style</styleUrl>
        <LineString>
          <coordinates>-41.765262732418364,-3.122234731102139,0 -41.76521732674155,-3.122234731102139,0</coordinates>
        </LineString>
      </Placemark>
      <Placemark>
        <name>ef_busip18.002.3167 → ef_busip18.002.3163</name>
        <description>De: ef_busip18.002.3167
Para: ef_busip18.002.3163
Distância: 2.17m</description>
        <styleUrl>#edge_style</styleUrl>
        <LineString>
          <coordinates>-41.765262732418364,-3.122234731102139,0 -41.765262732418364,-3.122254225555208,0</coordinates>
        </LineString>
      </Placemark>
      <Placemark>
        <name>ef_busip18.002.3166 → ef_busip18.002.3162</name>
        <description>De: ef_busip18.002.3166
Para: ef_busip18.002.3162
Distância: 2.17m</description>
        <styleUrl>#edge_style</styleUrl>
        <LineString>
          <coordinates>-41.76521732674155,-3.122234731102139,0 -41.76521732674155,-3.122254225555208,0</coordinates>
        </LineString>
      </Placemark>
      <Placemark>
        <name>ef_busip15.002.3204 → ef_busip15.002.3202</name>
        <description>De: ef_busip15.002.3204
Para: ef_busip15.002.3202
Distância: 5.05m</description>
        <styleUrl>#edge_style</styleUrl>
        <LineString>
          <coordinates>-41.76533087152192,-3.1222348478838033,0 -41.7652854658451,-3.1222348478838033,0</coordinates>
        </LineString>
      </Placemark>
      <Placemark>
        <name>ef_busip15.002.3204 → ef_busip15.002.3196</name>
        <description>De: ef_busip15.002.3204
Para: ef_busip15.002.3196
Distância: 2.16m</description>
        <styleUrl>#edge_style</styleUrl>
        <LineString>
          <coordinates>-41.76533087152192,-3.1222348478838033,0 -41.76533087152192,-3.122254225555208,0</coordinates>
        </LineString>
      </Placemark>
      <Placemark>
        <name>ef_busip15.002.3202 → ef_busip15.002.3201</name>
        <description>De: ef_busip15.002.3202
Para: ef_busip15.002.3201
Distância: 2.16m</description>
        <styleUrl>#edge_style</styleUrl>
        <LineString>
          <coordinates>-41.7652854658451,-3.1222348478838033,0 -41.7652854658451,-3.122254225555208,0</coordinates>
        </LineString>
      </Placemark>
      <Placemark>
        <name>ef_ip6.001.2870 → ef_ip6.001.2862</name>
        <description>De: ef_ip6.001.2870
Para: ef_ip6.001.2862
Distância: 2.12m</description>
        <styleUrl>#edge_style</styleUrl>
        <LineString>
          <coordinates>-41.765192908257696,-3.1222352197884886,0 -41.765192908257696,-3.122254225555208,0</coordinates>
        </LineString>
      </Placemark>
      <Placemark>
        <name>ef_ip6.001.2870 → ef_ip6.001.2871</name>
        <description>De: ef_ip6.001.2870
Para: ef_ip6.001.2871
Distância: 5.06m</description>
        <styleUrl>#edge_style</styleUrl>
        <LineString>
          <coordinates>-41.765192908257696,-3.1222352197884886,0 -41.765147418912804,-3.1222352197884886,0</coordinates>
        </LineString>
      </Placemark>
      <Placemark>
        <name>ef_ip6.001.2871 → ef_ip6.001.2866</name>
        <description>De: ef_ip6.001.2871
Para: ef_ip6.001.2866
Distância: 2.12m</description>
        <styleUrl>#edge_style</styleUrl>
        <LineString>
          <coordinates>-41.765147418912804,-3.1222352197884886,0 -41.765147418912804,-3.122254225555208,0</coordinates>
        </LineString>
      </Placemark>
      <Placemark>
        <name>ef_busip4.002.3005 → ef_busip4.002.3007</name>
        <description>De: ef_busip4.002.3005
Para: ef_busip4.002.3007
Distância: 5.45m</description>
        <styleUrl>#edge_style</styleUrl>
        <LineString>
          <coordinates>-41.76552964978398,-3.122236693034101,0 -41.76552964978398,-3.1222856317380456,0</coordinates>
        </LineString>
      </Placemark>
      <Placemark>
        <name>ef_busip4.002.3005 → ef_busip8.002.3008</name>
        <description>De: ef_busip4.002.3005
Para: ef_busip8.002.3008
Distância: 5.05m</description>
        <styleUrl>#edge_style</styleUrl>
        <LineString>
          <coordinates>-41.76552964978398,-3.122236693034101,0 -41.76548424320751,-3.122236693034101,0</coordinates>
        </LineString>
      </Placemark>
      <Placemark>
        <name>ef_busip8.002.3008 → ef_busip4.002.3009</name>
        <description>De: ef_busip8.002.3008
Para: ef_busip4.002.3009
Distância: 1.95m</description>
        <styleUrl>#edge_style</styleUrl>
        <LineString>
          <coordinates>-41.76548424320751,-3.122236693034101,0 -41.76548424320751,-3.122254225555208,0</coordinates>
        </LineString>
      </Placemark>
      <Placemark>
        <name>ef_busip8.002.3258 → ef_busip12.002.3256</name>
        <description>De: ef_busip8.002.3258
Para: ef_busip12.002.3256
Distância: 1.88m</description>
        <styleUrl>#edge_style</styleUrl>
        <LineString>
          <coordinates>-41.765427110504795,-3.122237297603794,0 -41.765427110504795,-3.122254225555208,0</coordinates>
        </LineString>
      </Placemark>
      <Placemark>
        <name>ef_busip8.002.3258 → ef_busip12.002.3251</name>
        <description>De: ef_busip8.002.3258
Para: ef_busip12.002.3251
Distância: 5.05m</description>
        <styleUrl>#edge_style</styleUrl>
        <LineString>
          <coordinates>-41.765427110504795,-3.122237297603794,0 -41.76538170392832,-3.122237297603794,0</coordinates>
        </LineString>
      </Placemark>
      <Placemark>
        <name>ef_busip12.002.3251 → ef_busip12.002.3254</name>
        <description>De: ef_busip12.002.3251
Para: ef_busip12.002.3254
Distância: 1.88m</description>
        <styleUrl>#edge_style</styleUrl>
        <LineString>
          <coordinates>-41.76538170392832,-3.122237297603794,0 -41.76538170392832,-3.122254225555208,0</coordinates>
        </LineString>
      </Placemark>
      <Placemark>
        <name>ef_busip4.002.2968 → ef_busip8.002.2964</name>
        <description>De: ef_busip4.002.2968
Para: ef_busip8.002.2964
Distância: 0.16m</description>
        <styleUrl>#edge_style</styleUrl>
        <LineString>
          <coordinates>-41.76547699557263,-3.122251103891487,0 -41.76547556062009,-3.122251103891487,0</coordinates>
        </LineString>
      </Placemark>
      <Placemark>
        <name>ef_busip8.002.2964 → ef_busip8.002.2966</name>
        <description>De: ef_busip8.002.2964
Para: ef_busip8.002.2966
Distância: 3.00m</description>
        <styleUrl>#edge_style</styleUrl>
        <LineString>
          <coordinates>-41.76547556062009,-3.122251103891487,0 -41.76544857091721,-3.122251103891487,0</coordinates>
        </LineString>
      </Placemark>
      <Placemark>
        <name>ef_busip8.002.2964 → ef_busip7.002.2977</name>
        <description>De: ef_busip8.002.2964
Para: ef_busip7.002.2977
Distância: 4.80m</description>
        <styleUrl>#edge_style</styleUrl>
        <LineString>
          <coordinates>-41.76547556062009,-3.122251103891487,0 -41.76547556062009,-3.122294266394647,0</coordinates>
        </LineString>
      </Placemark>
      <Placemark>
        <name>ef_busip8.002.2966 → ef_busip12.002.2965</name>
        <description>De: ef_busip8.002.2966
Para: ef_busip12.002.2965
Distância: 1.89m</description>
        <styleUrl>#edge_style</styleUrl>
        <LineString>
          <coordinates>-41.76544857091721,-3.122251103891487,0 -41.76543158989581,-3.122251103891487,0</coordinates>
        </LineString>
      </Placemark>
      <Placemark>
        <name>ef_busip8.002.2966 → ef_busip7.002.2970</name>
        <description>De: ef_busip8.002.2966
Para: ef_busip7.002.2970
Distância: 4.80m</description>
        <styleUrl>#edge_style</styleUrl>
        <LineString>
          <coordinates>-41.76544857091721,-3.122251103891487,0 -41.76544857091721,-3.122294266394647,0</coordinates>
        </LineString>
      </Placemark>
      <Placemark>
        <name>ef_busip4.002.3009 → ef_busip4.002.3010</name>
        <description>De: ef_busip4.002.3009
Para: ef_busip4.002.3010
Distância: 3.00m</description>
        <styleUrl>#edge_style</styleUrl>
        <LineString>
          <coordinates>-41.76548424320751,-3.122254225555208,0 -41.76548424320751,-3.1222811751700683,0</coordinates>
        </LineString>
      </Placemark>
      <Placemark>
        <name>ef_busip4.002.3009 → ef_busip12.002.3256</name>
        <description>De: ef_busip4.002.3009
Para: ef_busip12.002.3256
Distância: 6.35m</description>
        <styleUrl>#edge_style</styleUrl>
        <LineString>
          <coordinates>-41.76548424320751,-3.122254225555208,0 -41.765427110504795,-3.122254225555208,0</coordinates>
        </LineString>
      </Placemark>
      <Placemark>
        <name>ef_busip12.002.3256 → ef_busip12.002.3257</name>
        <description>De: ef_busip12.002.3256
Para: ef_busip12.002.3257
Distância: 3.00m</description>
        <styleUrl>#edge_style</styleUrl>
        <LineString>
          <coordinates>-41.765427110504795,-3.122254225555208,0 -41.765427110504795,-3.1222811751700683,0</coordinates>
        </LineString>
      </Placemark>
      <Placemark>
        <name>ef_busip12.002.3254 → ef_busip12.002.3259</name>
        <description>De: ef_busip12.002.3254
Para: ef_busip12.002.3259
Distância: 3.00m</description>
        <styleUrl>#edge_style</styleUrl>
        <LineString>
          <coordinates>-41.76538170392832,-3.122254225555208,0 -41.76538170392832,-3.1222811751700683,0</coordinates>
        </LineString>
      </Placemark>
      <Placemark>
        <name>ef_busip12.002.3254 → ef_busip15.002.3196</name>
        <description>De: ef_busip12.002.3254
Para: ef_busip15.002.3196
Distância: 5.65m</description>
        <styleUrl>#edge_style</styleUrl>
        <LineString>
          <coordinates>-41.76538170392832,-3.122254225555208,0 -41.76533087152192,-3.122254225555208,0</coordinates>
        </LineString>
      </Placemark>
      <Placemark>
        <name>ef_busip15.002.3196 → ef_busip15.002.3197</name>
        <description>De: ef_busip15.002.3196
Para: ef_busip15.002.3197
Distância: 3.00m</description>
        <styleUrl>#edge_style</styleUrl>
        <LineString>
          <coordinates>-41.76533087152192,-3.122254225555208,0 -41.76533087152192,-3.1222811751700683,0</coordinates>
        </LineString>
      </Placemark>
      <Placemark>
        <name>ef_busip15.002.3201 → ef_busip18.002.3163</name>
        <description>De: ef_busip15.002.3201
Para: ef_busip18.002.3163
Distância: 2.53m</description>
        <styleUrl>#edge_style</styleUrl>
        <LineString>
          <coordinates>-41.7652854658451,-3.122254225555208,0 -41.765262732418364,-3.122254225555208,0</coordinates>
        </LineString>
      </Placemark>
      <Placemark>
        <name>ef_busip15.002.3201 → ef_busip15.002.3200</name>
        <description>De: ef_busip15.002.3201
Para: ef_busip15.002.3200
Distância: 3.00m</description>
        <styleUrl>#edge_style</styleUrl>
        <LineString>
          <coordinates>-41.7652854658451,-3.122254225555208,0 -41.7652854658451,-3.1222811751700683,0</coordinates>
        </LineString>
      </Placemark>
      <Placemark>
        <name>ef_busip18.002.3163 → ef_busip18.002.3169</name>
        <description>De: ef_busip18.002.3163
Para: ef_busip18.002.3169
Distância: 3.00m</description>
        <styleUrl>#edge_style</styleUrl>
        <LineString>
          <coordinates>-41.765262732418364,-3.122254225555208,0 -41.765262732418364,-3.1222811751700683,0</coordinates>
        </LineString>
      </Placemark>
      <Placemark>
        <name>ef_busip18.002.3162 → ef_busip18.002.3171</name>
        <description>De: ef_busip18.002.3162
Para: ef_busip18.002.3171
Distância: 3.00m</description>
        <styleUrl>#edge_style</styleUrl>
        <LineString>
          <coordinates>-41.76521732674155,-3.122254225555208,0 -41.76521732674155,-3.1222811751700683,0</coordinates>
        </LineString>
      </Placemark>
      <Placemark>
        <name>ef_busip18.002.3162 → ef_ip6.001.2862</name>
        <description>De: ef_busip18.002.3162
Para: ef_ip6.001.2862
Distância: 2.71m</description>
        <styleUrl>#edge_style</styleUrl>
        <LineString>
          <coordinates>-41.76521732674155,-3.122254225555208,0 -41.765192908257696,-3.122254225555208,0</coordinates>
        </LineString>
      </Placemark>
      <Placemark>
        <name>ef_ip6.001.2862 → ef_ip3.002.2864</name>
        <description>De: ef_ip6.001.2862
Para: ef_ip3.002.2864
Distância: 3.00m</description>
        <styleUrl>#edge_style</styleUrl>
        <LineString>
          <coordinates>-41.765192908257696,-3.122254225555208,0 -41.765192908257696,-3.1222811751700683,0</coordinates>
        </LineString>
      </Placemark>
      <Placemark>
        <name>ef_ip6.001.2866 → ef_secv3.002.2796</name>
        <description>De: ef_ip6.001.2866
Para: ef_secv3.002.2796
Distância: 1.42m</description>
        <styleUrl>#edge_style</styleUrl>
        <LineString>
          <coordinates>-41.765147418912804,-3.122254225555208,0 -41.7651346869703,-3.122254225555208,0</coordinates>
        </LineString>
      </Placemark>
      <Placemark>
        <name>ef_ip6.001.2866 → ef_ip3.002.2865</name>
        <description>De: ef_ip6.001.2866
Para: ef_ip3.002.2865
Distância: 3.00m</description>
        <styleUrl>#edge_style</styleUrl>
        <LineString>
          <coordinates>-41.765147418912804,-3.122254225555208,0 -41.765147418912804,-3.1222811751700683,0</coordinates>
        </LineString>
      </Placemark>
      <Placemark>
        <name>ef_secv3.002.2796 → ef_secv3.002.2794</name>
        <description>De: ef_secv3.002.2796
Para: ef_secv3.002.2794
Distância: 3.00m</description>
        <styleUrl>#edge_style</styleUrl>
        <LineString>
          <coordinates>-41.7651346869703,-3.122254225555208,0 -41.7651346869703,-3.1222811751700683,0</coordinates>
        </LineString>
      </Placemark>
      <Placemark>
        <name>ef_secv3.002.2797 → ef_busip30.002.3096</name>
        <description>De: ef_secv3.002.2797
Para: ef_busip30.002.3096
Distância: 23.66m</description>
        <styleUrl>#edge_style</styleUrl>
        <LineString>
          <coordinates>-41.765088808074026,-3.122254225555208,0 -41.76487598886887,-3.122254225555208,0</coordinates>
        </LineString>
      </Placemark>
      <Placemark>
        <name>ef_secv3.002.2797 → ef_secv3.002.2790</name>
        <description>De: ef_secv3.002.2797
Para: ef_secv3.002.2790
Distância: 3.00m</description>
        <styleUrl>#edge_style</styleUrl>
        <LineString>
          <coordinates>-41.765088808074026,-3.122254225555208,0 -41.765088808074026,-3.1222811751700683,0</coordinates>
        </LineString>
      </Placemark>
      <Placemark>
        <name>ef_busip30.002.3096 → ef_busip29.002.3095</name>
        <description>De: ef_busip30.002.3096
Para: ef_busip29.002.3095
Distância: 3.00m</description>
        <styleUrl>#edge_style</styleUrl>
        <LineString>
          <coordinates>-41.76487598886887,-3.122254225555208,0 -41.76487598886887,-3.1222811751700683,0</coordinates>
        </LineString>
      </Placemark>
      <Placemark>
        <name>ef_busip30.002.3086 → ef_busip29.002.3103</name>
        <description>De: ef_busip30.002.3086
Para: ef_busip29.002.3103
Distância: 3.00m</description>
        <styleUrl>#edge_style</styleUrl>
        <LineString>
          <coordinates>-41.76483022153004,-3.122254225555208,0 -41.76483022153004,-3.1222811751700683,0</coordinates>
        </LineString>
      </Placemark>
      <Placemark>
        <name>ef_busip30.002.3086 → ef_disjuntor3.002.2936</name>
        <description>De: ef_busip30.002.3086
Para: ef_disjuntor3.002.2936
Distância: 4.63m</description>
        <styleUrl>#edge_style</styleUrl>
        <LineString>
          <coordinates>-41.76483022153004,-3.122254225555208,0 -41.764788600709224,-3.122254225555208,0</coordinates>
        </LineString>
      </Placemark>
      <Placemark>
        <name>ef_disjuntor3.002.2936 → ef_disjuntor3.002.2933</name>
        <description>De: ef_disjuntor3.002.2936
Para: ef_disjuntor3.002.2933
Distância: 3.00m</description>
        <styleUrl>#edge_style</styleUrl>
        <LineString>
          <coordinates>-41.764788600709224,-3.122254225555208,0 -41.764788600709224,-3.1222811751700683,0</coordinates>
        </LineString>
      </Placemark>
      <Placemark>
        <name>ef_disjuntor3.002.2939 → ef_tc3.002.2725</name>
        <description>De: ef_disjuntor3.002.2939
Para: ef_tc3.002.2725
Distância: 1.99m</description>
        <styleUrl>#edge_style</styleUrl>
        <LineString>
          <coordinates>-41.76473909889517,-3.122254225555208,0 -41.76472119482594,-3.122254225555208,0</coordinates>
        </LineString>
      </Placemark>
      <Placemark>
        <name>ef_disjuntor3.002.2939 → ef_disjuntor3.002.2934</name>
        <description>De: ef_disjuntor3.002.2939
Para: ef_disjuntor3.002.2934
Distância: 3.00m</description>
        <styleUrl>#edge_style</styleUrl>
        <LineString>
          <coordinates>-41.76473909889517,-3.122254225555208,0 -41.76473909889517,-3.1222811751700683,0</coordinates>
        </LineString>
      </Placemark>
      <Placemark>
        <name>ef_tc3.002.2725 → ef_tc3.002.2724</name>
        <description>De: ef_tc3.002.2725
Para: ef_tc3.002.2724
Distância: 3.00m</description>
        <styleUrl>#edge_style</styleUrl>
        <LineString>
          <coordinates>-41.76472119482594,-3.122254225555208,0 -41.76472119482594,-3.1222811751700683,0</coordinates>
        </LineString>
      </Placemark>
      <Placemark>
        <name>ef_tc3.002.2726 → ef_tc3.002.2730</name>
        <description>De: ef_tc3.002.2726
Para: ef_tc3.002.2730
Distância: 3.00m</description>
        <styleUrl>#edge_style</styleUrl>
        <LineString>
          <coordinates>-41.764672536889925,-3.122254225555208,0 -41.764672536889925,-3.1222811751700683,0</coordinates>
        </LineString>
      </Placemark>
      <Placemark>
        <name>ef_tc3.002.2726 → ef_sech3.002.2860</name>
        <description>De: ef_tc3.002.2726
Para: ef_sech3.002.2860
Distância: 1.28m</description>
        <styleUrl>#edge_style</styleUrl>
        <LineString>
          <coordinates>-41.764672536889925,-3.122254225555208,0 -41.76466099249435,-3.122254225555208,0</coordinates>
        </LineString>
      </Placemark>
      <Placemark>
        <name>ef_sech3.002.2860 → ef_sech3.002.2853</name>
        <description>De: ef_sech3.002.2860
Para: ef_sech3.002.2853
Distância: 3.00m</description>
        <styleUrl>#edge_style</styleUrl>
        <LineString>
          <coordinates>-41.76466099249435,-3.122254225555208,0 -41.76466099249435,-3.1222811751700683,0</coordinates>
        </LineString>
      </Placemark>
      <Placemark>
        <name>ef_sech3.002.2857 → ef_sech3.002.2845</name>
        <description>De: ef_sech3.002.2857
Para: ef_sech3.002.2845
Distância: 3.00m</description>
        <styleUrl>#edge_style</styleUrl>
        <LineString>
          <coordinates>-41.76461523415208,-3.122254225555208,0 -41.76461523415208,-3.1222811751700683,0</coordinates>
        </LineString>
      </Placemark>
      <Placemark>
        <name>ef_sech3.002.2857 → ef_secv6.002.2759</name>
        <description>De: ef_sech3.002.2857
Para: ef_secv6.002.2759
Distância: 7.75m</description>
        <styleUrl>#edge_style</styleUrl>
        <LineString>
          <coordinates>-41.76461523415208,-3.122254225555208,0 -41.76454553864233,-3.122254225555208,0</coordinates>
        </LineString>
      </Placemark>
      <Placemark>
        <name>ef_secv6.002.2759 → ef_secv6.002.2761</name>
        <description>De: ef_secv6.002.2759
Para: ef_secv6.002.2761
Distância: 3.00m</description>
        <styleUrl>#edge_style</styleUrl>
        <LineString>
          <coordinates>-41.76454553864233,-3.122254225555208,0 -41.76454553864233,-3.1222811751700683,0</coordinates>
        </LineString>
      </Placemark>
      <Placemark>
        <name>ef_secv6.002.2765 → ef_secv6.002.2757</name>
        <description>De: ef_secv6.002.2765
Para: ef_secv6.002.2757
Distância: 3.00m</description>
        <styleUrl>#edge_style</styleUrl>
        <LineString>
          <coordinates>-41.76449965974606,-3.122254225555208,0 -41.76449965974606,-3.1222811751700683,0</coordinates>
        </LineString>
      </Placemark>
      <Placemark>
        <name>ef_secv6.002.2765 → ef_disjuntor6.002.2921</name>
        <description>De: ef_secv6.002.2765
Para: ef_disjuntor6.002.2921
Distância: 2.49m</description>
        <styleUrl>#edge_style</styleUrl>
        <LineString>
          <coordinates>-41.76449965974606,-3.122254225555208,0 -41.764477214209485,-3.122254225555208,0</coordinates>
        </LineString>
      </Placemark>
      <Placemark>
        <name>ef_disjuntor6.002.2921 → ef_disjuntor6.002.2910</name>
        <description>De: ef_disjuntor6.002.2921
Para: ef_disjuntor6.002.2910
Distância: 3.00m</description>
        <styleUrl>#edge_style</styleUrl>
        <LineString>
          <coordinates>-41.764477214209485,-3.122254225555208,0 -41.764477214209485,-3.1222811751700683,0</coordinates>
        </LineString>
      </Placemark>
      <Placemark>
        <name>ef_disjuntor6.002.2925 → ef_disjuntor6.002.2914</name>
        <description>De: ef_disjuntor6.002.2925
Para: ef_disjuntor6.002.2914
Distância: 3.00m</description>
        <styleUrl>#edge_style</styleUrl>
        <LineString>
          <coordinates>-41.76442771239543,-3.122254225555208,0 -41.76442771239543,-3.1222811751700683,0</coordinates>
        </LineString>
      </Placemark>
      <Placemark>
        <name>ef_disjuntor6.002.2925 → ef_tc6.002.2693</name>
        <description>De: ef_disjuntor6.002.2925
Para: ef_tc6.002.2693
Distância: 3.10m</description>
        <styleUrl>#edge_style</styleUrl>
        <LineString>
          <coordinates>-41.76442771239543,-3.122254225555208,0 -41.76439980144403,-3.122254225555208,0</coordinates>
        </LineString>
      </Placemark>
      <Placemark>
        <name>ef_tc6.002.2693 → ef_tc6.002.2694</name>
        <description>De: ef_tc6.002.2693
Para: ef_tc6.002.2694
Distância: 3.00m</description>
        <styleUrl>#edge_style</styleUrl>
        <LineString>
          <coordinates>-41.76439980144403,-3.122254225555208,0 -41.76439980144403,-3.1222811751700683,0</coordinates>
        </LineString>
      </Placemark>
      <Placemark>
        <name>ef_tc6.002.2689 → ef_tc6.002.2690</name>
        <description>De: ef_tc6.002.2689
Para: ef_tc6.002.2690
Distância: 3.00m</description>
        <styleUrl>#edge_style</styleUrl>
        <LineString>
          <coordinates>-41.764351143508016,-3.122254225555208,0 -41.764351143508016,-3.1222811751700683,0</coordinates>
        </LineString>
      </Placemark>
      <Placemark>
        <name>ef_tc6.002.2689 → ef_sech6.002.2831</name>
        <description>De: ef_tc6.002.2689
Para: ef_sech6.002.2831
Distância: 1.41m</description>
        <styleUrl>#edge_style</styleUrl>
        <LineString>
          <coordinates>-41.764351143508016,-3.122254225555208,0 -41.764338471842514,-3.122254225555208,0</coordinates>
        </LineString>
      </Placemark>
      <Placemark>
        <name>ef_sech6.002.2831 → ef_sech6.002.2834</name>
        <description>De: ef_sech6.002.2831
Para: ef_sech6.002.2834
Distância: 3.00m</description>
        <styleUrl>#edge_style</styleUrl>
        <LineString>
          <coordinates>-41.764338471842514,-3.122254225555208,0 -41.764338471842514,-3.1222811751700683,0</coordinates>
        </LineString>
      </Placemark>
      <Placemark>
        <name>ef_buscsb4.002.3334 → ef_buscsb4.002.3326</name>
        <description>De: ef_buscsb4.002.3334
Para: ef_buscsb4.002.3326
Distância: 2.28m</description>
        <styleUrl>#edge_style</styleUrl>
        <LineString>
          <coordinates>-41.76502580511094,-3.1222606728014033,0 -41.76502580511094,-3.1222811751700683,0</coordinates>
        </LineString>
      </Placemark>
      <Placemark>
        <name>ef_buscsb4.002.3334 → ef_buscsb4.002.3331</name>
        <description>De: ef_buscsb4.002.3334
Para: ef_buscsb4.002.3331
Distância: 1.01m</description>
        <styleUrl>#edge_style</styleUrl>
        <LineString>
          <coordinates>-41.76502580511094,-3.1222606728014033,0 -41.76501673567111,-3.1222606728014033,0</coordinates>
        </LineString>
      </Placemark>
      <Placemark>
        <name>ef_buscsb4.002.3331 → ef_buscsb4.002.3328</name>
        <description>De: ef_buscsb4.002.3331
Para: ef_buscsb4.002.3328
Distância: 3.00m</description>
        <styleUrl>#edge_style</styleUrl>
        <LineString>
          <coordinates>-41.76501673567111,-3.1222606728014033,0 -41.76498974596823,-3.1222606728014033,0</coordinates>
        </LineString>
      </Placemark>
      <Placemark>
        <name>ef_buscsb4.002.3328 → ef_buscsb4.002.3325</name>
        <description>De: ef_buscsb4.002.3328
Para: ef_buscsb4.002.3325
Distância: 1.09m</description>
        <styleUrl>#edge_style</styleUrl>
        <LineString>
          <coordinates>-41.76498974596823,-3.1222606728014033,0 -41.76497992531501,-3.1222606728014033,0</coordinates>
        </LineString>
      </Placemark>
      <Placemark>
        <name>ef_buscsb4.002.3325 → ef_buscsb4.002.3327</name>
        <description>De: ef_buscsb4.002.3325
Para: ef_buscsb4.002.3327
Distância: 2.28m</description>
        <styleUrl>#edge_style</styleUrl>
        <LineString>
          <coordinates>-41.76497992531501,-3.1222606728014033,0 -41.76497992531501,-3.1222811751700683,0</coordinates>
        </LineString>
      </Placemark>
      <Placemark>
        <name>ef_busip23.002.3131 → ef_busip23.002.3136</name>
        <description>De: ef_busip23.002.3131
Para: ef_busip23.002.3136
Distância: 1.79m</description>
        <styleUrl>#edge_style</styleUrl>
        <LineString>
          <coordinates>-41.76495185872298,-3.122260972840449,0 -41.764935766562466,-3.122260972840449,0</coordinates>
        </LineString>
      </Placemark>
      <Placemark>
        <name>ef_busip23.002.3131 → ef_busip23.002.3134</name>
        <description>De: ef_busip23.002.3131
Para: ef_busip23.002.3134
Distância: 2.25m</description>
        <styleUrl>#edge_style</styleUrl>
        <LineString>
          <coordinates>-41.76495185872298,-3.122260972840449,0 -41.76495185872298,-3.1222811751700683,0</coordinates>
        </LineString>
      </Placemark>
      <Placemark>
        <name>ef_busip23.002.3136 → ef_busip23.002.3149</name>
        <description>De: ef_busip23.002.3136
Para: ef_busip23.002.3149
Distância: 3.00m</description>
        <styleUrl>#edge_style</styleUrl>
        <LineString>
          <coordinates>-41.764935766562466,-3.122260972840449,0 -41.764908776859585,-3.122260972840449,0</coordinates>
        </LineString>
      </Placemark>
      <Placemark>
        <name>ef_busip23.002.3149 → ef_busip23.002.3141</name>
        <description>De: ef_busip23.002.3149
Para: ef_busip23.002.3141
Distância: 0.29m</description>
        <styleUrl>#edge_style</styleUrl>
        <LineString>
          <coordinates>-41.764908776859585,-3.122260972840449,0 -41.76490616605566,-3.122260972840449,0</coordinates>
        </LineString>
      </Placemark>
      <Placemark>
        <name>ef_busip23.002.3141 → ef_busip23.002.3138</name>
        <description>De: ef_busip23.002.3141
Para: ef_busip23.002.3138
Distância: 2.25m</description>
        <styleUrl>#edge_style</styleUrl>
        <LineString>
          <coordinates>-41.76490616605566,-3.122260972840449,0 -41.76490616605566,-3.1222811751700683,0</coordinates>
        </LineString>
      </Placemark>
      <Placemark>
        <name>ef_busip39.002.3020 → ef_busip39.002.3019</name>
        <description>De: ef_busip39.002.3020
Para: ef_busip39.002.3019
Distância: 2.63m</description>
        <styleUrl>#edge_style</styleUrl>
        <LineString>
          <coordinates>-41.76385284431926,-3.122262348169127,0 -41.76382918874434,-3.122262348169127,0</coordinates>
        </LineString>
      </Placemark>
      <Placemark>
        <name>ef_busip39.002.3020 → ef_busip39.002.3015</name>
        <description>De: ef_busip39.002.3020
Para: ef_busip39.002.3015
Distância: 2.10m</description>
        <styleUrl>#edge_style</styleUrl>
        <LineString>
          <coordinates>-41.76385284431926,-3.122262348169127,0 -41.76385284431926,-3.1222811751700683,0</coordinates>
        </LineString>
      </Placemark>
      <Placemark>
        <name>ef_busip39.002.3019 → ef_busip39.002.3016</name>
        <description>De: ef_busip39.002.3019
Para: ef_busip39.002.3016
Distância: 2.42m</description>
        <styleUrl>#edge_style</styleUrl>
        <LineString>
          <coordinates>-41.76382918874434,-3.122262348169127,0 -41.76380743774279,-3.122262348169127,0</coordinates>
        </LineString>
      </Placemark>
      <Placemark>
        <name>ef_busip39.002.3016 → ef_busip39.002.3017</name>
        <description>De: ef_busip39.002.3016
Para: ef_busip39.002.3017
Distância: 5.45m</description>
        <styleUrl>#edge_style</styleUrl>
        <LineString>
          <coordinates>-41.76380743774279,-3.122262348169127,0 -41.76380743774279,-3.1223112877713928,0</coordinates>
        </LineString>
      </Placemark>
      <Placemark>
        <name>ef_busip35.002.3053 → ef_busip35.002.3049</name>
        <description>De: ef_busip35.002.3053
Para: ef_busip35.002.3049
Distância: 2.08m</description>
        <styleUrl>#edge_style</styleUrl>
        <LineString>
          <coordinates>-41.76392921618184,-3.1222624793239193,0 -41.76392921618184,-3.1222811751700683,0</coordinates>
        </LineString>
      </Placemark>
      <Placemark>
        <name>ef_busip35.002.3053 → ef_busip35.002.3052</name>
        <description>De: ef_busip35.002.3053
Para: ef_busip35.002.3052
Distância: 5.05m</description>
        <styleUrl>#edge_style</styleUrl>
        <LineString>
          <coordinates>-41.76392921618184,-3.1222624793239193,0 -41.763883809605375,-3.1222624793239193,0</coordinates>
        </LineString>
      </Placemark>
      <Placemark>
        <name>ef_busip35.002.3052 → ef_busip35.002.3051</name>
        <description>De: ef_busip35.002.3052
Para: ef_busip35.002.3051
Distância: 2.08m</description>
        <styleUrl>#edge_style</styleUrl>
        <LineString>
          <coordinates>-41.763883809605375,-3.1222624793239193,0 -41.763883809605375,-3.1222811751700683,0</coordinates>
        </LineString>
      </Placemark>
      <Placemark>
        <name>ef_busip4.002.3010 → ef_busip4.002.3011</name>
        <description>De: ef_busip4.002.3010
Para: ef_busip4.002.3011
Distância: 0.50m</description>
        <styleUrl>#edge_style</styleUrl>
        <LineString>
          <coordinates>-41.76548424320751,-3.1222811751700683,0 -41.76548424320751,-3.1222856317380456,0</coordinates>
        </LineString>
      </Placemark>
      <Placemark>
        <name>ef_busip4.002.3010 → ef_busip12.002.3257</name>
        <description>De: ef_busip4.002.3010
Para: ef_busip12.002.3257
Distância: 6.35m</description>
        <styleUrl>#edge_style</styleUrl>
        <LineString>
          <coordinates>-41.76548424320751,-3.1222811751700683,0 -41.765427110504795,-3.1222811751700683,0</coordinates>
        </LineString>
      </Placemark>
      <Placemark>
        <name>ef_busip12.002.3257 → ef_busip12.002.3255</name>
        <description>De: ef_busip12.002.3257
Para: ef_busip12.002.3255
Distância: 0.56m</description>
        <styleUrl>#edge_style</styleUrl>
        <LineString>
          <coordinates>-41.765427110504795,-3.1222811751700683,0 -41.765427110504795,-3.1222862372060596,0</coordinates>
        </LineString>
      </Placemark>
      <Placemark>
        <name>ef_busip12.002.3259 → ef_busip15.002.3197</name>
        <description>De: ef_busip12.002.3259
Para: ef_busip15.002.3197
Distância: 5.65m</description>
        <styleUrl>#edge_style</styleUrl>
        <LineString>
          <coordinates>-41.76538170392832,-3.1222811751700683,0 -41.76533087152192,-3.1222811751700683,0</coordinates>
        </LineString>
      </Placemark>
      <Placemark>
        <name>ef_busip12.002.3259 → ef_busip12.002.3252</name>
        <description>De: ef_busip12.002.3259
Para: ef_busip12.002.3252
Distância: 0.56m</description>
        <styleUrl>#edge_style</styleUrl>
        <LineString>
          <coordinates>-41.76538170392832,-3.1222811751700683,0 -41.76538170392832,-3.1222862372060596,0</coordinates>
        </LineString>
      </Placemark>
      <Placemark>
        <name>ef_busip15.002.3197 → ef_busip15.002.3195</name>
        <description>De: ef_busip15.002.3197
Para: ef_busip15.002.3195
Distância: 0.29m</description>
        <styleUrl>#edge_style</styleUrl>
        <LineString>
          <coordinates>-41.76533087152192,-3.1222811751700683,0 -41.76533087152192,-3.1222837874860687,0</coordinates>
        </LineString>
      </Placemark>
      <Placemark>
        <name>ef_busip15.002.3200 → ef_busip18.002.3169</name>
        <description>De: ef_busip15.002.3200
Para: ef_busip18.002.3169
Distância: 2.53m</description>
        <styleUrl>#edge_style</styleUrl>
        <LineString>
          <coordinates>-41.7652854658451,-3.1222811751700683,0 -41.765262732418364,-3.1222811751700683,0</coordinates>
        </LineString>
      </Placemark>
      <Placemark>
        <name>ef_busip15.002.3200 → ef_busip15.002.3198</name>
        <description>De: ef_busip15.002.3200
Para: ef_busip15.002.3198
Distância: 0.29m</description>
        <styleUrl>#edge_style</styleUrl>
        <LineString>
          <coordinates>-41.7652854658451,-3.1222811751700683,0 -41.7652854658451,-3.1222837874860687,0</coordinates>
        </LineString>
      </Placemark>
      <Placemark>
        <name>ef_busip18.002.3169 → ef_busip18.002.3170</name>
        <description>De: ef_busip18.002.3169
Para: ef_busip18.002.3170
Distância: 0.28m</description>
        <styleUrl>#edge_style</styleUrl>
        <LineString>
          <coordinates>-41.765262732418364,-3.1222811751700683,0 -41.765262732418364,-3.1222836707044044,0</coordinates>
        </LineString>
      </Placemark>
      <Placemark>
        <name>ef_busip18.002.3171 → ef_busip18.002.3164</name>
        <description>De: ef_busip18.002.3171
Para: ef_busip18.002.3164
Distância: 0.28m</description>
        <styleUrl>#edge_style</styleUrl>
        <LineString>
          <coordinates>-41.76521732674155,-3.1222811751700683,0 -41.76521732674155,-3.1222836707044044,0</coordinates>
        </LineString>
      </Placemark>
      <Placemark>
        <name>ef_busip18.002.3171 → ef_ip3.002.2864</name>
        <description>De: ef_busip18.002.3171
Para: ef_ip3.002.2864
Distância: 2.71m</description>
        <styleUrl>#edge_style</styleUrl>
        <LineString>
          <coordinates>-41.76521732674155,-3.1222811751700683,0 -41.765192908257696,-3.1222811751700683,0</coordinates>
        </LineString>
      </Placemark>
      <Placemark>
        <name>ef_ip3.002.2864 → ef_ip3.002.2867</name>
        <description>De: ef_ip3.002.2864
Para: ef_ip3.002.2867
Distância: 0.43m</description>
        <styleUrl>#edge_style</styleUrl>
        <LineString>
          <coordinates>-41.765192908257696,-3.1222811751700683,0 -41.765192908257696,-3.12228505860957,0</coordinates>
        </LineString>
      </Placemark>
      <Placemark>
        <name>ef_ip3.002.2865 → ef_ip3.002.2869</name>
        <description>De: ef_ip3.002.2865
Para: ef_ip3.002.2869
Distância: 0.43m</description>
        <styleUrl>#edge_style</styleUrl>
        <LineString>
          <coordinates>-41.765147418912804,-3.1222811751700683,0 -41.765147418912804,-3.12228505860957,0</coordinates>
        </LineString>
      </Placemark>
      <Placemark>
        <name>ef_ip3.002.2865 → ef_secv3.002.2794</name>
        <description>De: ef_ip3.002.2865
Para: ef_secv3.002.2794
Distância: 1.42m</description>
        <styleUrl>#edge_style</styleUrl>
        <LineString>
          <coordinates>-41.765147418912804,-3.1222811751700683,0 -41.7651346869703,-3.1222811751700683,0</coordinates>
        </LineString>
      </Placemark>
      <Placemark>
        <name>ef_secv3.002.2794 → ef_secv3.002.2798</name>
        <description>De: ef_secv3.002.2794
Para: ef_secv3.002.2798
Distância: 0.62m</description>
        <styleUrl>#edge_style</styleUrl>
        <LineString>
          <coordinates>-41.7651346869703,-3.1222811751700683,0 -41.7651346869703,-3.122286729485691,0</coordinates>
        </LineString>
      </Placemark>
      <Placemark>
        <name>ef_secv3.002.2790 → ef_secv3.002.2793</name>
        <description>De: ef_secv3.002.2790
Para: ef_secv3.002.2793
Distância: 0.62m</description>
        <styleUrl>#edge_style</styleUrl>
        <LineString>
          <coordinates>-41.765088808074026,-3.1222811751700683,0 -41.765088808074026,-3.122286729485691,0</coordinates>
        </LineString>
      </Placemark>
      <Placemark>
        <name>ef_secv3.002.2790 → ef_buscsb4.002.3326</name>
        <description>De: ef_secv3.002.2790
Para: ef_buscsb4.002.3326
Distância: 7.00m</description>
        <styleUrl>#edge_style</styleUrl>
        <LineString>
          <coordinates>-41.765088808074026,-3.1222811751700683,0 -41.76502580511094,-3.1222811751700683,0</coordinates>
        </LineString>
      </Placemark>
      <Placemark>
        <name>ef_buscsb4.002.3326 → ef_buscsb4.002.3330</name>
        <description>De: ef_buscsb4.002.3326
Para: ef_buscsb4.002.3330
Distância: 3.00m</description>
        <styleUrl>#edge_style</styleUrl>
        <LineString>
          <coordinates>-41.76502580511094,-3.1222811751700683,0 -41.76502580511094,-3.1223081247849285,0</coordinates>
        </LineString>
      </Placemark>
      <Placemark>
        <name>ef_buscsb4.002.3327 → ef_busip23.002.3134</name>
        <description>De: ef_buscsb4.002.3327
Para: ef_busip23.002.3134
Distância: 3.12m</description>
        <styleUrl>#edge_style</styleUrl>
        <LineString>
          <coordinates>-41.76497992531501,-3.1222811751700683,0 -41.76495185872298,-3.1222811751700683,0</coordinates>
        </LineString>
      </Placemark>
      <Placemark>
        <name>ef_buscsb4.002.3327 → ef_buscsb4.002.3332</name>
        <description>De: ef_buscsb4.002.3327
Para: ef_buscsb4.002.3332
Distância: 3.00m</description>
        <styleUrl>#edge_style</styleUrl>
        <LineString>
          <coordinates>-41.76497992531501,-3.1222811751700683,0 -41.76497992531501,-3.1223081247849285,0</coordinates>
        </LineString>
      </Placemark>
      <Placemark>
        <name>ef_busip23.002.3134 → ef_busip22.002.3145</name>
        <description>De: ef_busip23.002.3134
Para: ef_busip22.002.3145
Distância: 3.00m</description>
        <styleUrl>#edge_style</styleUrl>
        <LineString>
          <coordinates>-41.76495185872298,-3.1222811751700683,0 -41.76495185872298,-3.1223081247849285,0</coordinates>
        </LineString>
      </Placemark>
      <Placemark>
        <name>ef_busip23.002.3138 → ef_busip22.002.3130</name>
        <description>De: ef_busip23.002.3138
Para: ef_busip22.002.3130
Distância: 3.00m</description>
        <styleUrl>#edge_style</styleUrl>
        <LineString>
          <coordinates>-41.76490616605566,-3.1222811751700683,0 -41.76490616605566,-3.1223081247849285,0</coordinates>
        </LineString>
      </Placemark>
      <Placemark>
        <name>ef_busip23.002.3138 → ef_busip29.002.3095</name>
        <description>De: ef_busip23.002.3138
Para: ef_busip29.002.3095
Distância: 3.35m</description>
        <styleUrl>#edge_style</styleUrl>
        <LineString>
          <coordinates>-41.76490616605566,-3.1222811751700683,0 -41.76487598886887,-3.1222811751700683,0</coordinates>
        </LineString>
      </Placemark>
      <Placemark>
        <name>ef_busip29.002.3095 → ef_busip28.002.3088</name>
        <description>De: ef_busip29.002.3095
Para: ef_busip28.002.3088
Distância: 3.00m</description>
        <styleUrl>#edge_style</styleUrl>
        <LineString>
          <coordinates>-41.76487598886887,-3.1222811751700683,0 -41.76487598886887,-3.1223081247849285,0</coordinates>
        </LineString>
      </Placemark>
      <Placemark>
        <name>ef_busip29.002.3103 → ef_disjuntor3.002.2933</name>
        <description>De: ef_busip29.002.3103
Para: ef_disjuntor3.002.2933
Distância: 4.63m</description>
        <styleUrl>#edge_style</styleUrl>
        <LineString>
          <coordinates>-41.76483022153004,-3.1222811751700683,0 -41.764788600709224,-3.1222811751700683,0</coordinates>
        </LineString>
      </Placemark>
      <Placemark>
        <name>ef_busip29.002.3103 → ef_busip28.002.3099</name>
        <description>De: ef_busip29.002.3103
Para: ef_busip28.002.3099
Distância: 3.00m</description>
        <styleUrl>#edge_style</styleUrl>
        <LineString>
          <coordinates>-41.76483022153004,-3.1222811751700683,0 -41.76483022153004,-3.1223081247849285,0</coordinates>
        </LineString>
      </Placemark>
      <Placemark>
        <name>ef_disjuntor3.002.2933 → ef_disjuntor2.002.2932</name>
        <description>De: ef_disjuntor3.002.2933
Para: ef_disjuntor2.002.2932
Distância: 3.00m</description>
        <styleUrl>#edge_style</styleUrl>
        <LineString>
          <coordinates>-41.764788600709224,-3.1222811751700683,0 -41.764788600709224,-3.1223081247849285,0</coordinates>
        </LineString>
      </Placemark>
      <Placemark>
        <name>ef_disjuntor3.002.2934 → ef_tc3.002.2724</name>
        <description>De: ef_disjuntor3.002.2934
Para: ef_tc3.002.2724
Distância: 1.99m</description>
        <styleUrl>#edge_style</styleUrl>
        <LineString>
          <coordinates>-41.76473909889517,-3.1222811751700683,0 -41.76472119482594,-3.1222811751700683,0</coordinates>
        </LineString>
      </Placemark>
      <Placemark>
        <name>ef_disjuntor3.002.2934 → ef_disjuntor2.002.2944</name>
        <description>De: ef_disjuntor3.002.2934
Para: ef_disjuntor2.002.2944
Distância: 3.00m</description>
        <styleUrl>#edge_style</styleUrl>
        <LineString>
          <coordinates>-41.76473909889517,-3.1222811751700683,0 -41.76473909889517,-3.1223081247849285,0</coordinates>
        </LineString>
      </Placemark>
      <Placemark>
        <name>ef_tc3.002.2724 → ef_tc3.002.2728</name>
        <description>De: ef_tc3.002.2724
Para: ef_tc3.002.2728
Distância: 0.40m</description>
        <styleUrl>#edge_style</styleUrl>
        <LineString>
          <coordinates>-41.76472119482594,-3.1222811751700683,0 -41.76472119482594,-3.1222847585705242,0</coordinates>
        </LineString>
      </Placemark>
      <Placemark>
        <name>ef_tc3.002.2730 → ef_sech3.002.2853</name>
        <description>De: ef_tc3.002.2730
Para: ef_sech3.002.2853
Distância: 1.28m</description>
        <styleUrl>#edge_style</styleUrl>
        <LineString>
          <coordinates>-41.764672536889925,-3.1222811751700683,0 -41.76466099249435,-3.1222811751700683,0</coordinates>
        </LineString>
      </Placemark>
      <Placemark>
        <name>ef_tc3.002.2730 → ef_tc3.002.2727</name>
        <description>De: ef_tc3.002.2730
Para: ef_tc3.002.2727
Distância: 0.40m</description>
        <styleUrl>#edge_style</styleUrl>
        <LineString>
          <coordinates>-41.764672536889925,-3.1222811751700683,0 -41.764672536889925,-3.1222847585705242,0</coordinates>
        </LineString>
      </Placemark>
      <Placemark>
        <name>ef_sech3.002.2853 → ef_sech2.002.2847</name>
        <description>De: ef_sech3.002.2853
Para: ef_sech2.002.2847
Distância: 3.00m</description>
        <styleUrl>#edge_style</styleUrl>
        <LineString>
          <coordinates>-41.76466099249435,-3.1222811751700683,0 -41.76466099249435,-3.1223081247849285,0</coordinates>
        </LineString>
      </Placemark>
      <Placemark>
        <name>ef_sech3.002.2845 → ef_sech2.002.2841</name>
        <description>De: ef_sech3.002.2845
Para: ef_sech2.002.2841
Distância: 3.00m</description>
        <styleUrl>#edge_style</styleUrl>
        <LineString>
          <coordinates>-41.76461523415208,-3.1222811751700683,0 -41.76461523415208,-3.1223081247849285,0</coordinates>
        </LineString>
      </Placemark>
      <Placemark>
        <name>ef_sech3.002.2845 → ef_secv6.002.2761</name>
        <description>De: ef_sech3.002.2845
Para: ef_secv6.002.2761
Distância: 7.75m</description>
        <styleUrl>#edge_style</styleUrl>
        <LineString>
          <coordinates>-41.76461523415208,-3.1222811751700683,0 -41.76454553864233,-3.1222811751700683,0</coordinates>
        </LineString>
      </Placemark>
      <Placemark>
        <name>ef_secv6.002.2761 → ef_secv6.002.2762</name>
        <description>De: ef_secv6.002.2761
Para: ef_secv6.002.2762
Distância: 0.51m</description>
        <styleUrl>#edge_style</styleUrl>
        <LineString>
          <coordinates>-41.76454553864233,-3.1222811751700683,0 -41.76454553864233,-3.1222857197734544,0</coordinates>
        </LineString>
      </Placemark>
      <Placemark>
        <name>ef_secv6.002.2757 → ef_disjuntor6.002.2910</name>
        <description>De: ef_secv6.002.2757
Para: ef_disjuntor6.002.2910
Distância: 2.49m</description>
        <styleUrl>#edge_style</styleUrl>
        <LineString>
          <coordinates>-41.76449965974606,-3.1222811751700683,0 -41.764477214209485,-3.1222811751700683,0</coordinates>
        </LineString>
      </Placemark>
      <Placemark>
        <name>ef_secv6.002.2757 → ef_secv6.002.2756</name>
        <description>De: ef_secv6.002.2757
Para: ef_secv6.002.2756
Distância: 0.51m</description>
        <styleUrl>#edge_style</styleUrl>
        <LineString>
          <coordinates>-41.76449965974606,-3.1222811751700683,0 -41.76449965974606,-3.1222857197734544,0</coordinates>
        </LineString>
      </Placemark>
      <Placemark>
        <name>ef_disjuntor6.002.2910 → ef_disjuntor5.002.2915</name>
        <description>De: ef_disjuntor6.002.2910
Para: ef_disjuntor5.002.2915
Distância: 3.00m</description>
        <styleUrl>#edge_style</styleUrl>
        <LineString>
          <coordinates>-41.764477214209485,-3.1222811751700683,0 -41.764477214209485,-3.1223081247849285,0</coordinates>
        </LineString>
      </Placemark>
      <Placemark>
        <name>ef_disjuntor6.002.2914 → ef_tc6.002.2694</name>
        <description>De: ef_disjuntor6.002.2914
Para: ef_tc6.002.2694
Distância: 3.10m</description>
        <styleUrl>#edge_style</styleUrl>
        <LineString>
          <coordinates>-41.76442771239543,-3.1222811751700683,0 -41.76439980144403,-3.1222811751700683,0</coordinates>
        </LineString>
      </Placemark>
      <Placemark>
        <name>ef_disjuntor6.002.2914 → ef_disjuntor5.002.2916</name>
        <description>De: ef_disjuntor6.002.2914
Para: ef_disjuntor5.002.2916
Distância: 3.00m</description>
        <styleUrl>#edge_style</styleUrl>
        <LineString>
          <coordinates>-41.76442771239543,-3.1222811751700683,0 -41.76442771239543,-3.1223081247849285,0</coordinates>
        </LineString>
      </Placemark>
      <Placemark>
        <name>ef_tc6.002.2694 → ef_tc6.002.2695</name>
        <description>De: ef_tc6.002.2694
Para: ef_tc6.002.2695
Distância: 0.34m</description>
        <styleUrl>#edge_style</styleUrl>
        <LineString>
          <coordinates>-41.76439980144403,-3.1222811751700683,0 -41.76439980144403,-3.122284207900061,0</coordinates>
        </LineString>
      </Placemark>
      <Placemark>
        <name>ef_tc6.002.2690 → ef_tc6.002.2692</name>
        <description>De: ef_tc6.002.2690
Para: ef_tc6.002.2692
Distância: 0.34m</description>
        <styleUrl>#edge_style</styleUrl>
        <LineString>
          <coordinates>-41.764351143508016,-3.1222811751700683,0 -41.764351143508016,-3.122284207900061,0</coordinates>
        </LineString>
      </Placemark>
      <Placemark>
        <name>ef_tc6.002.2690 → ef_sech6.002.2834</name>
        <description>De: ef_tc6.002.2690
Para: ef_sech6.002.2834
Distância: 1.41m</description>
        <styleUrl>#edge_style</styleUrl>
        <LineString>
          <coordinates>-41.764351143508016,-3.1222811751700683,0 -41.764338471842514,-3.1222811751700683,0</coordinates>
        </LineString>
      </Placemark>
      <Placemark>
        <name>ef_sech6.002.2834 → ef_sech5.002.2838</name>
        <description>De: ef_sech6.002.2834
Para: ef_sech5.002.2838
Distância: 3.00m</description>
        <styleUrl>#edge_style</styleUrl>
        <LineString>
          <coordinates>-41.764338471842514,-3.1222811751700683,0 -41.764338471842514,-3.1223081247849285,0</coordinates>
        </LineString>
      </Placemark>
      <Placemark>
        <name>ef_sech6.002.2840 → ef_sech5.002.2827</name>
        <description>De: ef_sech6.002.2840
Para: ef_sech5.002.2827
Distância: 3.00m</description>
        <styleUrl>#edge_style</styleUrl>
        <LineString>
          <coordinates>-41.76429271350025,-3.1222811751700683,0 -41.76429271350025,-3.1223081247849285,0</coordinates>
        </LineString>
      </Placemark>
      <Placemark>
        <name>ef_sech6.002.2840 → ef_busip35.002.3049</name>
        <description>De: ef_sech6.002.2840
Para: ef_busip35.002.3049
Distância: 40.40m</description>
        <styleUrl>#edge_style</styleUrl>
        <LineString>
          <coordinates>-41.76429271350025,-3.1222811751700683,0 -41.76392921618184,-3.1222811751700683,0</coordinates>
        </LineString>
      </Placemark>
      <Placemark>
        <name>ef_busip35.002.3049 → ef_busip35.002.3046</name>
        <description>De: ef_busip35.002.3049
Para: ef_busip35.002.3046
Distância: 3.00m</description>
        <styleUrl>#edge_style</styleUrl>
        <LineString>
          <coordinates>-41.76392921618184,-3.1222811751700683,0 -41.76392921618184,-3.1223081247849285,0</coordinates>
        </LineString>
      </Placemark>
      <Placemark>
        <name>ef_busip35.002.3051 → ef_busip39.002.3015</name>
        <description>De: ef_busip35.002.3051
Para: ef_busip39.002.3015
Distância: 3.44m</description>
        <styleUrl>#edge_style</styleUrl>
        <LineString>
          <coordinates>-41.763883809605375,-3.1222811751700683,0 -41.76385284431926,-3.1222811751700683,0</coordinates>
        </LineString>
      </Placemark>
      <Placemark>
        <name>ef_busip35.002.3051 → ef_busip35.002.3045</name>
        <description>De: ef_busip35.002.3051
Para: ef_busip35.002.3045
Distância: 3.00m</description>
        <styleUrl>#edge_style</styleUrl>
        <LineString>
          <coordinates>-41.763883809605375,-3.1222811751700683,0 -41.763883809605375,-3.1223081247849285,0</coordinates>
        </LineString>
      </Placemark>
      <Placemark>
        <name>ef_busip39.002.3015 → ef_busip39.002.3018</name>
        <description>De: ef_busip39.002.3015
Para: ef_busip39.002.3018
Distância: 3.00m</description>
        <styleUrl>#edge_style</styleUrl>
        <LineString>
          <coordinates>-41.76385284431926,-3.1222811751700683,0 -41.76385284431926,-3.1223081247849285,0</coordinates>
        </LineString>
      </Placemark>
      <Placemark>
        <name>ef_busip18.002.3170 → ef_busip18.002.3165</name>
        <description>De: ef_busip18.002.3170
Para: ef_busip18.002.3165
Distância: 0.34m</description>
        <styleUrl>#edge_style</styleUrl>
        <LineString>
          <coordinates>-41.765262732418364,-3.1222836707044044,0 -41.765259642997044,-3.1222836707044044,0</coordinates>
        </LineString>
      </Placemark>
      <Placemark>
        <name>ef_busip18.002.3165 → ef_busip18.002.3168</name>
        <description>De: ef_busip18.002.3165
Para: ef_busip18.002.3168
Distância: 3.00m</description>
        <styleUrl>#edge_style</styleUrl>
        <LineString>
          <coordinates>-41.765259642997044,-3.1222836707044044,0 -41.76523265329416,-3.1222836707044044,0</coordinates>
        </LineString>
      </Placemark>
      <Placemark>
        <name>ef_busip18.002.3165 → ef_busip17.002.3172</name>
        <description>De: ef_busip18.002.3165
Para: ef_busip17.002.3172
Distância: 2.22m</description>
        <styleUrl>#edge_style</styleUrl>
        <LineString>
          <coordinates>-41.765259642997044,-3.1222836707044044,0 -41.765259642997044,-3.122303631385811,0</coordinates>
        </LineString>
      </Placemark>
      <Placemark>
        <name>ef_busip18.002.3168 → ef_busip18.002.3164</name>
        <description>De: ef_busip18.002.3168
Para: ef_busip18.002.3164
Distância: 1.70m</description>
        <styleUrl>#edge_style</styleUrl>
        <LineString>
          <coordinates>-41.76523265329416,-3.1222836707044044,0 -41.76521732674155,-3.1222836707044044,0</coordinates>
        </LineString>
      </Placemark>
      <Placemark>
        <name>ef_busip18.002.3168 → ef_busip17.002.3178</name>
        <description>De: ef_busip18.002.3168
Para: ef_busip17.002.3178
Distância: 2.22m</description>
        <styleUrl>#edge_style</styleUrl>
        <LineString>
          <coordinates>-41.76523265329416,-3.1222836707044044,0 -41.76523265329416,-3.122303631385811,0</coordinates>
        </LineString>
      </Placemark>
      <Placemark>
        <name>ef_busip15.002.3195 → ef_busip15.002.3199</name>
        <description>De: ef_busip15.002.3195
Para: ef_busip15.002.3199
Distância: 1.92m</description>
        <styleUrl>#edge_style</styleUrl>
        <LineString>
          <coordinates>-41.76533087152192,-3.1222837874860687,0 -41.76531362240281,-3.1222837874860687,0</coordinates>
        </LineString>
      </Placemark>
      <Placemark>
        <name>ef_busip15.002.3199 → ef_busip14.002.3212</name>
        <description>De: ef_busip15.002.3199
Para: ef_busip14.002.3212
Distância: 2.22m</description>
        <styleUrl>#edge_style</styleUrl>
        <LineString>
          <coordinates>-41.76531362240281,-3.1222837874860687,0 -41.76531362240281,-3.122303748167475,0</coordinates>
        </LineString>
      </Placemark>
      <Placemark>
        <name>ef_busip15.002.3199 → ef_busip15.002.3203</name>
        <description>De: ef_busip15.002.3199
Para: ef_busip15.002.3203
Distância: 3.00m</description>
        <styleUrl>#edge_style</styleUrl>
        <LineString>
          <coordinates>-41.76531362240281,-3.1222837874860687,0 -41.765286632699926,-3.1222837874860687,0</coordinates>
        </LineString>
      </Placemark>
      <Placemark>
        <name>ef_busip15.002.3203 → ef_busip15.002.3198</name>
        <description>De: ef_busip15.002.3203
Para: ef_busip15.002.3198
Distância: 0.13m</description>
        <styleUrl>#edge_style</styleUrl>
        <LineString>
          <coordinates>-41.765286632699926,-3.1222837874860687,0 -41.7652854658451,-3.1222837874860687,0</coordinates>
        </LineString>
      </Placemark>
      <Placemark>
        <name>ef_busip15.002.3203 → ef_busip14.002.3211</name>
        <description>De: ef_busip15.002.3203
Para: ef_busip14.002.3211
Distância: 2.22m</description>
        <styleUrl>#edge_style</styleUrl>
        <LineString>
          <coordinates>-41.765286632699926,-3.1222837874860687,0 -41.765286632699926,-3.122303748167475,0</coordinates>
        </LineString>
      </Placemark>
      <Placemark>
        <name>ef_tc6.002.2695 → ef_tc6.002.2688</name>
        <description>De: ef_tc6.002.2695
Para: ef_tc6.002.2688
Distância: 0.43m</description>
        <styleUrl>#edge_style</styleUrl>
        <LineString>
          <coordinates>-41.76439980144403,-3.122284207900061,0 -41.76439597250484,-3.122284207900061,0</coordinates>
        </LineString>
      </Placemark>
      <Placemark>
        <name>ef_tc6.002.2688 → ef_tc6.002.2696</name>
        <description>De: ef_tc6.002.2688
Para: ef_tc6.002.2696
Distância: 3.00m</description>
        <styleUrl>#edge_style</styleUrl>
        <LineString>
          <coordinates>-41.76439597250484,-3.122284207900061,0 -41.76436898280196,-3.122284207900061,0</coordinates>
        </LineString>
      </Placemark>
      <Placemark>
        <name>ef_tc6.002.2688 → ef_tc5.002.2706</name>
        <description>De: ef_tc6.002.2688
Para: ef_tc5.002.2706
Distância: 1.81m</description>
        <styleUrl>#edge_style</styleUrl>
        <LineString>
          <coordinates>-41.76439597250484,-3.122284207900061,0 -41.76439597250484,-3.1223004342631677,0</coordinates>
        </LineString>
      </Placemark>
      <Placemark>
        <name>ef_tc6.002.2696 → ef_tc5.002.2707</name>
        <description>De: ef_tc6.002.2696
Para: ef_tc5.002.2707
Distância: 1.81m</description>
        <styleUrl>#edge_style</styleUrl>
        <LineString>
          <coordinates>-41.76436898280196,-3.122284207900061,0 -41.76436898280196,-3.1223004342631677,0</coordinates>
        </LineString>
      </Placemark>
      <Placemark>
        <name>ef_tc6.002.2696 → ef_tc6.002.2692</name>
        <description>De: ef_tc6.002.2696
Para: ef_tc6.002.2692
Distância: 1.98m</description>
        <styleUrl>#edge_style</styleUrl>
        <LineString>
          <coordinates>-41.76436898280196,-3.122284207900061,0 -41.764351143508016,-3.122284207900061,0</coordinates>
        </LineString>
      </Placemark>
      <Placemark>
        <name>ef_tc3.002.2728 → ef_tc3.002.2731</name>
        <description>De: ef_tc3.002.2728
Para: ef_tc3.002.2731
Distância: 0.15m</description>
        <styleUrl>#edge_style</styleUrl>
        <LineString>
          <coordinates>-41.76472119482594,-3.1222847585705242,0 -41.76471984893942,-3.1222847585705242,0</coordinates>
        </LineString>
      </Placemark>
      <Placemark>
        <name>ef_tc3.002.2731 → ef_tc2.002.2742</name>
        <description>De: ef_tc3.002.2731
Para: ef_tc2.002.2742
Distância: 1.75m</description>
        <styleUrl>#edge_style</styleUrl>
        <LineString>
          <coordinates>-41.76471984893942,-3.1222847585705242,0 -41.76471984893942,-3.12230045582286,0</coordinates>
        </LineString>
      </Placemark>
      <Placemark>
        <name>ef_tc3.002.2731 → ef_tc3.002.2729</name>
        <description>De: ef_tc3.002.2731
Para: ef_tc3.002.2729
Distância: 3.00m</description>
        <styleUrl>#edge_style</styleUrl>
        <LineString>
          <coordinates>-41.76471984893942,-3.1222847585705242,0 -41.76469285923654,-3.1222847585705242,0</coordinates>
        </LineString>
      </Placemark>
      <Placemark>
        <name>ef_tc3.002.2729 → ef_tc2.002.2738</name>
        <description>De: ef_tc3.002.2729
Para: ef_tc2.002.2738
Distância: 1.75m</description>
        <styleUrl>#edge_style</styleUrl>
        <LineString>
          <coordinates>-41.76469285923654,-3.1222847585705242,0 -41.76469285923654,-3.12230045582286,0</coordinates>
        </LineString>
      </Placemark>
      <Placemark>
        <name>ef_tc3.002.2729 → ef_tc3.002.2727</name>
        <description>De: ef_tc3.002.2729
Para: ef_tc3.002.2727
Distância: 2.26m</description>
        <styleUrl>#edge_style</styleUrl>
        <LineString>
          <coordinates>-41.76469285923654,-3.1222847585705242,0 -41.764672536889925,-3.1222847585705242,0</coordinates>
        </LineString>
      </Placemark>
      <Placemark>
        <name>ef_ip3.002.2867 → ef_ip3.002.2868</name>
        <description>De: ef_ip3.002.2867
Para: ef_ip3.002.2868
Distância: 1.58m</description>
        <styleUrl>#edge_style</styleUrl>
        <LineString>
          <coordinates>-41.765192908257696,-3.12228505860957,0 -41.7651786738884,-3.12228505860957,0</coordinates>
        </LineString>
      </Placemark>
      <Placemark>
        <name>ef_ip3.002.2868 → ef_ip3.002.2863</name>
        <description>De: ef_ip3.002.2868
Para: ef_ip3.002.2863
Distância: 3.00m</description>
        <styleUrl>#edge_style</styleUrl>
        <LineString>
          <coordinates>-41.7651786738884,-3.12228505860957,0 -41.76515168418552,-3.12228505860957,0</coordinates>
        </LineString>
      </Placemark>
      <Placemark>
        <name>ef_ip3.002.2868 → ef_ip5.001.2879</name>
        <description>De: ef_ip3.002.2868
Para: ef_ip5.001.2879
Distância: 1.97m</description>
        <styleUrl>#edge_style</styleUrl>
        <LineString>
          <coordinates>-41.7651786738884,-3.12228505860957,0 -41.7651786738884,-3.1223027689981353,0</coordinates>
        </LineString>
      </Placemark>
      <Placemark>
        <name>ef_ip3.002.2863 → ef_ip5.001.2878</name>
        <description>De: ef_ip3.002.2863
Para: ef_ip5.001.2878
Distância: 1.97m</description>
        <styleUrl>#edge_style</styleUrl>
        <LineString>
          <coordinates>-41.76515168418552,-3.12228505860957,0 -41.76515168418552,-3.1223027689981353,0</coordinates>
        </LineString>
      </Placemark>
      <Placemark>
        <name>ef_ip3.002.2863 → ef_ip3.002.2869</name>
        <description>De: ef_ip3.002.2863
Para: ef_ip3.002.2869
Distância: 0.47m</description>
        <styleUrl>#edge_style</styleUrl>
        <LineString>
          <coordinates>-41.76515168418552,-3.12228505860957,0 -41.765147418912804,-3.12228505860957,0</coordinates>
        </LineString>
      </Placemark>
      <Placemark>
        <name>ef_busip4.002.3007 → ef_busip4.002.3012</name>
        <description>De: ef_busip4.002.3007
Para: ef_busip4.002.3012
Distância: 0.01m</description>
        <styleUrl>#edge_style</styleUrl>
        <LineString>
          <coordinates>-41.76552964978398,-3.1222856317380456,0 -41.76552954002585,-3.1222856317380456,0</coordinates>
        </LineString>
      </Placemark>
      <Placemark>
        <name>ef_busip4.002.3012 → ef_reator7.655</name>
        <description>De: ef_busip4.002.3012
Para: ef_reator7.655
Distância: 138.19m</description>
        <styleUrl>#edge_style</styleUrl>
        <LineString>
          <coordinates>-41.76552954002585,-3.1222856317380456,0 -41.76552954002585,-3.1235270181355905,0</coordinates>
        </LineString>
      </Placemark>
      <Placemark>
        <name>ef_busip4.002.3012 → ef_busip4.002.3006</name>
        <description>De: ef_busip4.002.3012
Para: ef_busip4.002.3006
Distância: 3.00m</description>
        <styleUrl>#edge_style</styleUrl>
        <LineString>
          <coordinates>-41.76552954002585,-3.1222856317380456,0 -41.76550255032297,-3.1222856317380456,0</coordinates>
        </LineString>
      </Placemark>
      <Placemark>
        <name>ef_busip4.002.3006 → ef_busip4.002.3011</name>
        <description>De: ef_busip4.002.3006
Para: ef_busip4.002.3011
Distância: 2.03m</description>
        <styleUrl>#edge_style</styleUrl>
        <LineString>
          <coordinates>-41.76550255032297,-3.1222856317380456,0 -41.76548424320751,-3.1222856317380456,0</coordinates>
        </LineString>
      </Placemark>
      <Placemark>
        <name>ef_busip4.002.3006 → ef_busip3.002.3106</name>
        <description>De: ef_busip4.002.3006
Para: ef_busip3.002.3106
Distância: 6.66m</description>
        <styleUrl>#edge_style</styleUrl>
        <LineString>
          <coordinates>-41.76550255032297,-3.1222856317380456,0 -41.76550255032297,-3.122345421255254,0</coordinates>
        </LineString>
      </Placemark>
      <Placemark>
        <name>ef_secv6.002.2762 → ef_secv6.002.2760</name>
        <description>De: ef_secv6.002.2762
Para: ef_secv6.002.2760
Distância: 1.62m</description>
        <styleUrl>#edge_style</styleUrl>
        <LineString>
          <coordinates>-41.76454553864233,-3.1222857197734544,0 -41.76453092101925,-3.1222857197734544,0</coordinates>
        </LineString>
      </Placemark>
      <Placemark>
        <name>ef_secv6.002.2760 → ef_secv6.002.2764</name>
        <description>De: ef_secv6.002.2760
Para: ef_secv6.002.2764
Distância: 3.00m</description>
        <styleUrl>#edge_style</styleUrl>
        <LineString>
          <coordinates>-41.76453092101925,-3.1222857197734544,0 -41.76450393131637,-3.1222857197734544,0</coordinates>
        </LineString>
      </Placemark>
      <Placemark>
        <name>ef_secv6.002.2760 → ef_secv5.002.2774</name>
        <description>De: ef_secv6.002.2760
Para: ef_secv5.002.2774
Distância: 1.43m</description>
        <styleUrl>#edge_style</styleUrl>
        <LineString>
          <coordinates>-41.76453092101925,-3.1222857197734544,0 -41.76453092101925,-3.1222985756380632,0</coordinates>
        </LineString>
      </Placemark>
      <Placemark>
        <name>ef_secv6.002.2764 → ef_secv6.002.2756</name>
        <description>De: ef_secv6.002.2764
Para: ef_secv6.002.2756
Distância: 0.47m</description>
        <styleUrl>#edge_style</styleUrl>
        <LineString>
          <coordinates>-41.76450393131637,-3.1222857197734544,0 -41.76449965974606,-3.1222857197734544,0</coordinates>
        </LineString>
      </Placemark>
      <Placemark>
        <name>ef_secv6.002.2764 → ef_secv5.002.2777</name>
        <description>De: ef_secv6.002.2764
Para: ef_secv5.002.2777
Distância: 1.43m</description>
        <styleUrl>#edge_style</styleUrl>
        <LineString>
          <coordinates>-41.76450393131637,-3.1222857197734544,0 -41.76450393131637,-3.1222985756380632,0</coordinates>
        </LineString>
      </Placemark>
      <Placemark>
        <name>ef_busip12.002.3255 → ef_busip12.002.3253</name>
        <description>De: ef_busip12.002.3255
Para: ef_busip12.002.3253
Distância: 0.61m</description>
        <styleUrl>#edge_style</styleUrl>
        <LineString>
          <coordinates>-41.765427110504795,-3.1222862372060596,0 -41.765421581214326,-3.1222862372060596,0</coordinates>
        </LineString>
      </Placemark>
      <Placemark>
        <name>ef_busip12.002.3253 → ef_busip11.002.3268</name>
        <description>De: ef_busip12.002.3253
Para: ef_busip11.002.3268
Distância: 2.09m</description>
        <styleUrl>#edge_style</styleUrl>
        <LineString>
          <coordinates>-41.765421581214326,-3.1222862372060596,0 -41.765421581214326,-3.1223050273758606,0</coordinates>
        </LineString>
      </Placemark>
      <Placemark>
        <name>ef_busip12.002.3253 → ef_busip12.002.3250</name>
        <description>De: ef_busip12.002.3253
Para: ef_busip12.002.3250
Distância: 3.00m</description>
        <styleUrl>#edge_style</styleUrl>
        <LineString>
          <coordinates>-41.765421581214326,-3.1222862372060596,0 -41.765394591511445,-3.1222862372060596,0</coordinates>
        </LineString>
      </Placemark>
      <Placemark>
        <name>ef_busip12.002.3250 → ef_busip12.002.3252</name>
        <description>De: ef_busip12.002.3250
Para: ef_busip12.002.3252
Distância: 1.43m</description>
        <styleUrl>#edge_style</styleUrl>
        <LineString>
          <coordinates>-41.765394591511445,-3.1222862372060596,0 -41.76538170392832,-3.1222862372060596,0</coordinates>
        </LineString>
      </Placemark>
      <Placemark>
        <name>ef_busip12.002.3250 → ef_busip11.002.3267</name>
        <description>De: ef_busip12.002.3250
Para: ef_busip11.002.3267
Distância: 2.09m</description>
        <styleUrl>#edge_style</styleUrl>
        <LineString>
          <coordinates>-41.765394591511445,-3.1222862372060596,0 -41.765394591511445,-3.1223050273758606,0</coordinates>
        </LineString>
      </Placemark>
      <Placemark>
        <name>ef_secv3.002.2798 → ef_secv3.002.2799</name>
        <description>De: ef_secv3.002.2798
Para: ef_secv3.002.2799
Distância: 1.11m</description>
        <styleUrl>#edge_style</styleUrl>
        <LineString>
          <coordinates>-41.7651346869703,-3.122286729485691,0 -41.76512469448264,-3.122286729485691,0</coordinates>
        </LineString>
      </Placemark>
      <Placemark>
        <name>ef_secv3.002.2799 → ef_secv3.002.2791</name>
        <description>De: ef_secv3.002.2799
Para: ef_secv3.002.2791
Distância: 3.00m</description>
        <styleUrl>#edge_style</styleUrl>
        <LineString>
          <coordinates>-41.76512469448264,-3.122286729485691,0 -41.765097704779755,-3.122286729485691,0</coordinates>
        </LineString>
      </Placemark>
      <Placemark>
        <name>ef_secv3.002.2799 → ef_secv2.002.2801</name>
        <description>De: ef_secv3.002.2799
Para: ef_secv2.002.2801
Distância: 1.43m</description>
        <styleUrl>#edge_style</styleUrl>
        <LineString>
          <coordinates>-41.76512469448264,-3.122286729485691,0 -41.76512469448264,-3.1222995853502997,0</coordinates>
        </LineString>
      </Placemark>
      <Placemark>
        <name>ef_secv3.002.2791 → ef_secv3.002.2793</name>
        <description>De: ef_secv3.002.2791
Para: ef_secv3.002.2793
Distância: 0.99m</description>
        <styleUrl>#edge_style</styleUrl>
        <LineString>
          <coordinates>-41.765097704779755,-3.122286729485691,0 -41.765088808074026,-3.122286729485691,0</coordinates>
        </LineString>
      </Placemark>
      <Placemark>
        <name>ef_secv3.002.2791 → ef_secv2.002.2802</name>
        <description>De: ef_secv3.002.2791
Para: ef_secv2.002.2802
Distância: 1.43m</description>
        <styleUrl>#edge_style</styleUrl>
        <LineString>
          <coordinates>-41.765097704779755,-3.122286729485691,0 -41.765097704779755,-3.1222995853502997,0</coordinates>
        </LineString>
      </Placemark>
      <Placemark>
        <name>ef_busip7.002.2976 → ef_busip7.002.2978</name>
        <description>De: ef_busip7.002.2976
Para: ef_busip7.002.2978
Distância: 5.45m</description>
        <styleUrl>#edge_style</styleUrl>
        <LineString>
          <coordinates>-41.76547683723304,-3.122294266394647,0 -41.76547683723304,-3.1223432050985918,0</coordinates>
        </LineString>
      </Placemark>
      <Placemark>
        <name>ef_busip7.002.2976 → ef_busip7.002.2977</name>
        <description>De: ef_busip7.002.2976
Para: ef_busip7.002.2977
Distância: 0.14m</description>
        <styleUrl>#edge_style</styleUrl>
        <LineString>
          <coordinates>-41.76547683723304,-3.122294266394647,0 -41.76547556062009,-3.122294266394647,0</coordinates>
        </LineString>
      </Placemark>
      <Placemark>
        <name>ef_busip7.002.2977 → ef_busip7.002.2970</name>
        <description>De: ef_busip7.002.2977
Para: ef_busip7.002.2970
Distância: 3.00m</description>
        <styleUrl>#edge_style</styleUrl>
        <LineString>
          <coordinates>-41.76547556062009,-3.122294266394647,0 -41.76544857091721,-3.122294266394647,0</coordinates>
        </LineString>
      </Placemark>
      <Placemark>
        <name>ef_busip7.002.2970 → ef_busip7.002.2973</name>
        <description>De: ef_busip7.002.2970
Para: ef_busip7.002.2973
Distância: 1.91m</description>
        <styleUrl>#edge_style</styleUrl>
        <LineString>
          <coordinates>-41.76544857091721,-3.122294266394647,0 -41.76543143155622,-3.122294266394647,0</coordinates>
        </LineString>
      </Placemark>
      <Placemark>
        <name>ef_busip7.002.2973 → ef_busip7.002.2971</name>
        <description>De: ef_busip7.002.2973
Para: ef_busip7.002.2971
Distância: 1.54m</description>
        <styleUrl>#edge_style</styleUrl>
        <LineString>
          <coordinates>-41.76543143155622,-3.122294266394647,0 -41.76543143155622,-3.1223081247849285,0</coordinates>
        </LineString>
      </Placemark>
      <Placemark>
        <name>ef_secv5.002.2770 → ef_secv5.002.2767</name>
        <description>De: ef_secv5.002.2770
Para: ef_secv5.002.2767
Distância: 1.06m</description>
        <styleUrl>#edge_style</styleUrl>
        <LineString>
          <coordinates>-41.764545421686954,-3.1222985756380632,0 -41.764545421686954,-3.1223081247849285,0</coordinates>
        </LineString>
      </Placemark>
      <Placemark>
        <name>ef_secv5.002.2770 → ef_secv5.002.2774</name>
        <description>De: ef_secv5.002.2770
Para: ef_secv5.002.2774
Distância: 1.61m</description>
        <styleUrl>#edge_style</styleUrl>
        <LineString>
          <coordinates>-41.764545421686954,-3.1222985756380632,0 -41.76453092101925,-3.1222985756380632,0</coordinates>
        </LineString>
      </Placemark>
      <Placemark>
        <name>ef_secv5.002.2774 → ef_secv5.002.2777</name>
        <description>De: ef_secv5.002.2774
Para: ef_secv5.002.2777
Distância: 3.00m</description>
        <styleUrl>#edge_style</styleUrl>
        <LineString>
          <coordinates>-41.76453092101925,-3.1222985756380632,0 -41.76450393131637,-3.1222985756380632,0</coordinates>
        </LineString>
      </Placemark>
      <Placemark>
        <name>ef_secv5.002.2777 → ef_secv5.002.2766</name>
        <description>De: ef_secv5.002.2777
Para: ef_secv5.002.2766
Distância: 0.49m</description>
        <styleUrl>#edge_style</styleUrl>
        <LineString>
          <coordinates>-41.76450393131637,-3.1222985756380632,0 -41.76449954279068,-3.1222985756380632,0</coordinates>
        </LineString>
      </Placemark>
      <Placemark>
        <name>ef_secv5.002.2766 → ef_secv5.002.2775</name>
        <description>De: ef_secv5.002.2766
Para: ef_secv5.002.2775
Distância: 1.06m</description>
        <styleUrl>#edge_style</styleUrl>
        <LineString>
          <coordinates>-41.76449954279068,-3.1222985756380632,0 -41.76449954279068,-3.1223081247849285,0</coordinates>
        </LineString>
      </Placemark>
      <Placemark>
        <name>ef_secv2.002.2810 → ef_secv2.002.2803</name>
        <description>De: ef_secv2.002.2810
Para: ef_secv2.002.2803
Distância: 0.95m</description>
        <styleUrl>#edge_style</styleUrl>
        <LineString>
          <coordinates>-41.76513457001492,-3.1222995853502997,0 -41.76513457001492,-3.1223081247849285,0</coordinates>
        </LineString>
      </Placemark>
      <Placemark>
        <name>ef_secv2.002.2810 → ef_secv2.002.2801</name>
        <description>De: ef_secv2.002.2810
Para: ef_secv2.002.2801
Distância: 1.10m</description>
        <styleUrl>#edge_style</styleUrl>
        <LineString>
          <coordinates>-41.76513457001492,-3.1222995853502997,0 -41.76512469448264,-3.1222995853502997,0</coordinates>
        </LineString>
      </Placemark>
      <Placemark>
        <name>ef_secv2.002.2801 → ef_secv2.002.2802</name>
        <description>De: ef_secv2.002.2801
Para: ef_secv2.002.2802
Distância: 3.00m</description>
        <styleUrl>#edge_style</styleUrl>
        <LineString>
          <coordinates>-41.76512469448264,-3.1222995853502997,0 -41.765097704779755,-3.1222995853502997,0</coordinates>
        </LineString>
      </Placemark>
      <Placemark>
        <name>ef_secv2.002.2802 → ef_secv2.002.2800</name>
        <description>De: ef_secv2.002.2802
Para: ef_secv2.002.2800
Distância: 1.00m</description>
        <styleUrl>#edge_style</styleUrl>
        <LineString>
          <coordinates>-41.765097704779755,-3.1222995853502997,0 -41.765088690218995,-3.1222995853502997,0</coordinates>
        </LineString>
      </Placemark>
      <Placemark>
        <name>ef_secv2.002.2800 → ef_secv2.002.2804</name>
        <description>De: ef_secv2.002.2800
Para: ef_secv2.002.2804
Distância: 0.95m</description>
        <styleUrl>#edge_style</styleUrl>
        <LineString>
          <coordinates>-41.765088690218995,-3.1222995853502997,0 -41.765088690218995,-3.1223081247849285,0</coordinates>
        </LineString>
      </Placemark>
      <Placemark>
        <name>ef_tc5.002.2703 → ef_tc5.002.2706</name>
        <description>De: ef_tc5.002.2703
Para: ef_tc5.002.2706
Distância: 0.41m</description>
        <styleUrl>#edge_style</styleUrl>
        <LineString>
          <coordinates>-41.764399685388305,-3.1223004342631677,0 -41.76439597250484,-3.1223004342631677,0</coordinates>
        </LineString>
      </Placemark>
      <Placemark>
        <name>ef_tc5.002.2703 → ef_tc5.002.2704</name>
        <description>De: ef_tc5.002.2703
Para: ef_tc5.002.2704
Distância: 0.86m</description>
        <styleUrl>#edge_style</styleUrl>
        <LineString>
          <coordinates>-41.764399685388305,-3.1223004342631677,0 -41.764399685388305,-3.1223081247849285,0</coordinates>
        </LineString>
      </Placemark>
      <Placemark>
        <name>ef_tc5.002.2706 → ef_tc5.002.2707</name>
        <description>De: ef_tc5.002.2706
Para: ef_tc5.002.2707
Distância: 3.00m</description>
        <styleUrl>#edge_style</styleUrl>
        <LineString>
          <coordinates>-41.76439597250484,-3.1223004342631677,0 -41.76436898280196,-3.1223004342631677,0</coordinates>
        </LineString>
      </Placemark>
      <Placemark>
        <name>ef_tc5.002.2707 → ef_tc5.002.2701</name>
        <description>De: ef_tc5.002.2707
Para: ef_tc5.002.2701
Distância: 2.00m</description>
        <styleUrl>#edge_style</styleUrl>
        <LineString>
          <coordinates>-41.76436898280196,-3.1223004342631677,0 -41.76435102745229,-3.1223004342631677,0</coordinates>
        </LineString>
      </Placemark>
      <Placemark>
        <name>ef_tc5.002.2701 → ef_tc5.002.2700</name>
        <description>De: ef_tc5.002.2701
Para: ef_tc5.002.2700
Distância: 0.86m</description>
        <styleUrl>#edge_style</styleUrl>
        <LineString>
          <coordinates>-41.76435102745229,-3.1223004342631677,0 -41.76435102745229,-3.1223081247849285,0</coordinates>
        </LineString>
      </Placemark>
      <Placemark>
        <name>ef_tc2.002.2735 → ef_tc2.002.2742</name>
        <description>De: ef_tc2.002.2735
Para: ef_tc2.002.2742
Distância: 0.14m</description>
        <styleUrl>#edge_style</styleUrl>
        <LineString>
          <coordinates>-41.76472107966987,-3.12230045582286,0 -41.76471984893942,-3.12230045582286,0</coordinates>
        </LineString>
      </Placemark>
      <Placemark>
        <name>ef_tc2.002.2735 → ef_tc2.002.2737</name>
        <description>De: ef_tc2.002.2735
Para: ef_tc2.002.2737
Distância: 0.85m</description>
        <styleUrl>#edge_style</styleUrl>
        <LineString>
          <coordinates>-41.76472107966987,-3.12230045582286,0 -41.76472107966987,-3.1223081247849285,0</coordinates>
        </LineString>
      </Placemark>
      <Placemark>
        <name>ef_tc2.002.2742 → ef_tc2.002.2738</name>
        <description>De: ef_tc2.002.2742
Para: ef_tc2.002.2738
Distância: 3.00m</description>
        <styleUrl>#edge_style</styleUrl>
        <LineString>
          <coordinates>-41.76471984893942,-3.12230045582286,0 -41.76469285923654,-3.12230045582286,0</coordinates>
        </LineString>
      </Placemark>
      <Placemark>
        <name>ef_tc2.002.2738 → ef_tc2.002.2732</name>
        <description>De: ef_tc2.002.2738
Para: ef_tc2.002.2732
Distância: 2.27m</description>
        <styleUrl>#edge_style</styleUrl>
        <LineString>
          <coordinates>-41.76469285923654,-3.12230045582286,0 -41.76467242173386,-3.12230045582286,0</coordinates>
        </LineString>
      </Placemark>
      <Placemark>
        <name>ef_tc2.002.2732 → ef_tc2.002.2733</name>
        <description>De: ef_tc2.002.2732
Para: ef_tc2.002.2733
Distância: 0.85m</description>
        <styleUrl>#edge_style</styleUrl>
        <LineString>
          <coordinates>-41.76467242173386,-3.12230045582286,0 -41.76467242173386,-3.1223081247849285,0</coordinates>
        </LineString>
      </Placemark>
      <Placemark>
        <name>ef_ip5.001.2876 → ef_ip5.001.2879</name>
        <description>De: ef_ip5.001.2876
Para: ef_ip5.001.2879
Distância: 1.57m</description>
        <styleUrl>#edge_style</styleUrl>
        <LineString>
          <coordinates>-41.76519278500472,-3.1223027689981353,0 -41.7651786738884,-3.1223027689981353,0</coordinates>
        </LineString>
      </Placemark>
      <Placemark>
        <name>ef_ip5.001.2876 → ef_ip5.001.2883</name>
        <description>De: ef_ip5.001.2876
Para: ef_ip5.001.2883
Distância: 0.60m</description>
        <styleUrl>#edge_style</styleUrl>
        <LineString>
          <coordinates>-41.76519278500472,-3.1223027689981353,0 -41.76519278500472,-3.1223081247849285,0</coordinates>
        </LineString>
      </Placemark>
      <Placemark>
        <name>ef_ip5.001.2879 → ef_ip5.001.2878</name>
        <description>De: ef_ip5.001.2879
Para: ef_ip5.001.2878
Distância: 3.00m</description>
        <styleUrl>#edge_style</styleUrl>
        <LineString>
          <coordinates>-41.7651786738884,-3.1223027689981353,0 -41.76515168418552,-3.1223027689981353,0</coordinates>
        </LineString>
      </Placemark>
      <Placemark>
        <name>ef_ip5.001.2878 → ef_ip5.001.2872</name>
        <description>De: ef_ip5.001.2878
Para: ef_ip5.001.2872
Distância: 0.49m</description>
        <styleUrl>#edge_style</styleUrl>
        <LineString>
          <coordinates>-41.76515168418552,-3.1223027689981353,0 -41.76514730285708,-3.1223027689981353,0</coordinates>
        </LineString>
      </Placemark>
      <Placemark>
        <name>ef_ip5.001.2872 → ef_ip5.001.2874</name>
        <description>De: ef_ip5.001.2872
Para: ef_ip5.001.2874
Distância: 0.60m</description>
        <styleUrl>#edge_style</styleUrl>
        <LineString>
          <coordinates>-41.76514730285708,-3.1223027689981353,0 -41.76514730285708,-3.1223081247849285,0</coordinates>
        </LineString>
      </Placemark>
      <Placemark>
        <name>ef_busip17.002.3181 → ef_busip17.002.3172</name>
        <description>De: ef_busip17.002.3181
Para: ef_busip17.002.3172
Distância: 0.37m</description>
        <styleUrl>#edge_style</styleUrl>
        <LineString>
          <coordinates>-41.76526297622535,-3.122303631385811,0 -41.765259642997044,-3.122303631385811,0</coordinates>
        </LineString>
      </Placemark>
      <Placemark>
        <name>ef_busip17.002.3181 → ef_busip17.002.3180</name>
        <description>De: ef_busip17.002.3181
Para: ef_busip17.002.3180
Distância: 0.50m</description>
        <styleUrl>#edge_style</styleUrl>
        <LineString>
          <coordinates>-41.76526297622535,-3.122303631385811,0 -41.76526297622535,-3.1223081247849285,0</coordinates>
        </LineString>
      </Placemark>
      <Placemark>
        <name>ef_busip17.002.3172 → ef_busip17.002.3178</name>
        <description>De: ef_busip17.002.3172
Para: ef_busip17.002.3178
Distância: 3.00m</description>
        <styleUrl>#edge_style</styleUrl>
        <LineString>
          <coordinates>-41.765259642997044,-3.122303631385811,0 -41.76523265329416,-3.122303631385811,0</coordinates>
        </LineString>
      </Placemark>
      <Placemark>
        <name>ef_busip17.002.3178 → ef_busip17.002.3179</name>
        <description>De: ef_busip17.002.3178
Para: ef_busip17.002.3179
Distância: 1.68m</description>
        <styleUrl>#edge_style</styleUrl>
        <LineString>
          <coordinates>-41.76523265329416,-3.122303631385811,0 -41.765217569648875,-3.122303631385811,0</coordinates>
        </LineString>
      </Placemark>
      <Placemark>
        <name>ef_busip17.002.3179 → ef_busip17.002.3176</name>
        <description>De: ef_busip17.002.3179
Para: ef_busip17.002.3176
Distância: 0.50m</description>
        <styleUrl>#edge_style</styleUrl>
        <LineString>
          <coordinates>-41.765217569648875,-3.122303631385811,0 -41.765217569648875,-3.1223081247849285,0</coordinates>
        </LineString>
      </Placemark>
      <Placemark>
        <name>ef_busip14.002.3210 → ef_busip14.002.3212</name>
        <description>De: ef_busip14.002.3210
Para: ef_busip14.002.3212
Distância: 1.94m</description>
        <styleUrl>#edge_style</styleUrl>
        <LineString>
          <coordinates>-41.7653311153289,-3.122303748167475,0 -41.76531362240281,-3.122303748167475,0</coordinates>
        </LineString>
      </Placemark>
      <Placemark>
        <name>ef_busip14.002.3210 → ef_busip14.002.3209</name>
        <description>De: ef_busip14.002.3210
Para: ef_busip14.002.3209
Distância: 0.49m</description>
        <styleUrl>#edge_style</styleUrl>
        <LineString>
          <coordinates>-41.7653311153289,-3.122303748167475,0 -41.7653311153289,-3.1223081247849285,0</coordinates>
        </LineString>
      </Placemark>
      <Placemark>
        <name>ef_busip14.002.3212 → ef_busip14.002.3211</name>
        <description>De: ef_busip14.002.3212
Para: ef_busip14.002.3211
Distância: 3.00m</description>
        <styleUrl>#edge_style</styleUrl>
        <LineString>
          <coordinates>-41.76531362240281,-3.122303748167475,0 -41.765286632699926,-3.122303748167475,0</coordinates>
        </LineString>
      </Placemark>
      <Placemark>
        <name>ef_busip14.002.3211 → ef_busip14.002.3205</name>
        <description>De: ef_busip14.002.3211
Para: ef_busip14.002.3205
Distância: 0.10m</description>
        <styleUrl>#edge_style</styleUrl>
        <LineString>
          <coordinates>-41.765286632699926,-3.122303748167475,0 -41.76528570965208,-3.122303748167475,0</coordinates>
        </LineString>
      </Placemark>
      <Placemark>
        <name>ef_busip14.002.3205 → ef_busip14.002.3215</name>
        <description>De: ef_busip14.002.3205
Para: ef_busip14.002.3215
Distância: 0.49m</description>
        <styleUrl>#edge_style</styleUrl>
        <LineString>
          <coordinates>-41.76528570965208,-3.122303748167475,0 -41.76528570965208,-3.1223081247849285,0</coordinates>
        </LineString>
      </Placemark>
      <Placemark>
        <name>ef_busip7.002.3264 → ef_busip11.002.3268</name>
        <description>De: ef_busip7.002.3264
Para: ef_busip11.002.3268
Distância: 0.55m</description>
        <styleUrl>#edge_style</styleUrl>
        <LineString>
          <coordinates>-41.76542649693888,-3.1223050273758606,0 -41.765421581214326,-3.1223050273758606,0</coordinates>
        </LineString>
      </Placemark>
      <Placemark>
        <name>ef_busip7.002.3264 → ef_busip7.002.3269</name>
        <description>De: ef_busip7.002.3264
Para: ef_busip7.002.3269
Distância: 0.34m</description>
        <styleUrl>#edge_style</styleUrl>
        <LineString>
          <coordinates>-41.76542649693888,-3.1223050273758606,0 -41.76542649693888,-3.1223081247849285,0</coordinates>
        </LineString>
      </Placemark>
      <Placemark>
        <name>ef_busip11.002.3268 → ef_busip11.002.3267</name>
        <description>De: ef_busip11.002.3268
Para: ef_busip11.002.3267
Distância: 3.00m</description>
        <styleUrl>#edge_style</styleUrl>
        <LineString>
          <coordinates>-41.765421581214326,-3.1223050273758606,0 -41.765394591511445,-3.1223050273758606,0</coordinates>
        </LineString>
      </Placemark>
      <Placemark>
        <name>ef_busip11.002.3267 → ef_busip11.002.3260</name>
        <description>De: ef_busip11.002.3267
Para: ef_busip11.002.3260
Distância: 1.50m</description>
        <styleUrl>#edge_style</styleUrl>
        <LineString>
          <coordinates>-41.765394591511445,-3.1223050273758606,0 -41.765381091262064,-3.1223050273758606,0</coordinates>
        </LineString>
      </Placemark>
      <Placemark>
        <name>ef_busip11.002.3260 → ef_busip11.002.3266</name>
        <description>De: ef_busip11.002.3260
Para: ef_busip11.002.3266
Distância: 0.34m</description>
        <styleUrl>#edge_style</styleUrl>
        <LineString>
          <coordinates>-41.765381091262064,-3.1223050273758606,0 -41.765381091262064,-3.1223081247849285,0</coordinates>
        </LineString>
      </Placemark>
      <Placemark>
        <name>ef_busip7.002.2971 → ef_busip7.002.2969</name>
        <description>De: ef_busip7.002.2971
Para: ef_busip7.002.2969
Distância: 3.00m</description>
        <styleUrl>#edge_style</styleUrl>
        <LineString>
          <coordinates>-41.76543143155622,-3.1223081247849285,0 -41.76543143155622,-3.1223350743997886,0</coordinates>
        </LineString>
      </Placemark>
      <Placemark>
        <name>ef_busip7.002.2971 → ef_busip7.002.3269</name>
        <description>De: ef_busip7.002.2971
Para: ef_busip7.002.3269
Distância: 0.55m</description>
        <styleUrl>#edge_style</styleUrl>
        <LineString>
          <coordinates>-41.76543143155622,-3.1223081247849285,0 -41.76542649693888,-3.1223081247849285,0</coordinates>
        </LineString>
      </Placemark>
      <Placemark>
        <name>ef_busip7.002.3269 → ef_busip11.002.3271</name>
        <description>De: ef_busip7.002.3269
Para: ef_busip11.002.3271
Distância: 3.00m</description>
        <styleUrl>#edge_style</styleUrl>
        <LineString>
          <coordinates>-41.76542649693888,-3.1223081247849285,0 -41.76542649693888,-3.1223350743997886,0</coordinates>
        </LineString>
      </Placemark>
      <Placemark>
        <name>ef_busip11.002.3266 → ef_busip11.002.3262</name>
        <description>De: ef_busip11.002.3266
Para: ef_busip11.002.3262
Distância: 3.00m</description>
        <styleUrl>#edge_style</styleUrl>
        <LineString>
          <coordinates>-41.765381091262064,-3.1223081247849285,0 -41.765381091262064,-3.1223350743997886,0</coordinates>
        </LineString>
      </Placemark>
      <Placemark>
        <name>ef_busip11.002.3266 → ef_busip14.002.3209</name>
        <description>De: ef_busip11.002.3266
Para: ef_busip14.002.3209
Distância: 5.56m</description>
        <styleUrl>#edge_style</styleUrl>
        <LineString>
          <coordinates>-41.765381091262064,-3.1223081247849285,0 -41.7653311153289,-3.1223081247849285,0</coordinates>
        </LineString>
      </Placemark>
      <Placemark>
        <name>ef_busip14.002.3209 → ef_busip14.002.3213</name>
        <description>De: ef_busip14.002.3209
Para: ef_busip14.002.3213
Distância: 3.00m</description>
        <styleUrl>#edge_style</styleUrl>
        <LineString>
          <coordinates>-41.7653311153289,-3.1223081247849285,0 -41.7653311153289,-3.1223350743997886,0</coordinates>
        </LineString>
      </Placemark>
      <Placemark>
        <name>ef_busip14.002.3215 → ef_busip17.002.3180</name>
        <description>De: ef_busip14.002.3215
Para: ef_busip17.002.3180
Distância: 2.53m</description>
        <styleUrl>#edge_style</styleUrl>
        <LineString>
          <coordinates>-41.76528570965208,-3.1223081247849285,0 -41.76526297622535,-3.1223081247849285,0</coordinates>
        </LineString>
      </Placemark>
      <Placemark>
        <name>ef_busip14.002.3215 → ef_busip14.002.3214</name>
        <description>De: ef_busip14.002.3215
Para: ef_busip14.002.3214
Distância: 3.00m</description>
        <styleUrl>#edge_style</styleUrl>
        <LineString>
          <coordinates>-41.76528570965208,-3.1223081247849285,0 -41.76528570965208,-3.1223350743997886,0</coordinates>
        </LineString>
      </Placemark>
      <Placemark>
        <name>ef_busip17.002.3180 → ef_busip17.002.3183</name>
        <description>De: ef_busip17.002.3180
Para: ef_busip17.002.3183
Distância: 3.00m</description>
        <styleUrl>#edge_style</styleUrl>
        <LineString>
          <coordinates>-41.76526297622535,-3.1223081247849285,0 -41.76526297622535,-3.1223350743997886,0</coordinates>
        </LineString>
      </Placemark>
      <Placemark>
        <name>ef_busip17.002.3176 → ef_busip17.002.3175</name>
        <description>De: ef_busip17.002.3176
Para: ef_busip17.002.3175
Distância: 3.00m</description>
        <styleUrl>#edge_style</styleUrl>
        <LineString>
          <coordinates>-41.765217569648875,-3.1223081247849285,0 -41.765217569648875,-3.1223350743997886,0</coordinates>
        </LineString>
      </Placemark>
      <Placemark>
        <name>ef_busip17.002.3176 → ef_ip5.001.2883</name>
        <description>De: ef_busip17.002.3176
Para: ef_ip5.001.2883
Distância: 2.75m</description>
        <styleUrl>#edge_style</styleUrl>
        <LineString>
          <coordinates>-41.765217569648875,-3.1223081247849285,0 -41.76519278500472,-3.1223081247849285,0</coordinates>
        </LineString>
      </Placemark>
      <Placemark>
        <name>ef_ip5.001.2883 → ef_ip2.002.2875</name>
        <description>De: ef_ip5.001.2883
Para: ef_ip2.002.2875
Distância: 3.00m</description>
        <styleUrl>#edge_style</styleUrl>
        <LineString>
          <coordinates>-41.76519278500472,-3.1223081247849285,0 -41.76519278500472,-3.1223350743997886,0</coordinates>
        </LineString>
      </Placemark>
      <Placemark>
        <name>ef_ip5.001.2874 → ef_secv2.002.2803</name>
        <description>De: ef_ip5.001.2874
Para: ef_secv2.002.2803
Distância: 1.42m</description>
        <styleUrl>#edge_style</styleUrl>
        <LineString>
          <coordinates>-41.76514730285708,-3.1223081247849285,0 -41.76513457001492,-3.1223081247849285,0</coordinates>
        </LineString>
      </Placemark>
      <Placemark>
        <name>ef_ip5.001.2874 → ef_ip2.002.2880</name>
        <description>De: ef_ip5.001.2874
Para: ef_ip2.002.2880
Distância: 3.00m</description>
        <styleUrl>#edge_style</styleUrl>
        <LineString>
          <coordinates>-41.76514730285708,-3.1223081247849285,0 -41.76514730285708,-3.1223350743997886,0</coordinates>
        </LineString>
      </Placemark>
      <Placemark>
        <name>ef_secv2.002.2803 → ef_secv2.002.2805</name>
        <description>De: ef_secv2.002.2803
Para: ef_secv2.002.2805
Distância: 3.00m</description>
        <styleUrl>#edge_style</styleUrl>
        <LineString>
          <coordinates>-41.76513457001492,-3.1223081247849285,0 -41.76513457001492,-3.1223350743997886,0</coordinates>
        </LineString>
      </Placemark>
      <Placemark>
        <name>ef_secv2.002.2804 → ef_buscsb4.002.3330</name>
        <description>De: ef_secv2.002.2804
Para: ef_buscsb4.002.3330
Distância: 6.99m</description>
        <styleUrl>#edge_style</styleUrl>
        <LineString>
          <coordinates>-41.765088690218995,-3.1223081247849285,0 -41.76502580511094,-3.1223081247849285,0</coordinates>
        </LineString>
      </Placemark>
      <Placemark>
        <name>ef_secv2.002.2804 → ef_secv2.002.2811</name>
        <description>De: ef_secv2.002.2804
Para: ef_secv2.002.2811
Distância: 3.00m</description>
        <styleUrl>#edge_style</styleUrl>
        <LineString>
          <coordinates>-41.765088690218995,-3.1223081247849285,0 -41.765088690218995,-3.1223350743997886,0</coordinates>
        </LineString>
      </Placemark>
      <Placemark>
        <name>ef_buscsb4.002.3330 → ef_buscsb4.002.3333</name>
        <description>De: ef_buscsb4.002.3330
Para: ef_buscsb4.002.3333
Distância: 0.28m</description>
        <styleUrl>#edge_style</styleUrl>
        <LineString>
          <coordinates>-41.76502580511094,-3.1223081247849285,0 -41.76502580511094,-3.1223106293024694,0</coordinates>
        </LineString>
      </Placemark>
      <Placemark>
        <name>ef_buscsb4.002.3332 → ef_buscsb4.002.3335</name>
        <description>De: ef_buscsb4.002.3332
Para: ef_buscsb4.002.3335
Distância: 0.28m</description>
        <styleUrl>#edge_style</styleUrl>
        <LineString>
          <coordinates>-41.76497992531501,-3.1223081247849285,0 -41.76497992531501,-3.1223106293024694,0</coordinates>
        </LineString>
      </Placemark>
      <Placemark>
        <name>ef_buscsb4.002.3332 → ef_busip22.002.3145</name>
        <description>De: ef_buscsb4.002.3332
Para: ef_busip22.002.3145
Distância: 3.12m</description>
        <styleUrl>#edge_style</styleUrl>
        <LineString>
          <coordinates>-41.76497992531501,-3.1223081247849285,0 -41.76495185872298,-3.1223081247849285,0</coordinates>
        </LineString>
      </Placemark>
      <Placemark>
        <name>ef_busip22.002.3145 → ef_busip22.002.3147</name>
        <description>De: ef_busip22.002.3145
Para: ef_busip22.002.3147
Distância: 3.00m</description>
        <styleUrl>#edge_style</styleUrl>
        <LineString>
          <coordinates>-41.76495185872298,-3.1223081247849285,0 -41.76495185872298,-3.1223350743997886,0</coordinates>
        </LineString>
      </Placemark>
      <Placemark>
        <name>ef_busip22.002.3130 → ef_busip28.002.3088</name>
        <description>De: ef_busip22.002.3130
Para: ef_busip28.002.3088
Distância: 3.35m</description>
        <styleUrl>#edge_style</styleUrl>
        <LineString>
          <coordinates>-41.76490616605566,-3.1223081247849285,0 -41.76487598886887,-3.1223081247849285,0</coordinates>
        </LineString>
      </Placemark>
      <Placemark>
        <name>ef_busip22.002.3130 → ef_busip22.002.3153</name>
        <description>De: ef_busip22.002.3130
Para: ef_busip22.002.3153
Distância: 3.00m</description>
        <styleUrl>#edge_style</styleUrl>
        <LineString>
          <coordinates>-41.76490616605566,-3.1223081247849285,0 -41.76490616605566,-3.1223350743997886,0</coordinates>
        </LineString>
      </Placemark>
      <Placemark>
        <name>ef_busip28.002.3088 → ef_busip28.002.3100</name>
        <description>De: ef_busip28.002.3088
Para: ef_busip28.002.3100
Distância: 3.00m</description>
        <styleUrl>#edge_style</styleUrl>
        <LineString>
          <coordinates>-41.76487598886887,-3.1223081247849285,0 -41.76487598886887,-3.1223350743997886,0</coordinates>
        </LineString>
      </Placemark>
      <Placemark>
        <name>ef_busip28.002.3099 → ef_disjuntor2.002.2932</name>
        <description>De: ef_busip28.002.3099
Para: ef_disjuntor2.002.2932
Distância: 4.63m</description>
        <styleUrl>#edge_style</styleUrl>
        <LineString>
          <coordinates>-41.76483022153004,-3.1223081247849285,0 -41.764788600709224,-3.1223081247849285,0</coordinates>
        </LineString>
      </Placemark>
      <Placemark>
        <name>ef_busip28.002.3099 → ef_busip28.002.3091</name>
        <description>De: ef_busip28.002.3099
Para: ef_busip28.002.3091
Distância: 3.00m</description>
        <styleUrl>#edge_style</styleUrl>
        <LineString>
          <coordinates>-41.76483022153004,-3.1223081247849285,0 -41.76483022153004,-3.1223350743997886,0</coordinates>
        </LineString>
      </Placemark>
      <Placemark>
        <name>ef_disjuntor2.002.2932 → ef_disjuntor2.002.2931</name>
        <description>De: ef_disjuntor2.002.2932
Para: ef_disjuntor2.002.2931
Distância: 3.00m</description>
        <styleUrl>#edge_style</styleUrl>
        <LineString>
          <coordinates>-41.764788600709224,-3.1223081247849285,0 -41.764788600709224,-3.1223350743997886,0</coordinates>
        </LineString>
      </Placemark>
      <Placemark>
        <name>ef_disjuntor2.002.2944 → ef_disjuntor2.002.2937</name>
        <description>De: ef_disjuntor2.002.2944
Para: ef_disjuntor2.002.2937
Distância: 3.00m</description>
        <styleUrl>#edge_style</styleUrl>
        <LineString>
          <coordinates>-41.76473909889517,-3.1223081247849285,0 -41.76473909889517,-3.1223350743997886,0</coordinates>
        </LineString>
      </Placemark>
      <Placemark>
        <name>ef_disjuntor2.002.2944 → ef_tc2.002.2737</name>
        <description>De: ef_disjuntor2.002.2944
Para: ef_tc2.002.2737
Distância: 2.00m</description>
        <styleUrl>#edge_style</styleUrl>
        <LineString>
          <coordinates>-41.76473909889517,-3.1223081247849285,0 -41.76472107966987,-3.1223081247849285,0</coordinates>
        </LineString>
      </Placemark>
      <Placemark>
        <name>ef_tc2.002.2737 → ef_tc2.002.2743</name>
        <description>De: ef_tc2.002.2737
Para: ef_tc2.002.2743
Distância: 3.00m</description>
        <styleUrl>#edge_style</styleUrl>
        <LineString>
          <coordinates>-41.76472107966987,-3.1223081247849285,0 -41.76472107966987,-3.1223350743997886,0</coordinates>
        </LineString>
      </Placemark>
      <Placemark>
        <name>ef_tc2.002.2733 → ef_sech2.002.2847</name>
        <description>De: ef_tc2.002.2733
Para: ef_sech2.002.2847
Distância: 1.27m</description>
        <styleUrl>#edge_style</styleUrl>
        <LineString>
          <coordinates>-41.76467242173386,-3.1223081247849285,0 -41.76466099249435,-3.1223081247849285,0</coordinates>
        </LineString>
      </Placemark>
      <Placemark>
        <name>ef_tc2.002.2733 → ef_tc2.002.2740</name>
        <description>De: ef_tc2.002.2733
Para: ef_tc2.002.2740
Distância: 3.00m</description>
        <styleUrl>#edge_style</styleUrl>
        <LineString>
          <coordinates>-41.76467242173386,-3.1223081247849285,0 -41.76467242173386,-3.1223350743997886,0</coordinates>
        </LineString>
      </Placemark>
      <Placemark>
        <name>ef_sech2.002.2847 → ef_sech2.002.2843</name>
        <description>De: ef_sech2.002.2847
Para: ef_sech2.002.2843
Distância: 3.00m</description>
        <styleUrl>#edge_style</styleUrl>
        <LineString>
          <coordinates>-41.76466099249435,-3.1223081247849285,0 -41.76466099249435,-3.1223350743997886,0</coordinates>
        </LineString>
      </Placemark>
      <Placemark>
        <name>ef_sech2.002.2841 → ef_sech2.002.2851</name>
        <description>De: ef_sech2.002.2841
Para: ef_sech2.002.2851
Distância: 3.00m</description>
        <styleUrl>#edge_style</styleUrl>
        <LineString>
          <coordinates>-41.76461523415208,-3.1223081247849285,0 -41.76461523415208,-3.1223350743997886,0</coordinates>
        </LineString>
      </Placemark>
      <Placemark>
        <name>ef_sech2.002.2841 → ef_secv5.002.2767</name>
        <description>De: ef_sech2.002.2841
Para: ef_secv5.002.2767
Distância: 7.76m</description>
        <styleUrl>#edge_style</styleUrl>
        <LineString>
          <coordinates>-41.76461523415208,-3.1223081247849285,0 -41.764545421686954,-3.1223081247849285,0</coordinates>
        </LineString>
      </Placemark>
      <Placemark>
        <name>ef_secv5.002.2767 → ef_secv5.002.2771</name>
        <description>De: ef_secv5.002.2767
Para: ef_secv5.002.2771
Distância: 3.00m</description>
        <styleUrl>#edge_style</styleUrl>
        <LineString>
          <coordinates>-41.764545421686954,-3.1223081247849285,0 -41.764545421686954,-3.1223350743997886,0</coordinates>
        </LineString>
      </Placemark>
      <Placemark>
        <name>ef_secv5.002.2775 → ef_disjuntor5.002.2915</name>
        <description>De: ef_secv5.002.2775
Para: ef_disjuntor5.002.2915
Distância: 2.48m</description>
        <styleUrl>#edge_style</styleUrl>
        <LineString>
          <coordinates>-41.76449954279068,-3.1223081247849285,0 -41.764477214209485,-3.1223081247849285,0</coordinates>
        </LineString>
      </Placemark>
      <Placemark>
        <name>ef_secv5.002.2775 → ef_secv5.002.2768</name>
        <description>De: ef_secv5.002.2775
Para: ef_secv5.002.2768
Distância: 3.00m</description>
        <styleUrl>#edge_style</styleUrl>
        <LineString>
          <coordinates>-41.76449954279068,-3.1223081247849285,0 -41.76449954279068,-3.1223350743997886,0</coordinates>
        </LineString>
      </Placemark>
      <Placemark>
        <name>ef_disjuntor5.002.2915 → ef_disjuntor5.002.2911</name>
        <description>De: ef_disjuntor5.002.2915
Para: ef_disjuntor5.002.2911
Distância: 3.00m</description>
        <styleUrl>#edge_style</styleUrl>
        <LineString>
          <coordinates>-41.764477214209485,-3.1223081247849285,0 -41.764477214209485,-3.1223350743997886,0</coordinates>
        </LineString>
      </Placemark>
      <Placemark>
        <name>ef_disjuntor5.002.2916 → ef_tc5.002.2704</name>
        <description>De: ef_disjuntor5.002.2916
Para: ef_tc5.002.2704
Distância: 3.12m</description>
        <styleUrl>#edge_style</styleUrl>
        <LineString>
          <coordinates>-41.76442771239543,-3.1223081247849285,0 -41.764399685388305,-3.1223081247849285,0</coordinates>
        </LineString>
      </Placemark>
      <Placemark>
        <name>ef_disjuntor5.002.2916 → ef_disjuntor5.002.2920</name>
        <description>De: ef_disjuntor5.002.2916
Para: ef_disjuntor5.002.2920
Distância: 3.00m</description>
        <styleUrl>#edge_style</styleUrl>
        <LineString>
          <coordinates>-41.76442771239543,-3.1223081247849285,0 -41.76442771239543,-3.1223350743997886,0</coordinates>
        </LineString>
      </Placemark>
      <Placemark>
        <name>ef_tc5.002.2704 → ef_tc5.002.2709</name>
        <description>De: ef_tc5.002.2704
Para: ef_tc5.002.2709
Distância: 3.00m</description>
        <styleUrl>#edge_style</styleUrl>
        <LineString>
          <coordinates>-41.764399685388305,-3.1223081247849285,0 -41.764399685388305,-3.1223350743997886,0</coordinates>
        </LineString>
      </Placemark>
      <Placemark>
        <name>ef_tc5.002.2700 → ef_tc5.002.2705</name>
        <description>De: ef_tc5.002.2700
Para: ef_tc5.002.2705
Distância: 3.00m</description>
        <styleUrl>#edge_style</styleUrl>
        <LineString>
          <coordinates>-41.76435102745229,-3.1223081247849285,0 -41.76435102745229,-3.1223350743997886,0</coordinates>
        </LineString>
      </Placemark>
      <Placemark>
        <name>ef_tc5.002.2700 → ef_sech5.002.2838</name>
        <description>De: ef_tc5.002.2700
Para: ef_sech5.002.2838
Distância: 1.40m</description>
        <styleUrl>#edge_style</styleUrl>
        <LineString>
          <coordinates>-41.76435102745229,-3.1223081247849285,0 -41.764338471842514,-3.1223081247849285,0</coordinates>
        </LineString>
      </Placemark>
      <Placemark>
        <name>ef_sech5.002.2838 → ef_sech5.002.2833</name>
        <description>De: ef_sech5.002.2838
Para: ef_sech5.002.2833
Distância: 3.00m</description>
        <styleUrl>#edge_style</styleUrl>
        <LineString>
          <coordinates>-41.764338471842514,-3.1223081247849285,0 -41.764338471842514,-3.1223350743997886,0</coordinates>
        </LineString>
      </Placemark>
      <Placemark>
        <name>ef_sech5.002.2827 → ef_sech4.002.2826</name>
        <description>De: ef_sech5.002.2827
Para: ef_sech4.002.2826
Distância: 6.00m</description>
        <styleUrl>#edge_style</styleUrl>
        <LineString>
          <coordinates>-41.76429271350025,-3.1223081247849285,0 -41.76429271350025,-3.122362024014649,0</coordinates>
        </LineString>
      </Placemark>
      <Placemark>
        <name>ef_sech5.002.2827 → ef_busip35.002.3046</name>
        <description>De: ef_sech5.002.2827
Para: ef_busip35.002.3046
Distância: 40.40m</description>
        <styleUrl>#edge_style</styleUrl>
        <LineString>
          <coordinates>-41.76429271350025,-3.1223081247849285,0 -41.76392921618184,-3.1223081247849285,0</coordinates>
        </LineString>
      </Placemark>
      <Placemark>
        <name>ef_busip35.002.3046 → ef_busip35.002.3048</name>
        <description>De: ef_busip35.002.3046
Para: ef_busip35.002.3048
Distância: 0.37m</description>
        <styleUrl>#edge_style</styleUrl>
        <LineString>
          <coordinates>-41.76392921618184,-3.1223081247849285,0 -41.76392921618184,-3.1223114180278646,0</coordinates>
        </LineString>
      </Placemark>
      <Placemark>
        <name>ef_busip35.002.3045 → ef_busip35.002.3047</name>
        <description>De: ef_busip35.002.3045
Para: ef_busip35.002.3047
Distância: 0.37m</description>
        <styleUrl>#edge_style</styleUrl>
        <LineString>
          <coordinates>-41.763883809605375,-3.1223081247849285,0 -41.763883809605375,-3.1223114180278646,0</coordinates>
        </LineString>
      </Placemark>
      <Placemark>
        <name>ef_busip35.002.3045 → ef_busip39.002.3018</name>
        <description>De: ef_busip35.002.3045
Para: ef_busip39.002.3018
Distância: 3.44m</description>
        <styleUrl>#edge_style</styleUrl>
        <LineString>
          <coordinates>-41.763883809605375,-3.1223081247849285,0 -41.76385284431926,-3.1223081247849285,0</coordinates>
        </LineString>
      </Placemark>
      <Placemark>
        <name>ef_busip39.002.3018 → ef_busip39.002.3013</name>
        <description>De: ef_busip39.002.3018
Para: ef_busip39.002.3013
Distância: 0.35m</description>
        <styleUrl>#edge_style</styleUrl>
        <LineString>
          <coordinates>-41.76385284431926,-3.1223081247849285,0 -41.76385284431926,-3.1223112877713928,0</coordinates>
        </LineString>
      </Placemark>
      <Placemark>
        <name>ef_buscsb4.002.3333 → ef_buscsb4.002.3329</name>
        <description>De: ef_buscsb4.002.3333
Para: ef_buscsb4.002.3329
Distância: 1.01m</description>
        <styleUrl>#edge_style</styleUrl>
        <LineString>
          <coordinates>-41.76502580511094,-3.1223106293024694,0 -41.76501673567111,-3.1223106293024694,0</coordinates>
        </LineString>
      </Placemark>
      <Placemark>
        <name>ef_buscsb4.002.3329 → ef_buscsb4.002.3324</name>
        <description>De: ef_buscsb4.002.3329
Para: ef_buscsb4.002.3324
Distância: 3.00m</description>
        <styleUrl>#edge_style</styleUrl>
        <LineString>
          <coordinates>-41.76501673567111,-3.1223106293024694,0 -41.76498974596823,-3.1223106293024694,0</coordinates>
        </LineString>
      </Placemark>
      <Placemark>
        <name>ef_buscsb4.002.3329 → ef_buscsb3.002.3340</name>
        <description>De: ef_buscsb4.002.3329
Para: ef_buscsb3.002.3340
Distância: 3.45m</description>
        <styleUrl>#edge_style</styleUrl>
        <LineString>
          <coordinates>-41.76501673567111,-3.1223106293024694,0 -41.76501673567111,-3.122341597104905,0</coordinates>
        </LineString>
      </Placemark>
      <Placemark>
        <name>ef_buscsb4.002.3324 → ef_buscsb3.002.3351</name>
        <description>De: ef_buscsb4.002.3324
Para: ef_buscsb3.002.3351
Distância: 3.45m</description>
        <styleUrl>#edge_style</styleUrl>
        <LineString>
          <coordinates>-41.76498974596823,-3.1223106293024694,0 -41.76498974596823,-3.122341597104905,0</coordinates>
        </LineString>
      </Placemark>
      <Placemark>
        <name>ef_buscsb4.002.3324 → ef_buscsb4.002.3335</name>
        <description>De: ef_buscsb4.002.3324
Para: ef_buscsb4.002.3335
Distância: 1.09m</description>
        <styleUrl>#edge_style</styleUrl>
        <LineString>
          <coordinates>-41.76498974596823,-3.1223106293024694,0 -41.76497992531501,-3.1223106293024694,0</coordinates>
        </LineString>
      </Placemark>
      <Placemark>
        <name>ef_busip39.002.3013 → ef_busip39.002.3014</name>
        <description>De: ef_busip39.002.3013
Para: ef_busip39.002.3014
Distância: 2.63m</description>
        <styleUrl>#edge_style</styleUrl>
        <LineString>
          <coordinates>-41.76385284431926,-3.1223112877713928,0 -41.76382918874434,-3.1223112877713928,0</coordinates>
        </LineString>
      </Placemark>
      <Placemark>
        <name>ef_busip39.002.3014 → ef_busip38.002.3024</name>
        <description>De: ef_busip39.002.3014
Para: ef_busip38.002.3024
Distância: 3.77m</description>
        <styleUrl>#edge_style</styleUrl>
        <LineString>
          <coordinates>-41.76382918874434,-3.1223112877713928,0 -41.76382918874434,-3.122345188590246,0</coordinates>
        </LineString>
      </Placemark>
      <Placemark>
        <name>ef_busip39.002.3014 → ef_busip39.002.3017</name>
        <description>De: ef_busip39.002.3014
Para: ef_busip39.002.3017
Distância: 2.42m</description>
        <styleUrl>#edge_style</styleUrl>
        <LineString>
          <coordinates>-41.76382918874434,-3.1223112877713928,0 -41.76380743774279,-3.1223112877713928,0</coordinates>
        </LineString>
      </Placemark>
      <Placemark>
        <name>ef_busip35.002.3048 → ef_busip35.002.3050</name>
        <description>De: ef_busip35.002.3048
Para: ef_busip35.002.3050
Distância: 2.12m</description>
        <styleUrl>#edge_style</styleUrl>
        <LineString>
          <coordinates>-41.76392921618184,-3.1223114180278646,0 -41.76391015785298,-3.1223114180278646,0</coordinates>
        </LineString>
      </Placemark>
      <Placemark>
        <name>ef_busip35.002.3050 → ef_busip34.002.3061</name>
        <description>De: ef_busip35.002.3050
Para: ef_busip34.002.3061
Distância: 3.74m</description>
        <styleUrl>#edge_style</styleUrl>
        <LineString>
          <coordinates>-41.76391015785298,-3.1223114180278646,0 -41.76391015785298,-3.122345024197595,0</coordinates>
        </LineString>
      </Placemark>
      <Placemark>
        <name>ef_busip35.002.3050 → ef_busip35.002.3047</name>
        <description>De: ef_busip35.002.3050
Para: ef_busip35.002.3047
Distância: 2.93m</description>
        <styleUrl>#edge_style</styleUrl>
        <LineString>
          <coordinates>-41.76391015785298,-3.1223114180278646,0 -41.763883809605375,-3.1223114180278646,0</coordinates>
        </LineString>
      </Placemark>
      <Placemark>
        <name>ef_busip7.002.2969 → ef_busip11.002.3271</name>
        <description>De: ef_busip7.002.2969
Para: ef_busip11.002.3271
Distância: 0.55m</description>
        <styleUrl>#edge_style</styleUrl>
        <LineString>
          <coordinates>-41.76543143155622,-3.1223350743997886,0 -41.76542649693888,-3.1223350743997886,0</coordinates>
        </LineString>
      </Placemark>
      <Placemark>
        <name>ef_busip7.002.2969 → ef_busip11.002.2972</name>
        <description>De: ef_busip7.002.2969
Para: ef_busip11.002.2972
Distância: 0.91m</description>
        <styleUrl>#edge_style</styleUrl>
        <LineString>
          <coordinates>-41.76543143155622,-3.1223350743997886,0 -41.76543143155622,-3.1223432050985918,0</coordinates>
        </LineString>
      </Placemark>
      <Placemark>
        <name>ef_busip11.002.3271 → ef_busip11.002.3265</name>
        <description>De: ef_busip11.002.3271
Para: ef_busip11.002.3265
Distância: 2.10m</description>
        <styleUrl>#edge_style</styleUrl>
        <LineString>
          <coordinates>-41.76542649693888,-3.1223350743997886,0 -41.76542649693888,-3.122353966978126,0</coordinates>
        </LineString>
      </Placemark>
      <Placemark>
        <name>ef_busip11.002.3262 → ef_busip14.002.3213</name>
        <description>De: ef_busip11.002.3262
Para: ef_busip14.002.3213
Distância: 5.56m</description>
        <styleUrl>#edge_style</styleUrl>
        <LineString>
          <coordinates>-41.765381091262064,-3.1223350743997886,0 -41.7653311153289,-3.1223350743997886,0</coordinates>
        </LineString>
      </Placemark>
      <Placemark>
        <name>ef_busip11.002.3262 → ef_busip11.002.3263</name>
        <description>De: ef_busip11.002.3262
Para: ef_busip11.002.3263
Distância: 2.10m</description>
        <styleUrl>#edge_style</styleUrl>
        <LineString>
          <coordinates>-41.765381091262064,-3.1223350743997886,0 -41.765381091262064,-3.122353966978126,0</coordinates>
        </LineString>
      </Placemark>
      <Placemark>
        <name>ef_busip14.002.3213 → ef_busip14.002.3208</name>
        <description>De: ef_busip14.002.3213
Para: ef_busip14.002.3208
Distância: 1.96m</description>
        <styleUrl>#edge_style</styleUrl>
        <LineString>
          <coordinates>-41.7653311153289,-3.1223350743997886,0 -41.7653311153289,-3.12235268687142,0</coordinates>
        </LineString>
      </Placemark>
      <Placemark>
        <name>ef_busip14.002.3214 → ef_busip17.002.3183</name>
        <description>De: ef_busip14.002.3214
Para: ef_busip17.002.3183
Distância: 2.53m</description>
        <styleUrl>#edge_style</styleUrl>
        <LineString>
          <coordinates>-41.76528570965208,-3.1223350743997886,0 -41.76526297622535,-3.1223350743997886,0</coordinates>
        </LineString>
      </Placemark>
      <Placemark>
        <name>ef_busip14.002.3214 → ef_busip14.002.3206</name>
        <description>De: ef_busip14.002.3214
Para: ef_busip14.002.3206
Distância: 1.96m</description>
        <styleUrl>#edge_style</styleUrl>
        <LineString>
          <coordinates>-41.76528570965208,-3.1223350743997886,0 -41.76528570965208,-3.12235268687142,0</coordinates>
        </LineString>
      </Placemark>
      <Placemark>
        <name>ef_busip17.002.3183 → ef_busip17.002.3173</name>
        <description>De: ef_busip17.002.3183
Para: ef_busip17.002.3173
Distância: 1.95m</description>
        <styleUrl>#edge_style</styleUrl>
        <LineString>
          <coordinates>-41.76526297622535,-3.1223350743997886,0 -41.76526297622535,-3.122352570988076,0</coordinates>
        </LineString>
      </Placemark>
      <Placemark>
        <name>ef_busip17.002.3175 → ef_busip17.002.3174</name>
        <description>De: ef_busip17.002.3175
Para: ef_busip17.002.3174
Distância: 1.95m</description>
        <styleUrl>#edge_style</styleUrl>
        <LineString>
          <coordinates>-41.765217569648875,-3.1223350743997886,0 -41.765217569648875,-3.122352570988076,0</coordinates>
        </LineString>
      </Placemark>
      <Placemark>
        <name>ef_busip17.002.3175 → ef_ip2.002.2875</name>
        <description>De: ef_busip17.002.3175
Para: ef_ip2.002.2875
Distância: 2.75m</description>
        <styleUrl>#edge_style</styleUrl>
        <LineString>
          <coordinates>-41.765217569648875,-3.1223350743997886,0 -41.76519278500472,-3.1223350743997886,0</coordinates>
        </LineString>
      </Placemark>
      <Placemark>
        <name>ef_ip2.002.2875 → ef_ip2.002.2873</name>
        <description>De: ef_ip2.002.2875
Para: ef_ip2.002.2873
Distância: 1.97m</description>
        <styleUrl>#edge_style</styleUrl>
        <LineString>
          <coordinates>-41.76519278500472,-3.1223350743997886,0 -41.76519278500472,-3.1223527820933925,0</coordinates>
        </LineString>
      </Placemark>
      <Placemark>
        <name>ef_ip2.002.2880 → ef_secv2.002.2805</name>
        <description>De: ef_ip2.002.2880
Para: ef_secv2.002.2805
Distância: 1.42m</description>
        <styleUrl>#edge_style</styleUrl>
        <LineString>
          <coordinates>-41.76514730285708,-3.1223350743997886,0 -41.76513457001492,-3.1223350743997886,0</coordinates>
        </LineString>
      </Placemark>
      <Placemark>
        <name>ef_ip2.002.2880 → ef_ip2.002.2882</name>
        <description>De: ef_ip2.002.2880
Para: ef_ip2.002.2882
Distância: 1.97m</description>
        <styleUrl>#edge_style</styleUrl>
        <LineString>
          <coordinates>-41.76514730285708,-3.1223350743997886,0 -41.76514730285708,-3.1223527820933925,0</coordinates>
        </LineString>
      </Placemark>
      <Placemark>
        <name>ef_secv2.002.2805 → ef_secv2.002.2807</name>
        <description>De: ef_secv2.002.2805
Para: ef_secv2.002.2807
Distância: 2.23m</description>
        <styleUrl>#edge_style</styleUrl>
        <LineString>
          <coordinates>-41.76513457001492,-3.1223350743997886,0 -41.76513457001492,-3.1223550826921813,0</coordinates>
        </LineString>
      </Placemark>
      <Placemark>
        <name>ef_secv2.002.2811 → ef_busip22.002.3147</name>
        <description>De: ef_secv2.002.2811
Para: ef_busip22.002.3147
Distância: 15.21m</description>
        <styleUrl>#edge_style</styleUrl>
        <LineString>
          <coordinates>-41.765088690218995,-3.1223350743997886,0 -41.76495185872298,-3.1223350743997886,0</coordinates>
        </LineString>
      </Placemark>
      <Placemark>
        <name>ef_secv2.002.2811 → ef_secv2.002.2806</name>
        <description>De: ef_secv2.002.2811
Para: ef_secv2.002.2806
Distância: 2.23m</description>
        <styleUrl>#edge_style</styleUrl>
        <LineString>
          <coordinates>-41.765088690218995,-3.1223350743997886,0 -41.765088690218995,-3.1223550826921813,0</coordinates>
        </LineString>
      </Placemark>
      <Placemark>
        <name>ef_busip22.002.3147 → ef_busip21.002.3133</name>
        <description>De: ef_busip22.002.3147
Para: ef_busip21.002.3133
Distância: 3.00m</description>
        <styleUrl>#edge_style</styleUrl>
        <LineString>
          <coordinates>-41.76495185872298,-3.1223350743997886,0 -41.76495185872298,-3.122362024014649,0</coordinates>
        </LineString>
      </Placemark>
      <Placemark>
        <name>ef_busip22.002.3153 → ef_busip21.002.3148</name>
        <description>De: ef_busip22.002.3153
Para: ef_busip21.002.3148
Distância: 3.00m</description>
        <styleUrl>#edge_style</styleUrl>
        <LineString>
          <coordinates>-41.76490616605566,-3.1223350743997886,0 -41.76490616605566,-3.122362024014649,0</coordinates>
        </LineString>
      </Placemark>
      <Placemark>
        <name>ef_busip22.002.3153 → ef_busip28.002.3100</name>
        <description>De: ef_busip22.002.3153
Para: ef_busip28.002.3100
Distância: 3.35m</description>
        <styleUrl>#edge_style</styleUrl>
        <LineString>
          <coordinates>-41.76490616605566,-3.1223350743997886,0 -41.76487598886887,-3.1223350743997886,0</coordinates>
        </LineString>
      </Placemark>
      <Placemark>
        <name>ef_busip28.002.3100 → ef_busip27.002.3090</name>
        <description>De: ef_busip28.002.3100
Para: ef_busip27.002.3090
Distância: 3.00m</description>
        <styleUrl>#edge_style</styleUrl>
        <LineString>
          <coordinates>-41.76487598886887,-3.1223350743997886,0 -41.76487598886887,-3.122362024014649,0</coordinates>
        </LineString>
      </Placemark>
      <Placemark>
        <name>ef_busip28.002.3091 → ef_busip27.002.3105</name>
        <description>De: ef_busip28.002.3091
Para: ef_busip27.002.3105
Distância: 3.00m</description>
        <styleUrl>#edge_style</styleUrl>
        <LineString>
          <coordinates>-41.76483022153004,-3.1223350743997886,0 -41.76483022153004,-3.122362024014649,0</coordinates>
        </LineString>
      </Placemark>
      <Placemark>
        <name>ef_busip28.002.3091 → ef_disjuntor2.002.2931</name>
        <description>De: ef_busip28.002.3091
Para: ef_disjuntor2.002.2931
Distância: 4.63m</description>
        <styleUrl>#edge_style</styleUrl>
        <LineString>
          <coordinates>-41.76483022153004,-3.1223350743997886,0 -41.764788600709224,-3.1223350743997886,0</coordinates>
        </LineString>
      </Placemark>
      <Placemark>
        <name>ef_disjuntor2.002.2931 → ef_disjuntor1.002.2929</name>
        <description>De: ef_disjuntor2.002.2931
Para: ef_disjuntor1.002.2929
Distância: 3.00m</description>
        <styleUrl>#edge_style</styleUrl>
        <LineString>
          <coordinates>-41.764788600709224,-3.1223350743997886,0 -41.764788600709224,-3.122362024014649,0</coordinates>
        </LineString>
      </Placemark>
      <Placemark>
        <name>ef_disjuntor2.002.2937 → ef_disjuntor1.002.2950</name>
        <description>De: ef_disjuntor2.002.2937
Para: ef_disjuntor1.002.2950
Distância: 3.00m</description>
        <styleUrl>#edge_style</styleUrl>
        <LineString>
          <coordinates>-41.76473909889517,-3.1223350743997886,0 -41.76473909889517,-3.122362024014649,0</coordinates>
        </LineString>
      </Placemark>
      <Placemark>
        <name>ef_disjuntor2.002.2937 → ef_tc2.002.2743</name>
        <description>De: ef_disjuntor2.002.2937
Para: ef_tc2.002.2743
Distância: 2.00m</description>
        <styleUrl>#edge_style</styleUrl>
        <LineString>
          <coordinates>-41.76473909889517,-3.1223350743997886,0 -41.76472107966987,-3.1223350743997886,0</coordinates>
        </LineString>
      </Placemark>
      <Placemark>
        <name>ef_tc2.002.2743 → ef_tc2.002.2736</name>
        <description>De: ef_tc2.002.2743
Para: ef_tc2.002.2736
Distância: 1.86m</description>
        <styleUrl>#edge_style</styleUrl>
        <LineString>
          <coordinates>-41.76472107966987,-3.1223350743997886,0 -41.76472107966987,-3.1223517804660403,0</coordinates>
        </LineString>
      </Placemark>
      <Placemark>
        <name>ef_tc2.002.2740 → ef_tc2.002.2741</name>
        <description>De: ef_tc2.002.2740
Para: ef_tc2.002.2741
Distância: 1.86m</description>
        <styleUrl>#edge_style</styleUrl>
        <LineString>
          <coordinates>-41.76467242173386,-3.1223350743997886,0 -41.76467242173386,-3.1223517804660403,0</coordinates>
        </LineString>
      </Placemark>
      <Placemark>
        <name>ef_tc2.002.2740 → ef_sech2.002.2843</name>
        <description>De: ef_tc2.002.2740
Para: ef_sech2.002.2843
Distância: 1.27m</description>
        <styleUrl>#edge_style</styleUrl>
        <LineString>
          <coordinates>-41.76467242173386,-3.1223350743997886,0 -41.76466099249435,-3.1223350743997886,0</coordinates>
        </LineString>
      </Placemark>
      <Placemark>
        <name>ef_sech2.002.2843 → ef_sech1.002.2856</name>
        <description>De: ef_sech2.002.2843
Para: ef_sech1.002.2856
Distância: 3.00m</description>
        <styleUrl>#edge_style</styleUrl>
        <LineString>
          <coordinates>-41.76466099249435,-3.1223350743997886,0 -41.76466099249435,-3.122362024014649,0</coordinates>
        </LineString>
      </Placemark>
      <Placemark>
        <name>ef_sech2.002.2851 → ef_sech1.002.2850</name>
        <description>De: ef_sech2.002.2851
Para: ef_sech1.002.2850
Distância: 3.00m</description>
        <styleUrl>#edge_style</styleUrl>
        <LineString>
          <coordinates>-41.76461523415208,-3.1223350743997886,0 -41.76461523415208,-3.122362024014649,0</coordinates>
        </LineString>
      </Placemark>
      <Placemark>
        <name>ef_sech2.002.2851 → ef_secv5.002.2771</name>
        <description>De: ef_sech2.002.2851
Para: ef_secv5.002.2771
Distância: 7.76m</description>
        <styleUrl>#edge_style</styleUrl>
        <LineString>
          <coordinates>-41.76461523415208,-3.1223350743997886,0 -41.764545421686954,-3.1223350743997886,0</coordinates>
        </LineString>
      </Placemark>
      <Placemark>
        <name>ef_secv5.002.2771 → ef_secv5.002.2769</name>
        <description>De: ef_secv5.002.2771
Para: ef_secv5.002.2769
Distância: 2.11m</description>
        <styleUrl>#edge_style</styleUrl>
        <LineString>
          <coordinates>-41.764545421686954,-3.1223350743997886,0 -41.764545421686954,-3.122354073878265,0</coordinates>
        </LineString>
      </Placemark>
      <Placemark>
        <name>ef_secv5.002.2768 → ef_disjuntor5.002.2911</name>
        <description>De: ef_secv5.002.2768
Para: ef_disjuntor5.002.2911
Distância: 2.48m</description>
        <styleUrl>#edge_style</styleUrl>
        <LineString>
          <coordinates>-41.76449954279068,-3.1223350743997886,0 -41.764477214209485,-3.1223350743997886,0</coordinates>
        </LineString>
      </Placemark>
      <Placemark>
        <name>ef_secv5.002.2768 → ef_secv5.002.2776</name>
        <description>De: ef_secv5.002.2768
Para: ef_secv5.002.2776
Distância: 2.11m</description>
        <styleUrl>#edge_style</styleUrl>
        <LineString>
          <coordinates>-41.76449954279068,-3.1223350743997886,0 -41.76449954279068,-3.122354073878265,0</coordinates>
        </LineString>
      </Placemark>
      <Placemark>
        <name>ef_disjuntor5.002.2911 → ef_disjuntor4.002.2926</name>
        <description>De: ef_disjuntor5.002.2911
Para: ef_disjuntor4.002.2926
Distância: 3.00m</description>
        <styleUrl>#edge_style</styleUrl>
        <LineString>
          <coordinates>-41.764477214209485,-3.1223350743997886,0 -41.764477214209485,-3.122362024014649,0</coordinates>
        </LineString>
      </Placemark>
      <Placemark>
        <name>ef_disjuntor5.002.2920 → ef_disjuntor4.002.2917</name>
        <description>De: ef_disjuntor5.002.2920
Para: ef_disjuntor4.002.2917
Distância: 3.00m</description>
        <styleUrl>#edge_style</styleUrl>
        <LineString>
          <coordinates>-41.76442771239543,-3.1223350743997886,0 -41.76442771239543,-3.122362024014649,0</coordinates>
        </LineString>
      </Placemark>
      <Placemark>
        <name>ef_disjuntor5.002.2920 → ef_tc5.002.2709</name>
        <description>De: ef_disjuntor5.002.2920
Para: ef_tc5.002.2709
Distância: 3.12m</description>
        <styleUrl>#edge_style</styleUrl>
        <LineString>
          <coordinates>-41.76442771239543,-3.1223350743997886,0 -41.764399685388305,-3.1223350743997886,0</coordinates>
        </LineString>
      </Placemark>
      <Placemark>
        <name>ef_tc5.002.2709 → ef_tc5.002.2702</name>
        <description>De: ef_tc5.002.2709
Para: ef_tc5.002.2702
Distância: 1.86m</description>
        <styleUrl>#edge_style</styleUrl>
        <LineString>
          <coordinates>-41.764399685388305,-3.1223350743997886,0 -41.764399685388305,-3.122351759804669,0</coordinates>
        </LineString>
      </Placemark>
      <Placemark>
        <name>ef_tc5.002.2705 → ef_tc5.002.2708</name>
        <description>De: ef_tc5.002.2705
Para: ef_tc5.002.2708
Distância: 1.86m</description>
        <styleUrl>#edge_style</styleUrl>
        <LineString>
          <coordinates>-41.76435102745229,-3.1223350743997886,0 -41.76435102745229,-3.122351759804669,0</coordinates>
        </LineString>
      </Placemark>
      <Placemark>
        <name>ef_tc5.002.2705 → ef_sech5.002.2833</name>
        <description>De: ef_tc5.002.2705
Para: ef_sech5.002.2833
Distância: 1.40m</description>
        <styleUrl>#edge_style</styleUrl>
        <LineString>
          <coordinates>-41.76435102745229,-3.1223350743997886,0 -41.764338471842514,-3.1223350743997886,0</coordinates>
        </LineString>
      </Placemark>
      <Placemark>
        <name>ef_sech5.002.2833 → ef_sech4.002.2830</name>
        <description>De: ef_sech5.002.2833
Para: ef_sech4.002.2830
Distância: 3.00m</description>
        <styleUrl>#edge_style</styleUrl>
        <LineString>
          <coordinates>-41.764338471842514,-3.1223350743997886,0 -41.764338471842514,-3.122362024014649,0</coordinates>
        </LineString>
      </Placemark>
      <Placemark>
        <name>ef_buscsb3.002.3346 → ef_buscsb3.002.3340</name>
        <description>De: ef_buscsb3.002.3346
Para: ef_buscsb3.002.3340
Distância: 0.99m</description>
        <styleUrl>#edge_style</styleUrl>
        <LineString>
          <coordinates>-41.76502566566414,-3.122341597104905,0 -41.76501673567111,-3.122341597104905,0</coordinates>
        </LineString>
      </Placemark>
      <Placemark>
        <name>ef_buscsb3.002.3346 → ef_buscsb3.002.3338</name>
        <description>De: ef_buscsb3.002.3346
Para: ef_buscsb3.002.3338
Distância: 2.27m</description>
        <styleUrl>#edge_style</styleUrl>
        <LineString>
          <coordinates>-41.76502566566414,-3.122341597104905,0 -41.76502566566414,-3.122362024014649,0</coordinates>
        </LineString>
      </Placemark>
      <Placemark>
        <name>ef_buscsb3.002.3340 → ef_buscsb3.002.3351</name>
        <description>De: ef_buscsb3.002.3340
Para: ef_buscsb3.002.3351
Distância: 3.00m</description>
        <styleUrl>#edge_style</styleUrl>
        <LineString>
          <coordinates>-41.76501673567111,-3.122341597104905,0 -41.76498974596823,-3.122341597104905,0</coordinates>
        </LineString>
      </Placemark>
      <Placemark>
        <name>ef_buscsb3.002.3351 → ef_buscsb3.002.3342</name>
        <description>De: ef_buscsb3.002.3351
Para: ef_buscsb3.002.3342
Distância: 1.12m</description>
        <styleUrl>#edge_style</styleUrl>
        <LineString>
          <coordinates>-41.76498974596823,-3.122341597104905,0 -41.76497963922416,-3.122341597104905,0</coordinates>
        </LineString>
      </Placemark>
      <Placemark>
        <name>ef_buscsb3.002.3342 → ef_buscsb3.002.3339</name>
        <description>De: ef_buscsb3.002.3342
Para: ef_buscsb3.002.3339
Distância: 2.27m</description>
        <styleUrl>#edge_style</styleUrl>
        <LineString>
          <coordinates>-41.76497963922416,-3.122341597104905,0 -41.76497963922416,-3.122362024014649,0</coordinates>
        </LineString>
      </Placemark>
      <Placemark>
        <name>ef_busip7.002.2978 → ef_busip7.002.2975</name>
        <description>De: ef_busip7.002.2978
Para: ef_busip7.002.2975
Distância: 0.14m</description>
        <styleUrl>#edge_style</styleUrl>
        <LineString>
          <coordinates>-41.76547683723304,-3.1223432050985918,0 -41.76547556062009,-3.1223432050985918,0</coordinates>
        </LineString>
      </Placemark>
      <Placemark>
        <name>ef_busip7.002.2975 → ef_busip6.002.2985</name>
        <description>De: ef_busip7.002.2975
Para: ef_busip6.002.2985
Distância: 4.37m</description>
        <styleUrl>#edge_style</styleUrl>
        <LineString>
          <coordinates>-41.76547556062009,-3.1223432050985918,0 -41.76547556062009,-3.1223824536193536,0</coordinates>
        </LineString>
      </Placemark>
      <Placemark>
        <name>ef_busip7.002.2975 → ef_busip7.002.2974</name>
        <description>De: ef_busip7.002.2975
Para: ef_busip7.002.2974
Distância: 3.00m</description>
        <styleUrl>#edge_style</styleUrl>
        <LineString>
          <coordinates>-41.76547556062009,-3.1223432050985918,0 -41.76544857091721,-3.1223432050985918,0</coordinates>
        </LineString>
      </Placemark>
      <Placemark>
        <name>ef_busip7.002.2974 → ef_busip11.002.2972</name>
        <description>De: ef_busip7.002.2974
Para: ef_busip11.002.2972
Distância: 1.91m</description>
        <styleUrl>#edge_style</styleUrl>
        <LineString>
          <coordinates>-41.76544857091721,-3.1223432050985918,0 -41.76543143155622,-3.1223432050985918,0</coordinates>
        </LineString>
      </Placemark>
      <Placemark>
        <name>ef_busip7.002.2974 → ef_busip6.002.2982</name>
        <description>De: ef_busip7.002.2974
Para: ef_busip6.002.2982
Distância: 4.37m</description>
        <styleUrl>#edge_style</styleUrl>
        <LineString>
          <coordinates>-41.76544857091721,-3.1223432050985918,0 -41.76544857091721,-3.1223824536193536,0</coordinates>
        </LineString>
      </Placemark>
      <Placemark>
        <name>ef_busip7.002.2974 → pp_1</name>
        <description>De: ef_busip7.002.2974
Para: pp_1
Distância: 2.09m</description>
        <styleUrl>#edge_style</styleUrl>
        <LineString>
          <coordinates>-41.76544857091721,-3.1223432050985918,0 -41.76544857091721,-3.122362024014649,0</coordinates>
        </LineString>
      </Placemark>
      <Placemark>
        <name>ef_buscsb8.002.3283 → ef_buscsb8.002.3291</name>
        <description>De: ef_buscsb8.002.3283
Para: ef_buscsb8.002.3291
Distância: 5.10m</description>
        <styleUrl>#edge_style</styleUrl>
        <LineString>
          <coordinates>-41.76400210457345,-3.122343404525742,0 -41.76395622567718,-3.122343404525742,0</coordinates>
        </LineString>
      </Placemark>
      <Placemark>
        <name>ef_buscsb8.002.3283 → ef_buscsb8.002.3292</name>
        <description>De: ef_buscsb8.002.3283
Para: ef_buscsb8.002.3292
Distância: 2.07m</description>
        <styleUrl>#edge_style</styleUrl>
        <LineString>
          <coordinates>-41.76400210457345,-3.122343404525742,0 -41.76400210457345,-3.122362024014649,0</coordinates>
        </LineString>
      </Placemark>
      <Placemark>
        <name>ef_buscsb8.002.3291 → ef_buscsb8.002.3287</name>
        <description>De: ef_buscsb8.002.3291
Para: ef_buscsb8.002.3287
Distância: 2.07m</description>
        <styleUrl>#edge_style</styleUrl>
        <LineString>
          <coordinates>-41.76395622567718,-3.122343404525742,0 -41.76395622567718,-3.122362024014649,0</coordinates>
        </LineString>
      </Placemark>
      <Placemark>
        <name>ef_busip34.002.3056 → ef_busip34.002.3061</name>
        <description>De: ef_busip34.002.3056
Para: ef_busip34.002.3061
Distância: 2.10m</description>
        <styleUrl>#edge_style</styleUrl>
        <LineString>
          <coordinates>-41.76392907403608,-3.122345024197595,0 -41.76391015785298,-3.122345024197595,0</coordinates>
        </LineString>
      </Placemark>
      <Placemark>
        <name>ef_busip34.002.3056 → ef_busip34.002.3062</name>
        <description>De: ef_busip34.002.3056
Para: ef_busip34.002.3062
Distância: 1.89m</description>
        <styleUrl>#edge_style</styleUrl>
        <LineString>
          <coordinates>-41.76392907403608,-3.122345024197595,0 -41.76392907403608,-3.122362024014649,0</coordinates>
        </LineString>
      </Placemark>
      <Placemark>
        <name>ef_busip34.002.3061 → ef_busip34.002.3063</name>
        <description>De: ef_busip34.002.3061
Para: ef_busip34.002.3063
Distância: 2.94m</description>
        <styleUrl>#edge_style</styleUrl>
        <LineString>
          <coordinates>-41.76391015785298,-3.122345024197595,0 -41.76388366835926,-3.122345024197595,0</coordinates>
        </LineString>
      </Placemark>
      <Placemark>
        <name>ef_busip34.002.3063 → ef_busip34.002.3060</name>
        <description>De: ef_busip34.002.3063
Para: ef_busip34.002.3060
Distância: 1.89m</description>
        <styleUrl>#edge_style</styleUrl>
        <LineString>
          <coordinates>-41.76388366835926,-3.122345024197595,0 -41.76388366835926,-3.122362024014649,0</coordinates>
        </LineString>
      </Placemark>
      <Placemark>
        <name>ef_busip38.002.3026 → ef_busip38.002.3025</name>
        <description>De: ef_busip38.002.3026
Para: ef_busip38.002.3025
Distância: 1.87m</description>
        <styleUrl>#edge_style</styleUrl>
        <LineString>
          <coordinates>-41.763852702173494,-3.122345188590246,0 -41.763852702173494,-3.122362024014649,0</coordinates>
        </LineString>
      </Placemark>
      <Placemark>
        <name>ef_busip38.002.3026 → ef_busip38.002.3024</name>
        <description>De: ef_busip38.002.3026
Para: ef_busip38.002.3024
Distância: 2.61m</description>
        <styleUrl>#edge_style</styleUrl>
        <LineString>
          <coordinates>-41.763852702173494,-3.122345188590246,0 -41.76382918874434,-3.122345188590246,0</coordinates>
        </LineString>
      </Placemark>
      <Placemark>
        <name>ef_busip38.002.3024 → ef_busip38.002.3022</name>
        <description>De: ef_busip38.002.3024
Para: ef_busip38.002.3022
Distância: 2.43m</description>
        <styleUrl>#edge_style</styleUrl>
        <LineString>
          <coordinates>-41.76382918874434,-3.122345188590246,0 -41.76380729559702,-3.122345188590246,0</coordinates>
        </LineString>
      </Placemark>
      <Placemark>
        <name>ef_busip38.002.3022 → ef_busip38.002.3027</name>
        <description>De: ef_busip38.002.3022
Para: ef_busip38.002.3027
Distância: 5.45m</description>
        <styleUrl>#edge_style</styleUrl>
        <LineString>
          <coordinates>-41.76380729559702,-3.122345188590246,0 -41.76380729559702,-3.1223941272941906,0</coordinates>
        </LineString>
      </Placemark>
      <Placemark>
        <name>ef_busip3.002.3108 → ef_busip3.003.3110</name>
        <description>De: ef_busip3.002.3108
Para: ef_busip3.003.3110
Distância: 5.55m</description>
        <styleUrl>#edge_style</styleUrl>
        <LineString>
          <coordinates>-41.76552946265537,-3.122345421255254,0 -41.76552946265537,-3.1223952933141934,0</coordinates>
        </LineString>
      </Placemark>
      <Placemark>
        <name>ef_busip3.002.3108 → ef_busip3.002.3106</name>
        <description>De: ef_busip3.002.3108
Para: ef_busip3.002.3106
Distância: 2.99m</description>
        <styleUrl>#edge_style</styleUrl>
        <LineString>
          <coordinates>-41.76552946265537,-3.122345421255254,0 -41.76550255032297,-3.122345421255254,0</coordinates>
        </LineString>
      </Placemark>
      <Placemark>
        <name>ef_busip3.002.3106 → ef_busip3.002.3109</name>
        <description>De: ef_busip3.002.3106
Para: ef_busip3.002.3109
Distância: 2.07m</description>
        <styleUrl>#edge_style</styleUrl>
        <LineString>
          <coordinates>-41.76550255032297,-3.122345421255254,0 -41.76548395801631,-3.122345421255254,0</coordinates>
        </LineString>
      </Placemark>
      <Placemark>
        <name>ef_busip3.002.3109 → ef_busip3.002.3113</name>
        <description>De: ef_busip3.002.3109
Para: ef_busip3.002.3113
Distância: 1.85m</description>
        <styleUrl>#edge_style</styleUrl>
        <LineString>
          <coordinates>-41.76548395801631,-3.122345421255254,0 -41.76548395801631,-3.122362024014649,0</coordinates>
        </LineString>
      </Placemark>
      <Placemark>
        <name>ef_tc5.002.2702 → ef_tc5.002.2699</name>
        <description>De: ef_tc5.002.2702
Para: ef_tc5.002.2699
Distância: 0.41m</description>
        <styleUrl>#edge_style</styleUrl>
        <LineString>
          <coordinates>-41.764399685388305,-3.122351759804669,0 -41.76439597250484,-3.122351759804669,0</coordinates>
        </LineString>
      </Placemark>
      <Placemark>
        <name>ef_tc5.002.2699 → ef_tc5.002.2698</name>
        <description>De: ef_tc5.002.2699
Para: ef_tc5.002.2698
Distância: 3.00m</description>
        <styleUrl>#edge_style</styleUrl>
        <LineString>
          <coordinates>-41.76439597250484,-3.122351759804669,0 -41.76436898280196,-3.122351759804669,0</coordinates>
        </LineString>
      </Placemark>
      <Placemark>
        <name>ef_tc5.002.2699 → ef_tc4.002.2717</name>
        <description>De: ef_tc5.002.2699
Para: ef_tc4.002.2717
Distância: 1.64m</description>
        <styleUrl>#edge_style</styleUrl>
        <LineString>
          <coordinates>-41.76439597250484,-3.122351759804669,0 -41.76439597250484,-3.122366493159113,0</coordinates>
        </LineString>
      </Placemark>
      <Placemark>
        <name>ef_tc5.002.2698 → ef_tc5.002.2708</name>
        <description>De: ef_tc5.002.2698
Para: ef_tc5.002.2708
Distância: 2.00m</description>
        <styleUrl>#edge_style</styleUrl>
        <LineString>
          <coordinates>-41.76436898280196,-3.122351759804669,0 -41.76435102745229,-3.122351759804669,0</coordinates>
        </LineString>
      </Placemark>
      <Placemark>
        <name>ef_tc5.002.2698 → ef_tc4.002.2710</name>
        <description>De: ef_tc5.002.2698
Para: ef_tc4.002.2710
Distância: 1.64m</description>
        <styleUrl>#edge_style</styleUrl>
        <LineString>
          <coordinates>-41.76436898280196,-3.122351759804669,0 -41.76436898280196,-3.122366493159113,0</coordinates>
        </LineString>
      </Placemark>
      <Placemark>
        <name>ef_tc2.002.2736 → ef_tc2.002.2739</name>
        <description>De: ef_tc2.002.2736
Para: ef_tc2.002.2739
Distância: 0.14m</description>
        <styleUrl>#edge_style</styleUrl>
        <LineString>
          <coordinates>-41.76472107966987,-3.1223517804660403,0 -41.76471984893942,-3.1223517804660403,0</coordinates>
        </LineString>
      </Placemark>
      <Placemark>
        <name>ef_tc2.002.2739 → ef_tc1.002.2754</name>
        <description>De: ef_tc2.002.2739
Para: ef_tc1.002.2754
Distância: 1.71m</description>
        <styleUrl>#edge_style</styleUrl>
        <LineString>
          <coordinates>-41.76471984893942,-3.1223517804660403,0 -41.76471984893942,-3.122367169594446,0</coordinates>
        </LineString>
      </Placemark>
      <Placemark>
        <name>ef_tc2.002.2739 → ef_tc2.002.2734</name>
        <description>De: ef_tc2.002.2739
Para: ef_tc2.002.2734
Distância: 3.00m</description>
        <styleUrl>#edge_style</styleUrl>
        <LineString>
          <coordinates>-41.76471984893942,-3.1223517804660403,0 -41.76469285923654,-3.1223517804660403,0</coordinates>
        </LineString>
      </Placemark>
      <Placemark>
        <name>ef_tc2.002.2734 → ef_tc2.002.2741</name>
        <description>De: ef_tc2.002.2734
Para: ef_tc2.002.2741
Distância: 2.27m</description>
        <styleUrl>#edge_style</styleUrl>
        <LineString>
          <coordinates>-41.76469285923654,-3.1223517804660403,0 -41.76467242173386,-3.1223517804660403,0</coordinates>
        </LineString>
      </Placemark>
      <Placemark>
        <name>ef_tc2.002.2734 → ef_tc1.002.2750</name>
        <description>De: ef_tc2.002.2734
Para: ef_tc1.002.2750
Distância: 1.71m</description>
        <styleUrl>#edge_style</styleUrl>
        <LineString>
          <coordinates>-41.76469285923654,-3.1223517804660403,0 -41.76469285923654,-3.122367169594446,0</coordinates>
        </LineString>
      </Placemark>
      <Placemark>
        <name>ef_busip17.002.3173 → ef_busip17.002.3182</name>
        <description>De: ef_busip17.002.3173
Para: ef_busip17.002.3182
Distância: 0.37m</description>
        <styleUrl>#edge_style</styleUrl>
        <LineString>
          <coordinates>-41.76526297622535,-3.122352570988076,0 -41.765259642997044,-3.122352570988076,0</coordinates>
        </LineString>
      </Placemark>
      <Placemark>
        <name>ef_busip17.002.3182 → ef_busip16.002.3188</name>
        <description>De: ef_busip17.002.3182
Para: ef_busip16.002.3188
Distância: 2.10m</description>
        <styleUrl>#edge_style</styleUrl>
        <LineString>
          <coordinates>-41.765259642997044,-3.122352570988076,0 -41.765259642997044,-3.1223714321251963,0</coordinates>
        </LineString>
      </Placemark>
      <Placemark>
        <name>ef_busip17.002.3182 → ef_busip17.002.3177</name>
        <description>De: ef_busip17.002.3182
Para: ef_busip17.002.3177
Distância: 3.00m</description>
        <styleUrl>#edge_style</styleUrl>
        <LineString>
          <coordinates>-41.765259642997044,-3.122352570988076,0 -41.76523265329416,-3.122352570988076,0</coordinates>
        </LineString>
      </Placemark>
      <Placemark>
        <name>ef_busip17.002.3177 → ef_busip17.002.3174</name>
        <description>De: ef_busip17.002.3177
Para: ef_busip17.002.3174
Distância: 1.68m</description>
        <styleUrl>#edge_style</styleUrl>
        <LineString>
          <coordinates>-41.76523265329416,-3.122352570988076,0 -41.765217569648875,-3.122352570988076,0</coordinates>
        </LineString>
      </Placemark>
      <Placemark>
        <name>ef_busip17.002.3177 → ef_busip16.002.3187</name>
        <description>De: ef_busip17.002.3177
Para: ef_busip16.002.3187
Distância: 2.10m</description>
        <styleUrl>#edge_style</styleUrl>
        <LineString>
          <coordinates>-41.76523265329416,-3.122352570988076,0 -41.76523265329416,-3.1223714321251963,0</coordinates>
        </LineString>
      </Placemark>
      <Placemark>
        <name>ef_busip14.002.3208 → ef_busip14.002.3207</name>
        <description>De: ef_busip14.002.3208
Para: ef_busip14.002.3207
Distância: 1.94m</description>
        <styleUrl>#edge_style</styleUrl>
        <LineString>
          <coordinates>-41.7653311153289,-3.12235268687142,0 -41.76531362240281,-3.12235268687142,0</coordinates>
        </LineString>
      </Placemark>
      <Placemark>
        <name>ef_busip14.002.3207 → ef_busip13.002.3244</name>
        <description>De: ef_busip14.002.3207
Para: ef_busip13.002.3244
Distância: 2.10m</description>
        <styleUrl>#edge_style</styleUrl>
        <LineString>
          <coordinates>-41.76531362240281,-3.12235268687142,0 -41.76531362240281,-3.1223715489068606,0</coordinates>
        </LineString>
      </Placemark>
      <Placemark>
        <name>ef_busip14.002.3207 → ef_busip14.002.3216</name>
        <description>De: ef_busip14.002.3207
Para: ef_busip14.002.3216
Distância: 3.00m</description>
        <styleUrl>#edge_style</styleUrl>
        <LineString>
          <coordinates>-41.76531362240281,-3.12235268687142,0 -41.765286632699926,-3.12235268687142,0</coordinates>
        </LineString>
      </Placemark>
      <Placemark>
        <name>ef_busip14.002.3216 → ef_busip13.002.3246</name>
        <description>De: ef_busip14.002.3216
Para: ef_busip13.002.3246
Distância: 2.10m</description>
        <styleUrl>#edge_style</styleUrl>
        <LineString>
          <coordinates>-41.765286632699926,-3.12235268687142,0 -41.765286632699926,-3.1223715489068606,0</coordinates>
        </LineString>
      </Placemark>
      <Placemark>
        <name>ef_busip14.002.3216 → ef_busip14.002.3206</name>
        <description>De: ef_busip14.002.3216
Para: ef_busip14.002.3206
Distância: 0.10m</description>
        <styleUrl>#edge_style</styleUrl>
        <LineString>
          <coordinates>-41.765286632699926,-3.12235268687142,0 -41.76528570965208,-3.12235268687142,0</coordinates>
        </LineString>
      </Placemark>
      <Placemark>
        <name>ef_ip2.002.2873 → ef_ip2.002.2877</name>
        <description>De: ef_ip2.002.2873
Para: ef_ip2.002.2877
Distância: 1.57m</description>
        <styleUrl>#edge_style</styleUrl>
        <LineString>
          <coordinates>-41.76519278500472,-3.1223527820933925,0 -41.7651786738884,-3.1223527820933925,0</coordinates>
        </LineString>
      </Placemark>
      <Placemark>
        <name>ef_ip2.002.2877 → ef_ip4.001.2893</name>
        <description>De: ef_ip2.002.2877
Para: ef_ip4.001.2893
Distância: 2.04m</description>
        <styleUrl>#edge_style</styleUrl>
        <LineString>
          <coordinates>-41.7651786738884,-3.1223527820933925,0 -41.7651786738884,-3.1223711114247794,0</coordinates>
        </LineString>
      </Placemark>
      <Placemark>
        <name>ef_ip2.002.2877 → ef_ip2.002.2881</name>
        <description>De: ef_ip2.002.2877
Para: ef_ip2.002.2881
Distância: 3.00m</description>
        <styleUrl>#edge_style</styleUrl>
        <LineString>
          <coordinates>-41.7651786738884,-3.1223527820933925,0 -41.76515168418552,-3.1223527820933925,0</coordinates>
        </LineString>
      </Placemark>
      <Placemark>
        <name>ef_ip2.002.2881 → ef_ip4.001.2894</name>
        <description>De: ef_ip2.002.2881
Para: ef_ip4.001.2894
Distância: 2.04m</description>
        <styleUrl>#edge_style</styleUrl>
        <LineString>
          <coordinates>-41.76515168418552,-3.1223527820933925,0 -41.76515168418552,-3.1223711114247794,0</coordinates>
        </LineString>
      </Placemark>
      <Placemark>
        <name>ef_ip2.002.2881 → ef_ip2.002.2882</name>
        <description>De: ef_ip2.002.2881
Para: ef_ip2.002.2882
Distância: 0.49m</description>
        <styleUrl>#edge_style</styleUrl>
        <LineString>
          <coordinates>-41.76515168418552,-3.1223527820933925,0 -41.76514730285708,-3.1223527820933925,0</coordinates>
        </LineString>
      </Placemark>
      <Placemark>
        <name>ef_busip11.002.3265 → ef_busip11.002.3261</name>
        <description>De: ef_busip11.002.3265
Para: ef_busip11.002.3261
Distância: 0.55m</description>
        <styleUrl>#edge_style</styleUrl>
        <LineString>
          <coordinates>-41.76542649693888,-3.122353966978126,0 -41.765421581214326,-3.122353966978126,0</coordinates>
        </LineString>
      </Placemark>
      <Placemark>
        <name>ef_busip11.002.3261 → ef_busip11.002.3270</name>
        <description>De: ef_busip11.002.3261
Para: ef_busip11.002.3270
Distância: 3.00m</description>
        <styleUrl>#edge_style</styleUrl>
        <LineString>
          <coordinates>-41.765421581214326,-3.122353966978126,0 -41.765394591511445,-3.122353966978126,0</coordinates>
        </LineString>
      </Placemark>
      <Placemark>
        <name>ef_busip11.002.3261 → ef_busip10.002.3273</name>
        <description>De: ef_busip11.002.3261
Para: ef_busip10.002.3273
Distância: 6.06m</description>
        <styleUrl>#edge_style</styleUrl>
        <LineString>
          <coordinates>-41.765421581214326,-3.122353966978126,0 -41.765421581214326,-3.122408442929604,0</coordinates>
        </LineString>
      </Placemark>
      <Placemark>
        <name>ef_busip11.002.3270 → ef_busip11.002.3263</name>
        <description>De: ef_busip11.002.3270
Para: ef_busip11.002.3263
Distância: 1.50m</description>
        <styleUrl>#edge_style</styleUrl>
        <LineString>
          <coordinates>-41.765394591511445,-3.122353966978126,0 -41.765381091262064,-3.122353966978126,0</coordinates>
        </LineString>
      </Placemark>
      <Placemark>
        <name>ef_busip11.002.3270 → ef_busip10.002.3279</name>
        <description>De: ef_busip11.002.3270
Para: ef_busip10.002.3279
Distância: 6.06m</description>
        <styleUrl>#edge_style</styleUrl>
        <LineString>
          <coordinates>-41.765394591511445,-3.122353966978126,0 -41.765394591511445,-3.122408442929604,0</coordinates>
        </LineString>
      </Placemark>
      <Placemark>
        <name>ef_busip11.002.3270 → pp_2</name>
        <description>De: ef_busip11.002.3270
Para: pp_2
Distância: 3.90m</description>
        <styleUrl>#edge_style</styleUrl>
        <LineString>
          <coordinates>-41.765394591511445,-3.122353966978126,0 -41.765394591511445,-3.122388973629509,0</coordinates>
        </LineString>
      </Placemark>
      <Placemark>
        <name>ef_secv5.002.2769 → ef_secv5.002.2772</name>
        <description>De: ef_secv5.002.2769
Para: ef_secv5.002.2772
Distância: 1.61m</description>
        <styleUrl>#edge_style</styleUrl>
        <LineString>
          <coordinates>-41.764545421686954,-3.122354073878265,0 -41.76453092101925,-3.122354073878265,0</coordinates>
        </LineString>
      </Placemark>
      <Placemark>
        <name>ef_secv5.002.2772 → ef_secv4.002.2785</name>
        <description>De: ef_secv5.002.2772
Para: ef_secv4.002.2785
Distância: 1.43m</description>
        <styleUrl>#edge_style</styleUrl>
        <LineString>
          <coordinates>-41.76453092101925,-3.122354073878265,0 -41.76453092101925,-3.1223669297428738,0</coordinates>
        </LineString>
      </Placemark>
      <Placemark>
        <name>ef_secv5.002.2772 → ef_secv5.002.2773</name>
        <description>De: ef_secv5.002.2772
Para: ef_secv5.002.2773
Distância: 3.00m</description>
        <styleUrl>#edge_style</styleUrl>
        <LineString>
          <coordinates>-41.76453092101925,-3.122354073878265,0 -41.76450393131637,-3.122354073878265,0</coordinates>
        </LineString>
      </Placemark>
      <Placemark>
        <name>ef_secv5.002.2773 → ef_secv4.002.2784</name>
        <description>De: ef_secv5.002.2773
Para: ef_secv4.002.2784
Distância: 1.43m</description>
        <styleUrl>#edge_style</styleUrl>
        <LineString>
          <coordinates>-41.76450393131637,-3.122354073878265,0 -41.76450393131637,-3.1223669297428738,0</coordinates>
        </LineString>
      </Placemark>
      <Placemark>
        <name>ef_secv5.002.2773 → ef_secv5.002.2776</name>
        <description>De: ef_secv5.002.2773
Para: ef_secv5.002.2776
Distância: 0.49m</description>
        <styleUrl>#edge_style</styleUrl>
        <LineString>
          <coordinates>-41.76450393131637,-3.122354073878265,0 -41.76449954279068,-3.122354073878265,0</coordinates>
        </LineString>
      </Placemark>
      <Placemark>
        <name>ef_secv2.002.2807 → ef_secv2.002.2808</name>
        <description>De: ef_secv2.002.2807
Para: ef_secv2.002.2808
Distância: 1.10m</description>
        <styleUrl>#edge_style</styleUrl>
        <LineString>
          <coordinates>-41.76513457001492,-3.1223550826921813,0 -41.76512469448264,-3.1223550826921813,0</coordinates>
        </LineString>
      </Placemark>
      <Placemark>
        <name>ef_secv2.002.2808 → ef_secv1.002.2816</name>
        <description>De: ef_secv2.002.2808
Para: ef_secv1.002.2816
Distância: 1.43m</description>
        <styleUrl>#edge_style</styleUrl>
        <LineString>
          <coordinates>-41.76512469448264,-3.1223550826921813,0 -41.76512469448264,-3.12236793855679,0</coordinates>
        </LineString>
      </Placemark>
      <Placemark>
        <name>ef_secv2.002.2808 → ef_secv2.002.2809</name>
        <description>De: ef_secv2.002.2808
Para: ef_secv2.002.2809
Distância: 3.00m</description>
        <styleUrl>#edge_style</styleUrl>
        <LineString>
          <coordinates>-41.76512469448264,-3.1223550826921813,0 -41.765097704779755,-3.1223550826921813,0</coordinates>
        </LineString>
      </Placemark>
      <Placemark>
        <name>ef_secv2.002.2809 → ef_secv1.002.2812</name>
        <description>De: ef_secv2.002.2809
Para: ef_secv1.002.2812
Distância: 1.43m</description>
        <styleUrl>#edge_style</styleUrl>
        <LineString>
          <coordinates>-41.765097704779755,-3.1223550826921813,0 -41.765097704779755,-3.12236793855679,0</coordinates>
        </LineString>
      </Placemark>
      <Placemark>
        <name>ef_secv2.002.2809 → ef_secv2.002.2806</name>
        <description>De: ef_secv2.002.2809
Para: ef_secv2.002.2806
Distância: 1.00m</description>
        <styleUrl>#edge_style</styleUrl>
        <LineString>
          <coordinates>-41.765097704779755,-3.1223550826921813,0 -41.765088690218995,-3.1223550826921813,0</coordinates>
        </LineString>
      </Placemark>
      <Placemark>
        <name>ef_busip3.002.3113 → ef_busip3.003.3107</name>
        <description>De: ef_busip3.002.3113
Para: ef_busip3.003.3107
Distância: 3.00m</description>
        <styleUrl>#edge_style</styleUrl>
        <LineString>
          <coordinates>-41.76548395801631,-3.122362024014649,0 -41.76548395801631,-3.122388973629509,0</coordinates>
        </LineString>
      </Placemark>
      <Placemark>
        <name>ef_busip3.002.3113 → ef_buscsb3.002.3338</name>
        <description>De: ef_busip3.002.3113
Para: ef_buscsb3.002.3338
Distância: 50.94m</description>
        <styleUrl>#edge_style</styleUrl>
        <LineString>
          <coordinates>-41.76548395801631,-3.122362024014649,0 -41.76502566566414,-3.122362024014649,0</coordinates>
        </LineString>
      </Placemark>
      <Placemark>
        <name>ef_busip3.002.3113 → pp_1</name>
        <description>De: ef_busip3.002.3113
Para: pp_1
Distância: 3.93m</description>
        <styleUrl>#edge_style</styleUrl>
        <LineString>
          <coordinates>-41.76548395801631,-3.122362024014649,0 -41.76544857091721,-3.122362024014649,0</coordinates>
        </LineString>
      </Placemark>
      <Placemark>
        <name>pp_1 → ef_busip6.002.2982</name>
        <description>De: pp_1
Para: ef_busip6.002.2982
Distância: 2.27m</description>
        <styleUrl>#edge_style</styleUrl>
        <LineString>
          <coordinates>-41.76544857091721,-3.122362024014649,0 -41.76544857091721,-3.1223824536193536,0</coordinates>
        </LineString>
      </Placemark>
      <Placemark>
        <name>pp_1 → ef_buscsb3.002.3338</name>
        <description>De: pp_1
Para: ef_buscsb3.002.3338
Distância: 47.01m</description>
        <styleUrl>#edge_style</styleUrl>
        <LineString>
          <coordinates>-41.76544857091721,-3.122362024014649,0 -41.76502566566414,-3.122362024014649,0</coordinates>
        </LineString>
      </Placemark>
      <Placemark>
        <name>ef_buscsb3.002.3338 → ef_buscsb2.002.3350</name>
        <description>De: ef_buscsb3.002.3338
Para: ef_buscsb2.002.3350
Distância: 3.00m</description>
        <styleUrl>#edge_style</styleUrl>
        <LineString>
          <coordinates>-41.76502566566414,-3.122362024014649,0 -41.76502566566414,-3.122388973629509,0</coordinates>
        </LineString>
      </Placemark>
      <Placemark>
        <name>ef_buscsb3.002.3339 → ef_buscsb2.002.3348</name>
        <description>De: ef_buscsb3.002.3339
Para: ef_buscsb2.002.3348
Distância: 3.00m</description>
        <styleUrl>#edge_style</styleUrl>
        <LineString>
          <coordinates>-41.76497963922416,-3.122362024014649,0 -41.76497963922416,-3.122388973629509,0</coordinates>
        </LineString>
      </Placemark>
      <Placemark>
        <name>ef_buscsb3.002.3339 → ef_busip21.002.3133</name>
        <description>De: ef_buscsb3.002.3339
Para: ef_busip21.002.3133
Distância: 3.09m</description>
        <styleUrl>#edge_style</styleUrl>
        <LineString>
          <coordinates>-41.76497963922416,-3.122362024014649,0 -41.76495185872298,-3.122362024014649,0</coordinates>
        </LineString>
      </Placemark>
      <Placemark>
        <name>ef_busip21.002.3133 → ef_busip21.002.3140</name>
        <description>De: ef_busip21.002.3133
Para: ef_busip21.002.3140
Distância: 3.00m</description>
        <styleUrl>#edge_style</styleUrl>
        <LineString>
          <coordinates>-41.76495185872298,-3.122362024014649,0 -41.76495185872298,-3.122388973629509,0</coordinates>
        </LineString>
      </Placemark>
      <Placemark>
        <name>ef_busip21.002.3148 → ef_busip27.002.3090</name>
        <description>De: ef_busip21.002.3148
Para: ef_busip27.002.3090
Distância: 3.35m</description>
        <styleUrl>#edge_style</styleUrl>
        <LineString>
          <coordinates>-41.76490616605566,-3.122362024014649,0 -41.76487598886887,-3.122362024014649,0</coordinates>
        </LineString>
      </Placemark>
      <Placemark>
        <name>ef_busip21.002.3148 → ef_busip21.002.3135</name>
        <description>De: ef_busip21.002.3148
Para: ef_busip21.002.3135
Distância: 3.00m</description>
        <styleUrl>#edge_style</styleUrl>
        <LineString>
          <coordinates>-41.76490616605566,-3.122362024014649,0 -41.76490616605566,-3.122388973629509,0</coordinates>
        </LineString>
      </Placemark>
      <Placemark>
        <name>ef_busip27.002.3090 → ef_busip26.002.3097</name>
        <description>De: ef_busip27.002.3090
Para: ef_busip26.002.3097
Distância: 3.00m</description>
        <styleUrl>#edge_style</styleUrl>
        <LineString>
          <coordinates>-41.76487598886887,-3.122362024014649,0 -41.76487598886887,-3.122388973629509,0</coordinates>
        </LineString>
      </Placemark>
      <Placemark>
        <name>ef_busip27.002.3105 → ef_disjuntor1.002.2929</name>
        <description>De: ef_busip27.002.3105
Para: ef_disjuntor1.002.2929
Distância: 4.63m</description>
        <styleUrl>#edge_style</styleUrl>
        <LineString>
          <coordinates>-41.76483022153004,-3.122362024014649,0 -41.764788600709224,-3.122362024014649,0</coordinates>
        </LineString>
      </Placemark>
      <Placemark>
        <name>ef_busip27.002.3105 → ef_busip26.002.3089</name>
        <description>De: ef_busip27.002.3105
Para: ef_busip26.002.3089
Distância: 3.00m</description>
        <styleUrl>#edge_style</styleUrl>
        <LineString>
          <coordinates>-41.76483022153004,-3.122362024014649,0 -41.76483022153004,-3.122388973629509,0</coordinates>
        </LineString>
      </Placemark>
      <Placemark>
        <name>ef_disjuntor1.002.2929 → ef_disjuntor1.002.2949</name>
        <description>De: ef_disjuntor1.002.2929
Para: ef_disjuntor1.002.2949
Distância: 3.00m</description>
        <styleUrl>#edge_style</styleUrl>
        <LineString>
          <coordinates>-41.764788600709224,-3.122362024014649,0 -41.764788600709224,-3.122388973629509,0</coordinates>
        </LineString>
      </Placemark>
      <Placemark>
        <name>ef_disjuntor1.002.2950 → ef_sech1.002.2856</name>
        <description>De: ef_disjuntor1.002.2950
Para: ef_sech1.002.2856
Distância: 8.68m</description>
        <styleUrl>#edge_style</styleUrl>
        <LineString>
          <coordinates>-41.76473909889517,-3.122362024014649,0 -41.76466099249435,-3.122362024014649,0</coordinates>
        </LineString>
      </Placemark>
      <Placemark>
        <name>ef_disjuntor1.002.2950 → ef_disjuntor1.002.2940</name>
        <description>De: ef_disjuntor1.002.2950
Para: ef_disjuntor1.002.2940
Distância: 3.00m</description>
        <styleUrl>#edge_style</styleUrl>
        <LineString>
          <coordinates>-41.76473909889517,-3.122362024014649,0 -41.76473909889517,-3.122388973629509,0</coordinates>
        </LineString>
      </Placemark>
      <Placemark>
        <name>ef_sech1.002.2856 → ef_sech1.002.2846</name>
        <description>De: ef_sech1.002.2856
Para: ef_sech1.002.2846
Distância: 3.00m</description>
        <styleUrl>#edge_style</styleUrl>
        <LineString>
          <coordinates>-41.76466099249435,-3.122362024014649,0 -41.76466099249435,-3.122388973629509,0</coordinates>
        </LineString>
      </Placemark>
      <Placemark>
        <name>ef_sech1.002.2850 → ef_sech1.002.2842</name>
        <description>De: ef_sech1.002.2850
Para: ef_sech1.002.2842
Distância: 3.00m</description>
        <styleUrl>#edge_style</styleUrl>
        <LineString>
          <coordinates>-41.76461523415208,-3.122362024014649,0 -41.76461523415208,-3.122388973629509,0</coordinates>
        </LineString>
      </Placemark>
      <Placemark>
        <name>ef_sech1.002.2850 → ef_disjuntor4.002.2926</name>
        <description>De: ef_sech1.002.2850
Para: ef_disjuntor4.002.2926
Distância: 15.34m</description>
        <styleUrl>#edge_style</styleUrl>
        <LineString>
          <coordinates>-41.76461523415208,-3.122362024014649,0 -41.764477214209485,-3.122362024014649,0</coordinates>
        </LineString>
      </Placemark>
      <Placemark>
        <name>ef_disjuntor4.002.2926 → ef_disjuntor4.002.2924</name>
        <description>De: ef_disjuntor4.002.2926
Para: ef_disjuntor4.002.2924
Distância: 3.00m</description>
        <styleUrl>#edge_style</styleUrl>
        <LineString>
          <coordinates>-41.764477214209485,-3.122362024014649,0 -41.764477214209485,-3.122388973629509,0</coordinates>
        </LineString>
      </Placemark>
      <Placemark>
        <name>ef_disjuntor4.002.2917 → ef_disjuntor4.002.2912</name>
        <description>De: ef_disjuntor4.002.2917
Para: ef_disjuntor4.002.2912
Distância: 3.00m</description>
        <styleUrl>#edge_style</styleUrl>
        <LineString>
          <coordinates>-41.76442771239543,-3.122362024014649,0 -41.76442771239543,-3.122388973629509,0</coordinates>
        </LineString>
      </Placemark>
      <Placemark>
        <name>ef_disjuntor4.002.2917 → ef_sech4.002.2830</name>
        <description>De: ef_disjuntor4.002.2917
Para: ef_sech4.002.2830
Distância: 9.92m</description>
        <styleUrl>#edge_style</styleUrl>
        <LineString>
          <coordinates>-41.76442771239543,-3.122362024014649,0 -41.764338471842514,-3.122362024014649,0</coordinates>
        </LineString>
      </Placemark>
      <Placemark>
        <name>ef_sech4.002.2830 → ef_sech4.002.2828</name>
        <description>De: ef_sech4.002.2830
Para: ef_sech4.002.2828
Distância: 3.00m</description>
        <styleUrl>#edge_style</styleUrl>
        <LineString>
          <coordinates>-41.764338471842514,-3.122362024014649,0 -41.764338471842514,-3.122388973629509,0</coordinates>
        </LineString>
      </Placemark>
      <Placemark>
        <name>ef_sech4.002.2826 → ef_buscsb8.002.3292</name>
        <description>De: ef_sech4.002.2826
Para: ef_buscsb8.002.3292
Distância: 32.30m</description>
        <styleUrl>#edge_style</styleUrl>
        <LineString>
          <coordinates>-41.76429271350025,-3.122362024014649,0 -41.76400210457345,-3.122362024014649,0</coordinates>
        </LineString>
      </Placemark>
      <Placemark>
        <name>ef_sech4.002.2826 → ef_sech4.002.2825</name>
        <description>De: ef_sech4.002.2826
Para: ef_sech4.002.2825
Distância: 3.00m</description>
        <styleUrl>#edge_style</styleUrl>
        <LineString>
          <coordinates>-41.76429271350025,-3.122362024014649,0 -41.76429271350025,-3.122388973629509,0</coordinates>
        </LineString>
      </Placemark>
      <Placemark>
        <name>ef_buscsb8.002.3292 → ef_buscsb8.002.3285</name>
        <description>De: ef_buscsb8.002.3292
Para: ef_buscsb8.002.3285
Distância: 3.00m</description>
        <styleUrl>#edge_style</styleUrl>
        <LineString>
          <coordinates>-41.76400210457345,-3.122362024014649,0 -41.76400210457345,-3.122388973629509,0</coordinates>
        </LineString>
      </Placemark>
      <Placemark>
        <name>ef_buscsb8.002.3287 → ef_busip34.002.3062</name>
        <description>De: ef_buscsb8.002.3287
Para: ef_busip34.002.3062
Distância: 3.02m</description>
        <styleUrl>#edge_style</styleUrl>
        <LineString>
          <coordinates>-41.76395622567718,-3.122362024014649,0 -41.76392907403608,-3.122362024014649,0</coordinates>
        </LineString>
      </Placemark>
      <Placemark>
        <name>ef_buscsb8.002.3287 → ef_buscsb8.002.3289</name>
        <description>De: ef_buscsb8.002.3287
Para: ef_buscsb8.002.3289
Distância: 3.00m</description>
        <styleUrl>#edge_style</styleUrl>
        <LineString>
          <coordinates>-41.76395622567718,-3.122362024014649,0 -41.76395622567718,-3.122388973629509,0</coordinates>
        </LineString>
      </Placemark>
      <Placemark>
        <name>ef_busip34.002.3062 → ef_busip34.002.3057</name>
        <description>De: ef_busip34.002.3062
Para: ef_busip34.002.3057
Distância: 3.00m</description>
        <styleUrl>#edge_style</styleUrl>
        <LineString>
          <coordinates>-41.76392907403608,-3.122362024014649,0 -41.76392907403608,-3.122388973629509,0</coordinates>
        </LineString>
      </Placemark>
      <Placemark>
        <name>ef_busip34.002.3060 → ef_busip38.002.3025</name>
        <description>De: ef_busip34.002.3060
Para: ef_busip38.002.3025
Distância: 3.44m</description>
        <styleUrl>#edge_style</styleUrl>
        <LineString>
          <coordinates>-41.76388366835926,-3.122362024014649,0 -41.763852702173494,-3.122362024014649,0</coordinates>
        </LineString>
      </Placemark>
      <Placemark>
        <name>ef_busip34.002.3060 → ef_busip34.002.3058</name>
        <description>De: ef_busip34.002.3060
Para: ef_busip34.002.3058
Distância: 3.00m</description>
        <styleUrl>#edge_style</styleUrl>
        <LineString>
          <coordinates>-41.76388366835926,-3.122362024014649,0 -41.76388366835926,-3.122388973629509,0</coordinates>
        </LineString>
      </Placemark>
      <Placemark>
        <name>ef_busip38.002.3025 → ef_busip38.002.3023</name>
        <description>De: ef_busip38.002.3025
Para: ef_busip38.002.3023
Distância: 3.00m</description>
        <styleUrl>#edge_style</styleUrl>
        <LineString>
          <coordinates>-41.763852702173494,-3.122362024014649,0 -41.763852702173494,-3.122388973629509,0</coordinates>
        </LineString>
      </Placemark>
      <Placemark>
        <name>ef_tc4.002.2713 → ef_tc4.002.2717</name>
        <description>De: ef_tc4.002.2713
Para: ef_tc4.002.2717
Distância: 0.40m</description>
        <styleUrl>#edge_style</styleUrl>
        <LineString>
          <coordinates>-41.76439957203155,-3.122366493159113,0 -41.76439597250484,-3.122366493159113,0</coordinates>
        </LineString>
      </Placemark>
      <Placemark>
        <name>ef_tc4.002.2713 → ef_tc4.002.2720</name>
        <description>De: ef_tc4.002.2713
Para: ef_tc4.002.2720
Distância: 2.50m</description>
        <styleUrl>#edge_style</styleUrl>
        <LineString>
          <coordinates>-41.76439957203155,-3.122366493159113,0 -41.76439957203155,-3.122388973629509,0</coordinates>
        </LineString>
      </Placemark>
      <Placemark>
        <name>ef_tc4.002.2717 → ef_tc4.002.2710</name>
        <description>De: ef_tc4.002.2717
Para: ef_tc4.002.2710
Distância: 3.00m</description>
        <styleUrl>#edge_style</styleUrl>
        <LineString>
          <coordinates>-41.76439597250484,-3.122366493159113,0 -41.76436898280196,-3.122366493159113,0</coordinates>
        </LineString>
      </Placemark>
      <Placemark>
        <name>ef_tc4.002.2710 → ef_tc4.002.2715</name>
        <description>De: ef_tc4.002.2710
Para: ef_tc4.002.2715
Distância: 2.01m</description>
        <styleUrl>#edge_style</styleUrl>
        <LineString>
          <coordinates>-41.76436898280196,-3.122366493159113,0 -41.764350914095544,-3.122366493159113,0</coordinates>
        </LineString>
      </Placemark>
      <Placemark>
        <name>ef_tc4.002.2715 → ef_tc4.002.2712</name>
        <description>De: ef_tc4.002.2715
Para: ef_tc4.002.2712
Distância: 2.50m</description>
        <styleUrl>#edge_style</styleUrl>
        <LineString>
          <coordinates>-41.764350914095544,-3.122366493159113,0 -41.764350914095544,-3.122388973629509,0</coordinates>
        </LineString>
      </Placemark>
      <Placemark>
        <name>ef_secv4.002.2781 → ef_secv4.002.2789</name>
        <description>De: ef_secv4.002.2781
Para: ef_secv4.002.2789
Distância: 2.45m</description>
        <styleUrl>#edge_style</styleUrl>
        <LineString>
          <coordinates>-41.764545303831916,-3.1223669297428738,0 -41.764545303831916,-3.122388973629509,0</coordinates>
        </LineString>
      </Placemark>
      <Placemark>
        <name>ef_secv4.002.2781 → ef_secv4.002.2785</name>
        <description>De: ef_secv4.002.2781
Para: ef_secv4.002.2785
Distância: 1.60m</description>
        <styleUrl>#edge_style</styleUrl>
        <LineString>
          <coordinates>-41.764545303831916,-3.1223669297428738,0 -41.76453092101925,-3.1223669297428738,0</coordinates>
        </LineString>
      </Placemark>
      <Placemark>
        <name>ef_secv4.002.2785 → ef_secv4.002.2784</name>
        <description>De: ef_secv4.002.2785
Para: ef_secv4.002.2784
Distância: 3.00m</description>
        <styleUrl>#edge_style</styleUrl>
        <LineString>
          <coordinates>-41.76453092101925,-3.1223669297428738,0 -41.76450393131637,-3.1223669297428738,0</coordinates>
        </LineString>
      </Placemark>
      <Placemark>
        <name>ef_secv4.002.2784 → ef_secv4.002.2778</name>
        <description>De: ef_secv4.002.2784
Para: ef_secv4.002.2778
Distância: 0.50m</description>
        <styleUrl>#edge_style</styleUrl>
        <LineString>
          <coordinates>-41.76450393131637,-3.1223669297428738,0 -41.76449942493564,-3.1223669297428738,0</coordinates>
        </LineString>
      </Placemark>
      <Placemark>
        <name>ef_secv4.002.2778 → ef_secv4.002.2786</name>
        <description>De: ef_secv4.002.2778
Para: ef_secv4.002.2786
Distância: 2.45m</description>
        <styleUrl>#edge_style</styleUrl>
        <LineString>
          <coordinates>-41.76449942493564,-3.1223669297428738,0 -41.76449942493564,-3.122388973629509,0</coordinates>
        </LineString>
      </Placemark>
      <Placemark>
        <name>ef_tc1.002.2746 → ef_tc1.002.2754</name>
        <description>De: ef_tc1.002.2746
Para: ef_tc1.002.2754
Distância: 0.12m</description>
        <styleUrl>#edge_style</styleUrl>
        <LineString>
          <coordinates>-41.76472096541346,-3.122367169594446,0 -41.76471984893942,-3.122367169594446,0</coordinates>
        </LineString>
      </Placemark>
      <Placemark>
        <name>ef_tc1.002.2746 → ef_tc1.002.2744</name>
        <description>De: ef_tc1.002.2746
Para: ef_tc1.002.2744
Distância: 2.43m</description>
        <styleUrl>#edge_style</styleUrl>
        <LineString>
          <coordinates>-41.76472096541346,-3.122367169594446,0 -41.76472096541346,-3.122388973629509,0</coordinates>
        </LineString>
      </Placemark>
      <Placemark>
        <name>ef_tc1.002.2754 → ef_tc1.002.2750</name>
        <description>De: ef_tc1.002.2754
Para: ef_tc1.002.2750
Distância: 3.00m</description>
        <styleUrl>#edge_style</styleUrl>
        <LineString>
          <coordinates>-41.76471984893942,-3.122367169594446,0 -41.76469285923654,-3.122367169594446,0</coordinates>
        </LineString>
      </Placemark>
      <Placemark>
        <name>ef_tc1.002.2750 → ef_tc1.002.2749</name>
        <description>De: ef_tc1.002.2750
Para: ef_tc1.002.2749
Distância: 2.28m</description>
        <styleUrl>#edge_style</styleUrl>
        <LineString>
          <coordinates>-41.76469285923654,-3.122367169594446,0 -41.764672307477454,-3.122367169594446,0</coordinates>
        </LineString>
      </Placemark>
      <Placemark>
        <name>ef_tc1.002.2749 → ef_tc1.002.2752</name>
        <description>De: ef_tc1.002.2749
Para: ef_tc1.002.2752
Distância: 2.43m</description>
        <styleUrl>#edge_style</styleUrl>
        <LineString>
          <coordinates>-41.764672307477454,-3.122367169594446,0 -41.764672307477454,-3.122388973629509,0</coordinates>
        </LineString>
      </Placemark>
      <Placemark>
        <name>ef_secv1.002.2821 → ef_secv1.002.2814</name>
        <description>De: ef_secv1.002.2821
Para: ef_secv1.002.2814
Distância: 2.34m</description>
        <styleUrl>#edge_style</styleUrl>
        <LineString>
          <coordinates>-41.765134452159884,-3.12236793855679,0 -41.765134452159884,-3.122388973629509,0</coordinates>
        </LineString>
      </Placemark>
      <Placemark>
        <name>ef_secv1.002.2821 → ef_secv1.002.2816</name>
        <description>De: ef_secv1.002.2821
Para: ef_secv1.002.2816
Distância: 1.08m</description>
        <styleUrl>#edge_style</styleUrl>
        <LineString>
          <coordinates>-41.765134452159884,-3.12236793855679,0 -41.76512469448264,-3.12236793855679,0</coordinates>
        </LineString>
      </Placemark>
      <Placemark>
        <name>ef_secv1.002.2816 → ef_secv1.002.2812</name>
        <description>De: ef_secv1.002.2816
Para: ef_secv1.002.2812
Distância: 3.00m</description>
        <styleUrl>#edge_style</styleUrl>
        <LineString>
          <coordinates>-41.76512469448264,-3.12236793855679,0 -41.765097704779755,-3.12236793855679,0</coordinates>
        </LineString>
      </Placemark>
      <Placemark>
        <name>ef_secv1.002.2812 → ef_secv1.002.2822</name>
        <description>De: ef_secv1.002.2812
Para: ef_secv1.002.2822
Distância: 1.02m</description>
        <styleUrl>#edge_style</styleUrl>
        <LineString>
          <coordinates>-41.765097704779755,-3.12236793855679,0 -41.76508857326361,-3.12236793855679,0</coordinates>
        </LineString>
      </Placemark>
      <Placemark>
        <name>ef_secv1.002.2822 → ef_secv1.002.2817</name>
        <description>De: ef_secv1.002.2822
Para: ef_secv1.002.2817
Distância: 2.34m</description>
        <styleUrl>#edge_style</styleUrl>
        <LineString>
          <coordinates>-41.76508857326361,-3.12236793855679,0 -41.76508857326361,-3.122388973629509,0</coordinates>
        </LineString>
      </Placemark>
      <Placemark>
        <name>ef_ip4.001.2885 → ef_ip4.001.2893</name>
        <description>De: ef_ip4.001.2885
Para: ef_ip4.001.2893
Distância: 1.55m</description>
        <styleUrl>#edge_style</styleUrl>
        <LineString>
          <coordinates>-41.76519259067886,-3.1223711114247794,0 -41.7651786738884,-3.1223711114247794,0</coordinates>
        </LineString>
      </Placemark>
      <Placemark>
        <name>ef_ip4.001.2885 → ef_ip4.001.2888</name>
        <description>De: ef_ip4.001.2885
Para: ef_ip4.001.2888
Distância: 1.99m</description>
        <styleUrl>#edge_style</styleUrl>
        <LineString>
          <coordinates>-41.76519259067886,-3.1223711114247794,0 -41.76519259067886,-3.122388973629509,0</coordinates>
        </LineString>
      </Placemark>
      <Placemark>
        <name>ef_ip4.001.2893 → ef_ip4.001.2894</name>
        <description>De: ef_ip4.001.2893
Para: ef_ip4.001.2894
Distância: 3.00m</description>
        <styleUrl>#edge_style</styleUrl>
        <LineString>
          <coordinates>-41.7651786738884,-3.1223711114247794,0 -41.76515168418552,-3.1223711114247794,0</coordinates>
        </LineString>
      </Placemark>
      <Placemark>
        <name>ef_ip4.001.2894 → ef_ip4.001.2890</name>
        <description>De: ef_ip4.001.2894
Para: ef_ip4.001.2890
Distância: 0.50m</description>
        <styleUrl>#edge_style</styleUrl>
        <LineString>
          <coordinates>-41.76515168418552,-3.1223711114247794,0 -41.76514718500205,-3.1223711114247794,0</coordinates>
        </LineString>
      </Placemark>
      <Placemark>
        <name>ef_ip4.001.2890 → ef_ip4.001.2884</name>
        <description>De: ef_ip4.001.2890
Para: ef_ip4.001.2884
Distância: 1.99m</description>
        <styleUrl>#edge_style</styleUrl>
        <LineString>
          <coordinates>-41.76514718500205,-3.1223711114247794,0 -41.76514718500205,-3.122388973629509,0</coordinates>
        </LineString>
      </Placemark>
      <Placemark>
        <name>ef_busip16.002.3194 → ef_busip16.002.3188</name>
        <description>De: ef_busip16.002.3194
Para: ef_busip16.002.3188
Distância: 0.38m</description>
        <styleUrl>#edge_style</styleUrl>
        <LineString>
          <coordinates>-41.76526310037798,-3.1223714321251963,0 -41.765259642997044,-3.1223714321251963,0</coordinates>
        </LineString>
      </Placemark>
      <Placemark>
        <name>ef_busip16.002.3194 → ef_busip16.002.3184</name>
        <description>De: ef_busip16.002.3194
Para: ef_busip16.002.3184
Distância: 1.95m</description>
        <styleUrl>#edge_style</styleUrl>
        <LineString>
          <coordinates>-41.76526310037798,-3.1223714321251963,0 -41.76526310037798,-3.122388973629509,0</coordinates>
        </LineString>
      </Placemark>
      <Placemark>
        <name>ef_busip16.002.3188 → ef_busip16.002.3187</name>
        <description>De: ef_busip16.002.3188
Para: ef_busip16.002.3187
Distância: 3.00m</description>
        <styleUrl>#edge_style</styleUrl>
        <LineString>
          <coordinates>-41.765259642997044,-3.1223714321251963,0 -41.76523265329416,-3.1223714321251963,0</coordinates>
        </LineString>
      </Placemark>
      <Placemark>
        <name>ef_busip16.002.3187 → ef_busip16.002.3190</name>
        <description>De: ef_busip16.002.3187
Para: ef_busip16.002.3190
Distância: 1.66m</description>
        <styleUrl>#edge_style</styleUrl>
        <LineString>
          <coordinates>-41.76523265329416,-3.1223714321251963,0 -41.76521769380151,-3.1223714321251963,0</coordinates>
        </LineString>
      </Placemark>
      <Placemark>
        <name>ef_busip16.002.3190 → ef_busip16.002.3185</name>
        <description>De: ef_busip16.002.3190
Para: ef_busip16.002.3185
Distância: 1.95m</description>
        <styleUrl>#edge_style</styleUrl>
        <LineString>
          <coordinates>-41.76521769380151,-3.1223714321251963,0 -41.76521769380151,-3.122388973629509,0</coordinates>
        </LineString>
      </Placemark>
      <Placemark>
        <name>ef_busip13.002.3243 → ef_busip13.002.3244</name>
        <description>De: ef_busip13.002.3243
Para: ef_busip13.002.3244
Distância: 1.96m</description>
        <styleUrl>#edge_style</styleUrl>
        <LineString>
          <coordinates>-41.76533123948153,-3.1223715489068606,0 -41.76531362240281,-3.1223715489068606,0</coordinates>
        </LineString>
      </Placemark>
      <Placemark>
        <name>ef_busip13.002.3243 → ef_busip13.002.3240</name>
        <description>De: ef_busip13.002.3243
Para: ef_busip13.002.3240
Distância: 1.94m</description>
        <styleUrl>#edge_style</styleUrl>
        <LineString>
          <coordinates>-41.76533123948153,-3.1223715489068606,0 -41.76533123948153,-3.122388973629509,0</coordinates>
        </LineString>
      </Placemark>
      <Placemark>
        <name>ef_busip13.002.3244 → ef_busip13.002.3246</name>
        <description>De: ef_busip13.002.3244
Para: ef_busip13.002.3246
Distância: 3.00m</description>
        <styleUrl>#edge_style</styleUrl>
        <LineString>
          <coordinates>-41.76531362240281,-3.1223715489068606,0 -41.765286632699926,-3.1223715489068606,0</coordinates>
        </LineString>
      </Placemark>
      <Placemark>
        <name>ef_busip13.002.3246 → ef_busip13.002.3241</name>
        <description>De: ef_busip13.002.3246
Para: ef_busip13.002.3241
Distância: 0.09m</description>
        <styleUrl>#edge_style</styleUrl>
        <LineString>
          <coordinates>-41.765286632699926,-3.1223715489068606,0 -41.76528583380472,-3.1223715489068606,0</coordinates>
        </LineString>
      </Placemark>
      <Placemark>
        <name>ef_busip13.002.3241 → ef_busip13.002.3242</name>
        <description>De: ef_busip13.002.3241
Para: ef_busip13.002.3242
Distância: 1.94m</description>
        <styleUrl>#edge_style</styleUrl>
        <LineString>
          <coordinates>-41.76528583380472,-3.1223715489068606,0 -41.76528583380472,-3.122388973629509,0</coordinates>
        </LineString>
      </Placemark>
      <Placemark>
        <name>ef_busip3.003.2989 → ef_busip6.002.2986</name>
        <description>De: ef_busip3.003.2989
Para: ef_busip6.002.2986
Distância: 0.73m</description>
        <styleUrl>#edge_style</styleUrl>
        <LineString>
          <coordinates>-41.7654766860907,-3.1223824536193536,0 -41.7654766860907,-3.122388973629509,0</coordinates>
        </LineString>
      </Placemark>
      <Placemark>
        <name>ef_busip3.003.2989 → ef_busip6.002.2985</name>
        <description>De: ef_busip3.003.2989
Para: ef_busip6.002.2985
Distância: 0.13m</description>
        <styleUrl>#edge_style</styleUrl>
        <LineString>
          <coordinates>-41.7654766860907,-3.1223824536193536,0 -41.76547556062009,-3.1223824536193536,0</coordinates>
        </LineString>
      </Placemark>
      <Placemark>
        <name>ef_busip6.002.2985 → ef_busip6.002.2982</name>
        <description>De: ef_busip6.002.2985
Para: ef_busip6.002.2982
Distância: 3.00m</description>
        <styleUrl>#edge_style</styleUrl>
        <LineString>
          <coordinates>-41.76547556062009,-3.1223824536193536,0 -41.76544857091721,-3.1223824536193536,0</coordinates>
        </LineString>
      </Placemark>
      <Placemark>
        <name>ef_busip6.002.2982 → ef_busip6.002.2987</name>
        <description>De: ef_busip6.002.2982
Para: ef_busip6.002.2987
Distância: 1.92m</description>
        <styleUrl>#edge_style</styleUrl>
        <LineString>
          <coordinates>-41.76544857091721,-3.1223824536193536,0 -41.76543127951423,-3.1223824536193536,0</coordinates>
        </LineString>
      </Placemark>
      <Placemark>
        <name>ef_busip6.002.2987 → ef_busip6.002.2988</name>
        <description>De: ef_busip6.002.2987
Para: ef_busip6.002.2988
Distância: 0.73m</description>
        <styleUrl>#edge_style</styleUrl>
        <LineString>
          <coordinates>-41.76543127951423,-3.1223824536193536,0 -41.76543127951423,-3.122388973629509,0</coordinates>
        </LineString>
      </Placemark>
      <Placemark>
        <name>ef_busip3.003.3107 → ef_busip6.002.2986</name>
        <description>De: ef_busip3.003.3107
Para: ef_busip6.002.2986
Distância: 0.81m</description>
        <styleUrl>#edge_style</styleUrl>
        <LineString>
          <coordinates>-41.76548395801631,-3.122388973629509,0 -41.7654766860907,-3.122388973629509,0</coordinates>
        </LineString>
      </Placemark>
      <Placemark>
        <name>ef_busip3.003.3107 → ef_busip6.002.3111</name>
        <description>De: ef_busip3.003.3107
Para: ef_busip6.002.3111
Distância: 0.70m</description>
        <styleUrl>#edge_style</styleUrl>
        <LineString>
          <coordinates>-41.76548395801631,-3.122388973629509,0 -41.76548395801631,-3.1223952933141934,0</coordinates>
        </LineString>
      </Placemark>
      <Placemark>
        <name>ef_busip6.002.2986 → ef_busip6.002.2984</name>
        <description>De: ef_busip6.002.2986
Para: ef_busip6.002.2984
Distância: 4.72m</description>
        <styleUrl>#edge_style</styleUrl>
        <LineString>
          <coordinates>-41.7654766860907,-3.122388973629509,0 -41.7654766860907,-3.1224313923232985,0</coordinates>
        </LineString>
      </Placemark>
      <Placemark>
        <name>ef_busip6.002.2988 → ef_busip6.002.2979</name>
        <description>De: ef_busip6.002.2988
Para: ef_busip6.002.2979
Distância: 3.00m</description>
        <styleUrl>#edge_style</styleUrl>
        <LineString>
          <coordinates>-41.76543127951423,-3.122388973629509,0 -41.76543127951423,-3.122415923244369,0</coordinates>
        </LineString>
      </Placemark>
      <Placemark>
        <name>ef_busip6.002.2988 → ef_busip13.002.3240</name>
        <description>De: ef_busip6.002.2988
Para: ef_busip13.002.3240
Distância: 11.12m</description>
        <styleUrl>#edge_style</styleUrl>
        <LineString>
          <coordinates>-41.76543127951423,-3.122388973629509,0 -41.76533123948153,-3.122388973629509,0</coordinates>
        </LineString>
      </Placemark>
      <Placemark>
        <name>ef_busip6.002.2988 → pp_2</name>
        <description>De: ef_busip6.002.2988
Para: pp_2
Distância: 4.08m</description>
        <styleUrl>#edge_style</styleUrl>
        <LineString>
          <coordinates>-41.76543127951423,-3.122388973629509,0 -41.765394591511445,-3.122388973629509,0</coordinates>
        </LineString>
      </Placemark>
      <Placemark>
        <name>pp_2 → ef_busip10.002.3279</name>
        <description>De: pp_2
Para: ef_busip10.002.3279
Distância: 2.17m</description>
        <styleUrl>#edge_style</styleUrl>
        <LineString>
          <coordinates>-41.765394591511445,-3.122388973629509,0 -41.765394591511445,-3.122408442929604,0</coordinates>
        </LineString>
      </Placemark>
      <Placemark>
        <name>pp_2 → ef_busip13.002.3240</name>
        <description>De: pp_2
Para: ef_busip13.002.3240
Distância: 7.04m</description>
        <styleUrl>#edge_style</styleUrl>
        <LineString>
          <coordinates>-41.765394591511445,-3.122388973629509,0 -41.76533123948153,-3.122388973629509,0</coordinates>
        </LineString>
      </Placemark>
      <Placemark>
        <name>ef_busip13.002.3240 → ef_busip13.002.3239</name>
        <description>De: ef_busip13.002.3240
Para: ef_busip13.002.3239
Distância: 3.00m</description>
        <styleUrl>#edge_style</styleUrl>
        <LineString>
          <coordinates>-41.76533123948153,-3.122388973629509,0 -41.76533123948153,-3.122415923244369,0</coordinates>
        </LineString>
      </Placemark>
      <Placemark>
        <name>ef_busip13.002.3242 → ef_busip16.002.3184</name>
        <description>De: ef_busip13.002.3242
Para: ef_busip16.002.3184
Distância: 2.53m</description>
        <styleUrl>#edge_style</styleUrl>
        <LineString>
          <coordinates>-41.76528583380472,-3.122388973629509,0 -41.76526310037798,-3.122388973629509,0</coordinates>
        </LineString>
      </Placemark>
      <Placemark>
        <name>ef_busip13.002.3242 → ef_busip13.002.3248</name>
        <description>De: ef_busip13.002.3242
Para: ef_busip13.002.3248
Distância: 3.00m</description>
        <styleUrl>#edge_style</styleUrl>
        <LineString>
          <coordinates>-41.76528583380472,-3.122388973629509,0 -41.76528583380472,-3.122415923244369,0</coordinates>
        </LineString>
      </Placemark>
      <Placemark>
        <name>ef_busip16.002.3184 → ef_busip16.002.3192</name>
        <description>De: ef_busip16.002.3184
Para: ef_busip16.002.3192
Distância: 3.00m</description>
        <styleUrl>#edge_style</styleUrl>
        <LineString>
          <coordinates>-41.76526310037798,-3.122388973629509,0 -41.76526310037798,-3.122415923244369,0</coordinates>
        </LineString>
      </Placemark>
      <Placemark>
        <name>ef_busip16.002.3185 → ef_ip4.001.2888</name>
        <description>De: ef_busip16.002.3185
Para: ef_ip4.001.2888
Distância: 2.79m</description>
        <styleUrl>#edge_style</styleUrl>
        <LineString>
          <coordinates>-41.76521769380151,-3.122388973629509,0 -41.76519259067886,-3.122388973629509,0</coordinates>
        </LineString>
      </Placemark>
      <Placemark>
        <name>ef_busip16.002.3185 → ef_busip16.002.3189</name>
        <description>De: ef_busip16.002.3185
Para: ef_busip16.002.3189
Distância: 3.00m</description>
        <styleUrl>#edge_style</styleUrl>
        <LineString>
          <coordinates>-41.76521769380151,-3.122388973629509,0 -41.76521769380151,-3.122415923244369,0</coordinates>
        </LineString>
      </Placemark>
      <Placemark>
        <name>ef_ip4.001.2888 → ef_ip4.001.2886</name>
        <description>De: ef_ip4.001.2888
Para: ef_ip4.001.2886
Distância: 3.00m</description>
        <styleUrl>#edge_style</styleUrl>
        <LineString>
          <coordinates>-41.76519259067886,-3.122388973629509,0 -41.76519259067886,-3.122415923244369,0</coordinates>
        </LineString>
      </Placemark>
      <Placemark>
        <name>ef_ip4.001.2884 → ef_secv1.002.2814</name>
        <description>De: ef_ip4.001.2884
Para: ef_secv1.002.2814
Distância: 1.42m</description>
        <styleUrl>#edge_style</styleUrl>
        <LineString>
          <coordinates>-41.76514718500205,-3.122388973629509,0 -41.765134452159884,-3.122388973629509,0</coordinates>
        </LineString>
      </Placemark>
      <Placemark>
        <name>ef_ip4.001.2884 → ef_ip4.001.2887</name>
        <description>De: ef_ip4.001.2884
Para: ef_ip4.001.2887
Distância: 3.00m</description>
        <styleUrl>#edge_style</styleUrl>
        <LineString>
          <coordinates>-41.76514718500205,-3.122388973629509,0 -41.76514718500205,-3.122415923244369,0</coordinates>
        </LineString>
      </Placemark>
      <Placemark>
        <name>ef_secv1.002.2814 → ef_secv1.002.2818</name>
        <description>De: ef_secv1.002.2814
Para: ef_secv1.002.2818
Distância: 3.00m</description>
        <styleUrl>#edge_style</styleUrl>
        <LineString>
          <coordinates>-41.765134452159884,-3.122388973629509,0 -41.765134452159884,-3.122415923244369,0</coordinates>
        </LineString>
      </Placemark>
      <Placemark>
        <name>ef_secv1.002.2817 → ef_secv1.002.2820</name>
        <description>De: ef_secv1.002.2817
Para: ef_secv1.002.2820
Distância: 3.00m</description>
        <styleUrl>#edge_style</styleUrl>
        <LineString>
          <coordinates>-41.76508857326361,-3.122388973629509,0 -41.76508857326361,-3.122415923244369,0</coordinates>
        </LineString>
      </Placemark>
      <Placemark>
        <name>ef_secv1.002.2817 → ef_buscsb2.002.3350</name>
        <description>De: ef_secv1.002.2817
Para: ef_buscsb2.002.3350
Distância: 6.99m</description>
        <styleUrl>#edge_style</styleUrl>
        <LineString>
          <coordinates>-41.76508857326361,-3.122388973629509,0 -41.76502566566414,-3.122388973629509,0</coordinates>
        </LineString>
      </Placemark>
      <Placemark>
        <name>ef_buscsb2.002.3350 → ef_buscsb2.002.3344</name>
        <description>De: ef_buscsb2.002.3350
Para: ef_buscsb2.002.3344
Distância: 3.00m</description>
        <styleUrl>#edge_style</styleUrl>
        <LineString>
          <coordinates>-41.76502566566414,-3.122388973629509,0 -41.76502566566414,-3.122415923244369,0</coordinates>
        </LineString>
      </Placemark>
      <Placemark>
        <name>ef_buscsb2.002.3348 → ef_buscsb2.002.3353</name>
        <description>De: ef_buscsb2.002.3348
Para: ef_buscsb2.002.3353
Distância: 3.00m</description>
        <styleUrl>#edge_style</styleUrl>
        <LineString>
          <coordinates>-41.76497963922416,-3.122388973629509,0 -41.76497963922416,-3.122415923244369,0</coordinates>
        </LineString>
      </Placemark>
      <Placemark>
        <name>ef_buscsb2.002.3348 → ef_busip21.002.3140</name>
        <description>De: ef_buscsb2.002.3348
Para: ef_busip21.002.3140
Distância: 3.09m</description>
        <styleUrl>#edge_style</styleUrl>
        <LineString>
          <coordinates>-41.76497963922416,-3.122388973629509,0 -41.76495185872298,-3.122388973629509,0</coordinates>
        </LineString>
      </Placemark>
      <Placemark>
        <name>ef_busip21.002.3140 → ef_busip20.002.3151</name>
        <description>De: ef_busip21.002.3140
Para: ef_busip20.002.3151
Distância: 3.00m</description>
        <styleUrl>#edge_style</styleUrl>
        <LineString>
          <coordinates>-41.76495185872298,-3.122388973629509,0 -41.76495185872298,-3.122415923244369,0</coordinates>
        </LineString>
      </Placemark>
      <Placemark>
        <name>ef_busip21.002.3135 → ef_busip26.002.3097</name>
        <description>De: ef_busip21.002.3135
Para: ef_busip26.002.3097
Distância: 3.35m</description>
        <styleUrl>#edge_style</styleUrl>
        <LineString>
          <coordinates>-41.76490616605566,-3.122388973629509,0 -41.76487598886887,-3.122388973629509,0</coordinates>
        </LineString>
      </Placemark>
      <Placemark>
        <name>ef_busip21.002.3135 → ef_busip20.002.3132</name>
        <description>De: ef_busip21.002.3135
Para: ef_busip20.002.3132
Distância: 3.00m</description>
        <styleUrl>#edge_style</styleUrl>
        <LineString>
          <coordinates>-41.76490616605566,-3.122388973629509,0 -41.76490616605566,-3.122415923244369,0</coordinates>
        </LineString>
      </Placemark>
      <Placemark>
        <name>ef_busip26.002.3097 → ef_busip26.002.3101</name>
        <description>De: ef_busip26.002.3097
Para: ef_busip26.002.3101
Distância: 3.00m</description>
        <styleUrl>#edge_style</styleUrl>
        <LineString>
          <coordinates>-41.76487598886887,-3.122388973629509,0 -41.76487598886887,-3.122415923244369,0</coordinates>
        </LineString>
      </Placemark>
      <Placemark>
        <name>ef_busip26.002.3089 → ef_disjuntor1.002.2949</name>
        <description>De: ef_busip26.002.3089
Para: ef_disjuntor1.002.2949
Distância: 4.63m</description>
        <styleUrl>#edge_style</styleUrl>
        <LineString>
          <coordinates>-41.76483022153004,-3.122388973629509,0 -41.764788600709224,-3.122388973629509,0</coordinates>
        </LineString>
      </Placemark>
      <Placemark>
        <name>ef_busip26.002.3089 → ef_busip26.002.3102</name>
        <description>De: ef_busip26.002.3089
Para: ef_busip26.002.3102
Distância: 3.00m</description>
        <styleUrl>#edge_style</styleUrl>
        <LineString>
          <coordinates>-41.76483022153004,-3.122388973629509,0 -41.76483022153004,-3.122415923244369,0</coordinates>
        </LineString>
      </Placemark>
      <Placemark>
        <name>ef_disjuntor1.002.2949 → ef_disjuntor1.002.2938</name>
        <description>De: ef_disjuntor1.002.2949
Para: ef_disjuntor1.002.2938
Distância: 3.00m</description>
        <styleUrl>#edge_style</styleUrl>
        <LineString>
          <coordinates>-41.764788600709224,-3.122388973629509,0 -41.764788600709224,-3.122415923244369,0</coordinates>
        </LineString>
      </Placemark>
      <Placemark>
        <name>ef_disjuntor1.002.2940 → ef_tc1.002.2744</name>
        <description>De: ef_disjuntor1.002.2940
Para: ef_tc1.002.2744
Distância: 2.02m</description>
        <styleUrl>#edge_style</styleUrl>
        <LineString>
          <coordinates>-41.76473909889517,-3.122388973629509,0 -41.76472096541346,-3.122388973629509,0</coordinates>
        </LineString>
      </Placemark>
      <Placemark>
        <name>ef_disjuntor1.002.2940 → ef_disjuntor1.002.2941</name>
        <description>De: ef_disjuntor1.002.2940
Para: ef_disjuntor1.002.2941
Distância: 3.00m</description>
        <styleUrl>#edge_style</styleUrl>
        <LineString>
          <coordinates>-41.76473909889517,-3.122388973629509,0 -41.76473909889517,-3.122415923244369,0</coordinates>
        </LineString>
      </Placemark>
      <Placemark>
        <name>ef_tc1.002.2744 → ef_tc1.002.2753</name>
        <description>De: ef_tc1.002.2744
Para: ef_tc1.002.2753
Distância: 3.00m</description>
        <styleUrl>#edge_style</styleUrl>
        <LineString>
          <coordinates>-41.76472096541346,-3.122388973629509,0 -41.76472096541346,-3.122415923244369,0</coordinates>
        </LineString>
      </Placemark>
      <Placemark>
        <name>ef_tc1.002.2752 → ef_tc1.002.2755</name>
        <description>De: ef_tc1.002.2752
Para: ef_tc1.002.2755
Distância: 3.00m</description>
        <styleUrl>#edge_style</styleUrl>
        <LineString>
          <coordinates>-41.764672307477454,-3.122388973629509,0 -41.764672307477454,-3.122415923244369,0</coordinates>
        </LineString>
      </Placemark>
      <Placemark>
        <name>ef_tc1.002.2752 → ef_sech1.002.2846</name>
        <description>De: ef_tc1.002.2752
Para: ef_sech1.002.2846
Distância: 1.26m</description>
        <styleUrl>#edge_style</styleUrl>
        <LineString>
          <coordinates>-41.764672307477454,-3.122388973629509,0 -41.76466099249435,-3.122388973629509,0</coordinates>
        </LineString>
      </Placemark>
      <Placemark>
        <name>ef_sech1.002.2846 → ef_sech1.002.2852</name>
        <description>De: ef_sech1.002.2846
Para: ef_sech1.002.2852
Distância: 3.00m</description>
        <styleUrl>#edge_style</styleUrl>
        <LineString>
          <coordinates>-41.76466099249435,-3.122388973629509,0 -41.76466099249435,-3.122415923244369,0</coordinates>
        </LineString>
      </Placemark>
      <Placemark>
        <name>ef_sech1.002.2842 → ef_sech1.002.2859</name>
        <description>De: ef_sech1.002.2842
Para: ef_sech1.002.2859
Distância: 3.00m</description>
        <styleUrl>#edge_style</styleUrl>
        <LineString>
          <coordinates>-41.76461523415208,-3.122388973629509,0 -41.76461523415208,-3.122415923244369,0</coordinates>
        </LineString>
      </Placemark>
      <Placemark>
        <name>ef_sech1.002.2842 → ef_secv4.002.2789</name>
        <description>De: ef_sech1.002.2842
Para: ef_secv4.002.2789
Distância: 7.77m</description>
        <styleUrl>#edge_style</styleUrl>
        <LineString>
          <coordinates>-41.76461523415208,-3.122388973629509,0 -41.764545303831916,-3.122388973629509,0</coordinates>
        </LineString>
      </Placemark>
      <Placemark>
        <name>ef_secv4.002.2789 → ef_secv4.002.2779</name>
        <description>De: ef_secv4.002.2789
Para: ef_secv4.002.2779
Distância: 3.00m</description>
        <styleUrl>#edge_style</styleUrl>
        <LineString>
          <coordinates>-41.764545303831916,-3.122388973629509,0 -41.764545303831916,-3.122415923244369,0</coordinates>
        </LineString>
      </Placemark>
      <Placemark>
        <name>ef_secv4.002.2786 → ef_secv4.002.2788</name>
        <description>De: ef_secv4.002.2786
Para: ef_secv4.002.2788
Distância: 3.00m</description>
        <styleUrl>#edge_style</styleUrl>
        <LineString>
          <coordinates>-41.76449942493564,-3.122388973629509,0 -41.76449942493564,-3.122415923244369,0</coordinates>
        </LineString>
      </Placemark>
      <Placemark>
        <name>ef_secv4.002.2786 → ef_disjuntor4.002.2924</name>
        <description>De: ef_secv4.002.2786
Para: ef_disjuntor4.002.2924
Distância: 2.47m</description>
        <styleUrl>#edge_style</styleUrl>
        <LineString>
          <coordinates>-41.76449942493564,-3.122388973629509,0 -41.764477214209485,-3.122388973629509,0</coordinates>
        </LineString>
      </Placemark>
      <Placemark>
        <name>ef_disjuntor4.002.2924 → ef_disjuntor4.002.2913</name>
        <description>De: ef_disjuntor4.002.2924
Para: ef_disjuntor4.002.2913
Distância: 3.00m</description>
        <styleUrl>#edge_style</styleUrl>
        <LineString>
          <coordinates>-41.764477214209485,-3.122388973629509,0 -41.764477214209485,-3.122415923244369,0</coordinates>
        </LineString>
      </Placemark>
      <Placemark>
        <name>ef_disjuntor4.002.2912 → ef_tc4.002.2720</name>
        <description>De: ef_disjuntor4.002.2912
Para: ef_tc4.002.2720
Distância: 3.13m</description>
        <styleUrl>#edge_style</styleUrl>
        <LineString>
          <coordinates>-41.76442771239543,-3.122388973629509,0 -41.76439957203155,-3.122388973629509,0</coordinates>
        </LineString>
      </Placemark>
      <Placemark>
        <name>ef_disjuntor4.002.2912 → ef_disjuntor4.002.2908</name>
        <description>De: ef_disjuntor4.002.2912
Para: ef_disjuntor4.002.2908
Distância: 3.00m</description>
        <styleUrl>#edge_style</styleUrl>
        <LineString>
          <coordinates>-41.76442771239543,-3.122388973629509,0 -41.76442771239543,-3.122415923244369,0</coordinates>
        </LineString>
      </Placemark>
      <Placemark>
        <name>ef_tc4.002.2720 → ef_tc4.002.2721</name>
        <description>De: ef_tc4.002.2720
Para: ef_tc4.002.2721
Distância: 3.00m</description>
        <styleUrl>#edge_style</styleUrl>
        <LineString>
          <coordinates>-41.76439957203155,-3.122388973629509,0 -41.76439957203155,-3.122415923244369,0</coordinates>
        </LineString>
      </Placemark>
      <Placemark>
        <name>ef_tc4.002.2712 → ef_tc4.002.2719</name>
        <description>De: ef_tc4.002.2712
Para: ef_tc4.002.2719
Distância: 3.00m</description>
        <styleUrl>#edge_style</styleUrl>
        <LineString>
          <coordinates>-41.764350914095544,-3.122388973629509,0 -41.764350914095544,-3.122415923244369,0</coordinates>
        </LineString>
      </Placemark>
      <Placemark>
        <name>ef_tc4.002.2712 → ef_sech4.002.2828</name>
        <description>De: ef_tc4.002.2712
Para: ef_sech4.002.2828
Distância: 1.38m</description>
        <styleUrl>#edge_style</styleUrl>
        <LineString>
          <coordinates>-41.764350914095544,-3.122388973629509,0 -41.764338471842514,-3.122388973629509,0</coordinates>
        </LineString>
      </Placemark>
      <Placemark>
        <name>ef_sech4.002.2828 → ef_sech4.002.2837</name>
        <description>De: ef_sech4.002.2828
Para: ef_sech4.002.2837
Distância: 3.00m</description>
        <styleUrl>#edge_style</styleUrl>
        <LineString>
          <coordinates>-41.764338471842514,-3.122388973629509,0 -41.764338471842514,-3.122415923244369,0</coordinates>
        </LineString>
      </Placemark>
      <Placemark>
        <name>ef_sech4.002.2825 → ef_buscsb8.002.3285</name>
        <description>De: ef_sech4.002.2825
Para: ef_buscsb8.002.3285
Distância: 32.30m</description>
        <styleUrl>#edge_style</styleUrl>
        <LineString>
          <coordinates>-41.76429271350025,-3.122388973629509,0 -41.76400210457345,-3.122388973629509,0</coordinates>
        </LineString>
      </Placemark>
      <Placemark>
        <name>ef_sech4.002.2825 → ef_sech4.002.2829</name>
        <description>De: ef_sech4.002.2825
Para: ef_sech4.002.2829
Distância: 5.61m</description>
        <styleUrl>#edge_style</styleUrl>
        <LineString>
          <coordinates>-41.76429271350025,-3.122388973629509,0 -41.76429271350025,-3.1224393712059384,0</coordinates>
        </LineString>
      </Placemark>
      <Placemark>
        <name>ef_buscsb8.002.3285 → ef_buscsb8.002.3290</name>
        <description>De: ef_buscsb8.002.3285
Para: ef_buscsb8.002.3290
Distância: 0.49m</description>
        <styleUrl>#edge_style</styleUrl>
        <LineString>
          <coordinates>-41.76400210457345,-3.122388973629509,0 -41.76400210457345,-3.122393361026808,0</coordinates>
        </LineString>
      </Placemark>
      <Placemark>
        <name>ef_buscsb8.002.3289 → ef_buscsb8.002.3286</name>
        <description>De: ef_buscsb8.002.3289
Para: ef_buscsb8.002.3286
Distância: 0.49m</description>
        <styleUrl>#edge_style</styleUrl>
        <LineString>
          <coordinates>-41.76395622567718,-3.122388973629509,0 -41.76395622567718,-3.122393361026808,0</coordinates>
        </LineString>
      </Placemark>
      <Placemark>
        <name>ef_buscsb8.002.3289 → ef_busip34.002.3057</name>
        <description>De: ef_buscsb8.002.3289
Para: ef_busip34.002.3057
Distância: 3.02m</description>
        <styleUrl>#edge_style</styleUrl>
        <LineString>
          <coordinates>-41.76395622567718,-3.122388973629509,0 -41.76392907403608,-3.122388973629509,0</coordinates>
        </LineString>
      </Placemark>
      <Placemark>
        <name>ef_busip34.002.3057 → ef_busip34.002.3055</name>
        <description>De: ef_busip34.002.3057
Para: ef_busip34.002.3055
Distância: 0.56m</description>
        <styleUrl>#edge_style</styleUrl>
        <LineString>
          <coordinates>-41.76392907403608,-3.122388973629509,0 -41.76392907403608,-3.1223939637998606,0</coordinates>
        </LineString>
      </Placemark>
      <Placemark>
        <name>ef_busip34.002.3058 → ef_busip38.002.3023</name>
        <description>De: ef_busip34.002.3058
Para: ef_busip38.002.3023
Distância: 3.44m</description>
        <styleUrl>#edge_style</styleUrl>
        <LineString>
          <coordinates>-41.76388366835926,-3.122388973629509,0 -41.763852702173494,-3.122388973629509,0</coordinates>
        </LineString>
      </Placemark>
      <Placemark>
        <name>ef_busip34.002.3058 → ef_busip34.002.3054</name>
        <description>De: ef_busip34.002.3058
Para: ef_busip34.002.3054
Distância: 0.56m</description>
        <styleUrl>#edge_style</styleUrl>
        <LineString>
          <coordinates>-41.76388366835926,-3.122388973629509,0 -41.76388366835926,-3.1223939637998606,0</coordinates>
        </LineString>
      </Placemark>
      <Placemark>
        <name>ef_busip38.002.3023 → ef_busip38.002.3021</name>
        <description>De: ef_busip38.002.3023
Para: ef_busip38.002.3021
Distância: 0.57m</description>
        <styleUrl>#edge_style</styleUrl>
        <LineString>
          <coordinates>-41.763852702173494,-3.122388973629509,0 -41.763852702173494,-3.1223941272941906,0</coordinates>
        </LineString>
      </Placemark>
      <Placemark>
        <name>ef_buscsb8.002.3290 → ef_buscsb8.002.3284</name>
        <description>De: ef_buscsb8.002.3290
Para: ef_buscsb8.002.3284
Distância: 1.22m</description>
        <styleUrl>#edge_style</styleUrl>
        <LineString>
          <coordinates>-41.76400210457345,-3.122393361026808,0 -41.76399112696163,-3.122393361026808,0</coordinates>
        </LineString>
      </Placemark>
      <Placemark>
        <name>ef_buscsb8.002.3284 → ef_buscsb7.002.3297</name>
        <description>De: ef_buscsb8.002.3284
Para: ef_buscsb7.002.3297
Distância: 3.80m</description>
        <styleUrl>#edge_style</styleUrl>
        <LineString>
          <coordinates>-41.76399112696163,-3.122393361026808,0 -41.76399112696163,-3.1224275052905153,0</coordinates>
        </LineString>
      </Placemark>
      <Placemark>
        <name>ef_buscsb8.002.3284 → ef_buscsb8.002.3288</name>
        <description>De: ef_buscsb8.002.3284
Para: ef_buscsb8.002.3288
Distância: 3.00m</description>
        <styleUrl>#edge_style</styleUrl>
        <LineString>
          <coordinates>-41.76399112696163,-3.122393361026808,0 -41.763964137258746,-3.122393361026808,0</coordinates>
        </LineString>
      </Placemark>
      <Placemark>
        <name>ef_buscsb8.002.3288 → ef_buscsb8.002.3286</name>
        <description>De: ef_buscsb8.002.3288
Para: ef_buscsb8.002.3286
Distância: 0.88m</description>
        <styleUrl>#edge_style</styleUrl>
        <LineString>
          <coordinates>-41.763964137258746,-3.122393361026808,0 -41.76395622567718,-3.122393361026808,0</coordinates>
        </LineString>
      </Placemark>
      <Placemark>
        <name>ef_buscsb8.002.3288 → ef_buscsb7.002.3294</name>
        <description>De: ef_buscsb8.002.3288
Para: ef_buscsb7.002.3294
Distância: 3.80m</description>
        <styleUrl>#edge_style</styleUrl>
        <LineString>
          <coordinates>-41.763964137258746,-3.122393361026808,0 -41.763964137258746,-3.1224275052905153,0</coordinates>
        </LineString>
      </Placemark>
      <Placemark>
        <name>ef_busip34.002.3055 → ef_busip34.002.3059</name>
        <description>De: ef_busip34.002.3055
Para: ef_busip34.002.3059
Distância: 2.10m</description>
        <styleUrl>#edge_style</styleUrl>
        <LineString>
          <coordinates>-41.76392907403608,-3.1223939637998606,0 -41.76391015785298,-3.1223939637998606,0</coordinates>
        </LineString>
      </Placemark>
      <Placemark>
        <name>ef_busip34.002.3059 → ef_busip33.002.3071</name>
        <description>De: ef_busip34.002.3059
Para: ef_busip33.002.3071
Distância: 3.94m</description>
        <styleUrl>#edge_style</styleUrl>
        <LineString>
          <coordinates>-41.76391015785298,-3.1223939637998606,0 -41.76391015785298,-3.122429369305543,0</coordinates>
        </LineString>
      </Placemark>
      <Placemark>
        <name>ef_busip34.002.3059 → ef_busip34.002.3054</name>
        <description>De: ef_busip34.002.3059
Para: ef_busip34.002.3054
Distância: 2.94m</description>
        <styleUrl>#edge_style</styleUrl>
        <LineString>
          <coordinates>-41.76391015785298,-3.1223939637998606,0 -41.76388366835926,-3.1223939637998606,0</coordinates>
        </LineString>
      </Placemark>
      <Placemark>
        <name>ef_busip38.002.3021 → ef_busip38.002.3028</name>
        <description>De: ef_busip38.002.3021
Para: ef_busip38.002.3028
Distância: 2.61m</description>
        <styleUrl>#edge_style</styleUrl>
        <LineString>
          <coordinates>-41.763852702173494,-3.1223941272941906,0 -41.76382918874434,-3.1223941272941906,0</coordinates>
        </LineString>
      </Placemark>
      <Placemark>
        <name>ef_busip38.002.3028 → ef_busip37.002.3030</name>
        <description>De: ef_busip38.002.3028
Para: ef_busip37.002.3030
Distância: 3.91m</description>
        <styleUrl>#edge_style</styleUrl>
        <LineString>
          <coordinates>-41.76382918874434,-3.1223941272941906,0 -41.76382918874434,-3.122429238150751,0</coordinates>
        </LineString>
      </Placemark>
      <Placemark>
        <name>ef_busip38.002.3028 → ef_busip38.002.3027</name>
        <description>De: ef_busip38.002.3028
Para: ef_busip38.002.3027
Distância: 2.43m</description>
        <styleUrl>#edge_style</styleUrl>
        <LineString>
          <coordinates>-41.76382918874434,-3.1223941272941906,0 -41.76380729559702,-3.1223941272941906,0</coordinates>
        </LineString>
      </Placemark>
      <Placemark>
        <name>ef_busip3.003.3110 → ef_busip3.003.3112</name>
        <description>De: ef_busip3.003.3110
Para: ef_busip3.003.3112
Distância: 2.99m</description>
        <styleUrl>#edge_style</styleUrl>
        <LineString>
          <coordinates>-41.76552946265537,-3.1223952933141934,0 -41.76550255032297,-3.1223952933141934,0</coordinates>
        </LineString>
      </Placemark>
      <Placemark>
        <name>ef_busip3.003.3112 → ef_busip2.002.3159</name>
        <description>De: ef_busip3.003.3112
Para: ef_busip2.002.3159
Distância: 6.09m</description>
        <styleUrl>#edge_style</styleUrl>
        <LineString>
          <coordinates>-41.76550255032297,-3.1223952933141934,0 -41.76550255032297,-3.1224499642012193,0</coordinates>
        </LineString>
      </Placemark>
      <Placemark>
        <name>ef_busip3.003.3112 → ef_busip6.002.3111</name>
        <description>De: ef_busip3.003.3112
Para: ef_busip6.002.3111
Distância: 2.07m</description>
        <styleUrl>#edge_style</styleUrl>
        <LineString>
          <coordinates>-41.76550255032297,-3.1223952933141934,0 -41.76548395801631,-3.1223952933141934,0</coordinates>
        </LineString>
      </Placemark>
      <Placemark>
        <name>ef_busip6.002.3278 → ef_busip10.002.3277</name>
        <description>De: ef_busip6.002.3278
Para: ef_busip10.002.3277
Distância: 0.83m</description>
        <styleUrl>#edge_style</styleUrl>
        <LineString>
          <coordinates>-41.76542643846119,-3.122408442929604,0 -41.76542643846119,-3.122415923244369,0</coordinates>
        </LineString>
      </Placemark>
      <Placemark>
        <name>ef_busip6.002.3278 → ef_busip10.002.3273</name>
        <description>De: ef_busip6.002.3278
Para: ef_busip10.002.3273
Distância: 0.54m</description>
        <styleUrl>#edge_style</styleUrl>
        <LineString>
          <coordinates>-41.76542643846119,-3.122408442929604,0 -41.765421581214326,-3.122408442929604,0</coordinates>
        </LineString>
      </Placemark>
      <Placemark>
        <name>ef_busip10.002.3273 → ef_busip10.002.3279</name>
        <description>De: ef_busip10.002.3273
Para: ef_busip10.002.3279
Distância: 3.00m</description>
        <styleUrl>#edge_style</styleUrl>
        <LineString>
          <coordinates>-41.765421581214326,-3.122408442929604,0 -41.765394591511445,-3.122408442929604,0</coordinates>
        </LineString>
      </Placemark>
      <Placemark>
        <name>ef_busip10.002.3279 → ef_busip10.002.3276</name>
        <description>De: ef_busip10.002.3279
Para: ef_busip10.002.3276
Distância: 1.51m</description>
        <styleUrl>#edge_style</styleUrl>
        <LineString>
          <coordinates>-41.765394591511445,-3.122408442929604,0 -41.76538103188472,-3.122408442929604,0</coordinates>
        </LineString>
      </Placemark>
      <Placemark>
        <name>ef_busip10.002.3276 → ef_busip10.002.3275</name>
        <description>De: ef_busip10.002.3276
Para: ef_busip10.002.3275
Distância: 0.83m</description>
        <styleUrl>#edge_style</styleUrl>
        <LineString>
          <coordinates>-41.76538103188472,-3.122408442929604,0 -41.76538103188472,-3.122415923244369,0</coordinates>
        </LineString>
      </Placemark>
      <Placemark>
        <name>ef_busip6.002.2979 → ef_busip10.002.2980</name>
        <description>De: ef_busip6.002.2979
Para: ef_busip10.002.2980
Distância: 1.72m</description>
        <styleUrl>#edge_style</styleUrl>
        <LineString>
          <coordinates>-41.76543127951423,-3.122415923244369,0 -41.76543127951423,-3.1224313923232985,0</coordinates>
        </LineString>
      </Placemark>
      <Placemark>
        <name>ef_busip6.002.2979 → ef_busip10.002.3277</name>
        <description>De: ef_busip6.002.2979
Para: ef_busip10.002.3277
Distância: 0.54m</description>
        <styleUrl>#edge_style</styleUrl>
        <LineString>
          <coordinates>-41.76543127951423,-3.122415923244369,0 -41.76542643846119,-3.122415923244369,0</coordinates>
        </LineString>
      </Placemark>
      <Placemark>
        <name>ef_busip10.002.3277 → ef_busip10.002.3274</name>
        <description>De: ef_busip10.002.3277
Para: ef_busip10.002.3274
Distância: 4.62m</description>
        <styleUrl>#edge_style</styleUrl>
        <LineString>
          <coordinates>-41.76542643846119,-3.122415923244369,0 -41.76542643846119,-3.122457381633549,0</coordinates>
        </LineString>
      </Placemark>
      <Placemark>
        <name>ef_busip10.002.3275 → ef_busip13.002.3239</name>
        <description>De: ef_busip10.002.3275
Para: ef_busip13.002.3239
Distância: 5.53m</description>
        <styleUrl>#edge_style</styleUrl>
        <LineString>
          <coordinates>-41.76538103188472,-3.122415923244369,0 -41.76533123948153,-3.122415923244369,0</coordinates>
        </LineString>
      </Placemark>
      <Placemark>
        <name>ef_busip10.002.3275 → ef_busip10.002.3282</name>
        <description>De: ef_busip10.002.3275
Para: ef_busip10.002.3282
Distância: 3.00m</description>
        <styleUrl>#edge_style</styleUrl>
        <LineString>
          <coordinates>-41.76538103188472,-3.122415923244369,0 -41.76538103188472,-3.122442872859229,0</coordinates>
        </LineString>
      </Placemark>
      <Placemark>
        <name>ef_busip13.002.3239 → ef_busip13.002.3245</name>
        <description>De: ef_busip13.002.3239
Para: ef_busip13.002.3245
Distância: 0.51m</description>
        <styleUrl>#edge_style</styleUrl>
        <LineString>
          <coordinates>-41.76533123948153,-3.122415923244369,0 -41.76533123948153,-3.122420487610806,0</coordinates>
        </LineString>
      </Placemark>
      <Placemark>
        <name>ef_busip13.002.3248 → ef_busip13.002.3249</name>
        <description>De: ef_busip13.002.3248
Para: ef_busip13.002.3249
Distância: 0.51m</description>
        <styleUrl>#edge_style</styleUrl>
        <LineString>
          <coordinates>-41.76528583380472,-3.122415923244369,0 -41.76528583380472,-3.122420487610806,0</coordinates>
        </LineString>
      </Placemark>
      <Placemark>
        <name>ef_busip13.002.3248 → ef_busip16.002.3192</name>
        <description>De: ef_busip13.002.3248
Para: ef_busip16.002.3192
Distância: 2.53m</description>
        <styleUrl>#edge_style</styleUrl>
        <LineString>
          <coordinates>-41.76528583380472,-3.122415923244369,0 -41.76526310037798,-3.122415923244369,0</coordinates>
        </LineString>
      </Placemark>
      <Placemark>
        <name>ef_busip16.002.3192 → ef_busip16.002.3193</name>
        <description>De: ef_busip16.002.3192
Para: ef_busip16.002.3193
Distância: 0.50m</description>
        <styleUrl>#edge_style</styleUrl>
        <LineString>
          <coordinates>-41.76526310037798,-3.122415923244369,0 -41.76526310037798,-3.122420370829141,0</coordinates>
        </LineString>
      </Placemark>
      <Placemark>
        <name>ef_busip16.002.3189 → ef_ip4.001.2886</name>
        <description>De: ef_busip16.002.3189
Para: ef_ip4.001.2886
Distância: 2.79m</description>
        <styleUrl>#edge_style</styleUrl>
        <LineString>
          <coordinates>-41.76521769380151,-3.122415923244369,0 -41.76519259067886,-3.122415923244369,0</coordinates>
        </LineString>
      </Placemark>
      <Placemark>
        <name>ef_busip16.002.3189 → ef_busip16.002.3191</name>
        <description>De: ef_busip16.002.3189
Para: ef_busip16.002.3191
Distância: 0.50m</description>
        <styleUrl>#edge_style</styleUrl>
        <LineString>
          <coordinates>-41.76521769380151,-3.122415923244369,0 -41.76521769380151,-3.122420370829141,0</coordinates>
        </LineString>
      </Placemark>
      <Placemark>
        <name>ef_ip4.001.2886 → ef_ip4.001.2891</name>
        <description>De: ef_ip4.001.2886
Para: ef_ip4.001.2891
Distância: 0.46m</description>
        <styleUrl>#edge_style</styleUrl>
        <LineString>
          <coordinates>-41.76519259067886,-3.122415923244369,0 -41.76519259067886,-3.1224200501287247,0</coordinates>
        </LineString>
      </Placemark>
      <Placemark>
        <name>ef_ip4.001.2887 → ef_secv1.002.2818</name>
        <description>De: ef_ip4.001.2887
Para: ef_secv1.002.2818
Distância: 1.42m</description>
        <styleUrl>#edge_style</styleUrl>
        <LineString>
          <coordinates>-41.76514718500205,-3.122415923244369,0 -41.765134452159884,-3.122415923244369,0</coordinates>
        </LineString>
      </Placemark>
      <Placemark>
        <name>ef_ip4.001.2887 → ef_ip4.001.2892</name>
        <description>De: ef_ip4.001.2887
Para: ef_ip4.001.2892
Distância: 0.46m</description>
        <styleUrl>#edge_style</styleUrl>
        <LineString>
          <coordinates>-41.76514718500205,-3.122415923244369,0 -41.76514718500205,-3.1224200501287247,0</coordinates>
        </LineString>
      </Placemark>
      <Placemark>
        <name>ef_secv1.002.2818 → ef_secv1.002.2819</name>
        <description>De: ef_secv1.002.2818
Para: ef_secv1.002.2819
Distância: 0.84m</description>
        <styleUrl>#edge_style</styleUrl>
        <LineString>
          <coordinates>-41.765134452159884,-3.122415923244369,0 -41.765134452159884,-3.122423436796992,0</coordinates>
        </LineString>
      </Placemark>
      <Placemark>
        <name>ef_secv1.002.2820 → ef_secv1.002.2813</name>
        <description>De: ef_secv1.002.2820
Para: ef_secv1.002.2813
Distância: 0.84m</description>
        <styleUrl>#edge_style</styleUrl>
        <LineString>
          <coordinates>-41.76508857326361,-3.122415923244369,0 -41.76508857326361,-3.122423436796992,0</coordinates>
        </LineString>
      </Placemark>
      <Placemark>
        <name>ef_secv1.002.2820 → ef_buscsb2.002.3344</name>
        <description>De: ef_secv1.002.2820
Para: ef_buscsb2.002.3344
Distância: 6.99m</description>
        <styleUrl>#edge_style</styleUrl>
        <LineString>
          <coordinates>-41.76508857326361,-3.122415923244369,0 -41.76502566566414,-3.122415923244369,0</coordinates>
        </LineString>
      </Placemark>
      <Placemark>
        <name>ef_buscsb2.002.3344 → ef_buscsb1.002.3343</name>
        <description>De: ef_buscsb2.002.3344
Para: ef_buscsb1.002.3343
Distância: 3.00m</description>
        <styleUrl>#edge_style</styleUrl>
        <LineString>
          <coordinates>-41.76502566566414,-3.122415923244369,0 -41.76502566566414,-3.122442872859229,0</coordinates>
        </LineString>
      </Placemark>
      <Placemark>
        <name>ef_buscsb2.002.3353 → ef_buscsb1.002.3336</name>
        <description>De: ef_buscsb2.002.3353
Para: ef_buscsb1.002.3336
Distância: 3.00m</description>
        <styleUrl>#edge_style</styleUrl>
        <LineString>
          <coordinates>-41.76497963922416,-3.122415923244369,0 -41.76497963922416,-3.122442872859229,0</coordinates>
        </LineString>
      </Placemark>
      <Placemark>
        <name>ef_buscsb2.002.3353 → ef_busip20.002.3151</name>
        <description>De: ef_buscsb2.002.3353
Para: ef_busip20.002.3151
Distância: 3.09m</description>
        <styleUrl>#edge_style</styleUrl>
        <LineString>
          <coordinates>-41.76497963922416,-3.122415923244369,0 -41.76495185872298,-3.122415923244369,0</coordinates>
        </LineString>
      </Placemark>
      <Placemark>
        <name>ef_busip20.002.3151 → ef_busip19.002.3142</name>
        <description>De: ef_busip20.002.3151
Para: ef_busip19.002.3142
Distância: 3.00m</description>
        <styleUrl>#edge_style</styleUrl>
        <LineString>
          <coordinates>-41.76495185872298,-3.122415923244369,0 -41.76495185872298,-3.122442872859229,0</coordinates>
        </LineString>
      </Placemark>
      <Placemark>
        <name>ef_busip20.002.3132 → ef_busip26.002.3101</name>
        <description>De: ef_busip20.002.3132
Para: ef_busip26.002.3101
Distância: 3.35m</description>
        <styleUrl>#edge_style</styleUrl>
        <LineString>
          <coordinates>-41.76490616605566,-3.122415923244369,0 -41.76487598886887,-3.122415923244369,0</coordinates>
        </LineString>
      </Placemark>
      <Placemark>
        <name>ef_busip20.002.3132 → ef_busip19.002.3137</name>
        <description>De: ef_busip20.002.3132
Para: ef_busip19.002.3137
Distância: 3.00m</description>
        <styleUrl>#edge_style</styleUrl>
        <LineString>
          <coordinates>-41.76490616605566,-3.122415923244369,0 -41.76490616605566,-3.122442872859229,0</coordinates>
        </LineString>
      </Placemark>
      <Placemark>
        <name>ef_busip26.002.3101 → ef_busip25.002.3098</name>
        <description>De: ef_busip26.002.3101
Para: ef_busip25.002.3098
Distância: 1.86m</description>
        <styleUrl>#edge_style</styleUrl>
        <LineString>
          <coordinates>-41.76487598886887,-3.122415923244369,0 -41.76487598886887,-3.122432623022377,0</coordinates>
        </LineString>
      </Placemark>
      <Placemark>
        <name>ef_busip26.002.3102 → ef_busip26.002.3116</name>
        <description>De: ef_busip26.002.3102
Para: ef_busip26.002.3116
Distância: 1.45m</description>
        <styleUrl>#edge_style</styleUrl>
        <LineString>
          <coordinates>-41.76483022153004,-3.122415923244369,0 -41.7648301432599,-3.122428955179795,0</coordinates>
        </LineString>
      </Placemark>
      <Placemark>
        <name>ef_busip26.002.3102 → ef_disjuntor1.002.2938</name>
        <description>De: ef_busip26.002.3102
Para: ef_disjuntor1.002.2938
Distância: 4.63m</description>
        <styleUrl>#edge_style</styleUrl>
        <LineString>
          <coordinates>-41.76483022153004,-3.122415923244369,0 -41.764788600709224,-3.122415923244369,0</coordinates>
        </LineString>
      </Placemark>
      <Placemark>
        <name>ef_disjuntor1.002.2938 → ef_disjuntor1.002.2947</name>
        <description>De: ef_disjuntor1.002.2938
Para: ef_disjuntor1.002.2947
Distância: 1.95m</description>
        <styleUrl>#edge_style</styleUrl>
        <LineString>
          <coordinates>-41.764788600709224,-3.122415923244369,0 -41.764788600709224,-3.122433442290669,0</coordinates>
        </LineString>
      </Placemark>
      <Placemark>
        <name>ef_disjuntor1.002.2941 → ef_disjuntor1.002.2930</name>
        <description>De: ef_disjuntor1.002.2941
Para: ef_disjuntor1.002.2930
Distância: 1.95m</description>
        <styleUrl>#edge_style</styleUrl>
        <LineString>
          <coordinates>-41.76473909889517,-3.122415923244369,0 -41.76473909889517,-3.122433442290669,0</coordinates>
        </LineString>
      </Placemark>
      <Placemark>
        <name>ef_disjuntor1.002.2941 → ef_tc1.002.2753</name>
        <description>De: ef_disjuntor1.002.2941
Para: ef_tc1.002.2753
Distância: 2.02m</description>
        <styleUrl>#edge_style</styleUrl>
        <LineString>
          <coordinates>-41.76473909889517,-3.122415923244369,0 -41.76472096541346,-3.122415923244369,0</coordinates>
        </LineString>
      </Placemark>
      <Placemark>
        <name>ef_tc1.002.2753 → ef_tc1.002.2748</name>
        <description>De: ef_tc1.002.2753
Para: ef_tc1.002.2748
Distância: 0.29m</description>
        <styleUrl>#edge_style</styleUrl>
        <LineString>
          <coordinates>-41.76472096541346,-3.122415923244369,0 -41.76472096541346,-3.122418495135947,0</coordinates>
        </LineString>
      </Placemark>
      <Placemark>
        <name>ef_tc1.002.2755 → ef_tc1.002.2745</name>
        <description>De: ef_tc1.002.2755
Para: ef_tc1.002.2745
Distância: 0.29m</description>
        <styleUrl>#edge_style</styleUrl>
        <LineString>
          <coordinates>-41.764672307477454,-3.122415923244369,0 -41.764672307477454,-3.122418495135947,0</coordinates>
        </LineString>
      </Placemark>
      <Placemark>
        <name>ef_tc1.002.2755 → ef_sech1.002.2852</name>
        <description>De: ef_tc1.002.2755
Para: ef_sech1.002.2852
Distância: 1.26m</description>
        <styleUrl>#edge_style</styleUrl>
        <LineString>
          <coordinates>-41.764672307477454,-3.122415923244369,0 -41.76466099249435,-3.122415923244369,0</coordinates>
        </LineString>
      </Placemark>
      <Placemark>
        <name>ef_sech1.002.2852 → ef_sech1.002.2855</name>
        <description>De: ef_sech1.002.2852
Para: ef_sech1.002.2855
Distância: 2.76m</description>
        <styleUrl>#edge_style</styleUrl>
        <LineString>
          <coordinates>-41.76466099249435,-3.122415923244369,0 -41.76466099249435,-3.122440740246373,0</coordinates>
        </LineString>
      </Placemark>
      <Placemark>
        <name>ef_sech1.002.2859 → ef_sech1.002.2858</name>
        <description>De: ef_sech1.002.2859
Para: ef_sech1.002.2858
Distância: 2.76m</description>
        <styleUrl>#edge_style</styleUrl>
        <LineString>
          <coordinates>-41.76461523415208,-3.122415923244369,0 -41.76461523415208,-3.122440740246373,0</coordinates>
        </LineString>
      </Placemark>
      <Placemark>
        <name>ef_sech1.002.2859 → ef_secv4.002.2779</name>
        <description>De: ef_sech1.002.2859
Para: ef_secv4.002.2779
Distância: 7.77m</description>
        <styleUrl>#edge_style</styleUrl>
        <LineString>
          <coordinates>-41.76461523415208,-3.122415923244369,0 -41.764545303831916,-3.122415923244369,0</coordinates>
        </LineString>
      </Placemark>
      <Placemark>
        <name>ef_secv4.002.2779 → ef_secv4.002.2783</name>
        <description>De: ef_secv4.002.2779
Para: ef_secv4.002.2783
Distância: 0.72m</description>
        <styleUrl>#edge_style</styleUrl>
        <LineString>
          <coordinates>-41.764545303831916,-3.122415923244369,0 -41.764545303831916,-3.122422427983076,0</coordinates>
        </LineString>
      </Placemark>
      <Placemark>
        <name>ef_secv4.002.2788 → ef_secv4.002.2780</name>
        <description>De: ef_secv4.002.2788
Para: ef_secv4.002.2780
Distância: 0.72m</description>
        <styleUrl>#edge_style</styleUrl>
        <LineString>
          <coordinates>-41.76449942493564,-3.122415923244369,0 -41.76449942493564,-3.122422427983076,0</coordinates>
        </LineString>
      </Placemark>
      <Placemark>
        <name>ef_secv4.002.2788 → ef_disjuntor4.002.2913</name>
        <description>De: ef_secv4.002.2788
Para: ef_disjuntor4.002.2913
Distância: 2.47m</description>
        <styleUrl>#edge_style</styleUrl>
        <LineString>
          <coordinates>-41.76449942493564,-3.122415923244369,0 -41.764477214209485,-3.122415923244369,0</coordinates>
        </LineString>
      </Placemark>
      <Placemark>
        <name>ef_disjuntor4.002.2913 → ef_disjuntor4.002.2927</name>
        <description>De: ef_disjuntor4.002.2913
Para: ef_disjuntor4.002.2927
Distância: 1.89m</description>
        <styleUrl>#edge_style</styleUrl>
        <LineString>
          <coordinates>-41.764477214209485,-3.122415923244369,0 -41.764477214209485,-3.1224329086882947,0</coordinates>
        </LineString>
      </Placemark>
      <Placemark>
        <name>ef_disjuntor4.002.2908 → ef_tc4.002.2721</name>
        <description>De: ef_disjuntor4.002.2908
Para: ef_tc4.002.2721
Distância: 3.13m</description>
        <styleUrl>#edge_style</styleUrl>
        <LineString>
          <coordinates>-41.76442771239543,-3.122415923244369,0 -41.76439957203155,-3.122415923244369,0</coordinates>
        </LineString>
      </Placemark>
      <Placemark>
        <name>ef_disjuntor4.002.2908 → ef_disjuntor4.002.2918</name>
        <description>De: ef_disjuntor4.002.2908
Para: ef_disjuntor4.002.2918
Distância: 1.89m</description>
        <styleUrl>#edge_style</styleUrl>
        <LineString>
          <coordinates>-41.76442771239543,-3.122415923244369,0 -41.76442771239543,-3.1224329086882947,0</coordinates>
        </LineString>
      </Placemark>
      <Placemark>
        <name>ef_tc4.002.2721 → ef_tc4.002.2714</name>
        <description>De: ef_tc4.002.2721
Para: ef_tc4.002.2714
Distância: 0.21m</description>
        <styleUrl>#edge_style</styleUrl>
        <LineString>
          <coordinates>-41.76439957203155,-3.122415923244369,0 -41.76439957203155,-3.1224178178022934,0</coordinates>
        </LineString>
      </Placemark>
      <Placemark>
        <name>ef_tc4.002.2719 → ef_sech4.002.2837</name>
        <description>De: ef_tc4.002.2719
Para: ef_sech4.002.2837
Distância: 1.38m</description>
        <styleUrl>#edge_style</styleUrl>
        <LineString>
          <coordinates>-41.764350914095544,-3.122415923244369,0 -41.764338471842514,-3.122415923244369,0</coordinates>
        </LineString>
      </Placemark>
      <Placemark>
        <name>ef_tc4.002.2719 → ef_tc4.002.2716</name>
        <description>De: ef_tc4.002.2719
Para: ef_tc4.002.2716
Distância: 0.21m</description>
        <styleUrl>#edge_style</styleUrl>
        <LineString>
          <coordinates>-41.764350914095544,-3.122415923244369,0 -41.764350914095544,-3.1224178178022934,0</coordinates>
        </LineString>
      </Placemark>
      <Placemark>
        <name>ef_sech4.002.2837 → ef_sech4.002.2836</name>
        <description>De: ef_sech4.002.2837
Para: ef_sech4.002.2836
Distância: 2.61m</description>
        <styleUrl>#edge_style</styleUrl>
        <LineString>
          <coordinates>-41.764338471842514,-3.122415923244369,0 -41.764338471842514,-3.1224393712059384,0</coordinates>
        </LineString>
      </Placemark>
      <Placemark>
        <name>ef_tc4.002.2714 → ef_tc4.002.2718</name>
        <description>De: ef_tc4.002.2714
Para: ef_tc4.002.2718
Distância: 0.40m</description>
        <styleUrl>#edge_style</styleUrl>
        <LineString>
          <coordinates>-41.76439957203155,-3.1224178178022934,0 -41.76439597250484,-3.1224178178022934,0</coordinates>
        </LineString>
      </Placemark>
      <Placemark>
        <name>ef_tc4.002.2718 → ef_tc12.001.1708</name>
        <description>De: ef_tc4.002.2718
Para: ef_tc12.001.1708
Distância: 38.13m</description>
        <styleUrl>#edge_style</styleUrl>
        <LineString>
          <coordinates>-41.76439597250484,-3.1224178178022934,0 -41.76439597250484,-3.122760333932358,0</coordinates>
        </LineString>
      </Placemark>
      <Placemark>
        <name>ef_tc4.002.2718 → ef_tc4.002.2711</name>
        <description>De: ef_tc4.002.2718
Para: ef_tc4.002.2711
Distância: 3.00m</description>
        <styleUrl>#edge_style</styleUrl>
        <LineString>
          <coordinates>-41.76439597250484,-3.1224178178022934,0 -41.76436898280196,-3.1224178178022934,0</coordinates>
        </LineString>
      </Placemark>
      <Placemark>
        <name>ef_tc4.002.2718 → pp_13</name>
        <description>De: ef_tc4.002.2718
Para: pp_13
Distância: 2.79m</description>
        <styleUrl>#edge_style</styleUrl>
        <LineString>
          <coordinates>-41.76439597250484,-3.1224178178022934,0 -41.76439597250484,-3.122442872859229,0</coordinates>
        </LineString>
      </Placemark>
      <Placemark>
        <name>ef_tc4.002.2718 → pp_29</name>
        <description>De: ef_tc4.002.2718
Para: pp_29
Distância: 5.79m</description>
        <styleUrl>#edge_style</styleUrl>
        <LineString>
          <coordinates>-41.76439597250484,-3.1224178178022934,0 -41.76439597250484,-3.122469822474089,0</coordinates>
        </LineString>
      </Placemark>
      <Placemark>
        <name>ef_tc4.002.2718 → pp_46</name>
        <description>De: ef_tc4.002.2718
Para: pp_46
Distância: 11.79m</description>
        <styleUrl>#edge_style</styleUrl>
        <LineString>
          <coordinates>-41.76439597250484,-3.1224178178022934,0 -41.76439597250484,-3.1225237217038093,0</coordinates>
        </LineString>
      </Placemark>
      <Placemark>
        <name>ef_tc4.002.2718 → pp_64</name>
        <description>De: ef_tc4.002.2718
Para: pp_64
Distância: 14.79m</description>
        <styleUrl>#edge_style</styleUrl>
        <LineString>
          <coordinates>-41.76439597250484,-3.1224178178022934,0 -41.76439597250484,-3.1225506713186695,0</coordinates>
        </LineString>
      </Placemark>
      <Placemark>
        <name>ef_tc4.002.2718 → pp_75</name>
        <description>De: ef_tc4.002.2718
Para: pp_75
Distância: 23.79m</description>
        <styleUrl>#edge_style</styleUrl>
        <LineString>
          <coordinates>-41.76439597250484,-3.1224178178022934,0 -41.76439597250484,-3.12263152016325,0</coordinates>
        </LineString>
      </Placemark>
      <Placemark>
        <name>ef_tc4.002.2718 → pp_92</name>
        <description>De: ef_tc4.002.2718
Para: pp_92
Distância: 32.79m</description>
        <styleUrl>#edge_style</styleUrl>
        <LineString>
          <coordinates>-41.76439597250484,-3.1224178178022934,0 -41.76439597250484,-3.12271236900783,0</coordinates>
        </LineString>
      </Placemark>
      <Placemark>
        <name>ef_tc4.002.2718 → pp_103</name>
        <description>De: ef_tc4.002.2718
Para: pp_103
Distância: 35.79m</description>
        <styleUrl>#edge_style</styleUrl>
        <LineString>
          <coordinates>-41.76439597250484,-3.1224178178022934,0 -41.76439597250484,-3.12273931862269,0</coordinates>
        </LineString>
      </Placemark>
      <Placemark>
        <name>ef_tc4.002.2711 → ef_tc4.002.2716</name>
        <description>De: ef_tc4.002.2711
Para: ef_tc4.002.2716
Distância: 2.01m</description>
        <styleUrl>#edge_style</styleUrl>
        <LineString>
          <coordinates>-41.76436898280196,-3.1224178178022934,0 -41.764350914095544,-3.1224178178022934,0</coordinates>
        </LineString>
      </Placemark>
      <Placemark>
        <name>ef_tc4.002.2711 → ef_tc12.001.1703</name>
        <description>De: ef_tc4.002.2711
Para: ef_tc12.001.1703
Distância: 38.13m</description>
        <styleUrl>#edge_style</styleUrl>
        <LineString>
          <coordinates>-41.76436898280196,-3.1224178178022934,0 -41.76436898280196,-3.122760333932358,0</coordinates>
        </LineString>
      </Placemark>
      <Placemark>
        <name>ef_tc4.002.2711 → pp_14</name>
        <description>De: ef_tc4.002.2711
Para: pp_14
Distância: 2.79m</description>
        <styleUrl>#edge_style</styleUrl>
        <LineString>
          <coordinates>-41.76436898280196,-3.1224178178022934,0 -41.76436898280196,-3.122442872859229,0</coordinates>
        </LineString>
      </Placemark>
      <Placemark>
        <name>ef_tc4.002.2711 → pp_30</name>
        <description>De: ef_tc4.002.2711
Para: pp_30
Distância: 5.79m</description>
        <styleUrl>#edge_style</styleUrl>
        <LineString>
          <coordinates>-41.76436898280196,-3.1224178178022934,0 -41.76436898280196,-3.122469822474089,0</coordinates>
        </LineString>
      </Placemark>
      <Placemark>
        <name>ef_tc4.002.2711 → pp_47</name>
        <description>De: ef_tc4.002.2711
Para: pp_47
Distância: 11.79m</description>
        <styleUrl>#edge_style</styleUrl>
        <LineString>
          <coordinates>-41.76436898280196,-3.1224178178022934,0 -41.76436898280196,-3.1225237217038093,0</coordinates>
        </LineString>
      </Placemark>
      <Placemark>
        <name>ef_tc4.002.2711 → pp_65</name>
        <description>De: ef_tc4.002.2711
Para: pp_65
Distância: 14.79m</description>
        <styleUrl>#edge_style</styleUrl>
        <LineString>
          <coordinates>-41.76436898280196,-3.1224178178022934,0 -41.76436898280196,-3.1225506713186695,0</coordinates>
        </LineString>
      </Placemark>
      <Placemark>
        <name>ef_tc4.002.2711 → pp_76</name>
        <description>De: ef_tc4.002.2711
Para: pp_76
Distância: 23.79m</description>
        <styleUrl>#edge_style</styleUrl>
        <LineString>
          <coordinates>-41.76436898280196,-3.1224178178022934,0 -41.76436898280196,-3.12263152016325,0</coordinates>
        </LineString>
      </Placemark>
      <Placemark>
        <name>ef_tc4.002.2711 → pp_93</name>
        <description>De: ef_tc4.002.2711
Para: pp_93
Distância: 32.79m</description>
        <styleUrl>#edge_style</styleUrl>
        <LineString>
          <coordinates>-41.76436898280196,-3.1224178178022934,0 -41.76436898280196,-3.12271236900783,0</coordinates>
        </LineString>
      </Placemark>
      <Placemark>
        <name>ef_tc4.002.2711 → pp_104</name>
        <description>De: ef_tc4.002.2711
Para: pp_104
Distância: 35.79m</description>
        <styleUrl>#edge_style</styleUrl>
        <LineString>
          <coordinates>-41.76436898280196,-3.1224178178022934,0 -41.76436898280196,-3.12273931862269,0</coordinates>
        </LineString>
      </Placemark>
      <Placemark>
        <name>ef_tc1.002.2748 → ef_tc1.002.2747</name>
        <description>De: ef_tc1.002.2748
Para: ef_tc1.002.2747
Distância: 0.12m</description>
        <styleUrl>#edge_style</styleUrl>
        <LineString>
          <coordinates>-41.76472096541346,-3.122418495135947,0 -41.76471984893942,-3.122418495135947,0</coordinates>
        </LineString>
      </Placemark>
      <Placemark>
        <name>ef_tc1.002.2747 → ef_tc1.002.2751</name>
        <description>De: ef_tc1.002.2747
Para: ef_tc1.002.2751
Distância: 3.00m</description>
        <styleUrl>#edge_style</styleUrl>
        <LineString>
          <coordinates>-41.76471984893942,-3.122418495135947,0 -41.76469285923654,-3.122418495135947,0</coordinates>
        </LineString>
      </Placemark>
      <Placemark>
        <name>ef_tc1.002.2747 → ef_tc6.001.1646</name>
        <description>De: ef_tc1.002.2747
Para: ef_tc6.001.1646
Distância: 38.11m</description>
        <styleUrl>#edge_style</styleUrl>
        <LineString>
          <coordinates>-41.76471984893942,-3.122418495135947,0 -41.76471984893942,-3.1227608846028216,0</coordinates>
        </LineString>
      </Placemark>
      <Placemark>
        <name>ef_tc1.002.2747 → pp_9</name>
        <description>De: ef_tc1.002.2747
Para: pp_9
Distância: 2.71m</description>
        <styleUrl>#edge_style</styleUrl>
        <LineString>
          <coordinates>-41.76471984893942,-3.122418495135947,0 -41.76471984893942,-3.122442872859229,0</coordinates>
        </LineString>
      </Placemark>
      <Placemark>
        <name>ef_tc1.002.2747 → pp_23</name>
        <description>De: ef_tc1.002.2747
Para: pp_23
Distância: 5.71m</description>
        <styleUrl>#edge_style</styleUrl>
        <LineString>
          <coordinates>-41.76471984893942,-3.122418495135947,0 -41.76471984893942,-3.122469822474089,0</coordinates>
        </LineString>
      </Placemark>
      <Placemark>
        <name>ef_tc1.002.2747 → pp_40</name>
        <description>De: ef_tc1.002.2747
Para: pp_40
Distância: 11.71m</description>
        <styleUrl>#edge_style</styleUrl>
        <LineString>
          <coordinates>-41.76471984893942,-3.122418495135947,0 -41.76471984893942,-3.1225237217038093,0</coordinates>
        </LineString>
      </Placemark>
      <Placemark>
        <name>ef_tc1.002.2747 → pp_58</name>
        <description>De: ef_tc1.002.2747
Para: pp_58
Distância: 14.71m</description>
        <styleUrl>#edge_style</styleUrl>
        <LineString>
          <coordinates>-41.76471984893942,-3.122418495135947,0 -41.76471984893942,-3.1225506713186695,0</coordinates>
        </LineString>
      </Placemark>
      <Placemark>
        <name>ef_tc1.002.2747 → pp_69</name>
        <description>De: ef_tc1.002.2747
Para: pp_69
Distância: 23.71m</description>
        <styleUrl>#edge_style</styleUrl>
        <LineString>
          <coordinates>-41.76471984893942,-3.122418495135947,0 -41.76471984893942,-3.12263152016325,0</coordinates>
        </LineString>
      </Placemark>
      <Placemark>
        <name>ef_tc1.002.2747 → pp_86</name>
        <description>De: ef_tc1.002.2747
Para: pp_86
Distância: 32.71m</description>
        <styleUrl>#edge_style</styleUrl>
        <LineString>
          <coordinates>-41.76471984893942,-3.122418495135947,0 -41.76471984893942,-3.12271236900783,0</coordinates>
        </LineString>
      </Placemark>
      <Placemark>
        <name>ef_tc1.002.2747 → pp_101</name>
        <description>De: ef_tc1.002.2747
Para: pp_101
Distância: 35.71m</description>
        <styleUrl>#edge_style</styleUrl>
        <LineString>
          <coordinates>-41.76471984893942,-3.122418495135947,0 -41.76471984893942,-3.12273931862269,0</coordinates>
        </LineString>
      </Placemark>
      <Placemark>
        <name>ef_tc1.002.2751 → ef_tc1.002.2745</name>
        <description>De: ef_tc1.002.2751
Para: ef_tc1.002.2745
Distância: 2.28m</description>
        <styleUrl>#edge_style</styleUrl>
        <LineString>
          <coordinates>-41.76469285923654,-3.122418495135947,0 -41.764672307477454,-3.122418495135947,0</coordinates>
        </LineString>
      </Placemark>
      <Placemark>
        <name>ef_tc1.002.2751 → ef_tc6.001.1651</name>
        <description>De: ef_tc1.002.2751
Para: ef_tc6.001.1651
Distância: 38.11m</description>
        <styleUrl>#edge_style</styleUrl>
        <LineString>
          <coordinates>-41.76469285923654,-3.122418495135947,0 -41.76469285923654,-3.1227608846028216,0</coordinates>
        </LineString>
      </Placemark>
      <Placemark>
        <name>ef_tc1.002.2751 → pp_10</name>
        <description>De: ef_tc1.002.2751
Para: pp_10
Distância: 2.71m</description>
        <styleUrl>#edge_style</styleUrl>
        <LineString>
          <coordinates>-41.76469285923654,-3.122418495135947,0 -41.76469285923654,-3.122442872859229,0</coordinates>
        </LineString>
      </Placemark>
      <Placemark>
        <name>ef_tc1.002.2751 → pp_24</name>
        <description>De: ef_tc1.002.2751
Para: pp_24
Distância: 5.71m</description>
        <styleUrl>#edge_style</styleUrl>
        <LineString>
          <coordinates>-41.76469285923654,-3.122418495135947,0 -41.76469285923654,-3.122469822474089,0</coordinates>
        </LineString>
      </Placemark>
      <Placemark>
        <name>ef_tc1.002.2751 → pp_41</name>
        <description>De: ef_tc1.002.2751
Para: pp_41
Distância: 11.71m</description>
        <styleUrl>#edge_style</styleUrl>
        <LineString>
          <coordinates>-41.76469285923654,-3.122418495135947,0 -41.76469285923654,-3.1225237217038093,0</coordinates>
        </LineString>
      </Placemark>
      <Placemark>
        <name>ef_tc1.002.2751 → pp_59</name>
        <description>De: ef_tc1.002.2751
Para: pp_59
Distância: 14.71m</description>
        <styleUrl>#edge_style</styleUrl>
        <LineString>
          <coordinates>-41.76469285923654,-3.122418495135947,0 -41.76469285923654,-3.1225506713186695,0</coordinates>
        </LineString>
      </Placemark>
      <Placemark>
        <name>ef_tc1.002.2751 → pp_70</name>
        <description>De: ef_tc1.002.2751
Para: pp_70
Distância: 23.71m</description>
        <styleUrl>#edge_style</styleUrl>
        <LineString>
          <coordinates>-41.76469285923654,-3.122418495135947,0 -41.76469285923654,-3.12263152016325,0</coordinates>
        </LineString>
      </Placemark>
      <Placemark>
        <name>ef_tc1.002.2751 → pp_87</name>
        <description>De: ef_tc1.002.2751
Para: pp_87
Distância: 32.71m</description>
        <styleUrl>#edge_style</styleUrl>
        <LineString>
          <coordinates>-41.76469285923654,-3.122418495135947,0 -41.76469285923654,-3.12271236900783,0</coordinates>
        </LineString>
      </Placemark>
      <Placemark>
        <name>ef_tc1.002.2751 → pp_102</name>
        <description>De: ef_tc1.002.2751
Para: pp_102
Distância: 35.71m</description>
        <styleUrl>#edge_style</styleUrl>
        <LineString>
          <coordinates>-41.76469285923654,-3.122418495135947,0 -41.76469285923654,-3.12273931862269,0</coordinates>
        </LineString>
      </Placemark>
      <Placemark>
        <name>ef_ip4.001.2891 → ef_ip4.001.2895</name>
        <description>De: ef_ip4.001.2891
Para: ef_ip4.001.2895
Distância: 1.55m</description>
        <styleUrl>#edge_style</styleUrl>
        <LineString>
          <coordinates>-41.76519259067886,-3.1224200501287247,0 -41.7651786738884,-3.1224200501287247,0</coordinates>
        </LineString>
      </Placemark>
      <Placemark>
        <name>ef_ip4.001.2895 → ef_ip4.001.2889</name>
        <description>De: ef_ip4.001.2895
Para: ef_ip4.001.2889
Distância: 3.00m</description>
        <styleUrl>#edge_style</styleUrl>
        <LineString>
          <coordinates>-41.7651786738884,-3.1224200501287247,0 -41.76515168418552,-3.1224200501287247,0</coordinates>
        </LineString>
      </Placemark>
      <Placemark>
        <name>ef_ip4.001.2895 → ef_ip6.002.2070</name>
        <description>De: ef_ip4.001.2895
Para: ef_ip6.002.2070
Distância: 38.08m</description>
        <styleUrl>#edge_style</styleUrl>
        <LineString>
          <coordinates>-41.7651786738884,-3.1224200501287247,0 -41.7651786738884,-3.122762087453965,0</coordinates>
        </LineString>
      </Placemark>
      <Placemark>
        <name>ef_ip4.001.2895 → pp_5</name>
        <description>De: ef_ip4.001.2895
Para: pp_5
Distância: 2.54m</description>
        <styleUrl>#edge_style</styleUrl>
        <LineString>
          <coordinates>-41.7651786738884,-3.1224200501287247,0 -41.7651786738884,-3.122442872859229,0</coordinates>
        </LineString>
      </Placemark>
      <Placemark>
        <name>ef_ip4.001.2895 → pp_17</name>
        <description>De: ef_ip4.001.2895
Para: pp_17
Distância: 5.54m</description>
        <styleUrl>#edge_style</styleUrl>
        <LineString>
          <coordinates>-41.7651786738884,-3.1224200501287247,0 -41.7651786738884,-3.122469822474089,0</coordinates>
        </LineString>
      </Placemark>
      <Placemark>
        <name>ef_ip4.001.2895 → pp_34</name>
        <description>De: ef_ip4.001.2895
Para: pp_34
Distância: 11.54m</description>
        <styleUrl>#edge_style</styleUrl>
        <LineString>
          <coordinates>-41.7651786738884,-3.1224200501287247,0 -41.7651786738884,-3.1225237217038093,0</coordinates>
        </LineString>
      </Placemark>
      <Placemark>
        <name>ef_ip4.001.2895 → pp_52</name>
        <description>De: ef_ip4.001.2895
Para: pp_52
Distância: 14.54m</description>
        <styleUrl>#edge_style</styleUrl>
        <LineString>
          <coordinates>-41.7651786738884,-3.1224200501287247,0 -41.7651786738884,-3.1225506713186695,0</coordinates>
        </LineString>
      </Placemark>
      <Placemark>
        <name>ef_ip4.001.2895 → pp_80</name>
        <description>De: ef_ip4.001.2895
Para: pp_80
Distância: 32.54m</description>
        <styleUrl>#edge_style</styleUrl>
        <LineString>
          <coordinates>-41.7651786738884,-3.1224200501287247,0 -41.7651786738884,-3.12271236900783,0</coordinates>
        </LineString>
      </Placemark>
      <Placemark>
        <name>ef_ip4.001.2895 → pp_97</name>
        <description>De: ef_ip4.001.2895
Para: pp_97
Distância: 35.54m</description>
        <styleUrl>#edge_style</styleUrl>
        <LineString>
          <coordinates>-41.7651786738884,-3.1224200501287247,0 -41.7651786738884,-3.12273931862269,0</coordinates>
        </LineString>
      </Placemark>
      <Placemark>
        <name>ef_ip4.001.2889 → ef_ip4.001.2892</name>
        <description>De: ef_ip4.001.2889
Para: ef_ip4.001.2892
Distância: 0.50m</description>
        <styleUrl>#edge_style</styleUrl>
        <LineString>
          <coordinates>-41.76515168418552,-3.1224200501287247,0 -41.76514718500205,-3.1224200501287247,0</coordinates>
        </LineString>
      </Placemark>
      <Placemark>
        <name>ef_ip4.001.2889 → ef_ip6.002.2069</name>
        <description>De: ef_ip4.001.2889
Para: ef_ip6.002.2069
Distância: 38.08m</description>
        <styleUrl>#edge_style</styleUrl>
        <LineString>
          <coordinates>-41.76515168418552,-3.1224200501287247,0 -41.76515168418552,-3.122762087453965,0</coordinates>
        </LineString>
      </Placemark>
      <Placemark>
        <name>ef_ip4.001.2889 → pp_6</name>
        <description>De: ef_ip4.001.2889
Para: pp_6
Distância: 2.54m</description>
        <styleUrl>#edge_style</styleUrl>
        <LineString>
          <coordinates>-41.76515168418552,-3.1224200501287247,0 -41.76515168418552,-3.122442872859229,0</coordinates>
        </LineString>
      </Placemark>
      <Placemark>
        <name>ef_ip4.001.2889 → pp_18</name>
        <description>De: ef_ip4.001.2889
Para: pp_18
Distância: 5.54m</description>
        <styleUrl>#edge_style</styleUrl>
        <LineString>
          <coordinates>-41.76515168418552,-3.1224200501287247,0 -41.76515168418552,-3.122469822474089,0</coordinates>
        </LineString>
      </Placemark>
      <Placemark>
        <name>ef_ip4.001.2889 → pp_35</name>
        <description>De: ef_ip4.001.2889
Para: pp_35
Distância: 11.54m</description>
        <styleUrl>#edge_style</styleUrl>
        <LineString>
          <coordinates>-41.76515168418552,-3.1224200501287247,0 -41.76515168418552,-3.1225237217038093,0</coordinates>
        </LineString>
      </Placemark>
      <Placemark>
        <name>ef_ip4.001.2889 → pp_53</name>
        <description>De: ef_ip4.001.2889
Para: pp_53
Distância: 14.54m</description>
        <styleUrl>#edge_style</styleUrl>
        <LineString>
          <coordinates>-41.76515168418552,-3.1224200501287247,0 -41.76515168418552,-3.1225506713186695,0</coordinates>
        </LineString>
      </Placemark>
      <Placemark>
        <name>ef_ip4.001.2889 → pp_81</name>
        <description>De: ef_ip4.001.2889
Para: pp_81
Distância: 32.54m</description>
        <styleUrl>#edge_style</styleUrl>
        <LineString>
          <coordinates>-41.76515168418552,-3.1224200501287247,0 -41.76515168418552,-3.12271236900783,0</coordinates>
        </LineString>
      </Placemark>
      <Placemark>
        <name>ef_ip4.001.2889 → pp_98</name>
        <description>De: ef_ip4.001.2889
Para: pp_98
Distância: 35.54m</description>
        <styleUrl>#edge_style</styleUrl>
        <LineString>
          <coordinates>-41.76515168418552,-3.1224200501287247,0 -41.76515168418552,-3.12273931862269,0</coordinates>
        </LineString>
      </Placemark>
      <Placemark>
        <name>ef_busip16.002.3193 → ef_busip16.002.3186</name>
        <description>De: ef_busip16.002.3193
Para: ef_busip16.002.3186
Distância: 0.38m</description>
        <styleUrl>#edge_style</styleUrl>
        <LineString>
          <coordinates>-41.76526310037798,-3.122420370829141,0 -41.765259642997044,-3.122420370829141,0</coordinates>
        </LineString>
      </Placemark>
      <Placemark>
        <name>ef_busip16.002.3186 → ef_busip16.002.3191</name>
        <description>De: ef_busip16.002.3186
Para: ef_busip16.002.3191
Distância: 4.66m</description>
        <styleUrl>#edge_style</styleUrl>
        <LineString>
          <coordinates>-41.765259642997044,-3.122420370829141,0 -41.76521769380151,-3.122420370829141,0</coordinates>
        </LineString>
      </Placemark>
      <Placemark>
        <name>ef_busip16.002.3186 → ef_sech6.462</name>
        <description>De: ef_busip16.002.3186
Para: ef_sech6.462
Distância: 125.13m</description>
        <styleUrl>#edge_style</styleUrl>
        <LineString>
          <coordinates>-41.765259642997044,-3.122420370829141,0 -41.765259642997044,-3.123544406027098,0</coordinates>
        </LineString>
      </Placemark>
      <Placemark>
        <name>ef_busip16.002.3186 → pp_4</name>
        <description>De: ef_busip16.002.3186
Para: pp_4
Distância: 2.50m</description>
        <styleUrl>#edge_style</styleUrl>
        <LineString>
          <coordinates>-41.765259642997044,-3.122420370829141,0 -41.765259642997044,-3.122442872859229,0</coordinates>
        </LineString>
      </Placemark>
      <Placemark>
        <name>ef_busip16.002.3186 → pp_16</name>
        <description>De: ef_busip16.002.3186
Para: pp_16
Distância: 5.50m</description>
        <styleUrl>#edge_style</styleUrl>
        <LineString>
          <coordinates>-41.765259642997044,-3.122420370829141,0 -41.765259642997044,-3.122469822474089,0</coordinates>
        </LineString>
      </Placemark>
      <Placemark>
        <name>ef_busip16.002.3186 → pp_33</name>
        <description>De: ef_busip16.002.3186
Para: pp_33
Distância: 11.50m</description>
        <styleUrl>#edge_style</styleUrl>
        <LineString>
          <coordinates>-41.765259642997044,-3.122420370829141,0 -41.765259642997044,-3.1225237217038093,0</coordinates>
        </LineString>
      </Placemark>
      <Placemark>
        <name>ef_busip16.002.3186 → pp_51</name>
        <description>De: ef_busip16.002.3186
Para: pp_51
Distância: 14.50m</description>
        <styleUrl>#edge_style</styleUrl>
        <LineString>
          <coordinates>-41.765259642997044,-3.122420370829141,0 -41.765259642997044,-3.1225506713186695,0</coordinates>
        </LineString>
      </Placemark>
      <Placemark>
        <name>ef_busip16.002.3186 → pp_79</name>
        <description>De: ef_busip16.002.3186
Para: pp_79
Distância: 32.50m</description>
        <styleUrl>#edge_style</styleUrl>
        <LineString>
          <coordinates>-41.765259642997044,-3.122420370829141,0 -41.765259642997044,-3.12271236900783,0</coordinates>
        </LineString>
      </Placemark>
      <Placemark>
        <name>ef_busip16.002.3186 → pp_96</name>
        <description>De: ef_busip16.002.3186
Para: pp_96
Distância: 35.50m</description>
        <styleUrl>#edge_style</styleUrl>
        <LineString>
          <coordinates>-41.765259642997044,-3.122420370829141,0 -41.765259642997044,-3.12273931862269,0</coordinates>
        </LineString>
      </Placemark>
      <Placemark>
        <name>ef_busip16.002.3186 → pp_106</name>
        <description>De: ef_busip16.002.3186
Para: pp_106
Distância: 41.50m</description>
        <styleUrl>#edge_style</styleUrl>
        <LineString>
          <coordinates>-41.765259642997044,-3.122420370829141,0 -41.765259642997044,-3.1227932178524105,0</coordinates>
        </LineString>
      </Placemark>
      <Placemark>
        <name>ef_busip16.002.3186 → pp_108</name>
        <description>De: ef_busip16.002.3186
Para: pp_108
Distância: 44.50m</description>
        <styleUrl>#edge_style</styleUrl>
        <LineString>
          <coordinates>-41.765259642997044,-3.122420370829141,0 -41.765259642997044,-3.1228201674672706,0</coordinates>
        </LineString>
      </Placemark>
      <Placemark>
        <name>ef_busip16.002.3186 → pp_110</name>
        <description>De: ef_busip16.002.3186
Para: pp_110
Distância: 47.50m</description>
        <styleUrl>#edge_style</styleUrl>
        <LineString>
          <coordinates>-41.765259642997044,-3.122420370829141,0 -41.765259642997044,-3.122847117082131,0</coordinates>
        </LineString>
      </Placemark>
      <Placemark>
        <name>ef_busip16.002.3186 → pp_112</name>
        <description>De: ef_busip16.002.3186
Para: pp_112
Distância: 53.50m</description>
        <styleUrl>#edge_style</styleUrl>
        <LineString>
          <coordinates>-41.765259642997044,-3.122420370829141,0 -41.765259642997044,-3.1229010163118507,0</coordinates>
        </LineString>
      </Placemark>
      <Placemark>
        <name>ef_busip16.002.3186 → pp_114</name>
        <description>De: ef_busip16.002.3186
Para: pp_114
Distância: 56.50m</description>
        <styleUrl>#edge_style</styleUrl>
        <LineString>
          <coordinates>-41.765259642997044,-3.122420370829141,0 -41.765259642997044,-3.122927965926711,0</coordinates>
        </LineString>
      </Placemark>
      <Placemark>
        <name>ef_busip16.002.3186 → pp_116</name>
        <description>De: ef_busip16.002.3186
Para: pp_116
Distância: 62.50m</description>
        <styleUrl>#edge_style</styleUrl>
        <LineString>
          <coordinates>-41.765259642997044,-3.122420370829141,0 -41.765259642997044,-3.122981865156431,0</coordinates>
        </LineString>
      </Placemark>
      <Placemark>
        <name>ef_busip16.002.3186 → pp_128</name>
        <description>De: ef_busip16.002.3186
Para: pp_128
Distância: 65.50m</description>
        <styleUrl>#edge_style</styleUrl>
        <LineString>
          <coordinates>-41.765259642997044,-3.122420370829141,0 -41.765259642997044,-3.1230088147712913,0</coordinates>
        </LineString>
      </Placemark>
      <Placemark>
        <name>ef_busip16.002.3186 → pp_130</name>
        <description>De: ef_busip16.002.3186
Para: pp_130
Distância: 71.50m</description>
        <styleUrl>#edge_style</styleUrl>
        <LineString>
          <coordinates>-41.765259642997044,-3.122420370829141,0 -41.765259642997044,-3.1230627140010117,0</coordinates>
        </LineString>
      </Placemark>
      <Placemark>
        <name>ef_busip16.002.3186 → pp_132</name>
        <description>De: ef_busip16.002.3186
Para: pp_132
Distância: 74.50m</description>
        <styleUrl>#edge_style</styleUrl>
        <LineString>
          <coordinates>-41.765259642997044,-3.122420370829141,0 -41.765259642997044,-3.123089663615872,0</coordinates>
        </LineString>
      </Placemark>
      <Placemark>
        <name>ef_busip16.002.3186 → pp_134</name>
        <description>De: ef_busip16.002.3186
Para: pp_134
Distância: 77.50m</description>
        <styleUrl>#edge_style</styleUrl>
        <LineString>
          <coordinates>-41.765259642997044,-3.122420370829141,0 -41.765259642997044,-3.1231166132307315,0</coordinates>
        </LineString>
      </Placemark>
      <Placemark>
        <name>ef_busip16.002.3186 → pp_136</name>
        <description>De: ef_busip16.002.3186
Para: pp_136
Distância: 83.50m</description>
        <styleUrl>#edge_style</styleUrl>
        <LineString>
          <coordinates>-41.765259642997044,-3.122420370829141,0 -41.765259642997044,-3.123170512460452,0</coordinates>
        </LineString>
      </Placemark>
      <Placemark>
        <name>ef_busip16.002.3186 → pp_138</name>
        <description>De: ef_busip16.002.3186
Para: pp_138
Distância: 86.50m</description>
        <styleUrl>#edge_style</styleUrl>
        <LineString>
          <coordinates>-41.765259642997044,-3.122420370829141,0 -41.765259642997044,-3.123197462075312,0</coordinates>
        </LineString>
      </Placemark>
      <Placemark>
        <name>ef_busip16.002.3186 → pp_143</name>
        <description>De: ef_busip16.002.3186
Para: pp_143
Distância: 92.50m</description>
        <styleUrl>#edge_style</styleUrl>
        <LineString>
          <coordinates>-41.765259642997044,-3.122420370829141,0 -41.765259642997044,-3.1232513613050323,0</coordinates>
        </LineString>
      </Placemark>
      <Placemark>
        <name>ef_busip16.002.3186 → pp_159</name>
        <description>De: ef_busip16.002.3186
Para: pp_159
Distância: 95.50m</description>
        <styleUrl>#edge_style</styleUrl>
        <LineString>
          <coordinates>-41.765259642997044,-3.122420370829141,0 -41.765259642997044,-3.1232783109198925,0</coordinates>
        </LineString>
      </Placemark>
      <Placemark>
        <name>ef_busip13.002.3245 → ef_busip13.002.3247</name>
        <description>De: ef_busip13.002.3245
Para: ef_busip13.002.3247
Distância: 4.96m</description>
        <styleUrl>#edge_style</styleUrl>
        <LineString>
          <coordinates>-41.76533123948153,-3.122420487610806,0 -41.765286632699926,-3.122420487610806,0</coordinates>
        </LineString>
      </Placemark>
      <Placemark>
        <name>ef_busip13.002.3247 → ef_busip13.002.3249</name>
        <description>De: ef_busip13.002.3247
Para: ef_busip13.002.3249
Distância: 0.09m</description>
        <styleUrl>#edge_style</styleUrl>
        <LineString>
          <coordinates>-41.765286632699926,-3.122420487610806,0 -41.76528583380472,-3.122420487610806,0</coordinates>
        </LineString>
      </Placemark>
      <Placemark>
        <name>ef_busip13.002.3247 → ef_sech6.471</name>
        <description>De: ef_busip13.002.3247
Para: ef_sech6.471
Distância: 125.11m</description>
        <styleUrl>#edge_style</styleUrl>
        <LineString>
          <coordinates>-41.765286632699926,-3.122420487610806,0 -41.765286632699926,-3.123544406027098,0</coordinates>
        </LineString>
      </Placemark>
      <Placemark>
        <name>ef_busip13.002.3247 → pp_3</name>
        <description>De: ef_busip13.002.3247
Para: pp_3
Distância: 2.49m</description>
        <styleUrl>#edge_style</styleUrl>
        <LineString>
          <coordinates>-41.765286632699926,-3.122420487610806,0 -41.765286632699926,-3.122442872859229,0</coordinates>
        </LineString>
      </Placemark>
      <Placemark>
        <name>ef_busip13.002.3247 → pp_15</name>
        <description>De: ef_busip13.002.3247
Para: pp_15
Distância: 5.49m</description>
        <styleUrl>#edge_style</styleUrl>
        <LineString>
          <coordinates>-41.765286632699926,-3.122420487610806,0 -41.765286632699926,-3.122469822474089,0</coordinates>
        </LineString>
      </Placemark>
      <Placemark>
        <name>ef_busip13.002.3247 → pp_32</name>
        <description>De: ef_busip13.002.3247
Para: pp_32
Distância: 11.49m</description>
        <styleUrl>#edge_style</styleUrl>
        <LineString>
          <coordinates>-41.765286632699926,-3.122420487610806,0 -41.765286632699926,-3.1225237217038093,0</coordinates>
        </LineString>
      </Placemark>
      <Placemark>
        <name>ef_busip13.002.3247 → pp_50</name>
        <description>De: ef_busip13.002.3247
Para: pp_50
Distância: 14.49m</description>
        <styleUrl>#edge_style</styleUrl>
        <LineString>
          <coordinates>-41.765286632699926,-3.122420487610806,0 -41.765286632699926,-3.1225506713186695,0</coordinates>
        </LineString>
      </Placemark>
      <Placemark>
        <name>ef_busip13.002.3247 → pp_78</name>
        <description>De: ef_busip13.002.3247
Para: pp_78
Distância: 32.49m</description>
        <styleUrl>#edge_style</styleUrl>
        <LineString>
          <coordinates>-41.765286632699926,-3.122420487610806,0 -41.765286632699926,-3.12271236900783,0</coordinates>
        </LineString>
      </Placemark>
      <Placemark>
        <name>ef_busip13.002.3247 → pp_95</name>
        <description>De: ef_busip13.002.3247
Para: pp_95
Distância: 35.49m</description>
        <styleUrl>#edge_style</styleUrl>
        <LineString>
          <coordinates>-41.765286632699926,-3.122420487610806,0 -41.765286632699926,-3.12273931862269,0</coordinates>
        </LineString>
      </Placemark>
      <Placemark>
        <name>ef_busip13.002.3247 → pp_105</name>
        <description>De: ef_busip13.002.3247
Para: pp_105
Distância: 41.49m</description>
        <styleUrl>#edge_style</styleUrl>
        <LineString>
          <coordinates>-41.765286632699926,-3.122420487610806,0 -41.765286632699926,-3.1227932178524105,0</coordinates>
        </LineString>
      </Placemark>
      <Placemark>
        <name>ef_busip13.002.3247 → pp_107</name>
        <description>De: ef_busip13.002.3247
Para: pp_107
Distância: 44.49m</description>
        <styleUrl>#edge_style</styleUrl>
        <LineString>
          <coordinates>-41.765286632699926,-3.122420487610806,0 -41.765286632699926,-3.1228201674672706,0</coordinates>
        </LineString>
      </Placemark>
      <Placemark>
        <name>ef_busip13.002.3247 → pp_109</name>
        <description>De: ef_busip13.002.3247
Para: pp_109
Distância: 47.49m</description>
        <styleUrl>#edge_style</styleUrl>
        <LineString>
          <coordinates>-41.765286632699926,-3.122420487610806,0 -41.765286632699926,-3.122847117082131,0</coordinates>
        </LineString>
      </Placemark>
      <Placemark>
        <name>ef_busip13.002.3247 → pp_111</name>
        <description>De: ef_busip13.002.3247
Para: pp_111
Distância: 53.49m</description>
        <styleUrl>#edge_style</styleUrl>
        <LineString>
          <coordinates>-41.765286632699926,-3.122420487610806,0 -41.765286632699926,-3.1229010163118507,0</coordinates>
        </LineString>
      </Placemark>
      <Placemark>
        <name>ef_busip13.002.3247 → pp_113</name>
        <description>De: ef_busip13.002.3247
Para: pp_113
Distância: 56.49m</description>
        <styleUrl>#edge_style</styleUrl>
        <LineString>
          <coordinates>-41.765286632699926,-3.122420487610806,0 -41.765286632699926,-3.122927965926711,0</coordinates>
        </LineString>
      </Placemark>
      <Placemark>
        <name>ef_busip13.002.3247 → pp_115</name>
        <description>De: ef_busip13.002.3247
Para: pp_115
Distância: 62.49m</description>
        <styleUrl>#edge_style</styleUrl>
        <LineString>
          <coordinates>-41.765286632699926,-3.122420487610806,0 -41.765286632699926,-3.122981865156431,0</coordinates>
        </LineString>
      </Placemark>
      <Placemark>
        <name>ef_busip13.002.3247 → pp_127</name>
        <description>De: ef_busip13.002.3247
Para: pp_127
Distância: 65.49m</description>
        <styleUrl>#edge_style</styleUrl>
        <LineString>
          <coordinates>-41.765286632699926,-3.122420487610806,0 -41.765286632699926,-3.1230088147712913,0</coordinates>
        </LineString>
      </Placemark>
      <Placemark>
        <name>ef_busip13.002.3247 → pp_129</name>
        <description>De: ef_busip13.002.3247
Para: pp_129
Distância: 71.49m</description>
        <styleUrl>#edge_style</styleUrl>
        <LineString>
          <coordinates>-41.765286632699926,-3.122420487610806,0 -41.765286632699926,-3.1230627140010117,0</coordinates>
        </LineString>
      </Placemark>
      <Placemark>
        <name>ef_busip13.002.3247 → pp_131</name>
        <description>De: ef_busip13.002.3247
Para: pp_131
Distância: 74.49m</description>
        <styleUrl>#edge_style</styleUrl>
        <LineString>
          <coordinates>-41.765286632699926,-3.122420487610806,0 -41.765286632699926,-3.123089663615872,0</coordinates>
        </LineString>
      </Placemark>
      <Placemark>
        <name>ef_busip13.002.3247 → pp_133</name>
        <description>De: ef_busip13.002.3247
Para: pp_133
Distância: 77.49m</description>
        <styleUrl>#edge_style</styleUrl>
        <LineString>
          <coordinates>-41.765286632699926,-3.122420487610806,0 -41.765286632699926,-3.1231166132307315,0</coordinates>
        </LineString>
      </Placemark>
      <Placemark>
        <name>ef_busip13.002.3247 → pp_135</name>
        <description>De: ef_busip13.002.3247
Para: pp_135
Distância: 83.49m</description>
        <styleUrl>#edge_style</styleUrl>
        <LineString>
          <coordinates>-41.765286632699926,-3.122420487610806,0 -41.765286632699926,-3.123170512460452,0</coordinates>
        </LineString>
      </Placemark>
      <Placemark>
        <name>ef_busip13.002.3247 → pp_137</name>
        <description>De: ef_busip13.002.3247
Para: pp_137
Distância: 86.49m</description>
        <styleUrl>#edge_style</styleUrl>
        <LineString>
          <coordinates>-41.765286632699926,-3.122420487610806,0 -41.765286632699926,-3.123197462075312,0</coordinates>
        </LineString>
      </Placemark>
      <Placemark>
        <name>ef_busip13.002.3247 → pp_142</name>
        <description>De: ef_busip13.002.3247
Para: pp_142
Distância: 92.49m</description>
        <styleUrl>#edge_style</styleUrl>
        <LineString>
          <coordinates>-41.765286632699926,-3.122420487610806,0 -41.765286632699926,-3.1232513613050323,0</coordinates>
        </LineString>
      </Placemark>
      <Placemark>
        <name>ef_busip13.002.3247 → pp_158</name>
        <description>De: ef_busip13.002.3247
Para: pp_158
Distância: 95.49m</description>
        <styleUrl>#edge_style</styleUrl>
        <LineString>
          <coordinates>-41.765286632699926,-3.122420487610806,0 -41.765286632699926,-3.1232783109198925,0</coordinates>
        </LineString>
      </Placemark>
      <Placemark>
        <name>ef_secv4.002.2783 → ef_secv4.002.2782</name>
        <description>De: ef_secv4.002.2783
Para: ef_secv4.002.2782
Distância: 1.60m</description>
        <styleUrl>#edge_style</styleUrl>
        <LineString>
          <coordinates>-41.764545303831916,-3.122422427983076,0 -41.76453092101925,-3.122422427983076,0</coordinates>
        </LineString>
      </Placemark>
      <Placemark>
        <name>ef_secv4.002.2782 → ef_secv12.002.1840</name>
        <description>De: ef_secv4.002.2782
Para: ef_secv12.002.1840
Distância: 37.27m</description>
        <styleUrl>#edge_style</styleUrl>
        <LineString>
          <coordinates>-41.76453092101925,-3.122422427983076,0 -41.76453092101925,-3.122757268862828,0</coordinates>
        </LineString>
      </Placemark>
      <Placemark>
        <name>ef_secv4.002.2782 → ef_secv4.002.2787</name>
        <description>De: ef_secv4.002.2782
Para: ef_secv4.002.2787
Distância: 3.00m</description>
        <styleUrl>#edge_style</styleUrl>
        <LineString>
          <coordinates>-41.76453092101925,-3.122422427983076,0 -41.76450393131637,-3.122422427983076,0</coordinates>
        </LineString>
      </Placemark>
      <Placemark>
        <name>ef_secv4.002.2782 → pp_11</name>
        <description>De: ef_secv4.002.2782
Para: pp_11
Distância: 2.28m</description>
        <styleUrl>#edge_style</styleUrl>
        <LineString>
          <coordinates>-41.76453092101925,-3.122422427983076,0 -41.76453092101925,-3.122442872859229,0</coordinates>
        </LineString>
      </Placemark>
      <Placemark>
        <name>ef_secv4.002.2782 → pp_26</name>
        <description>De: ef_secv4.002.2782
Para: pp_26
Distância: 5.28m</description>
        <styleUrl>#edge_style</styleUrl>
        <LineString>
          <coordinates>-41.76453092101925,-3.122422427983076,0 -41.76453092101925,-3.122469822474089,0</coordinates>
        </LineString>
      </Placemark>
      <Placemark>
        <name>ef_secv4.002.2782 → pp_43</name>
        <description>De: ef_secv4.002.2782
Para: pp_43
Distância: 11.28m</description>
        <styleUrl>#edge_style</styleUrl>
        <LineString>
          <coordinates>-41.76453092101925,-3.122422427983076,0 -41.76453092101925,-3.1225237217038093,0</coordinates>
        </LineString>
      </Placemark>
      <Placemark>
        <name>ef_secv4.002.2782 → pp_61</name>
        <description>De: ef_secv4.002.2782
Para: pp_61
Distância: 14.28m</description>
        <styleUrl>#edge_style</styleUrl>
        <LineString>
          <coordinates>-41.76453092101925,-3.122422427983076,0 -41.76453092101925,-3.1225506713186695,0</coordinates>
        </LineString>
      </Placemark>
      <Placemark>
        <name>ef_secv4.002.2782 → pp_72</name>
        <description>De: ef_secv4.002.2782
Para: pp_72
Distância: 23.28m</description>
        <styleUrl>#edge_style</styleUrl>
        <LineString>
          <coordinates>-41.76453092101925,-3.122422427983076,0 -41.76453092101925,-3.12263152016325,0</coordinates>
        </LineString>
      </Placemark>
      <Placemark>
        <name>ef_secv4.002.2782 → pp_89</name>
        <description>De: ef_secv4.002.2782
Para: pp_89
Distância: 32.28m</description>
        <styleUrl>#edge_style</styleUrl>
        <LineString>
          <coordinates>-41.76453092101925,-3.122422427983076,0 -41.76453092101925,-3.12271236900783,0</coordinates>
        </LineString>
      </Placemark>
      <Placemark>
        <name>ef_secv4.002.2787 → ef_secv12.002.1843</name>
        <description>De: ef_secv4.002.2787
Para: ef_secv12.002.1843
Distância: 37.27m</description>
        <styleUrl>#edge_style</styleUrl>
        <LineString>
          <coordinates>-41.76450393131637,-3.122422427983076,0 -41.76450393131637,-3.122757268862828,0</coordinates>
        </LineString>
      </Placemark>
      <Placemark>
        <name>ef_secv4.002.2787 → ef_secv4.002.2780</name>
        <description>De: ef_secv4.002.2787
Para: ef_secv4.002.2780
Distância: 0.50m</description>
        <styleUrl>#edge_style</styleUrl>
        <LineString>
          <coordinates>-41.76450393131637,-3.122422427983076,0 -41.76449942493564,-3.122422427983076,0</coordinates>
        </LineString>
      </Placemark>
      <Placemark>
        <name>ef_secv4.002.2787 → pp_12</name>
        <description>De: ef_secv4.002.2787
Para: pp_12
Distância: 2.28m</description>
        <styleUrl>#edge_style</styleUrl>
        <LineString>
          <coordinates>-41.76450393131637,-3.122422427983076,0 -41.76450393131637,-3.122442872859229,0</coordinates>
        </LineString>
      </Placemark>
      <Placemark>
        <name>ef_secv4.002.2787 → pp_27</name>
        <description>De: ef_secv4.002.2787
Para: pp_27
Distância: 5.28m</description>
        <styleUrl>#edge_style</styleUrl>
        <LineString>
          <coordinates>-41.76450393131637,-3.122422427983076,0 -41.76450393131637,-3.122469822474089,0</coordinates>
        </LineString>
      </Placemark>
      <Placemark>
        <name>ef_secv4.002.2787 → pp_44</name>
        <description>De: ef_secv4.002.2787
Para: pp_44
Distância: 11.28m</description>
        <styleUrl>#edge_style</styleUrl>
        <LineString>
          <coordinates>-41.76450393131637,-3.122422427983076,0 -41.76450393131637,-3.1225237217038093,0</coordinates>
        </LineString>
      </Placemark>
      <Placemark>
        <name>ef_secv4.002.2787 → pp_62</name>
        <description>De: ef_secv4.002.2787
Para: pp_62
Distância: 14.28m</description>
        <styleUrl>#edge_style</styleUrl>
        <LineString>
          <coordinates>-41.76450393131637,-3.122422427983076,0 -41.76450393131637,-3.1225506713186695,0</coordinates>
        </LineString>
      </Placemark>
      <Placemark>
        <name>ef_secv4.002.2787 → pp_73</name>
        <description>De: ef_secv4.002.2787
Para: pp_73
Distância: 23.28m</description>
        <styleUrl>#edge_style</styleUrl>
        <LineString>
          <coordinates>-41.76450393131637,-3.122422427983076,0 -41.76450393131637,-3.12263152016325,0</coordinates>
        </LineString>
      </Placemark>
      <Placemark>
        <name>ef_secv4.002.2787 → pp_90</name>
        <description>De: ef_secv4.002.2787
Para: pp_90
Distância: 32.28m</description>
        <styleUrl>#edge_style</styleUrl>
        <LineString>
          <coordinates>-41.76450393131637,-3.122422427983076,0 -41.76450393131637,-3.12271236900783,0</coordinates>
        </LineString>
      </Placemark>
      <Placemark>
        <name>ef_secv1.002.2819 → ef_secv1.002.2823</name>
        <description>De: ef_secv1.002.2819
Para: ef_secv1.002.2823
Distância: 1.08m</description>
        <styleUrl>#edge_style</styleUrl>
        <LineString>
          <coordinates>-41.765134452159884,-3.122423436796992,0 -41.76512469448264,-3.122423436796992,0</coordinates>
        </LineString>
      </Placemark>
      <Placemark>
        <name>ef_secv1.002.2823 → ef_secv1.002.2815</name>
        <description>De: ef_secv1.002.2823
Para: ef_secv1.002.2815
Distância: 3.00m</description>
        <styleUrl>#edge_style</styleUrl>
        <LineString>
          <coordinates>-41.76512469448264,-3.122423436796992,0 -41.765097704779755,-3.122423436796992,0</coordinates>
        </LineString>
      </Placemark>
      <Placemark>
        <name>ef_secv1.002.2823 → ef_secv6.003.1778</name>
        <description>De: ef_secv1.002.2823
Para: ef_secv6.003.1778
Distância: 37.27m</description>
        <styleUrl>#edge_style</styleUrl>
        <LineString>
          <coordinates>-41.76512469448264,-3.122423436796992,0 -41.76512469448264,-3.122758278575065,0</coordinates>
        </LineString>
      </Placemark>
      <Placemark>
        <name>ef_secv1.002.2823 → pp_7</name>
        <description>De: ef_secv1.002.2823
Para: pp_7
Distância: 2.16m</description>
        <styleUrl>#edge_style</styleUrl>
        <LineString>
          <coordinates>-41.76512469448264,-3.122423436796992,0 -41.76512469448264,-3.122442872859229,0</coordinates>
        </LineString>
      </Placemark>
      <Placemark>
        <name>ef_secv1.002.2823 → pp_19</name>
        <description>De: ef_secv1.002.2823
Para: pp_19
Distância: 5.16m</description>
        <styleUrl>#edge_style</styleUrl>
        <LineString>
          <coordinates>-41.76512469448264,-3.122423436796992,0 -41.76512469448264,-3.122469822474089,0</coordinates>
        </LineString>
      </Placemark>
      <Placemark>
        <name>ef_secv1.002.2823 → pp_36</name>
        <description>De: ef_secv1.002.2823
Para: pp_36
Distância: 11.16m</description>
        <styleUrl>#edge_style</styleUrl>
        <LineString>
          <coordinates>-41.76512469448264,-3.122423436796992,0 -41.76512469448264,-3.1225237217038093,0</coordinates>
        </LineString>
      </Placemark>
      <Placemark>
        <name>ef_secv1.002.2823 → pp_54</name>
        <description>De: ef_secv1.002.2823
Para: pp_54
Distância: 14.16m</description>
        <styleUrl>#edge_style</styleUrl>
        <LineString>
          <coordinates>-41.76512469448264,-3.122423436796992,0 -41.76512469448264,-3.1225506713186695,0</coordinates>
        </LineString>
      </Placemark>
      <Placemark>
        <name>ef_secv1.002.2823 → pp_82</name>
        <description>De: ef_secv1.002.2823
Para: pp_82
Distância: 32.16m</description>
        <styleUrl>#edge_style</styleUrl>
        <LineString>
          <coordinates>-41.76512469448264,-3.122423436796992,0 -41.76512469448264,-3.12271236900783,0</coordinates>
        </LineString>
      </Placemark>
      <Placemark>
        <name>ef_secv1.002.2823 → pp_99</name>
        <description>De: ef_secv1.002.2823
Para: pp_99
Distância: 35.16m</description>
        <styleUrl>#edge_style</styleUrl>
        <LineString>
          <coordinates>-41.76512469448264,-3.122423436796992,0 -41.76512469448264,-3.12273931862269,0</coordinates>
        </LineString>
      </Placemark>
      <Placemark>
        <name>ef_secv1.002.2815 → ef_secv1.002.2813</name>
        <description>De: ef_secv1.002.2815
Para: ef_secv1.002.2813
Distância: 1.02m</description>
        <styleUrl>#edge_style</styleUrl>
        <LineString>
          <coordinates>-41.765097704779755,-3.122423436796992,0 -41.76508857326361,-3.122423436796992,0</coordinates>
        </LineString>
      </Placemark>
      <Placemark>
        <name>ef_secv1.002.2815 → ef_secv6.003.1780</name>
        <description>De: ef_secv1.002.2815
Para: ef_secv6.003.1780
Distância: 37.27m</description>
        <styleUrl>#edge_style</styleUrl>
        <LineString>
          <coordinates>-41.765097704779755,-3.122423436796992,0 -41.765097704779755,-3.122758278575065,0</coordinates>
        </LineString>
      </Placemark>
      <Placemark>
        <name>ef_secv1.002.2815 → pp_8</name>
        <description>De: ef_secv1.002.2815
Para: pp_8
Distância: 2.16m</description>
        <styleUrl>#edge_style</styleUrl>
        <LineString>
          <coordinates>-41.765097704779755,-3.122423436796992,0 -41.765097704779755,-3.122442872859229,0</coordinates>
        </LineString>
      </Placemark>
      <Placemark>
        <name>ef_secv1.002.2815 → pp_20</name>
        <description>De: ef_secv1.002.2815
Para: pp_20
Distância: 5.16m</description>
        <styleUrl>#edge_style</styleUrl>
        <LineString>
          <coordinates>-41.765097704779755,-3.122423436796992,0 -41.765097704779755,-3.122469822474089,0</coordinates>
        </LineString>
      </Placemark>
      <Placemark>
        <name>ef_secv1.002.2815 → pp_37</name>
        <description>De: ef_secv1.002.2815
Para: pp_37
Distância: 11.16m</description>
        <styleUrl>#edge_style</styleUrl>
        <LineString>
          <coordinates>-41.765097704779755,-3.122423436796992,0 -41.765097704779755,-3.1225237217038093,0</coordinates>
        </LineString>
      </Placemark>
      <Placemark>
        <name>ef_secv1.002.2815 → pp_55</name>
        <description>De: ef_secv1.002.2815
Para: pp_55
Distância: 14.16m</description>
        <styleUrl>#edge_style</styleUrl>
        <LineString>
          <coordinates>-41.765097704779755,-3.122423436796992,0 -41.765097704779755,-3.1225506713186695,0</coordinates>
        </LineString>
      </Placemark>
      <Placemark>
        <name>ef_secv1.002.2815 → pp_83</name>
        <description>De: ef_secv1.002.2815
Para: pp_83
Distância: 32.16m</description>
        <styleUrl>#edge_style</styleUrl>
        <LineString>
          <coordinates>-41.765097704779755,-3.122423436796992,0 -41.765097704779755,-3.12271236900783,0</coordinates>
        </LineString>
      </Placemark>
      <Placemark>
        <name>ef_secv1.002.2815 → pp_100</name>
        <description>De: ef_secv1.002.2815
Para: pp_100
Distância: 35.16m</description>
        <styleUrl>#edge_style</styleUrl>
        <LineString>
          <coordinates>-41.765097704779755,-3.122423436796992,0 -41.765097704779755,-3.12273931862269,0</coordinates>
        </LineString>
      </Placemark>
      <Placemark>
        <name>ef_buscsb7.002.3301 → ef_buscsb7.002.3297</name>
        <description>De: ef_buscsb7.002.3301
Para: ef_buscsb7.002.3297
Distância: 1.20m</description>
        <styleUrl>#edge_style</styleUrl>
        <LineString>
          <coordinates>-41.76400196062836,-3.1224275052905153,0 -41.76399112696163,-3.1224275052905153,0</coordinates>
        </LineString>
      </Placemark>
      <Placemark>
        <name>ef_buscsb7.002.3301 → ef_buscsb7.002.3296</name>
        <description>De: ef_buscsb7.002.3301
Para: ef_buscsb7.002.3296
Distância: 1.71m</description>
        <styleUrl>#edge_style</styleUrl>
        <LineString>
          <coordinates>-41.76400196062836,-3.1224275052905153,0 -41.76400196062836,-3.122442872859229,0</coordinates>
        </LineString>
      </Placemark>
      <Placemark>
        <name>ef_buscsb7.002.3297 → ef_buscsb7.002.3294</name>
        <description>De: ef_buscsb7.002.3297
Para: ef_buscsb7.002.3294
Distância: 3.00m</description>
        <styleUrl>#edge_style</styleUrl>
        <LineString>
          <coordinates>-41.76399112696163,-3.1224275052905153,0 -41.763964137258746,-3.1224275052905153,0</coordinates>
        </LineString>
      </Placemark>
      <Placemark>
        <name>ef_buscsb7.002.3294 → ef_buscsb7.002.3299</name>
        <description>De: ef_buscsb7.002.3294
Para: ef_buscsb7.002.3299
Distância: 0.90m</description>
        <styleUrl>#edge_style</styleUrl>
        <LineString>
          <coordinates>-41.763964137258746,-3.1224275052905153,0 -41.763956080832436,-3.1224275052905153,0</coordinates>
        </LineString>
      </Placemark>
      <Placemark>
        <name>ef_buscsb7.002.3299 → ef_buscsb7.002.3302</name>
        <description>De: ef_buscsb7.002.3299
Para: ef_buscsb7.002.3302
Distância: 1.71m</description>
        <styleUrl>#edge_style</styleUrl>
        <LineString>
          <coordinates>-41.763956080832436,-3.1224275052905153,0 -41.763956080832436,-3.122442872859229,0</coordinates>
        </LineString>
      </Placemark>
      <Placemark>
        <name>ef_busip26.002.3116 → ef_busip25.002.3120</name>
        <description>De: ef_busip26.002.3116
Para: ef_busip25.002.3120
Distância: 1.55m</description>
        <styleUrl>#edge_style</styleUrl>
        <LineString>
          <coordinates>-41.7648301432599,-3.122428955179795,0 -41.7648301432599,-3.122442872859229,0</coordinates>
        </LineString>
      </Placemark>
      <Placemark>
        <name>ef_busip37.002.3029 → ef_busip37.002.3030</name>
        <description>De: ef_busip37.002.3029
Para: ef_busip37.002.3030
Distância: 2.60m</description>
        <styleUrl>#edge_style</styleUrl>
        <LineString>
          <coordinates>-41.763852557328754,-3.122429238150751,0 -41.76382918874434,-3.122429238150751,0</coordinates>
        </LineString>
      </Placemark>
      <Placemark>
        <name>ef_busip37.002.3029 → ef_busip37.002.3036</name>
        <description>De: ef_busip37.002.3029
Para: ef_busip37.002.3036
Distância: 1.52m</description>
        <styleUrl>#edge_style</styleUrl>
        <LineString>
          <coordinates>-41.763852557328754,-3.122429238150751,0 -41.763852557328754,-3.122442872859229,0</coordinates>
        </LineString>
      </Placemark>
      <Placemark>
        <name>ef_busip37.002.3030 → ef_busip37.002.3031</name>
        <description>De: ef_busip37.002.3030
Para: ef_busip37.002.3031
Distância: 2.45m</description>
        <styleUrl>#edge_style</styleUrl>
        <LineString>
          <coordinates>-41.76382918874434,-3.122429238150751,0 -41.76380715165194,-3.122429238150751,0</coordinates>
        </LineString>
      </Placemark>
      <Placemark>
        <name>ef_busip37.002.3031 → ef_busip37.002.3034</name>
        <description>De: ef_busip37.002.3031
Para: ef_busip37.002.3034
Distância: 5.45m</description>
        <styleUrl>#edge_style</styleUrl>
        <LineString>
          <coordinates>-41.76380715165194,-3.122429238150751,0 -41.76380715165194,-3.122478176854696,0</coordinates>
        </LineString>
      </Placemark>
      <Placemark>
        <name>ef_busip33.002.3069 → ef_busip33.002.3071</name>
        <description>De: ef_busip33.002.3069
Para: ef_busip33.002.3071
Distância: 2.09m</description>
        <styleUrl>#edge_style</styleUrl>
        <LineString>
          <coordinates>-41.76392892919134,-3.122429369305543,0 -41.76391015785298,-3.122429369305543,0</coordinates>
        </LineString>
      </Placemark>
      <Placemark>
        <name>ef_busip33.002.3069 → ef_busip33.002.3068</name>
        <description>De: ef_busip33.002.3069
Para: ef_busip33.002.3068
Distância: 1.50m</description>
        <styleUrl>#edge_style</styleUrl>
        <LineString>
          <coordinates>-41.76392892919134,-3.122429369305543,0 -41.76392892919134,-3.122442872859229,0</coordinates>
        </LineString>
      </Placemark>
      <Placemark>
        <name>ef_busip33.002.3071 → ef_busip33.002.3065</name>
        <description>De: ef_busip33.002.3071
Para: ef_busip33.002.3065
Distância: 2.96m</description>
        <styleUrl>#edge_style</styleUrl>
        <LineString>
          <coordinates>-41.76391015785298,-3.122429369305543,0 -41.76388352261487,-3.122429369305543,0</coordinates>
        </LineString>
      </Placemark>
      <Placemark>
        <name>ef_busip33.002.3065 → ef_busip33.002.3073</name>
        <description>De: ef_busip33.002.3065
Para: ef_busip33.002.3073
Distância: 1.50m</description>
        <styleUrl>#edge_style</styleUrl>
        <LineString>
          <coordinates>-41.76388352261487,-3.122429369305543,0 -41.76388352261487,-3.122442872859229,0</coordinates>
        </LineString>
      </Placemark>
      <Placemark>
        <name>ef_busip6.002.2984 → ef_busip6.002.2983</name>
        <description>De: ef_busip6.002.2984
Para: ef_busip6.002.2983
Distância: 0.13m</description>
        <styleUrl>#edge_style</styleUrl>
        <LineString>
          <coordinates>-41.7654766860907,-3.1224313923232985,0 -41.76547556062009,-3.1224313923232985,0</coordinates>
        </LineString>
      </Placemark>
      <Placemark>
        <name>ef_busip6.002.2983 → ef_busip6.002.2981</name>
        <description>De: ef_busip6.002.2983
Para: ef_busip6.002.2981
Distância: 3.00m</description>
        <styleUrl>#edge_style</styleUrl>
        <LineString>
          <coordinates>-41.76547556062009,-3.1224313923232985,0 -41.76544857091721,-3.1224313923232985,0</coordinates>
        </LineString>
      </Placemark>
      <Placemark>
        <name>ef_busip6.002.2983 → ef_busip1.002.3224</name>
        <description>De: ef_busip6.002.2983
Para: ef_busip1.002.3224
Distância: 8.79m</description>
        <styleUrl>#edge_style</styleUrl>
        <LineString>
          <coordinates>-41.76547556062009,-3.1224313923232985,0 -41.76547556062009,-3.122510325948583,0</coordinates>
        </LineString>
      </Placemark>
      <Placemark>
        <name>ef_busip6.002.2981 → ef_busip5.002.2992</name>
        <description>De: ef_busip6.002.2981
Para: ef_busip5.002.2992
Distância: 4.71m</description>
        <styleUrl>#edge_style</styleUrl>
        <LineString>
          <coordinates>-41.76544857091721,-3.1224313923232985,0 -41.76544857091721,-3.1224737113035133,0</coordinates>
        </LineString>
      </Placemark>
      <Placemark>
        <name>ef_busip6.002.2981 → ef_busip10.002.2980</name>
        <description>De: ef_busip6.002.2981
Para: ef_busip10.002.2980
Distância: 1.92m</description>
        <styleUrl>#edge_style</styleUrl>
        <LineString>
          <coordinates>-41.76544857091721,-3.1224313923232985,0 -41.76543127951423,-3.1224313923232985,0</coordinates>
        </LineString>
      </Placemark>
      <Placemark>
        <name>ef_busip25.002.3098 → ef_busip25.002.3119</name>
        <description>De: ef_busip25.002.3098
Para: ef_busip25.002.3119
Distância: 1.14m</description>
        <styleUrl>#edge_style</styleUrl>
        <LineString>
          <coordinates>-41.76487598886887,-3.122432623022377,0 -41.76487554983637,-3.122442872859229,0</coordinates>
        </LineString>
      </Placemark>
      <Placemark>
        <name>ef_disjuntor4.002.2927 → ef_disjuntor4.002.2922</name>
        <description>De: ef_disjuntor4.002.2927
Para: ef_disjuntor4.002.2922
Distância: 3.03m</description>
        <styleUrl>#edge_style</styleUrl>
        <LineString>
          <coordinates>-41.764477214209485,-3.1224329086882947,0 -41.764449951910606,-3.1224329086882947,0</coordinates>
        </LineString>
      </Placemark>
      <Placemark>
        <name>ef_disjuntor4.002.2922 → ef_disjuntor4.002.2918</name>
        <description>De: ef_disjuntor4.002.2922
Para: ef_disjuntor4.002.2918
Distância: 2.47m</description>
        <styleUrl>#edge_style</styleUrl>
        <LineString>
          <coordinates>-41.764449951910606,-3.1224329086882947,0 -41.76442771239543,-3.1224329086882947,0</coordinates>
        </LineString>
      </Placemark>
      <Placemark>
        <name>ef_disjuntor4.002.2922 → ef_disjuntor12.001.2203</name>
        <description>De: ef_disjuntor4.002.2922
Para: ef_disjuntor12.001.2203
Distância: 34.68m</description>
        <styleUrl>#edge_style</styleUrl>
        <LineString>
          <coordinates>-41.764449951910606,-3.1224329086882947,0 -41.764449951910606,-3.122744446236078,0</coordinates>
        </LineString>
      </Placemark>
      <Placemark>
        <name>ef_disjuntor4.002.2922 → pp_28</name>
        <description>De: ef_disjuntor4.002.2922
Para: pp_28
Distância: 4.11m</description>
        <styleUrl>#edge_style</styleUrl>
        <LineString>
          <coordinates>-41.764449951910606,-3.1224329086882947,0 -41.764449951910606,-3.122469822474089,0</coordinates>
        </LineString>
      </Placemark>
      <Placemark>
        <name>ef_disjuntor4.002.2922 → pp_45</name>
        <description>De: ef_disjuntor4.002.2922
Para: pp_45
Distância: 10.11m</description>
        <styleUrl>#edge_style</styleUrl>
        <LineString>
          <coordinates>-41.764449951910606,-3.1224329086882947,0 -41.764449951910606,-3.1225237217038093,0</coordinates>
        </LineString>
      </Placemark>
      <Placemark>
        <name>ef_disjuntor4.002.2922 → pp_63</name>
        <description>De: ef_disjuntor4.002.2922
Para: pp_63
Distância: 13.11m</description>
        <styleUrl>#edge_style</styleUrl>
        <LineString>
          <coordinates>-41.764449951910606,-3.1224329086882947,0 -41.764449951910606,-3.1225506713186695,0</coordinates>
        </LineString>
      </Placemark>
      <Placemark>
        <name>ef_disjuntor4.002.2922 → pp_74</name>
        <description>De: ef_disjuntor4.002.2922
Para: pp_74
Distância: 22.11m</description>
        <styleUrl>#edge_style</styleUrl>
        <LineString>
          <coordinates>-41.764449951910606,-3.1224329086882947,0 -41.764449951910606,-3.12263152016325,0</coordinates>
        </LineString>
      </Placemark>
      <Placemark>
        <name>ef_disjuntor4.002.2922 → pp_91</name>
        <description>De: ef_disjuntor4.002.2922
Para: pp_91
Distância: 31.11m</description>
        <styleUrl>#edge_style</styleUrl>
        <LineString>
          <coordinates>-41.764449951910606,-3.1224329086882947,0 -41.764449951910606,-3.12271236900783,0</coordinates>
        </LineString>
      </Placemark>
      <Placemark>
        <name>ef_disjuntor1.002.2947 → ef_disjuntor1.002.2942</name>
        <description>De: ef_disjuntor1.002.2947
Para: ef_disjuntor1.002.2942
Distância: 1.64m</description>
        <styleUrl>#edge_style</styleUrl>
        <LineString>
          <coordinates>-41.764788600709224,-3.122433442290669,0 -41.764773828345184,-3.122433442290669,0</coordinates>
        </LineString>
      </Placemark>
      <Placemark>
        <name>ef_disjuntor1.002.2942 → ef_disjuntor1.002.2935</name>
        <description>De: ef_disjuntor1.002.2942
Para: ef_disjuntor1.002.2935
Distância: 3.00m</description>
        <styleUrl>#edge_style</styleUrl>
        <LineString>
          <coordinates>-41.764773828345184,-3.122433442290669,0 -41.7647468386423,-3.122433442290669,0</coordinates>
        </LineString>
      </Placemark>
      <Placemark>
        <name>ef_disjuntor1.002.2942 → ef_disjuntor6.001.2142</name>
        <description>De: ef_disjuntor1.002.2942
Para: ef_disjuntor6.001.2142
Distância: 34.68m</description>
        <styleUrl>#edge_style</styleUrl>
        <LineString>
          <coordinates>-41.764773828345184,-3.122433442290669,0 -41.764773828345184,-3.1227449798384517,0</coordinates>
        </LineString>
      </Placemark>
      <Placemark>
        <name>ef_disjuntor1.002.2942 → pp_21</name>
        <description>De: ef_disjuntor1.002.2942
Para: pp_21
Distância: 4.05m</description>
        <styleUrl>#edge_style</styleUrl>
        <LineString>
          <coordinates>-41.764773828345184,-3.122433442290669,0 -41.764773828345184,-3.122469822474089,0</coordinates>
        </LineString>
      </Placemark>
      <Placemark>
        <name>ef_disjuntor1.002.2942 → pp_38</name>
        <description>De: ef_disjuntor1.002.2942
Para: pp_38
Distância: 10.05m</description>
        <styleUrl>#edge_style</styleUrl>
        <LineString>
          <coordinates>-41.764773828345184,-3.122433442290669,0 -41.764773828345184,-3.1225237217038093,0</coordinates>
        </LineString>
      </Placemark>
      <Placemark>
        <name>ef_disjuntor1.002.2942 → pp_56</name>
        <description>De: ef_disjuntor1.002.2942
Para: pp_56
Distância: 13.05m</description>
        <styleUrl>#edge_style</styleUrl>
        <LineString>
          <coordinates>-41.764773828345184,-3.122433442290669,0 -41.764773828345184,-3.1225506713186695,0</coordinates>
        </LineString>
      </Placemark>
      <Placemark>
        <name>ef_disjuntor1.002.2942 → pp_67</name>
        <description>De: ef_disjuntor1.002.2942
Para: pp_67
Distância: 22.05m</description>
        <styleUrl>#edge_style</styleUrl>
        <LineString>
          <coordinates>-41.764773828345184,-3.122433442290669,0 -41.764773828345184,-3.12263152016325,0</coordinates>
        </LineString>
      </Placemark>
      <Placemark>
        <name>ef_disjuntor1.002.2942 → pp_84</name>
        <description>De: ef_disjuntor1.002.2942
Para: pp_84
Distância: 31.05m</description>
        <styleUrl>#edge_style</styleUrl>
        <LineString>
          <coordinates>-41.764773828345184,-3.122433442290669,0 -41.764773828345184,-3.12271236900783,0</coordinates>
        </LineString>
      </Placemark>
      <Placemark>
        <name>ef_disjuntor1.002.2935 → ef_disjuntor1.002.2930</name>
        <description>De: ef_disjuntor1.002.2935
Para: ef_disjuntor1.002.2930
Distância: 0.86m</description>
        <styleUrl>#edge_style</styleUrl>
        <LineString>
          <coordinates>-41.7647468386423,-3.122433442290669,0 -41.76473909889517,-3.122433442290669,0</coordinates>
        </LineString>
      </Placemark>
      <Placemark>
        <name>ef_disjuntor1.002.2935 → ef_disjuntor6.001.2152</name>
        <description>De: ef_disjuntor1.002.2935
Para: ef_disjuntor6.001.2152
Distância: 34.68m</description>
        <styleUrl>#edge_style</styleUrl>
        <LineString>
          <coordinates>-41.7647468386423,-3.122433442290669,0 -41.7647468386423,-3.1227449798384517,0</coordinates>
        </LineString>
      </Placemark>
      <Placemark>
        <name>ef_disjuntor1.002.2935 → pp_22</name>
        <description>De: ef_disjuntor1.002.2935
Para: pp_22
Distância: 4.05m</description>
        <styleUrl>#edge_style</styleUrl>
        <LineString>
          <coordinates>-41.7647468386423,-3.122433442290669,0 -41.7647468386423,-3.122469822474089,0</coordinates>
        </LineString>
      </Placemark>
      <Placemark>
        <name>ef_disjuntor1.002.2935 → pp_39</name>
        <description>De: ef_disjuntor1.002.2935
Para: pp_39
Distância: 10.05m</description>
        <styleUrl>#edge_style</styleUrl>
        <LineString>
          <coordinates>-41.7647468386423,-3.122433442290669,0 -41.7647468386423,-3.1225237217038093,0</coordinates>
        </LineString>
      </Placemark>
      <Placemark>
        <name>ef_disjuntor1.002.2935 → pp_57</name>
        <description>De: ef_disjuntor1.002.2935
Para: pp_57
Distância: 13.05m</description>
        <styleUrl>#edge_style</styleUrl>
        <LineString>
          <coordinates>-41.7647468386423,-3.122433442290669,0 -41.7647468386423,-3.1225506713186695,0</coordinates>
        </LineString>
      </Placemark>
      <Placemark>
        <name>ef_disjuntor1.002.2935 → pp_68</name>
        <description>De: ef_disjuntor1.002.2935
Para: pp_68
Distância: 22.05m</description>
        <styleUrl>#edge_style</styleUrl>
        <LineString>
          <coordinates>-41.7647468386423,-3.122433442290669,0 -41.7647468386423,-3.12263152016325,0</coordinates>
        </LineString>
      </Placemark>
      <Placemark>
        <name>ef_disjuntor1.002.2935 → pp_85</name>
        <description>De: ef_disjuntor1.002.2935
Para: pp_85
Distância: 31.05m</description>
        <styleUrl>#edge_style</styleUrl>
        <LineString>
          <coordinates>-41.7647468386423,-3.122433442290669,0 -41.7647468386423,-3.12271236900783,0</coordinates>
        </LineString>
      </Placemark>
      <Placemark>
        <name>ef_sech4.002.2836 → ef_sech4.002.2832</name>
        <description>De: ef_sech4.002.2836
Para: ef_sech4.002.2832
Distância: 2.61m</description>
        <styleUrl>#edge_style</styleUrl>
        <LineString>
          <coordinates>-41.764338471842514,-3.1224393712059384,0 -41.764315003396206,-3.1224393712059384,0</coordinates>
        </LineString>
      </Placemark>
      <Placemark>
        <name>ef_sech4.002.2832 → ef_sech4.002.2829</name>
        <description>De: ef_sech4.002.2832
Para: ef_sech4.002.2829
Distância: 2.48m</description>
        <styleUrl>#edge_style</styleUrl>
        <LineString>
          <coordinates>-41.764315003396206,-3.1224393712059384,0 -41.76429271350025,-3.1224393712059384,0</coordinates>
        </LineString>
      </Placemark>
      <Placemark>
        <name>ef_sech4.002.2832 → ef_sech12.001.1957</name>
        <description>De: ef_sech4.002.2832
Para: ef_sech12.001.1957
Distância: 33.13m</description>
        <styleUrl>#edge_style</styleUrl>
        <LineString>
          <coordinates>-41.764315003396206,-3.1224393712059384,0 -41.764315003396206,-3.1227369982608506,0</coordinates>
        </LineString>
      </Placemark>
      <Placemark>
        <name>ef_sech4.002.2832 → pp_31</name>
        <description>De: ef_sech4.002.2832
Para: pp_31
Distância: 3.39m</description>
        <styleUrl>#edge_style</styleUrl>
        <LineString>
          <coordinates>-41.764315003396206,-3.1224393712059384,0 -41.764315003396206,-3.122469822474089,0</coordinates>
        </LineString>
      </Placemark>
      <Placemark>
        <name>ef_sech4.002.2832 → pp_48</name>
        <description>De: ef_sech4.002.2832
Para: pp_48
Distância: 9.39m</description>
        <styleUrl>#edge_style</styleUrl>
        <LineString>
          <coordinates>-41.764315003396206,-3.1224393712059384,0 -41.764315003396206,-3.1225237217038093,0</coordinates>
        </LineString>
      </Placemark>
      <Placemark>
        <name>ef_sech4.002.2832 → pp_66</name>
        <description>De: ef_sech4.002.2832
Para: pp_66
Distância: 12.39m</description>
        <styleUrl>#edge_style</styleUrl>
        <LineString>
          <coordinates>-41.764315003396206,-3.1224393712059384,0 -41.764315003396206,-3.1225506713186695,0</coordinates>
        </LineString>
      </Placemark>
      <Placemark>
        <name>ef_sech4.002.2832 → pp_77</name>
        <description>De: ef_sech4.002.2832
Para: pp_77
Distância: 21.39m</description>
        <styleUrl>#edge_style</styleUrl>
        <LineString>
          <coordinates>-41.764315003396206,-3.1224393712059384,0 -41.764315003396206,-3.12263152016325,0</coordinates>
        </LineString>
      </Placemark>
      <Placemark>
        <name>ef_sech4.002.2832 → pp_94</name>
        <description>De: ef_sech4.002.2832
Para: pp_94
Distância: 30.39m</description>
        <styleUrl>#edge_style</styleUrl>
        <LineString>
          <coordinates>-41.764315003396206,-3.1224393712059384,0 -41.764315003396206,-3.12271236900783,0</coordinates>
        </LineString>
      </Placemark>
      <Placemark>
        <name>ef_sech1.002.2855 → ef_sech1.002.2861</name>
        <description>De: ef_sech1.002.2855
Para: ef_sech1.002.2861
Distância: 2.46m</description>
        <styleUrl>#edge_style</styleUrl>
        <LineString>
          <coordinates>-41.76466099249435,-3.122440740246373,0 -41.76463887983078,-3.122440740246373,0</coordinates>
        </LineString>
      </Placemark>
      <Placemark>
        <name>ef_sech1.002.2861 → ef_sech1.002.2858</name>
        <description>De: ef_sech1.002.2861
Para: ef_sech1.002.2858
Distância: 2.63m</description>
        <styleUrl>#edge_style</styleUrl>
        <LineString>
          <coordinates>-41.76463887983078,-3.122440740246373,0 -41.76461523415208,-3.122440740246373,0</coordinates>
        </LineString>
      </Placemark>
      <Placemark>
        <name>ef_sech1.002.2861 → ef_sech6.001.1908</name>
        <description>De: ef_sech1.002.2861
Para: ef_sech6.001.1908
Distância: 33.04m</description>
        <styleUrl>#edge_style</styleUrl>
        <LineString>
          <coordinates>-41.76463887983078,-3.122440740246373,0 -41.76463887983078,-3.1227375525245966,0</coordinates>
        </LineString>
      </Placemark>
      <Placemark>
        <name>ef_sech1.002.2861 → pp_25</name>
        <description>De: ef_sech1.002.2861
Para: pp_25
Distância: 3.24m</description>
        <styleUrl>#edge_style</styleUrl>
        <LineString>
          <coordinates>-41.76463887983078,-3.122440740246373,0 -41.76463887983078,-3.122469822474089,0</coordinates>
        </LineString>
      </Placemark>
      <Placemark>
        <name>ef_sech1.002.2861 → pp_42</name>
        <description>De: ef_sech1.002.2861
Para: pp_42
Distância: 9.24m</description>
        <styleUrl>#edge_style</styleUrl>
        <LineString>
          <coordinates>-41.76463887983078,-3.122440740246373,0 -41.76463887983078,-3.1225237217038093,0</coordinates>
        </LineString>
      </Placemark>
      <Placemark>
        <name>ef_sech1.002.2861 → pp_60</name>
        <description>De: ef_sech1.002.2861
Para: pp_60
Distância: 12.24m</description>
        <styleUrl>#edge_style</styleUrl>
        <LineString>
          <coordinates>-41.76463887983078,-3.122440740246373,0 -41.76463887983078,-3.1225506713186695,0</coordinates>
        </LineString>
      </Placemark>
      <Placemark>
        <name>ef_sech1.002.2861 → pp_71</name>
        <description>De: ef_sech1.002.2861
Para: pp_71
Distância: 21.24m</description>
        <styleUrl>#edge_style</styleUrl>
        <LineString>
          <coordinates>-41.76463887983078,-3.122440740246373,0 -41.76463887983078,-3.12263152016325,0</coordinates>
        </LineString>
      </Placemark>
      <Placemark>
        <name>ef_sech1.002.2861 → pp_88</name>
        <description>De: ef_sech1.002.2861
Para: pp_88
Distância: 30.24m</description>
        <styleUrl>#edge_style</styleUrl>
        <LineString>
          <coordinates>-41.76463887983078,-3.122440740246373,0 -41.76463887983078,-3.12271236900783,0</coordinates>
        </LineString>
      </Placemark>
      <Placemark>
        <name>ef_busip10.002.3282 → ef_buscsb1.002.3343</name>
        <description>De: ef_busip10.002.3282
Para: ef_buscsb1.002.3343
Distância: 39.50m</description>
        <styleUrl>#edge_style</styleUrl>
        <LineString>
          <coordinates>-41.76538103188472,-3.122442872859229,0 -41.76502566566414,-3.122442872859229,0</coordinates>
        </LineString>
      </Placemark>
      <Placemark>
        <name>ef_busip10.002.3282 → ef_busip10.002.3281</name>
        <description>De: ef_busip10.002.3282
Para: ef_busip10.002.3281
Distância: 1.62m</description>
        <styleUrl>#edge_style</styleUrl>
        <LineString>
          <coordinates>-41.76538103188472,-3.122442872859229,0 -41.76538103188472,-3.122457381633549,0</coordinates>
        </LineString>
      </Placemark>
      <Placemark>
        <name>ef_busip10.002.3282 → pp_3</name>
        <description>De: ef_busip10.002.3282
Para: pp_3
Distância: 10.49m</description>
        <styleUrl>#edge_style</styleUrl>
        <LineString>
          <coordinates>-41.76538103188472,-3.122442872859229,0 -41.765286632699926,-3.122442872859229,0</coordinates>
        </LineString>
      </Placemark>
      <Placemark>
        <name>ef_busip10.002.3282 → pp_4</name>
        <description>De: ef_busip10.002.3282
Para: pp_4
Distância: 13.49m</description>
        <styleUrl>#edge_style</styleUrl>
        <LineString>
          <coordinates>-41.76538103188472,-3.122442872859229,0 -41.765259642997044,-3.122442872859229,0</coordinates>
        </LineString>
      </Placemark>
      <Placemark>
        <name>ef_busip10.002.3282 → pp_5</name>
        <description>De: ef_busip10.002.3282
Para: pp_5
Distância: 22.49m</description>
        <styleUrl>#edge_style</styleUrl>
        <LineString>
          <coordinates>-41.76538103188472,-3.122442872859229,0 -41.7651786738884,-3.122442872859229,0</coordinates>
        </LineString>
      </Placemark>
      <Placemark>
        <name>ef_busip10.002.3282 → pp_6</name>
        <description>De: ef_busip10.002.3282
Para: pp_6
Distância: 25.49m</description>
        <styleUrl>#edge_style</styleUrl>
        <LineString>
          <coordinates>-41.76538103188472,-3.122442872859229,0 -41.76515168418552,-3.122442872859229,0</coordinates>
        </LineString>
      </Placemark>
      <Placemark>
        <name>ef_busip10.002.3282 → pp_7</name>
        <description>De: ef_busip10.002.3282
Para: pp_7
Distância: 28.49m</description>
        <styleUrl>#edge_style</styleUrl>
        <LineString>
          <coordinates>-41.76538103188472,-3.122442872859229,0 -41.76512469448264,-3.122442872859229,0</coordinates>
        </LineString>
      </Placemark>
      <Placemark>
        <name>ef_busip10.002.3282 → pp_8</name>
        <description>De: ef_busip10.002.3282
Para: pp_8
Distância: 31.49m</description>
        <styleUrl>#edge_style</styleUrl>
        <LineString>
          <coordinates>-41.76538103188472,-3.122442872859229,0 -41.765097704779755,-3.122442872859229,0</coordinates>
        </LineString>
      </Placemark>
      <Placemark>
        <name>pp_3 → ef_sech6.471</name>
        <description>De: pp_3
Para: ef_sech6.471
Distância: 122.62m</description>
        <styleUrl>#edge_style</styleUrl>
        <LineString>
          <coordinates>-41.765286632699926,-3.122442872859229,0 -41.765286632699926,-3.123544406027098,0</coordinates>
        </LineString>
      </Placemark>
      <Placemark>
        <name>pp_3 → ef_buscsb1.002.3343</name>
        <description>De: pp_3
Para: ef_buscsb1.002.3343
Distância: 29.01m</description>
        <styleUrl>#edge_style</styleUrl>
        <LineString>
          <coordinates>-41.765286632699926,-3.122442872859229,0 -41.76502566566414,-3.122442872859229,0</coordinates>
        </LineString>
      </Placemark>
      <Placemark>
        <name>pp_4 → ef_sech6.462</name>
        <description>De: pp_4
Para: ef_sech6.462
Distância: 122.62m</description>
        <styleUrl>#edge_style</styleUrl>
        <LineString>
          <coordinates>-41.765259642997044,-3.122442872859229,0 -41.765259642997044,-3.123544406027098,0</coordinates>
        </LineString>
      </Placemark>
      <Placemark>
        <name>pp_4 → ef_buscsb1.002.3343</name>
        <description>De: pp_4
Para: ef_buscsb1.002.3343
Distância: 26.01m</description>
        <styleUrl>#edge_style</styleUrl>
        <LineString>
          <coordinates>-41.765259642997044,-3.122442872859229,0 -41.76502566566414,-3.122442872859229,0</coordinates>
        </LineString>
      </Placemark>
      <Placemark>
        <name>pp_5 → ef_ip6.002.2070</name>
        <description>De: pp_5
Para: ef_ip6.002.2070
Distância: 35.53m</description>
        <styleUrl>#edge_style</styleUrl>
        <LineString>
          <coordinates>-41.7651786738884,-3.122442872859229,0 -41.7651786738884,-3.122762087453965,0</coordinates>
        </LineString>
      </Placemark>
      <Placemark>
        <name>pp_5 → ef_buscsb1.002.3343</name>
        <description>De: pp_5
Para: ef_buscsb1.002.3343
Distância: 17.01m</description>
        <styleUrl>#edge_style</styleUrl>
        <LineString>
          <coordinates>-41.7651786738884,-3.122442872859229,0 -41.76502566566414,-3.122442872859229,0</coordinates>
        </LineString>
      </Placemark>
      <Placemark>
        <name>pp_6 → ef_ip6.002.2069</name>
        <description>De: pp_6
Para: ef_ip6.002.2069
Distância: 35.53m</description>
        <styleUrl>#edge_style</styleUrl>
        <LineString>
          <coordinates>-41.76515168418552,-3.122442872859229,0 -41.76515168418552,-3.122762087453965,0</coordinates>
        </LineString>
      </Placemark>
      <Placemark>
        <name>pp_6 → ef_buscsb1.002.3343</name>
        <description>De: pp_6
Para: ef_buscsb1.002.3343
Distância: 14.01m</description>
        <styleUrl>#edge_style</styleUrl>
        <LineString>
          <coordinates>-41.76515168418552,-3.122442872859229,0 -41.76502566566414,-3.122442872859229,0</coordinates>
        </LineString>
      </Placemark>
      <Placemark>
        <name>pp_7 → ef_secv6.003.1778</name>
        <description>De: pp_7
Para: ef_secv6.003.1778
Distância: 35.11m</description>
        <styleUrl>#edge_style</styleUrl>
        <LineString>
          <coordinates>-41.76512469448264,-3.122442872859229,0 -41.76512469448264,-3.122758278575065,0</coordinates>
        </LineString>
      </Placemark>
      <Placemark>
        <name>pp_7 → ef_buscsb1.002.3343</name>
        <description>De: pp_7
Para: ef_buscsb1.002.3343
Distância: 11.01m</description>
        <styleUrl>#edge_style</styleUrl>
        <LineString>
          <coordinates>-41.76512469448264,-3.122442872859229,0 -41.76502566566414,-3.122442872859229,0</coordinates>
        </LineString>
      </Placemark>
      <Placemark>
        <name>pp_8 → ef_secv6.003.1780</name>
        <description>De: pp_8
Para: ef_secv6.003.1780
Distância: 35.11m</description>
        <styleUrl>#edge_style</styleUrl>
        <LineString>
          <coordinates>-41.765097704779755,-3.122442872859229,0 -41.765097704779755,-3.122758278575065,0</coordinates>
        </LineString>
      </Placemark>
      <Placemark>
        <name>pp_8 → ef_buscsb1.002.3343</name>
        <description>De: pp_8
Para: ef_buscsb1.002.3343
Distância: 8.01m</description>
        <styleUrl>#edge_style</styleUrl>
        <LineString>
          <coordinates>-41.765097704779755,-3.122442872859229,0 -41.76502566566414,-3.122442872859229,0</coordinates>
        </LineString>
      </Placemark>
      <Placemark>
        <name>ef_buscsb1.002.3343 → ef_buscsb1.002.3345</name>
        <description>De: ef_buscsb1.002.3343
Para: ef_buscsb1.002.3345
Distância: 3.00m</description>
        <styleUrl>#edge_style</styleUrl>
        <LineString>
          <coordinates>-41.76502566566414,-3.122442872859229,0 -41.76502566566414,-3.122469822474089,0</coordinates>
        </LineString>
      </Placemark>
      <Placemark>
        <name>ef_buscsb1.002.3336 → ef_buscsb1.002.3341</name>
        <description>De: ef_buscsb1.002.3336
Para: ef_buscsb1.002.3341
Distância: 3.00m</description>
        <styleUrl>#edge_style</styleUrl>
        <LineString>
          <coordinates>-41.76497963922416,-3.122442872859229,0 -41.76497963922416,-3.122469822474089,0</coordinates>
        </LineString>
      </Placemark>
      <Placemark>
        <name>ef_buscsb1.002.3336 → ef_busip19.002.3142</name>
        <description>De: ef_buscsb1.002.3336
Para: ef_busip19.002.3142
Distância: 3.09m</description>
        <styleUrl>#edge_style</styleUrl>
        <LineString>
          <coordinates>-41.76497963922416,-3.122442872859229,0 -41.76495185872298,-3.122442872859229,0</coordinates>
        </LineString>
      </Placemark>
      <Placemark>
        <name>ef_busip19.002.3142 → ef_busip19.002.3139</name>
        <description>De: ef_busip19.002.3142
Para: ef_busip19.002.3139
Distância: 3.00m</description>
        <styleUrl>#edge_style</styleUrl>
        <LineString>
          <coordinates>-41.76495185872298,-3.122442872859229,0 -41.76495185872298,-3.122469822474089,0</coordinates>
        </LineString>
      </Placemark>
      <Placemark>
        <name>ef_busip19.002.3137 → ef_busip19.002.3144</name>
        <description>De: ef_busip19.002.3137
Para: ef_busip19.002.3144
Distância: 3.00m</description>
        <styleUrl>#edge_style</styleUrl>
        <LineString>
          <coordinates>-41.76490616605566,-3.122442872859229,0 -41.76490616605566,-3.122469822474089,0</coordinates>
        </LineString>
      </Placemark>
      <Placemark>
        <name>ef_busip19.002.3137 → ef_busip25.002.3119</name>
        <description>De: ef_busip19.002.3137
Para: ef_busip25.002.3119
Distância: 3.40m</description>
        <styleUrl>#edge_style</styleUrl>
        <LineString>
          <coordinates>-41.76490616605566,-3.122442872859229,0 -41.76487554983637,-3.122442872859229,0</coordinates>
        </LineString>
      </Placemark>
      <Placemark>
        <name>ef_busip25.002.3119 → ef_busip25.002.3114</name>
        <description>De: ef_busip25.002.3119
Para: ef_busip25.002.3114
Distância: 3.00m</description>
        <styleUrl>#edge_style</styleUrl>
        <LineString>
          <coordinates>-41.76487554983637,-3.122442872859229,0 -41.76487554983637,-3.122469822474089,0</coordinates>
        </LineString>
      </Placemark>
      <Placemark>
        <name>ef_busip25.002.3120 → ef_buscsb7.002.3296</name>
        <description>De: ef_busip25.002.3120
Para: ef_buscsb7.002.3296
Distância: 92.06m</description>
        <styleUrl>#edge_style</styleUrl>
        <LineString>
          <coordinates>-41.7648301432599,-3.122442872859229,0 -41.76400196062836,-3.122442872859229,0</coordinates>
        </LineString>
      </Placemark>
      <Placemark>
        <name>ef_busip25.002.3120 → ef_busip25.002.3115</name>
        <description>De: ef_busip25.002.3120
Para: ef_busip25.002.3115
Distância: 3.00m</description>
        <styleUrl>#edge_style</styleUrl>
        <LineString>
          <coordinates>-41.7648301432599,-3.122442872859229,0 -41.7648301432599,-3.122469822474089,0</coordinates>
        </LineString>
      </Placemark>
      <Placemark>
        <name>ef_busip25.002.3120 → pp_9</name>
        <description>De: ef_busip25.002.3120
Para: pp_9
Distância: 12.26m</description>
        <styleUrl>#edge_style</styleUrl>
        <LineString>
          <coordinates>-41.7648301432599,-3.122442872859229,0 -41.76471984893942,-3.122442872859229,0</coordinates>
        </LineString>
      </Placemark>
      <Placemark>
        <name>ef_busip25.002.3120 → pp_10</name>
        <description>De: ef_busip25.002.3120
Para: pp_10
Distância: 15.26m</description>
        <styleUrl>#edge_style</styleUrl>
        <LineString>
          <coordinates>-41.7648301432599,-3.122442872859229,0 -41.76469285923654,-3.122442872859229,0</coordinates>
        </LineString>
      </Placemark>
      <Placemark>
        <name>ef_busip25.002.3120 → pp_11</name>
        <description>De: ef_busip25.002.3120
Para: pp_11
Distância: 33.26m</description>
        <styleUrl>#edge_style</styleUrl>
        <LineString>
          <coordinates>-41.7648301432599,-3.122442872859229,0 -41.76453092101925,-3.122442872859229,0</coordinates>
        </LineString>
      </Placemark>
      <Placemark>
        <name>ef_busip25.002.3120 → pp_12</name>
        <description>De: ef_busip25.002.3120
Para: pp_12
Distância: 36.26m</description>
        <styleUrl>#edge_style</styleUrl>
        <LineString>
          <coordinates>-41.7648301432599,-3.122442872859229,0 -41.76450393131637,-3.122442872859229,0</coordinates>
        </LineString>
      </Placemark>
      <Placemark>
        <name>ef_busip25.002.3120 → pp_13</name>
        <description>De: ef_busip25.002.3120
Para: pp_13
Distância: 48.26m</description>
        <styleUrl>#edge_style</styleUrl>
        <LineString>
          <coordinates>-41.7648301432599,-3.122442872859229,0 -41.76439597250484,-3.122442872859229,0</coordinates>
        </LineString>
      </Placemark>
      <Placemark>
        <name>ef_busip25.002.3120 → pp_14</name>
        <description>De: ef_busip25.002.3120
Para: pp_14
Distância: 51.26m</description>
        <styleUrl>#edge_style</styleUrl>
        <LineString>
          <coordinates>-41.7648301432599,-3.122442872859229,0 -41.76436898280196,-3.122442872859229,0</coordinates>
        </LineString>
      </Placemark>
      <Placemark>
        <name>pp_9 → ef_tc6.001.1646</name>
        <description>De: pp_9
Para: ef_tc6.001.1646
Distância: 35.40m</description>
        <styleUrl>#edge_style</styleUrl>
        <LineString>
          <coordinates>-41.76471984893942,-3.122442872859229,0 -41.76471984893942,-3.1227608846028216,0</coordinates>
        </LineString>
      </Placemark>
      <Placemark>
        <name>pp_9 → ef_buscsb7.002.3296</name>
        <description>De: pp_9
Para: ef_buscsb7.002.3296
Distância: 79.80m</description>
        <styleUrl>#edge_style</styleUrl>
        <LineString>
          <coordinates>-41.76471984893942,-3.122442872859229,0 -41.76400196062836,-3.122442872859229,0</coordinates>
        </LineString>
      </Placemark>
      <Placemark>
        <name>pp_10 → ef_tc6.001.1651</name>
        <description>De: pp_10
Para: ef_tc6.001.1651
Distância: 35.40m</description>
        <styleUrl>#edge_style</styleUrl>
        <LineString>
          <coordinates>-41.76469285923654,-3.122442872859229,0 -41.76469285923654,-3.1227608846028216,0</coordinates>
        </LineString>
      </Placemark>
      <Placemark>
        <name>pp_10 → ef_buscsb7.002.3296</name>
        <description>De: pp_10
Para: ef_buscsb7.002.3296
Distância: 76.80m</description>
        <styleUrl>#edge_style</styleUrl>
        <LineString>
          <coordinates>-41.76469285923654,-3.122442872859229,0 -41.76400196062836,-3.122442872859229,0</coordinates>
        </LineString>
      </Placemark>
      <Placemark>
        <name>pp_11 → ef_secv12.002.1840</name>
        <description>De: pp_11
Para: ef_secv12.002.1840
Distância: 35.00m</description>
        <styleUrl>#edge_style</styleUrl>
        <LineString>
          <coordinates>-41.76453092101925,-3.122442872859229,0 -41.76453092101925,-3.122757268862828,0</coordinates>
        </LineString>
      </Placemark>
      <Placemark>
        <name>pp_11 → ef_buscsb7.002.3296</name>
        <description>De: pp_11
Para: ef_buscsb7.002.3296
Distância: 58.80m</description>
        <styleUrl>#edge_style</styleUrl>
        <LineString>
          <coordinates>-41.76453092101925,-3.122442872859229,0 -41.76400196062836,-3.122442872859229,0</coordinates>
        </LineString>
      </Placemark>
      <Placemark>
        <name>pp_12 → ef_secv12.002.1843</name>
        <description>De: pp_12
Para: ef_secv12.002.1843
Distância: 35.00m</description>
        <styleUrl>#edge_style</styleUrl>
        <LineString>
          <coordinates>-41.76450393131637,-3.122442872859229,0 -41.76450393131637,-3.122757268862828,0</coordinates>
        </LineString>
      </Placemark>
      <Placemark>
        <name>pp_12 → ef_buscsb7.002.3296</name>
        <description>De: pp_12
Para: ef_buscsb7.002.3296
Distância: 55.80m</description>
        <styleUrl>#edge_style</styleUrl>
        <LineString>
          <coordinates>-41.76450393131637,-3.122442872859229,0 -41.76400196062836,-3.122442872859229,0</coordinates>
        </LineString>
      </Placemark>
      <Placemark>
        <name>pp_13 → ef_tc12.001.1708</name>
        <description>De: pp_13
Para: ef_tc12.001.1708
Distância: 35.34m</description>
        <styleUrl>#edge_style</styleUrl>
        <LineString>
          <coordinates>-41.76439597250484,-3.122442872859229,0 -41.76439597250484,-3.122760333932358,0</coordinates>
        </LineString>
      </Placemark>
      <Placemark>
        <name>pp_13 → ef_buscsb7.002.3296</name>
        <description>De: pp_13
Para: ef_buscsb7.002.3296
Distância: 43.80m</description>
        <styleUrl>#edge_style</styleUrl>
        <LineString>
          <coordinates>-41.76439597250484,-3.122442872859229,0 -41.76400196062836,-3.122442872859229,0</coordinates>
        </LineString>
      </Placemark>
      <Placemark>
        <name>pp_14 → ef_tc12.001.1703</name>
        <description>De: pp_14
Para: ef_tc12.001.1703
Distância: 35.34m</description>
        <styleUrl>#edge_style</styleUrl>
        <LineString>
          <coordinates>-41.76436898280196,-3.122442872859229,0 -41.76436898280196,-3.122760333932358,0</coordinates>
        </LineString>
      </Placemark>
      <Placemark>
        <name>pp_14 → ef_buscsb7.002.3296</name>
        <description>De: pp_14
Para: ef_buscsb7.002.3296
Distância: 40.80m</description>
        <styleUrl>#edge_style</styleUrl>
        <LineString>
          <coordinates>-41.76436898280196,-3.122442872859229,0 -41.76400196062836,-3.122442872859229,0</coordinates>
        </LineString>
      </Placemark>
      <Placemark>
        <name>ef_buscsb7.002.3296 → ef_buscsb7.002.3303</name>
        <description>De: ef_buscsb7.002.3296
Para: ef_buscsb7.002.3303
Distância: 3.00m</description>
        <styleUrl>#edge_style</styleUrl>
        <LineString>
          <coordinates>-41.76400196062836,-3.122442872859229,0 -41.76400196062836,-3.122469822474089,0</coordinates>
        </LineString>
      </Placemark>
      <Placemark>
        <name>ef_buscsb7.002.3302 → ef_busip33.002.3068</name>
        <description>De: ef_buscsb7.002.3302
Para: ef_busip33.002.3068
Distância: 3.02m</description>
        <styleUrl>#edge_style</styleUrl>
        <LineString>
          <coordinates>-41.763956080832436,-3.122442872859229,0 -41.76392892919134,-3.122442872859229,0</coordinates>
        </LineString>
      </Placemark>
      <Placemark>
        <name>ef_buscsb7.002.3302 → ef_buscsb7.002.3300</name>
        <description>De: ef_buscsb7.002.3302
Para: ef_buscsb7.002.3300
Distância: 3.00m</description>
        <styleUrl>#edge_style</styleUrl>
        <LineString>
          <coordinates>-41.763956080832436,-3.122442872859229,0 -41.763956080832436,-3.122469822474089,0</coordinates>
        </LineString>
      </Placemark>
      <Placemark>
        <name>ef_busip33.002.3068 → ef_busip33.002.3066</name>
        <description>De: ef_busip33.002.3068
Para: ef_busip33.002.3066
Distância: 3.00m</description>
        <styleUrl>#edge_style</styleUrl>
        <LineString>
          <coordinates>-41.76392892919134,-3.122442872859229,0 -41.76392892919134,-3.122469822474089,0</coordinates>
        </LineString>
      </Placemark>
      <Placemark>
        <name>ef_busip33.002.3073 → ef_busip33.002.3070</name>
        <description>De: ef_busip33.002.3073
Para: ef_busip33.002.3070
Distância: 3.00m</description>
        <styleUrl>#edge_style</styleUrl>
        <LineString>
          <coordinates>-41.76388352261487,-3.122442872859229,0 -41.76388352261487,-3.122469822474089,0</coordinates>
        </LineString>
      </Placemark>
      <Placemark>
        <name>ef_busip33.002.3073 → ef_busip37.002.3036</name>
        <description>De: ef_busip33.002.3073
Para: ef_busip37.002.3036
Distância: 3.44m</description>
        <styleUrl>#edge_style</styleUrl>
        <LineString>
          <coordinates>-41.76388352261487,-3.122442872859229,0 -41.763852557328754,-3.122442872859229,0</coordinates>
        </LineString>
      </Placemark>
      <Placemark>
        <name>ef_busip37.002.3036 → ef_busip37.002.3033</name>
        <description>De: ef_busip37.002.3036
Para: ef_busip37.002.3033
Distância: 3.00m</description>
        <styleUrl>#edge_style</styleUrl>
        <LineString>
          <coordinates>-41.763852557328754,-3.122442872859229,0 -41.763852557328754,-3.122469822474089,0</coordinates>
        </LineString>
      </Placemark>
      <Placemark>
        <name>ef_busip2.002.3160 → ef_busip2.002.3156</name>
        <description>De: ef_busip2.002.3160
Para: ef_busip2.002.3156
Distância: 5.45m</description>
        <styleUrl>#edge_style</styleUrl>
        <LineString>
          <coordinates>-41.76552928272402,-3.1224499642012193,0 -41.76552928272402,-3.122498902905164,0</coordinates>
        </LineString>
      </Placemark>
      <Placemark>
        <name>ef_busip2.002.3160 → ef_busip2.002.3159</name>
        <description>De: ef_busip2.002.3160
Para: ef_busip2.002.3159
Distância: 2.97m</description>
        <styleUrl>#edge_style</styleUrl>
        <LineString>
          <coordinates>-41.76552928272402,-3.1224499642012193,0 -41.76550255032297,-3.1224499642012193,0</coordinates>
        </LineString>
      </Placemark>
      <Placemark>
        <name>ef_busip2.002.3159 → ef_busip2.002.3154</name>
        <description>De: ef_busip2.002.3159
Para: ef_busip2.002.3154
Distância: 2.08m</description>
        <styleUrl>#edge_style</styleUrl>
        <LineString>
          <coordinates>-41.76550255032297,-3.1224499642012193,0 -41.7654838770472,-3.1224499642012193,0</coordinates>
        </LineString>
      </Placemark>
      <Placemark>
        <name>ef_busip2.002.3154 → ef_busip2.002.3158</name>
        <description>De: ef_busip2.002.3154
Para: ef_busip2.002.3158
Distância: 2.21m</description>
        <styleUrl>#edge_style</styleUrl>
        <LineString>
          <coordinates>-41.7654838770472,-3.1224499642012193,0 -41.7654838770472,-3.122469822474089,0</coordinates>
        </LineString>
      </Placemark>
      <Placemark>
        <name>ef_busip10.002.3274 → ef_busip10.002.3280</name>
        <description>De: ef_busip10.002.3274
Para: ef_busip10.002.3280
Distância: 0.54m</description>
        <styleUrl>#edge_style</styleUrl>
        <LineString>
          <coordinates>-41.76542643846119,-3.122457381633549,0 -41.765421581214326,-3.122457381633549,0</coordinates>
        </LineString>
      </Placemark>
      <Placemark>
        <name>ef_busip10.002.3280 → ef_busip10.002.3272</name>
        <description>De: ef_busip10.002.3280
Para: ef_busip10.002.3272
Distância: 3.00m</description>
        <styleUrl>#edge_style</styleUrl>
        <LineString>
          <coordinates>-41.765421581214326,-3.122457381633549,0 -41.765394591511445,-3.122457381633549,0</coordinates>
        </LineString>
      </Placemark>
      <Placemark>
        <name>ef_busip10.002.3280 → ef_busip5.002.2996</name>
        <description>De: ef_busip10.002.3280
Para: ef_busip5.002.2996
Distância: 1.82m</description>
        <styleUrl>#edge_style</styleUrl>
        <LineString>
          <coordinates>-41.765421581214326,-3.122457381633549,0 -41.765421581214326,-3.1224737113035133,0</coordinates>
        </LineString>
      </Placemark>
      <Placemark>
        <name>ef_busip10.002.3272 → ef_busip10.002.3281</name>
        <description>De: ef_busip10.002.3272
Para: ef_busip10.002.3281
Distância: 1.51m</description>
        <styleUrl>#edge_style</styleUrl>
        <LineString>
          <coordinates>-41.765394591511445,-3.122457381633549,0 -41.76538103188472,-3.122457381633549,0</coordinates>
        </LineString>
      </Placemark>
      <Placemark>
        <name>ef_busip10.002.3272 → ef_busip9.002.2955</name>
        <description>De: ef_busip10.002.3272
Para: ef_busip9.002.2955
Distância: 5.87m</description>
        <styleUrl>#edge_style</styleUrl>
        <LineString>
          <coordinates>-41.765394591511445,-3.122457381633549,0 -41.765394591511445,-3.1225101381995994,0</coordinates>
        </LineString>
      </Placemark>
      <Placemark>
        <name>ef_busip2.002.3158 → ef_busip2.002.3157</name>
        <description>De: ef_busip2.002.3158
Para: ef_busip2.002.3157
Distância: 3.00m</description>
        <styleUrl>#edge_style</styleUrl>
        <LineString>
          <coordinates>-41.7654838770472,-3.122469822474089,0 -41.7654838770472,-3.122496772088949,0</coordinates>
        </LineString>
      </Placemark>
      <Placemark>
        <name>ef_busip2.002.3158 → ef_buscsb1.002.3345</name>
        <description>De: ef_busip2.002.3158
Para: ef_buscsb1.002.3345
Distância: 50.93m</description>
        <styleUrl>#edge_style</styleUrl>
        <LineString>
          <coordinates>-41.7654838770472,-3.122469822474089,0 -41.76502566566414,-3.122469822474089,0</coordinates>
        </LineString>
      </Placemark>
      <Placemark>
        <name>ef_busip2.002.3158 → pp_15</name>
        <description>De: ef_busip2.002.3158
Para: pp_15
Distância: 21.92m</description>
        <styleUrl>#edge_style</styleUrl>
        <LineString>
          <coordinates>-41.7654838770472,-3.122469822474089,0 -41.765286632699926,-3.122469822474089,0</coordinates>
        </LineString>
      </Placemark>
      <Placemark>
        <name>ef_busip2.002.3158 → pp_16</name>
        <description>De: ef_busip2.002.3158
Para: pp_16
Distância: 24.92m</description>
        <styleUrl>#edge_style</styleUrl>
        <LineString>
          <coordinates>-41.7654838770472,-3.122469822474089,0 -41.765259642997044,-3.122469822474089,0</coordinates>
        </LineString>
      </Placemark>
      <Placemark>
        <name>ef_busip2.002.3158 → pp_17</name>
        <description>De: ef_busip2.002.3158
Para: pp_17
Distância: 33.92m</description>
        <styleUrl>#edge_style</styleUrl>
        <LineString>
          <coordinates>-41.7654838770472,-3.122469822474089,0 -41.7651786738884,-3.122469822474089,0</coordinates>
        </LineString>
      </Placemark>
      <Placemark>
        <name>ef_busip2.002.3158 → pp_18</name>
        <description>De: ef_busip2.002.3158
Para: pp_18
Distância: 36.92m</description>
        <styleUrl>#edge_style</styleUrl>
        <LineString>
          <coordinates>-41.7654838770472,-3.122469822474089,0 -41.76515168418552,-3.122469822474089,0</coordinates>
        </LineString>
      </Placemark>
      <Placemark>
        <name>ef_busip2.002.3158 → pp_19</name>
        <description>De: ef_busip2.002.3158
Para: pp_19
Distância: 39.92m</description>
        <styleUrl>#edge_style</styleUrl>
        <LineString>
          <coordinates>-41.7654838770472,-3.122469822474089,0 -41.76512469448264,-3.122469822474089,0</coordinates>
        </LineString>
      </Placemark>
      <Placemark>
        <name>ef_busip2.002.3158 → pp_20</name>
        <description>De: ef_busip2.002.3158
Para: pp_20
Distância: 42.92m</description>
        <styleUrl>#edge_style</styleUrl>
        <LineString>
          <coordinates>-41.7654838770472,-3.122469822474089,0 -41.765097704779755,-3.122469822474089,0</coordinates>
        </LineString>
      </Placemark>
      <Placemark>
        <name>pp_15 → ef_sech6.471</name>
        <description>De: pp_15
Para: ef_sech6.471
Distância: 119.62m</description>
        <styleUrl>#edge_style</styleUrl>
        <LineString>
          <coordinates>-41.765286632699926,-3.122469822474089,0 -41.765286632699926,-3.123544406027098,0</coordinates>
        </LineString>
      </Placemark>
      <Placemark>
        <name>pp_15 → ef_buscsb1.002.3345</name>
        <description>De: pp_15
Para: ef_buscsb1.002.3345
Distância: 29.01m</description>
        <styleUrl>#edge_style</styleUrl>
        <LineString>
          <coordinates>-41.765286632699926,-3.122469822474089,0 -41.76502566566414,-3.122469822474089,0</coordinates>
        </LineString>
      </Placemark>
      <Placemark>
        <name>pp_16 → ef_sech6.462</name>
        <description>De: pp_16
Para: ef_sech6.462
Distância: 119.62m</description>
        <styleUrl>#edge_style</styleUrl>
        <LineString>
          <coordinates>-41.765259642997044,-3.122469822474089,0 -41.765259642997044,-3.123544406027098,0</coordinates>
        </LineString>
      </Placemark>
      <Placemark>
        <name>pp_16 → ef_buscsb1.002.3345</name>
        <description>De: pp_16
Para: ef_buscsb1.002.3345
Distância: 26.01m</description>
        <styleUrl>#edge_style</styleUrl>
        <LineString>
          <coordinates>-41.765259642997044,-3.122469822474089,0 -41.76502566566414,-3.122469822474089,0</coordinates>
        </LineString>
      </Placemark>
      <Placemark>
        <name>pp_17 → ef_ip6.002.2070</name>
        <description>De: pp_17
Para: ef_ip6.002.2070
Distância: 32.53m</description>
        <styleUrl>#edge_style</styleUrl>
        <LineString>
          <coordinates>-41.7651786738884,-3.122469822474089,0 -41.7651786738884,-3.122762087453965,0</coordinates>
        </LineString>
      </Placemark>
      <Placemark>
        <name>pp_17 → ef_buscsb1.002.3345</name>
        <description>De: pp_17
Para: ef_buscsb1.002.3345
Distância: 17.01m</description>
        <styleUrl>#edge_style</styleUrl>
        <LineString>
          <coordinates>-41.7651786738884,-3.122469822474089,0 -41.76502566566414,-3.122469822474089,0</coordinates>
        </LineString>
      </Placemark>
      <Placemark>
        <name>pp_18 → ef_ip6.002.2069</name>
        <description>De: pp_18
Para: ef_ip6.002.2069
Distância: 32.53m</description>
        <styleUrl>#edge_style</styleUrl>
        <LineString>
          <coordinates>-41.76515168418552,-3.122469822474089,0 -41.76515168418552,-3.122762087453965,0</coordinates>
        </LineString>
      </Placemark>
      <Placemark>
        <name>pp_18 → ef_buscsb1.002.3345</name>
        <description>De: pp_18
Para: ef_buscsb1.002.3345
Distância: 14.01m</description>
        <styleUrl>#edge_style</styleUrl>
        <LineString>
          <coordinates>-41.76515168418552,-3.122469822474089,0 -41.76502566566414,-3.122469822474089,0</coordinates>
        </LineString>
      </Placemark>
      <Placemark>
        <name>pp_19 → ef_secv6.003.1778</name>
        <description>De: pp_19
Para: ef_secv6.003.1778
Distância: 32.11m</description>
        <styleUrl>#edge_style</styleUrl>
        <LineString>
          <coordinates>-41.76512469448264,-3.122469822474089,0 -41.76512469448264,-3.122758278575065,0</coordinates>
        </LineString>
      </Placemark>
      <Placemark>
        <name>pp_19 → ef_buscsb1.002.3345</name>
        <description>De: pp_19
Para: ef_buscsb1.002.3345
Distância: 11.01m</description>
        <styleUrl>#edge_style</styleUrl>
        <LineString>
          <coordinates>-41.76512469448264,-3.122469822474089,0 -41.76502566566414,-3.122469822474089,0</coordinates>
        </LineString>
      </Placemark>
      <Placemark>
        <name>pp_20 → ef_secv6.003.1780</name>
        <description>De: pp_20
Para: ef_secv6.003.1780
Distância: 32.11m</description>
        <styleUrl>#edge_style</styleUrl>
        <LineString>
          <coordinates>-41.765097704779755,-3.122469822474089,0 -41.765097704779755,-3.122758278575065,0</coordinates>
        </LineString>
      </Placemark>
      <Placemark>
        <name>pp_20 → ef_buscsb1.002.3345</name>
        <description>De: pp_20
Para: ef_buscsb1.002.3345
Distância: 8.01m</description>
        <styleUrl>#edge_style</styleUrl>
        <LineString>
          <coordinates>-41.765097704779755,-3.122469822474089,0 -41.76502566566414,-3.122469822474089,0</coordinates>
        </LineString>
      </Placemark>
      <Placemark>
        <name>ef_buscsb1.002.3345 → ef_buscsb1.002.3349</name>
        <description>De: ef_buscsb1.002.3345
Para: ef_buscsb1.002.3349
Distância: 0.82m</description>
        <styleUrl>#edge_style</styleUrl>
        <LineString>
          <coordinates>-41.76502566566414,-3.122469822474089,0 -41.76502566566414,-3.1224771770239843,0</coordinates>
        </LineString>
      </Placemark>
      <Placemark>
        <name>ef_buscsb1.002.3341 → ef_buscsb1.002.3352</name>
        <description>De: ef_buscsb1.002.3341
Para: ef_buscsb1.002.3352
Distância: 0.82m</description>
        <styleUrl>#edge_style</styleUrl>
        <LineString>
          <coordinates>-41.76497963922416,-3.122469822474089,0 -41.76497963922416,-3.1224771770239843,0</coordinates>
        </LineString>
      </Placemark>
      <Placemark>
        <name>ef_buscsb1.002.3341 → ef_busip19.002.3139</name>
        <description>De: ef_buscsb1.002.3341
Para: ef_busip19.002.3139
Distância: 3.09m</description>
        <styleUrl>#edge_style</styleUrl>
        <LineString>
          <coordinates>-41.76497963922416,-3.122469822474089,0 -41.76495185872298,-3.122469822474089,0</coordinates>
        </LineString>
      </Placemark>
      <Placemark>
        <name>ef_busip19.002.3139 → ef_busip19.002.3152</name>
        <description>De: ef_busip19.002.3139
Para: ef_busip19.002.3152
Distância: 0.75m</description>
        <styleUrl>#edge_style</styleUrl>
        <LineString>
          <coordinates>-41.76495185872298,-3.122469822474089,0 -41.76495185872298,-3.1224765203517024,0</coordinates>
        </LineString>
      </Placemark>
      <Placemark>
        <name>ef_busip19.002.3144 → ef_busip19.002.3150</name>
        <description>De: ef_busip19.002.3144
Para: ef_busip19.002.3150
Distância: 0.75m</description>
        <styleUrl>#edge_style</styleUrl>
        <LineString>
          <coordinates>-41.76490616605566,-3.122469822474089,0 -41.76490616605566,-3.1224765203517024,0</coordinates>
        </LineString>
      </Placemark>
      <Placemark>
        <name>ef_busip19.002.3144 → ef_busip25.002.3114</name>
        <description>De: ef_busip19.002.3144
Para: ef_busip25.002.3114
Distância: 3.40m</description>
        <styleUrl>#edge_style</styleUrl>
        <LineString>
          <coordinates>-41.76490616605566,-3.122469822474089,0 -41.76487554983637,-3.122469822474089,0</coordinates>
        </LineString>
      </Placemark>
      <Placemark>
        <name>ef_busip25.002.3114 → ef_busip25.002.3121</name>
        <description>De: ef_busip25.002.3114
Para: ef_busip25.002.3121
Distância: 0.90m</description>
        <styleUrl>#edge_style</styleUrl>
        <LineString>
          <coordinates>-41.76487554983637,-3.122469822474089,0 -41.76487554983637,-3.12247789388374,0</coordinates>
        </LineString>
      </Placemark>
      <Placemark>
        <name>ef_busip25.002.3115 → ef_buscsb7.002.3303</name>
        <description>De: ef_busip25.002.3115
Para: ef_buscsb7.002.3303
Distância: 92.06m</description>
        <styleUrl>#edge_style</styleUrl>
        <LineString>
          <coordinates>-41.7648301432599,-3.122469822474089,0 -41.76400196062836,-3.122469822474089,0</coordinates>
        </LineString>
      </Placemark>
      <Placemark>
        <name>ef_busip25.002.3115 → ef_busip25.002.3117</name>
        <description>De: ef_busip25.002.3115
Para: ef_busip25.002.3117
Distância: 0.90m</description>
        <styleUrl>#edge_style</styleUrl>
        <LineString>
          <coordinates>-41.7648301432599,-3.122469822474089,0 -41.7648301432599,-3.12247789388374,0</coordinates>
        </LineString>
      </Placemark>
      <Placemark>
        <name>ef_busip25.002.3115 → pp_21</name>
        <description>De: ef_busip25.002.3115
Para: pp_21
Distância: 6.26m</description>
        <styleUrl>#edge_style</styleUrl>
        <LineString>
          <coordinates>-41.7648301432599,-3.122469822474089,0 -41.764773828345184,-3.122469822474089,0</coordinates>
        </LineString>
      </Placemark>
      <Placemark>
        <name>ef_busip25.002.3115 → pp_22</name>
        <description>De: ef_busip25.002.3115
Para: pp_22
Distância: 9.26m</description>
        <styleUrl>#edge_style</styleUrl>
        <LineString>
          <coordinates>-41.7648301432599,-3.122469822474089,0 -41.7647468386423,-3.122469822474089,0</coordinates>
        </LineString>
      </Placemark>
      <Placemark>
        <name>ef_busip25.002.3115 → pp_23</name>
        <description>De: ef_busip25.002.3115
Para: pp_23
Distância: 12.26m</description>
        <styleUrl>#edge_style</styleUrl>
        <LineString>
          <coordinates>-41.7648301432599,-3.122469822474089,0 -41.76471984893942,-3.122469822474089,0</coordinates>
        </LineString>
      </Placemark>
      <Placemark>
        <name>ef_busip25.002.3115 → pp_24</name>
        <description>De: ef_busip25.002.3115
Para: pp_24
Distância: 15.26m</description>
        <styleUrl>#edge_style</styleUrl>
        <LineString>
          <coordinates>-41.7648301432599,-3.122469822474089,0 -41.76469285923654,-3.122469822474089,0</coordinates>
        </LineString>
      </Placemark>
      <Placemark>
        <name>ef_busip25.002.3115 → pp_25</name>
        <description>De: ef_busip25.002.3115
Para: pp_25
Distância: 21.26m</description>
        <styleUrl>#edge_style</styleUrl>
        <LineString>
          <coordinates>-41.7648301432599,-3.122469822474089,0 -41.76463887983078,-3.122469822474089,0</coordinates>
        </LineString>
      </Placemark>
      <Placemark>
        <name>ef_busip25.002.3115 → pp_26</name>
        <description>De: ef_busip25.002.3115
Para: pp_26
Distância: 33.26m</description>
        <styleUrl>#edge_style</styleUrl>
        <LineString>
          <coordinates>-41.7648301432599,-3.122469822474089,0 -41.76453092101925,-3.122469822474089,0</coordinates>
        </LineString>
      </Placemark>
      <Placemark>
        <name>ef_busip25.002.3115 → pp_27</name>
        <description>De: ef_busip25.002.3115
Para: pp_27
Distância: 36.26m</description>
        <styleUrl>#edge_style</styleUrl>
        <LineString>
          <coordinates>-41.7648301432599,-3.122469822474089,0 -41.76450393131637,-3.122469822474089,0</coordinates>
        </LineString>
      </Placemark>
      <Placemark>
        <name>ef_busip25.002.3115 → pp_28</name>
        <description>De: ef_busip25.002.3115
Para: pp_28
Distância: 42.26m</description>
        <styleUrl>#edge_style</styleUrl>
        <LineString>
          <coordinates>-41.7648301432599,-3.122469822474089,0 -41.764449951910606,-3.122469822474089,0</coordinates>
        </LineString>
      </Placemark>
      <Placemark>
        <name>ef_busip25.002.3115 → pp_29</name>
        <description>De: ef_busip25.002.3115
Para: pp_29
Distância: 48.26m</description>
        <styleUrl>#edge_style</styleUrl>
        <LineString>
          <coordinates>-41.7648301432599,-3.122469822474089,0 -41.76439597250484,-3.122469822474089,0</coordinates>
        </LineString>
      </Placemark>
      <Placemark>
        <name>ef_busip25.002.3115 → pp_30</name>
        <description>De: ef_busip25.002.3115
Para: pp_30
Distância: 51.26m</description>
        <styleUrl>#edge_style</styleUrl>
        <LineString>
          <coordinates>-41.7648301432599,-3.122469822474089,0 -41.76436898280196,-3.122469822474089,0</coordinates>
        </LineString>
      </Placemark>
      <Placemark>
        <name>ef_busip25.002.3115 → pp_31</name>
        <description>De: ef_busip25.002.3115
Para: pp_31
Distância: 57.26m</description>
        <styleUrl>#edge_style</styleUrl>
        <LineString>
          <coordinates>-41.7648301432599,-3.122469822474089,0 -41.764315003396206,-3.122469822474089,0</coordinates>
        </LineString>
      </Placemark>
      <Placemark>
        <name>pp_21 → ef_disjuntor6.001.2142</name>
        <description>De: pp_21
Para: ef_disjuntor6.001.2142
Distância: 30.63m</description>
        <styleUrl>#edge_style</styleUrl>
        <LineString>
          <coordinates>-41.764773828345184,-3.122469822474089,0 -41.764773828345184,-3.1227449798384517,0</coordinates>
        </LineString>
      </Placemark>
      <Placemark>
        <name>pp_21 → ef_buscsb7.002.3303</name>
        <description>De: pp_21
Para: ef_buscsb7.002.3303
Distância: 85.80m</description>
        <styleUrl>#edge_style</styleUrl>
        <LineString>
          <coordinates>-41.764773828345184,-3.122469822474089,0 -41.76400196062836,-3.122469822474089,0</coordinates>
        </LineString>
      </Placemark>
      <Placemark>
        <name>pp_22 → ef_disjuntor6.001.2152</name>
        <description>De: pp_22
Para: ef_disjuntor6.001.2152
Distância: 30.63m</description>
        <styleUrl>#edge_style</styleUrl>
        <LineString>
          <coordinates>-41.7647468386423,-3.122469822474089,0 -41.7647468386423,-3.1227449798384517,0</coordinates>
        </LineString>
      </Placemark>
      <Placemark>
        <name>pp_22 → ef_buscsb7.002.3303</name>
        <description>De: pp_22
Para: ef_buscsb7.002.3303
Distância: 82.80m</description>
        <styleUrl>#edge_style</styleUrl>
        <LineString>
          <coordinates>-41.7647468386423,-3.122469822474089,0 -41.76400196062836,-3.122469822474089,0</coordinates>
        </LineString>
      </Placemark>
      <Placemark>
        <name>pp_23 → ef_tc6.001.1646</name>
        <description>De: pp_23
Para: ef_tc6.001.1646
Distância: 32.40m</description>
        <styleUrl>#edge_style</styleUrl>
        <LineString>
          <coordinates>-41.76471984893942,-3.122469822474089,0 -41.76471984893942,-3.1227608846028216,0</coordinates>
        </LineString>
      </Placemark>
      <Placemark>
        <name>pp_23 → ef_buscsb7.002.3303</name>
        <description>De: pp_23
Para: ef_buscsb7.002.3303
Distância: 79.80m</description>
        <styleUrl>#edge_style</styleUrl>
        <LineString>
          <coordinates>-41.76471984893942,-3.122469822474089,0 -41.76400196062836,-3.122469822474089,0</coordinates>
        </LineString>
      </Placemark>
      <Placemark>
        <name>pp_24 → ef_tc6.001.1651</name>
        <description>De: pp_24
Para: ef_tc6.001.1651
Distância: 32.40m</description>
        <styleUrl>#edge_style</styleUrl>
        <LineString>
          <coordinates>-41.76469285923654,-3.122469822474089,0 -41.76469285923654,-3.1227608846028216,0</coordinates>
        </LineString>
      </Placemark>
      <Placemark>
        <name>pp_24 → ef_buscsb7.002.3303</name>
        <description>De: pp_24
Para: ef_buscsb7.002.3303
Distância: 76.80m</description>
        <styleUrl>#edge_style</styleUrl>
        <LineString>
          <coordinates>-41.76469285923654,-3.122469822474089,0 -41.76400196062836,-3.122469822474089,0</coordinates>
        </LineString>
      </Placemark>
      <Placemark>
        <name>pp_25 → ef_sech6.001.1908</name>
        <description>De: pp_25
Para: ef_sech6.001.1908
Distância: 29.80m</description>
        <styleUrl>#edge_style</styleUrl>
        <LineString>
          <coordinates>-41.76463887983078,-3.122469822474089,0 -41.76463887983078,-3.1227375525245966,0</coordinates>
        </LineString>
      </Placemark>
      <Placemark>
        <name>pp_25 → ef_buscsb7.002.3303</name>
        <description>De: pp_25
Para: ef_buscsb7.002.3303
Distância: 70.80m</description>
        <styleUrl>#edge_style</styleUrl>
        <LineString>
          <coordinates>-41.76463887983078,-3.122469822474089,0 -41.76400196062836,-3.122469822474089,0</coordinates>
        </LineString>
      </Placemark>
      <Placemark>
        <name>pp_26 → ef_secv12.002.1840</name>
        <description>De: pp_26
Para: ef_secv12.002.1840
Distância: 32.00m</description>
        <styleUrl>#edge_style</styleUrl>
        <LineString>
          <coordinates>-41.76453092101925,-3.122469822474089,0 -41.76453092101925,-3.122757268862828,0</coordinates>
        </LineString>
      </Placemark>
      <Placemark>
        <name>pp_26 → ef_buscsb7.002.3303</name>
        <description>De: pp_26
Para: ef_buscsb7.002.3303
Distância: 58.80m</description>
        <styleUrl>#edge_style</styleUrl>
        <LineString>
          <coordinates>-41.76453092101925,-3.122469822474089,0 -41.76400196062836,-3.122469822474089,0</coordinates>
        </LineString>
      </Placemark>
      <Placemark>
        <name>pp_27 → ef_secv12.002.1843</name>
        <description>De: pp_27
Para: ef_secv12.002.1843
Distância: 32.00m</description>
        <styleUrl>#edge_style</styleUrl>
        <LineString>
          <coordinates>-41.76450393131637,-3.122469822474089,0 -41.76450393131637,-3.122757268862828,0</coordinates>
        </LineString>
      </Placemark>
      <Placemark>
        <name>pp_27 → ef_buscsb7.002.3303</name>
        <description>De: pp_27
Para: ef_buscsb7.002.3303
Distância: 55.80m</description>
        <styleUrl>#edge_style</styleUrl>
        <LineString>
          <coordinates>-41.76450393131637,-3.122469822474089,0 -41.76400196062836,-3.122469822474089,0</coordinates>
        </LineString>
      </Placemark>
      <Placemark>
        <name>pp_28 → ef_disjuntor12.001.2203</name>
        <description>De: pp_28
Para: ef_disjuntor12.001.2203
Distância: 30.57m</description>
        <styleUrl>#edge_style</styleUrl>
        <LineString>
          <coordinates>-41.764449951910606,-3.122469822474089,0 -41.764449951910606,-3.122744446236078,0</coordinates>
        </LineString>
      </Placemark>
      <Placemark>
        <name>pp_28 → ef_buscsb7.002.3303</name>
        <description>De: pp_28
Para: ef_buscsb7.002.3303
Distância: 49.80m</description>
        <styleUrl>#edge_style</styleUrl>
        <LineString>
          <coordinates>-41.764449951910606,-3.122469822474089,0 -41.76400196062836,-3.122469822474089,0</coordinates>
        </LineString>
      </Placemark>
      <Placemark>
        <name>pp_29 → ef_tc12.001.1708</name>
        <description>De: pp_29
Para: ef_tc12.001.1708
Distância: 32.34m</description>
        <styleUrl>#edge_style</styleUrl>
        <LineString>
          <coordinates>-41.76439597250484,-3.122469822474089,0 -41.76439597250484,-3.122760333932358,0</coordinates>
        </LineString>
      </Placemark>
      <Placemark>
        <name>pp_29 → ef_buscsb7.002.3303</name>
        <description>De: pp_29
Para: ef_buscsb7.002.3303
Distância: 43.80m</description>
        <styleUrl>#edge_style</styleUrl>
        <LineString>
          <coordinates>-41.76439597250484,-3.122469822474089,0 -41.76400196062836,-3.122469822474089,0</coordinates>
        </LineString>
      </Placemark>
      <Placemark>
        <name>pp_30 → ef_tc12.001.1703</name>
        <description>De: pp_30
Para: ef_tc12.001.1703
Distância: 32.34m</description>
        <styleUrl>#edge_style</styleUrl>
        <LineString>
          <coordinates>-41.76436898280196,-3.122469822474089,0 -41.76436898280196,-3.122760333932358,0</coordinates>
        </LineString>
      </Placemark>
      <Placemark>
        <name>pp_30 → ef_buscsb7.002.3303</name>
        <description>De: pp_30
Para: ef_buscsb7.002.3303
Distância: 40.80m</description>
        <styleUrl>#edge_style</styleUrl>
        <LineString>
          <coordinates>-41.76436898280196,-3.122469822474089,0 -41.76400196062836,-3.122469822474089,0</coordinates>
        </LineString>
      </Placemark>
      <Placemark>
        <name>pp_31 → ef_sech12.001.1957</name>
        <description>De: pp_31
Para: ef_sech12.001.1957
Distância: 29.74m</description>
        <styleUrl>#edge_style</styleUrl>
        <LineString>
          <coordinates>-41.764315003396206,-3.122469822474089,0 -41.764315003396206,-3.1227369982608506,0</coordinates>
        </LineString>
      </Placemark>
      <Placemark>
        <name>pp_31 → ef_buscsb7.002.3303</name>
        <description>De: pp_31
Para: ef_buscsb7.002.3303
Distância: 34.80m</description>
        <styleUrl>#edge_style</styleUrl>
        <LineString>
          <coordinates>-41.764315003396206,-3.122469822474089,0 -41.76400196062836,-3.122469822474089,0</coordinates>
        </LineString>
      </Placemark>
      <Placemark>
        <name>ef_buscsb7.002.3303 → ef_buscsb7.002.3293</name>
        <description>De: ef_buscsb7.002.3303
Para: ef_buscsb7.002.3293
Distância: 0.85m</description>
        <styleUrl>#edge_style</styleUrl>
        <LineString>
          <coordinates>-41.76400196062836,-3.122469822474089,0 -41.76400196062836,-3.1224774617915814,0</coordinates>
        </LineString>
      </Placemark>
      <Placemark>
        <name>ef_buscsb7.002.3300 → ef_busip33.002.3066</name>
        <description>De: ef_buscsb7.002.3300
Para: ef_busip33.002.3066
Distância: 3.02m</description>
        <styleUrl>#edge_style</styleUrl>
        <LineString>
          <coordinates>-41.763956080832436,-3.122469822474089,0 -41.76392892919134,-3.122469822474089,0</coordinates>
        </LineString>
      </Placemark>
      <Placemark>
        <name>ef_buscsb7.002.3300 → ef_buscsb7.002.3304</name>
        <description>De: ef_buscsb7.002.3300
Para: ef_buscsb7.002.3304
Distância: 0.85m</description>
        <styleUrl>#edge_style</styleUrl>
        <LineString>
          <coordinates>-41.763956080832436,-3.122469822474089,0 -41.763956080832436,-3.1224774617915814,0</coordinates>
        </LineString>
      </Placemark>
      <Placemark>
        <name>ef_busip33.002.3066 → ef_busip33.002.3072</name>
        <description>De: ef_busip33.002.3066
Para: ef_busip33.002.3072
Distância: 0.94m</description>
        <styleUrl>#edge_style</styleUrl>
        <LineString>
          <coordinates>-41.76392892919134,-3.122469822474089,0 -41.76392892919134,-3.1224783080094882,0</coordinates>
        </LineString>
      </Placemark>
      <Placemark>
        <name>ef_busip33.002.3070 → ef_busip37.002.3033</name>
        <description>De: ef_busip33.002.3070
Para: ef_busip37.002.3033
Distância: 3.44m</description>
        <styleUrl>#edge_style</styleUrl>
        <LineString>
          <coordinates>-41.76388352261487,-3.122469822474089,0 -41.763852557328754,-3.122469822474089,0</coordinates>
        </LineString>
      </Placemark>
      <Placemark>
        <name>ef_busip33.002.3070 → ef_busip33.002.3064</name>
        <description>De: ef_busip33.002.3070
Para: ef_busip33.002.3064
Distância: 0.94m</description>
        <styleUrl>#edge_style</styleUrl>
        <LineString>
          <coordinates>-41.76388352261487,-3.122469822474089,0 -41.76388352261487,-3.1224783080094882,0</coordinates>
        </LineString>
      </Placemark>
      <Placemark>
        <name>ef_busip37.002.3033 → ef_busip37.002.3032</name>
        <description>De: ef_busip37.002.3033
Para: ef_busip37.002.3032
Distância: 0.93m</description>
        <styleUrl>#edge_style</styleUrl>
        <LineString>
          <coordinates>-41.763852557328754,-3.122469822474089,0 -41.763852557328754,-3.122478176854696,0</coordinates>
        </LineString>
      </Placemark>
      <Placemark>
        <name>ef_busip5.002.2990 → ef_busip5.002.2992</name>
        <description>De: ef_busip5.002.2990
Para: ef_busip5.002.2992
Distância: 1.05m</description>
        <styleUrl>#edge_style</styleUrl>
        <LineString>
          <coordinates>-41.76545801911253,-3.1224737113035133,0 -41.76544857091721,-3.1224737113035133,0</coordinates>
        </LineString>
      </Placemark>
      <Placemark>
        <name>ef_busip5.002.2990 → ef_busip5.002.2994</name>
        <description>De: ef_busip5.002.2990
Para: ef_busip5.002.2994
Distância: 2.57m</description>
        <styleUrl>#edge_style</styleUrl>
        <LineString>
          <coordinates>-41.76545801911253,-3.1224737113035133,0 -41.76545801911253,-3.122496772088949,0</coordinates>
        </LineString>
      </Placemark>
      <Placemark>
        <name>ef_busip5.002.2992 → ef_busip5.002.2996</name>
        <description>De: ef_busip5.002.2992
Para: ef_busip5.002.2996
Distância: 3.00m</description>
        <styleUrl>#edge_style</styleUrl>
        <LineString>
          <coordinates>-41.76544857091721,-3.1224737113035133,0 -41.765421581214326,-3.1224737113035133,0</coordinates>
        </LineString>
      </Placemark>
      <Placemark>
        <name>ef_busip5.002.2996 → ef_busip5.002.2995</name>
        <description>De: ef_busip5.002.2996
Para: ef_busip5.002.2995
Distância: 1.00m</description>
        <styleUrl>#edge_style</styleUrl>
        <LineString>
          <coordinates>-41.765421581214326,-3.1224737113035133,0 -41.76541261343572,-3.1224737113035133,0</coordinates>
        </LineString>
      </Placemark>
      <Placemark>
        <name>ef_busip5.002.2995 → ef_busip5.002.2998</name>
        <description>De: ef_busip5.002.2995
Para: ef_busip5.002.2998
Distância: 5.45m</description>
        <styleUrl>#edge_style</styleUrl>
        <LineString>
          <coordinates>-41.76541261343572,-3.1224737113035133,0 -41.76541261343572,-3.1225226500074585,0</coordinates>
        </LineString>
      </Placemark>
      <Placemark>
        <name>ef_busip19.002.3152 → ef_busip19.002.3143</name>
        <description>De: ef_busip19.002.3152
Para: ef_busip19.002.3143
Distância: 1.79m</description>
        <styleUrl>#edge_style</styleUrl>
        <LineString>
          <coordinates>-41.76495185872298,-3.1224765203517024,0 -41.764935766562466,-3.1224765203517024,0</coordinates>
        </LineString>
      </Placemark>
      <Placemark>
        <name>ef_busip19.002.3143 → ef_busip19.002.3146</name>
        <description>De: ef_busip19.002.3143
Para: ef_busip19.002.3146
Distância: 3.00m</description>
        <styleUrl>#edge_style</styleUrl>
        <LineString>
          <coordinates>-41.764935766562466,-3.1224765203517024,0 -41.764908776859585,-3.1224765203517024,0</coordinates>
        </LineString>
      </Placemark>
      <Placemark>
        <name>ef_busip19.002.3143 → ef_busip15.001.2484</name>
        <description>De: ef_busip19.002.3143
Para: ef_busip15.001.2484
Distância: 5.11m</description>
        <styleUrl>#edge_style</styleUrl>
        <LineString>
          <coordinates>-41.764935766562466,-3.1224765203517024,0 -41.764935766562466,-3.1225224595635135,0</coordinates>
        </LineString>
      </Placemark>
      <Placemark>
        <name>ef_busip19.002.3146 → ef_busip19.002.3150</name>
        <description>De: ef_busip19.002.3146
Para: ef_busip19.002.3150
Distância: 0.29m</description>
        <styleUrl>#edge_style</styleUrl>
        <LineString>
          <coordinates>-41.764908776859585,-3.1224765203517024,0 -41.76490616605566,-3.1224765203517024,0</coordinates>
        </LineString>
      </Placemark>
      <Placemark>
        <name>ef_busip19.002.3146 → ef_busip15.001.2482</name>
        <description>De: ef_busip19.002.3146
Para: ef_busip15.001.2482
Distância: 5.11m</description>
        <styleUrl>#edge_style</styleUrl>
        <LineString>
          <coordinates>-41.764908776859585,-3.1224765203517024,0 -41.764908776859585,-3.1225224595635135,0</coordinates>
        </LineString>
      </Placemark>
      <Placemark>
        <name>ef_buscsb1.002.3349 → ef_buscsb1.002.3347</name>
        <description>De: ef_buscsb1.002.3349
Para: ef_buscsb1.002.3347
Distância: 0.99m</description>
        <styleUrl>#edge_style</styleUrl>
        <LineString>
          <coordinates>-41.76502566566414,-3.1224771770239843,0 -41.76501673567111,-3.1224771770239843,0</coordinates>
        </LineString>
      </Placemark>
      <Placemark>
        <name>ef_buscsb1.002.3347 → ef_buscsb1.002.3337</name>
        <description>De: ef_buscsb1.002.3347
Para: ef_buscsb1.002.3337
Distância: 3.00m</description>
        <styleUrl>#edge_style</styleUrl>
        <LineString>
          <coordinates>-41.76501673567111,-3.1224771770239843,0 -41.76498974596823,-3.1224771770239843,0</coordinates>
        </LineString>
      </Placemark>
      <Placemark>
        <name>ef_buscsb1.002.3347 → ef_buscsb12.001.2654</name>
        <description>De: ef_buscsb1.002.3347
Para: ef_buscsb12.001.2654
Distância: 4.83m</description>
        <styleUrl>#edge_style</styleUrl>
        <LineString>
          <coordinates>-41.76501673567111,-3.1224771770239843,0 -41.76501673567111,-3.122520541649256,0</coordinates>
        </LineString>
      </Placemark>
      <Placemark>
        <name>ef_buscsb1.002.3337 → ef_buscsb1.002.3352</name>
        <description>De: ef_buscsb1.002.3337
Para: ef_buscsb1.002.3352
Distância: 1.12m</description>
        <styleUrl>#edge_style</styleUrl>
        <LineString>
          <coordinates>-41.76498974596823,-3.1224771770239843,0 -41.76497963922416,-3.1224771770239843,0</coordinates>
        </LineString>
      </Placemark>
      <Placemark>
        <name>ef_buscsb1.002.3337 → ef_buscsb12.001.2647</name>
        <description>De: ef_buscsb1.002.3337
Para: ef_buscsb12.001.2647
Distância: 4.83m</description>
        <styleUrl>#edge_style</styleUrl>
        <LineString>
          <coordinates>-41.76498974596823,-3.1224771770239843,0 -41.76498974596823,-3.122520541649256,0</coordinates>
        </LineString>
      </Placemark>
      <Placemark>
        <name>ef_buscsb7.002.3293 → ef_buscsb7.002.3295</name>
        <description>De: ef_buscsb7.002.3293
Para: ef_buscsb7.002.3295
Distância: 1.20m</description>
        <styleUrl>#edge_style</styleUrl>
        <LineString>
          <coordinates>-41.76400196062836,-3.1224774617915814,0 -41.76399112696163,-3.1224774617915814,0</coordinates>
        </LineString>
      </Placemark>
    </Folder>
  </Document>
</kml>