timestamp(ms),RCOU.C1,RCOU.C2,RCOU.C3,RCOU.C4,GPS[0].Spd,IMU[0].GyrZ
0,1180,1900,1900,1180,0.0016548683141670026,0.0
0,1180,1900,1900,1180,0.0044325414130208735,0.0
0,1180,1900,1900,1180,-0.0029989111838873814,0.0
20,1180,1900,1900,1180,0.03510762190351233,0.0
20,1180,1900,1900,1180,0.0393118438463293,0.0
20,1180,1900,1900,1180,0.039218421148939836,0.0
39,1180,1900,1900,1180,0.14656105230687155,0.0
39,1180,1900,1900,1180,0.15150788637645698,0.0
39,1180,1900,1900,1180,0.15216588378216517,0.0
59,1180,1900,1900,1180,0.25294542326164626,0.0
59,1180,1900,1900,1180,0.25693149588266473,0.0
59,1180,1900,1900,1180,0.236987291437386,0.0
79,1180,1900,1900,1180,0.3135648914135596,0.0
79,1180,1900,1900,1180,0.3166048045888456,0.0
79,1180,1900,1900,1180,0.3050871839025709,0.0
100,1180,1900,1900,1180,0.39519774502200455,0.0
100,1180,1900,1900,1180,0.3964140844606153,0.0
100,1180,1900,1900,1180,0.39382965940907044,0.0
120,1180,1900,1900,1180,0.48028893978565884,0.0
120,1180,1900,1900,1180,0.48265896016685284,0.0
120,1180,1900,1900,1180,0.4731669636694925,0.0
139,1180,1900,1900,1180,0.5647833351515006,0.0
139,1180,1900,1900,1180,0.5650966020387282,0.0
139,1180,1900,1900,1180,0.5556555833880343,0.0
160,1180,1900,1900,1180,0.6435059265960726,0.0
160,1180,1900,1900,1180,0.645310137960819,0.0
160,1180,1900,1900,1180,0.6395529419097692,0.0
179,1180,1900,1900,1180,0.7095920653986362,0.0
179,1180,1900,1900,1180,0.7114724891477602,0.0
179,1180,1900,1900,1180,0.7058603346102724,0.0
199,1180,1900,1900,1180,0.7850524679649753,0.0
199,1180,1900,1900,1180,0.7860101129761248,0.0
199,1180,1900,1900,1180,0.7762663236817211,0.0
219,1180,1900,1900,1180,0.8482342425878457,0.0
219,1180,1900,1900,1180,0.8512703422316079,0.0
219,1180,1900,1900,1180,0.8482152657962421,0.0
240,1180,1900,1900,1180,0.9233024302276824,0.0
240,1180,1900,1900,1180,0.9251219300944902,0.0
240,1180,1900,1900,1180,0.9228896494660271,0.0
259,1180,1900,1900,1180,0.9923019905407645,0.0
259,1180,1900,1900,1180,0.9951022727074739,0.0
259,1180,1900,1900,1180,0.9861416317228737,0.0
279,1180,1900,1900,1180,1.0467394052282515,0.0
279,1180,1900,1900,1180,1.0503176401266718,0.0
279,1180,1900,1900,1180,1.0422559889397909,0.0
300,1180,1900,1900,1180,1.072823895181972,0.0
300,1180,1900,1900,1180,1.075290344194336,0.0
300,1180,1900,1900,1180,1.0722250041097199,0.0
319,1180,1900,1900,1180,1.090046660627674,0.0
319,1180,1900,1900,1180,1.0923068563959806,0.0
319,1180,1900,1900,1180,1.0978586381073736,0.0
339,1180,1900,1900,1180,1.1608139904431731,0.0
339,1180,1900,1900,1180,1.1629267419906772,0.0
339,1180,1900,1900,1180,1.150780507688911,0.0
359,1180,1900,1900,1180,1.1980069375540578,0.0
359,1180,1900,1900,1180,1.1985632237606636,0.0
359,1180,1900,1900,1180,1.1934976081634778,0.0
379,1180,1900,1900,1180,1.2283239050533326,0.0
379,1180,1900,1900,1180,1.2290832970397572,0.0
379,1180,1900,1900,1180,1.2313381736682205,0.0
400,1180,1900,1900,1180,1.2901251550725203,0.0
400,1180,1900,1900,1180,1.2938444290439004,0.0
400,1180,1900,1900,1180,1.277121036979864,0.0
419,1180,1900,1900,1180,1.310792315455843,0.0
419,1180,1900,1900,1180,1.3123268750466979,0.0
419,1180,1900,1900,1180,1.313148650341509,0.0
440,1180,1900,1900,1180,1.3537456962572403,0.0
440,1180,1900,1900,1180,1.356540255935894,0.0
440,1180,1900,1900,1180,1.351482807014789,0.0
460,1180,1900,1900,1180,1.3875298733205033,0.0
460,1180,1900,1900,1180,1.389566400818682,0.0
460,1180,1900,1900,1180,1.3850575919105654,0.0
479,1180,1900,1900,1180,1.4154515204116378,0.0
479,1180,1900,1900,1180,1.4178736405720502,0.0
479,1180,1900,1900,1180,1.409886170990237,0.0
500,1180,1900,1900,1180,1.4356085759518413,0.0
500,1180,1900,1900,1180,1.4352467826428685,0.0
500,1180,1900,1900,1180,1.4358143192586255,0.0
520,1180,1900,1900,1180,1.4808479765968596,0.0
520,1180,1900,1900,1180,1.482257607553791,0.0
520,1180,1900,1900,1180,1.4752091578382842,0.0
539,1180,1900,1900,1180,1.4883734585388033,0.0
539,1180,1900,1900,1180,1.4907742884635382,0.0
539,1180,1900,1900,1180,1.4843938211463705,0.0
560,1180,1900,1900,1180,1.5197138312748657,0.0
560,1180,1900,1900,1180,1.5209528878457559,0.0
560,1180,1900,1900,1180,1.512852825911458,0.0
579,1180,1900,1900,1180,1.5465685299411862,0.0
579,1180,1900,1900,1180,1.5464436808643567,0.0
579,1180,1900,1900,1180,1.5426955027184848,0.0
600,1180,1900,1900,1180,1.5434654932636036,0.0
600,1180,1900,1900,1180,1.5438726503062115,0.0
600,1180,1900,1900,1180,1.542979551702294,0.0
619,1180,1900,1900,1180,1.5550229333531564,0.0
619,1180,1900,1900,1180,1.5541560847054692,0.0
619,1180,1900,1900,1180,1.5596392806587047,0.0
640,1180,1900,1900,1180,1.5841711843434922,0.0
640,1180,1900,1900,1180,1.5848520772974917,0.0
640,1180,1900,1900,1180,1.5714540924955966,0.0
660,1180,1900,1900,1180,1.5806920722633884,0.0
660,1180,1900,1900,1180,1.580449379097123,0.0
660,1180,1900,1900,1180,1.5908738955402482,0.0
679,1180,1900,1900,1180,1.5997313484995996,0.0
679,1180,1900,1900,1180,1.601131093908477,0.0
679,1180,1900,1900,1180,1.5967007753028524,0.0
699,1180,1900,1900,1180,1.6041815421594767,0.0
699,1180,1900,1900,1180,1.6043465362542346,0.0
699,1180,1900,1900,1180,1.5965837363005548,0.0
719,1180,1900,1900,1180,1.6029969200794645,0.0
719,1180,1900,1900,1180,1.6018270013482336,0.0
719,1180,1900,1900,1180,1.60973850294275,0.0
740,1180,1900,1900,1180,1.631185160962808,0.0
740,1180,1900,1900,1180,1.6305888647301097,0.0
740,1180,1900,1900,1180,1.6316671586192184,0.0
760,1180,1900,1900,1180,1.6303754336198475,0.0
760,1180,1900,1900,1180,1.6302449843936058,0.0
760,1180,1900,1900,1180,1.6333370424204101,0.0
780,1180,1900,1900,1180,1.6512859828398856,0.0
780,1180,1900,1900,1180,1.6518724264437203,0.0
780,1180,1900,1900,1180,1.6485838982378271,0.0
799,1180,1900,1900,1180,1.6433737261130874,0.0
799,1180,1900,1900,1180,1.6427000001556475,0.0
799,1180,1900,1900,1180,1.647081046801575,0.0
820,1180,1900,1900,1180,1.6553946363270653,0.0
820,1180,1900,1900,1180,1.654818114651102,0.0
820,1180,1900,1900,1180,1.654550031074642,0.0
840,1180,1900,1900,1180,1.6189821959347823,0.0
840,1180,1900,1900,1180,1.618703407147741,0.0
840,1180,1900,1900,1180,1.6213334011651157,0.0
859,1180,1900,1900,1180,1.6158057193856616,0.0
859,1180,1900,1900,1180,1.6134451617271648,0.0
859,1180,1900,1900,1180,1.6141946099349076,0.0
879,1180,1900,1900,1180,1.6367205935868352,0.0
879,1180,1900,1900,1180,1.63520173370402,0.0
879,1180,1900,1900,1180,1.6343580529827284,0.0
900,1180,1900,1900,1180,1.6073232818419103,0.0
900,1180,1900,1900,1180,1.6059258272758385,0.0
900,1180,1900,1900,1180,1.6252940243435199,0.0
920,1180,1900,1900,1180,1.6497783313249832,0.0
920,1180,1900,1900,1180,1.6495804993731369,0.0
920,1180,1900,1900,1180,1.6496820901495088,0.0
940,1180,1900,1900,1180,1.658722578977337,0.0
940,1180,1900,1900,1180,1.658269946734668,0.0
940,1180,1900,1900,1180,1.6593414982649466,0.0
960,1180,1900,1900,1180,1.6256791548232266,0.0
960,1180,1900,1900,1180,1.623063502201822,0.0
960,1180,1900,1900,1180,1.6353906012929005,0.0
979,1180,1900,1900,1180,1.637471973925137,0.0
979,1180,1900,1900,1180,1.6366208244992295,0.0
979,1180,1900,1900,1180,1.6418403411024283,0.0
1000,1180,1900,1900,1180,1.6489654189896963,0.0
1000,1180,1900,1900,1180,1.6482372892448656,0.0
1000,1180,1900,1900,1180,1.6493001194555605,0.0
1019,1180,1900,1900,1180,1.6515173717298979,0.0
1019,1180,1900,1900,1180,1.6507323277314492,0.0
1019,1180,1900,1900,1180,1.653053243181481,0.0
1039,1180,1900,1900,1180,1.6659387311115825,0.0
1039,1180,1900,1900,1180,1.6652294256248512,0.0
1039,1180,1900,1900,1180,1.662288258881544,0.0
1059,1180,1900,1900,1180,1.6474141752675076,0.0
1059,1180,1900,1900,1180,1.645579005793073,0.0
1059,1180,1900,1900,1180,1.652941308261188,0.0
1079,1180,1900,1900,1180,1.66037475215549,0.0
1079,1180,1900,1900,1180,1.6590190725974148,0.0
1079,1180,1900,1900,1180,1.663575287786177,0.0
1099,1180,1900,1900,1180,1.6699527169656352,0.0
1099,1180,1900,1900,1180,1.6698097790489255,0.0
1099,1180,1900,1900,1180,1.6589229602528202,0.0
1120,1180,1900,1900,1180,1.6545675286156558,0.0
1120,1180,1900,1900,1180,1.6522478073239553,0.0
1120,1180,1900,1900,1180,1.6619994975747445,0.0
1139,1180,1900,1900,1180,1.6734377337335067,0.0
1139,1180,1900,1900,1180,1.6719610952795572,0.0
1139,1180,1900,1900,1180,1.666294722304119,0.0
1160,1180,1900,1900,1180,1.6323490697567309,0.0
1160,1180,1900,1900,1180,1.629519862565737,0.0
1160,1180,1900,1900,1180,1.646588372792051,0.0
1179,1180,1900,1900,1180,1.6698287482138021,0.0
1179,1180,1900,1900,1180,1.6685298037208178,0.0
1179,1180,1900,1900,1180,1.6649467856826239,0.0
1200,1180,1900,1900,1180,1.6731950394081605,0.0
1200,1180,1900,1900,1180,1.6711634271154785,0.0
1200,1180,1900,1900,1180,1.6811893542957739,0.0
1219,1180,1900,1900,1180,1.6600118213693507,0.0
1219,1180,1900,1900,1180,1.6586312419708844,0.0
1219,1180,1900,1900,1180,1.6592095882163624,0.0
1240,1180,1900,1900,1180,1.6375624240820983,0.0
1240,1180,1900,1900,1180,1.6349860004629722,0.0
1240,1180,1900,1900,1180,1.6505970076320589,0.0
1259,1180,1900,1900,1180,1.640014178382296,0.0
1259,1180,1900,1900,1180,1.6379632604689347,0.0
1259,1180,1900,1900,1180,1.6394956542032473,0.0
1279,1180,1900,1900,1180,1.636978206904842,0.0
1279,1180,1900,1900,1180,1.6345781361770613,0.0
1279,1180,1900,1900,1180,1.634737889202748,0.0
1299,1180,1900,1900,1180,1.6186573858711664,0.0
1299,1180,1900,1900,1180,1.614987475175833,0.0
1299,1180,1900,1900,1180,1.6316342508344075,0.0
1319,1180,1900,1900,1180,1.6397869539301748,0.0
1319,1180,1900,1900,1180,1.6370593623536918,0.0
1319,1180,1900,1900,1180,1.6334356672190509,0.0
1339,1180,1900,1900,1180,1.6276598171981211,0.0
1339,1180,1900,1900,1180,1.6244926096364916,0.0
1339,1180,1900,1900,1180,1.629893628345844,0.0
1359,1180,1900,1900,1180,1.6203230839855107,0.0
1359,1180,1900,1900,1180,1.6165742759622377,0.0
1359,1180,1900,1900,1180,1.62381708303694,0.0
1380,1180,1900,1900,1180,1.6260975115870924,0.0
1380,1180,1900,1900,1180,1.6226233710387152,0.0
1380,1180,1900,1900,1180,1.629565153493425,0.0
1400,1180,1900,1900,1180,1.6402034284523621,0.0
1400,1180,1900,1900,1180,1.638429014539596,0.0
1400,1180,1900,1900,1180,1.6512412443336566,0.0
1420,1180,1900,1900,1180,1.6574555715944574,0.0
1420,1180,1900,1900,1180,1.6548582595471621,0.0
1420,1180,1900,1900,1180,1.6505259675390853,0.0
1439,1180,1900,1900,1180,1.6190712203464501,0.0
1439,1180,1900,1900,1180,1.6151104059627286,0.0
1439,1180,1900,1900,1180,1.6302703964239376,0.0
1459,1180,1900,1900,1180,1.6616081152775604,0.0
1459,1180,1900,1900,1180,1.6589698942672224,0.0
1459,1180,1900,1900,1180,1.654865747034185,0.0
1479,1180,1900,1900,1180,1.6474238786761821,0.0
1479,1180,1900,1900,1180,1.6448495869972686,0.0
1479,1180,1900,1900,1180,1.6545298835562716,0.0
1500,1180,1900,1900,1180,1.6410204786656961,0.0
1500,1180,1900,1900,1180,1.6378047717327207,0.0
1500,1180,1900,1900,1180,1.6334193472066847,0.0
1520,1180,1900,1900,1180,1.594805694079967,0.0
1520,1180,1900,1900,1180,1.5900278480621783,0.0
1520,1180,1900,1900,1180,1.6101356527271546,0.0
1539,1180,1900,1900,1180,1.6440136496283817,0.0
1539,1180,1900,1900,1180,1.6409197951585026,0.0
1539,1180,1900,1900,1180,1.6425322735330787,0.0
1559,1180,1900,1900,1180,1.6348365825565188,0.0
1559,1180,1900,1900,1180,1.6322207031259275,0.0
1559,1180,1900,1900,1180,1.6388889004273,0.0
1579,1180,1900,1900,1180,1.6125282436430286,0.0
1579,1180,1900,1900,1180,1.6079691362664752,0.0
1579,1180,1900,1900,1180,1.6244432607338157,0.0
1600,1180,1900,1900,1180,1.6227119240291257,0.0
1600,1180,1900,1900,1180,1.6189544721444058,0.0
1600,1180,1900,1900,1180,1.6232040878180318,0.0
1620,1180,1900,1900,1180,1.6266018890932374,0.0
1620,1180,1900,1900,1180,1.6216149056374194,0.0
1620,1180,1900,1900,1180,1.628743951154526,0.0
1639,1180,1900,1900,1180,1.6371842798232747,0.0
1639,1180,1900,1900,1180,1.6337125551495224,0.0
1639,1180,1900,1900,1180,1.6378714024759073,0.0
1659,1180,1900,1900,1180,1.6545075332549155,0.0
1659,1180,1900,1900,1180,1.6500149929251906,0.0
1659,1180,1900,1900,1180,1.6586170867071166,0.0
1679,1180,1900,1900,1180,1.6192234553933085,0.0
1679,1180,1900,1900,1180,1.6176407453303991,0.0
1679,1180,1900,1900,1180,1.627399678305589,0.0
1699,1180,1900,1900,1180,1.5915324920159548,0.0
1699,1180,1900,1900,1180,1.585400502015553,0.0
1699,1180,1900,1900,1180,1.6025153364341893,0.0
1719,1284,1795,1795,1284,1.6089846714967997,0.0
1719,1284,1795,1795,1284,1.604956992580134,0.0
1719,1284,1795,1795,1284,1.619264185392115,0.0
1739,1398,1681,1681,1398,1.6282077474264245,0.0
1739,1398,1681,1681,1398,1.624614362469913,0.0
1739,1398,1681,1681,1398,1.6239710120603055,0.0
1760,1512,1567,1567,1512,1.5895625236863875,0.0
1760,1512,1567,1567,1512,1.5848549282275086,0.0
1760,1512,1567,1567,1512,1.6000943429359578,0.0
1780,1625,1454,1454,1625,1.5941166815622603,0.0
1780,1625,1454,1454,1625,1.5897579831797324,0.0
1780,1625,1454,1454,1625,1.5926561794825544,0.0
1800,1739,1340,1340,1739,1.5963955487712458,0.0
1800,1739,1340,1340,1739,1.590406701668953,0.0
1800,1739,1340,1340,1739,1.6014555075475614,0.0
1819,1740,1340,1340,1740,1.6062306089464664,0.0
1819,1740,1340,1340,1740,1.6036827751657876,0.0
1819,1740,1340,1340,1740,1.5831163791854204,0.0
1840,1740,1340,1340,1740,1.3649855009406973,0.0
1840,1740,1340,1340,1740,1.3618141015378213,0.0
1840,1740,1340,1340,1740,1.3711521841095786,0.0
1859,1740,1340,1340,1740,1.236900685614211,0.0
1859,1740,1340,1340,1740,1.2322233003197582,0.0
1859,1740,1340,1340,1740,1.2464097932472906,0.0
1879,1740,1340,1340,1740,1.099350004573566,0.0
1879,1740,1340,1340,1740,1.095184564765096,0.0
1879,1740,1340,1340,1740,1.11338327341742,0.0
1900,1740,1340,1340,1740,0.9470769619753747,0.0
1900,1740,1340,1340,1740,0.9422611050052087,0.0
1900,1740,1340,1340,1740,0.9595340569720606,0.0
1920,1740,1340,1340,1740,0.8779039607987944,0.0
1920,1740,1340,1340,1740,0.8711385082920357,0.0
1920,1740,1340,1340,1740,0.8795879504723703,0.0
1939,1740,1340,1340,1740,0.7159055365482785,0.0
1939,1740,1340,1340,1740,0.7107319558766243,0.0
1939,1740,1340,1340,1740,0.7338990163016875,0.0
1959,1740,1340,1340,1740,0.5960519313436285,0.0
1959,1740,1340,1340,1740,0.5879955480655911,0.0
1959,1740,1340,1340,1740,0.5960216797628684,0.0
1979,1740,1340,1340,1740,0.4027716063669631,0.0
1979,1740,1340,1340,1740,0.39783180249169364,0.0
1979,1740,1340,1340,1740,0.4105197176889572,0.0
2000,1740,1340,1340,1740,0.2740163670598227,0.0
2000,1740,1340,1340,1740,0.26986460643626725,0.0
2000,1740,1340,1340,1740,0.2857335821460742,0.0
2020,1740,1340,1340,1740,0.154834924651858,0.0
2020,1740,1340,1340,1740,0.14826236523949943,0.0
2020,1740,1340,1340,1740,0.16061713831900387,0.0
2040,1740,1340,1340,1740,0.04758224128746978,0.0
2040,1740,1340,1340,1740,0.04367511220850151,0.0
2040,1740,1340,1340,1740,0.04987978861919726,0.0
2059,1740,1340,1340,1740,-0.07630792979450673,0.0
2059,1740,1340,1340,1740,-0.08201206948978917,0.0
2059,1740,1340,1340,1740,-0.06889404378594491,0.0
2079,1740,1340,1340,1740,-0.17233337743197097,0.0
2079,1740,1340,1340,1740,-0.17746154698879385,0.0
2079,1740,1340,1340,1740,-0.16244243930786728,0.0
2100,1740,1340,1340,1740,-0.24401627455258482,0.0
2100,1740,1340,1340,1740,-0.24809922195876907,0.0
2100,1740,1340,1340,1740,-0.2458365016366877,0.0
2119,1740,1340,1340,1740,-0.33462380982340223,0.0
2119,1740,1340,1340,1740,-0.3400463891550665,0.0
2119,1740,1340,1340,1740,-0.3164440039403956,0.0
2139,1740,1340,1340,1740,-0.38143914352692937,0.0
2139,1740,1340,1340,1740,-0.38507226939229533,0.0
2139,1740,1340,1340,1740,-0.37789150127205956,0.0
2159,1740,1340,1340,1740,-0.46752592133982607,0.0
2159,1740,1340,1340,1740,-0.4735920654717836,0.0
2159,1740,1340,1340,1740,-0.45503118730209363,0.0
2179,1740,1340,1340,1740,-0.5115074154161762,0.0
2179,1740,1340,1340,1740,-0.5178778055747131,0.0
2179,1740,1340,1340,1740,-0.503777402901331,0.0
2200,1740,1340,1340,1740,-0.575819641413035,0.0
2200,1740,1340,1340,1740,-0.5826833349365285,0.0
2200,1740,1340,1340,1740,-0.5620541331396318,0.0
2220,1740,1340,1340,1740,-0.6009028355197897,0.0
2220,1740,1340,1340,1740,-0.6069470868008148,0.0
2220,1740,1340,1340,1740,-0.5958399775653849,0.0
2240,1740,1340,1340,1740,-0.6441372698839103,0.0
2240,1740,1340,1340,1740,-0.6515863246504539,0.0
2240,1740,1340,1340,1740,-0.6338587584762201,0.0
2259,1740,1340,1340,1740,-0.6886373280300213,0.0
2259,1740,1340,1340,1740,-0.6961921025011589,0.0
2259,1740,1340,1340,1740,-0.6800028126447517,0.0
2279,1740,1340,1340,1740,-0.7320843229319046,0.0
2279,1740,1340,1340,1740,-0.7385472249033103,0.0
2279,1740,1340,1340,1740,-0.7197407193339538,0.0
2300,1740,1340,1340,1740,-0.7596474592645125,0.0
2300,1740,1340,1340,1740,-0.7647571313566551,0.0
2300,1740,1340,1340,1740,-0.7574359324641702,0.0
2320,1740,1340,1340,1740,-0.8130044137564659,0.0
2320,1740,1340,1340,1740,-0.8215826190592743,0.0
2320,1740,1340,1340,1740,-0.8011084528667847,0.0
2339,1740,1340,1340,1740,-0.8470453702946245,0.0
2339,1740,1340,1340,1740,-0.8544311803922152,0.0
2339,1740,1340,1340,1740,-0.8378974869260228,0.0
2359,1740,1340,1340,1740,-0.8795728849264194,0.0
2359,1740,1340,1340,1740,-0.88572002068522,0.0
2359,1740,1340,1340,1740,-0.8793278724513732,0.0
2379,1740,1340,1340,1740,-0.9290821325689304,0.0
2379,1740,1340,1340,1740,-0.9376434255573018,0.0
2379,1740,1340,1340,1740,-0.9143706003351744,0.0
2400,1740,1340,1340,1740,-0.936474968640029,0.0
2400,1740,1340,1340,1740,-0.9447641828286621,0.0
2400,1740,1340,1340,1740,-0.9339924934221087,0.0
2420,1740,1340,1340,1740,-0.9806684813442752,0.0
2420,1740,1340,1340,1740,-0.9893248613422367,0.0
2420,1740,1340,1340,1740,-0.9719672775080715,0.0
2440,1740,1340,1340,1740,-1.018485832958001,0.0
2440,1740,1340,1340,1740,-1.0270944631324312,0.0
2440,1740,1340,1340,1740,-1.0083671823937261,0.0
2460,1740,1340,1340,1740,-1.0270932984868535,0.0
2460,1740,1340,1340,1740,-1.0357698947912746,0.0
2460,1740,1340,1340,1740,-1.0219809803275084,0.0
2479,1740,1340,1340,1740,-1.0544292479292938,0.0
2479,1740,1340,1340,1740,-1.0633053058974702,0.0
2479,1740,1340,1340,1740,-1.0456005895904537,0.0
2499,1740,1340,1340,1740,-1.0656601670849044,0.0
2499,1740,1340,1340,1740,-1.0746871842517327,0.0
2499,1740,1340,1340,1740,-1.0642922318579087,0.0
2520,1740,1340,1340,1740,-1.0783564485405899,0.0
2520,1740,1340,1340,1740,-1.0874454657755825,0.0
2520,1740,1340,1340,1740,-1.069717248388484,0.0
2539,1740,1340,1340,1740,-1.0911171080947886,0.0
2539,1740,1340,1340,1740,-1.100369524614456,0.0
2539,1740,1340,1340,1740,-1.0805715002363996,0.0
2560,1740,1340,1340,1740,-1.1179125507393837,0.0
2560,1740,1340,1340,1740,-1.127806432318944,0.0
2560,1740,1340,1340,1740,-1.1123697561344923,0.0
2580,1740,1340,1340,1740,-1.1246492613703611,0.0
2580,1740,1340,1340,1740,-1.133958389900822,0.0
2580,1740,1340,1340,1740,-1.1231731296051668,0.0
2600,1740,1340,1340,1740,-1.1334513612429966,0.0
2600,1740,1340,1340,1740,-1.1417020318680362,0.0
2600,1740,1340,1340,1740,-1.1244695228478956,0.0
2619,1740,1340,1340,1740,-1.1388231982203951,0.0
2619,1740,1340,1340,1740,-1.1477728638548974,0.0
2619,1740,1340,1340,1740,-1.1395907152069282,0.0
2639,1740,1340,1340,1740,-1.1596801458645816,0.0
2639,1740,1340,1340,1740,-1.1685692395023888,0.0
2639,1740,1340,1340,1740,-1.154812907664067,0.0
2660,1740,1340,1340,1740,-1.1828616815781723,0.0
2660,1740,1340,1340,1740,-1.1941844804804482,0.0
2660,1740,1340,1340,1740,-1.181640284877697,0.0
2679,1740,1340,1340,1740,-1.2223408473384372,0.0
2679,1740,1340,1340,1740,-1.2322366232773632,0.0
2679,1740,1340,1340,1740,-1.2098845558103526,0.0
2700,1740,1340,1340,1740,-1.210037207849168,0.0
2700,1740,1340,1340,1740,-1.2192776269952597,0.0
2700,1740,1340,1340,1740,-1.2070584778698805,0.0
2719,1740,1340,1340,1740,-1.2160639818448302,0.0
2719,1740,1340,1340,1740,-1.2262959615487448,0.0
2719,1740,1340,1340,1740,-1.2137160233021638,0.0
2739,1740,1340,1340,1740,-1.205208027412864,0.0
2739,1740,1340,1340,1740,-1.2165535850868676,0.0
2739,1740,1340,1340,1740,-1.1927426365975462,0.0
2759,1740,1340,1340,1740,-1.1703675485438714,0.0
2759,1740,1340,1340,1740,-1.1793811105574505,0.0
2759,1740,1340,1340,1740,-1.1685669113945605,0.0
2779,1740,1340,1340,1740,-1.1711898040099602,0.0
2779,1740,1340,1340,1740,-1.180284565548938,0.0
2779,1740,1340,1340,1740,-1.1634640510494918,0.0
2800,1740,1340,1340,1740,-1.183977598252781,0.0
2800,1740,1340,1340,1740,-1.1941137314125119,0.0
2800,1740,1340,1340,1740,-1.1748319061328047,0.0
2820,1740,1340,1340,1740,-1.2075142013421796,0.0
2820,1740,1340,1340,1740,-1.218356248184365,0.0
2820,1740,1340,1340,1740,-1.2024239629961364,0.0
2840,1740,1340,1340,1740,-1.2037421501040346,0.0
2840,1740,1340,1340,1740,-1.2136810924198047,0.0
2840,1740,1340,1340,1740,-1.1984553029033236,0.0
2860,1740,1340,1340,1740,-1.2261571745343693,0.0
2860,1740,1340,1340,1740,-1.2363500820819877,0.0
2860,1740,1340,1340,1740,-1.2164071513171089,0.0
2879,1740,1340,1340,1740,-1.255069482746661,0.0
2879,1740,1340,1340,1740,-1.2657834262832923,0.0
2879,1740,1340,1340,1740,-1.2448391877203302,0.0
2900,1740,1340,1340,1740,-1.2330942709851138,0.0
2900,1740,1340,1340,1740,-1.2434546895937084,0.0
2900,1740,1340,1340,1740,-1.22574822527668,0.0
2920,1740,1340,1340,1740,-1.2087970065665643,0.0
2920,1740,1340,1340,1740,-1.2175279094118898,0.0
2920,1740,1340,1340,1740,-1.2016340871182511,0.0
2940,1740,1340,1340,1740,-1.2276536354273062,0.0
2940,1740,1340,1340,1740,-1.2373734296303238,0.0
2940,1740,1340,1340,1740,-1.22526641158453,0.0
2960,1740,1340,1340,1740,-1.233504370426676,0.0
2960,1740,1340,1340,1740,-1.243818846306655,0.0
2960,1740,1340,1340,1740,-1.2328348373912126,0.0
2980,1740,1340,1340,1740,-1.2733720475288657,0.0
2980,1740,1340,1340,1740,-1.2839343550822109,0.0
2980,1740,1340,1340,1740,-1.2618682604331162,0.0
2999,1740,1340,1340,1740,-1.2456014646350066,0.0
2999,1740,1340,1340,1740,-1.257554049136178,0.0
2999,1740,1340,1340,1740,-1.2425484355040888,0.0
3019,1740,1340,1340,1740,-1.2390929428230826,0.0
3019,1740,1340,1340,1740,-1.2486770715829385,0.0
3019,1740,1340,1340,1740,-1.2428599888327037,0.0
3040,1740,1340,1340,1740,-1.271298027377475,0.0
3040,1740,1340,1340,1740,-1.2807815889326413,0.0
3040,1740,1340,1340,1740,-1.2543494727290962,0.0
3060,1740,1340,1340,1740,-1.266294925646565,0.0
3060,1740,1340,1340,1740,-1.2760488953160989,0.0
3060,1740,1340,1340,1740,-1.2693445409758677,0.0
3080,1740,1340,1340,1740,-1.2716934122586796,0.0
3080,1740,1340,1340,1740,-1.2806862338813958,0.0
3080,1740,1340,1340,1740,-1.2561396459877687,0.0
3100,1740,1340,1340,1740,-1.2586038538697895,0.0
3100,1740,1340,1340,1740,-1.2678601425051648,0.0
3100,1740,1340,1340,1740,-1.262424403279187,0.0
3119,1740,1340,1340,1740,-1.2849798052062265,0.0
3119,1740,1340,1340,1740,-1.2954930036462886,0.0
3119,1740,1340,1340,1740,-1.2730982169407674,0.0
3139,1740,1340,1340,1740,-1.2730825708397622,0.0
3139,1740,1340,1340,1740,-1.2825946195518323,0.0
3139,1740,1340,1340,1740,-1.2742188796661837,0.0
3160,1740,1340,1340,1740,-1.2960683635309265,0.0
3160,1740,1340,1340,1740,-1.3063398031465296,0.0
3160,1740,1340,1340,1740,-1.2846797378020904,0.0
3180,1740,1340,1340,1740,-1.2803307361866618,0.0
3180,1740,1340,1340,1740,-1.2892241124383066,0.0
3180,1740,1340,1340,1740,-1.2789887807282236,0.0
3200,1740,1340,1340,1740,-1.298017879232967,0.0
3200,1740,1340,1340,1740,-1.3082900544684097,0.0
3200,1740,1340,1340,1740,-1.2822228321746456,0.0
3219,1740,1340,1340,1740,-1.256626722169502,0.0
3219,1740,1340,1340,1740,-1.2658845545398343,0.0
3219,1740,1340,1340,1740,-1.2616441948015802,0.0
3240,1740,1340,1340,1740,-1.276588553866633,0.0
3240,1740,1340,1340,1740,-1.2859559122406472,0.0
3240,1740,1340,1340,1740,-1.2678328223025437,0.0
3259,1740,1340,1340,1740,-1.2696399717496991,0.0
3259,1740,1340,1340,1740,-1.2783558960156869,0.0
3259,1740,1340,1340,1740,-1.2706847135293085,0.0
3279,1740,1340,1340,1740,-1.278604892373542,0.0
3279,1740,1340,1340,1740,-1.2880570537898517,0.0
3279,1740,1340,1340,1740,-1.2644236474953139,0.0
3300,1740,1340,1340,1740,-1.2657050448812812,0.0
3300,1740,1340,1340,1740,-1.2753802163457635,0.0
3300,1740,1340,1340,1740,-1.2672280053603346,0.0
3319,1740,1340,1340,1740,-1.2980620256809492,0.0
3319,1740,1340,1340,1740,-1.3075358027537693,0.0
3319,1740,1340,1340,1740,-1.284289556055049,0.0
3339,1740,1340,1340,1740,-1.2691341521256339,0.0
3339,1740,1340,1340,1740,-1.2784926011218252,0.0
3339,1740,1340,1340,1740,-1.2679716309302156,0.0
3360,1740,1340,1340,1740,-1.2663462902683742,0.0
3360,1740,1340,1340,1740,-1.2758269086233904,0.0
3360,1740,1340,1340,1740,-1.2607419700951443,0.0
3379,1740,1340,1340,1740,-1.241940026173501,0.0
3379,1740,1340,1340,1740,-1.2485360439800732,0.0
3379,1740,1340,1340,1740,-1.23832187276641,0.0
3400,1740,1340,1340,1740,-1.237412550263568,0.0
3400,1740,1340,1340,1740,-1.2441226244321861,0.0
3400,1740,1340,1340,1740,-1.2446145248067144,0.0
3419,1740,1340,1340,1740,-1.2679423489244774,0.0
3419,1740,1340,1340,1740,-1.2767226659031785,0.0
3419,1740,1340,1340,1740,-1.2572376014939022,0.0
3440,1740,1340,1340,1740,-1.28339416053953,0.0
3440,1740,1340,1340,1740,-1.2928871244081699,0.0
3440,1740,1340,1340,1740,-1.2742849357927475,0.0
3459,1740,1340,1340,1740,-1.2700024296174761,0.0
3459,1740,1340,1340,1740,-1.27832115559341,0.0
3459,1740,1340,1340,1740,-1.2650422356682567,0.0
3479,1740,1340,1340,1740,-1.2477660582918781,0.0
3479,1740,1340,1340,1740,-1.2541835062370268,0.0
3479,1740,1340,1340,1740,-1.244219079569231,0.0
3500,1740,1340,1340,1740,-1.215218626165616,0.0
3500,1740,1340,1340,1740,-1.2220521880867519,0.0
3500,1740,1340,1340,1740,-1.2175400507929663,0.0
3519,1627,1437,1437,1627,-1.2515754158813006,0.0
3519,1627,1437,1437,1627,-1.2590745222713005,0.0
3519,1627,1437,1437,1627,-1.2488156272982451,0.0
3539,1505,1542,1542,1505,-1.26172782979746,0.0
3539,1505,1542,1542,1505,-1.2693427916959452,0.0
3539,1505,1542,1542,1505,-1.248664090343414,0.0
3560,1383,1649,1649,1383,-1.2542598946752035,0.0
3560,1383,1649,1649,1383,-1.2607135667724245,0.0
3560,1383,1649,1649,1383,-1.253840368846361,0.0
3579,1261,1754,1754,1261,-1.2830981123471301,0.0
3579,1261,1754,1754,1261,-1.2909715144996248,0.0
3579,1261,1754,1754,1261,-1.277519115577358,0.0
3599,1140,1860,1860,1140,-1.2530542836501621,0.0
3599,1140,1860,1860,1140,-1.2601338750815152,0.0
3599,1140,1860,1860,1140,-1.2515774917244866,0.0
3620,1140,1860,1860,1140,-1.2351488672036386,0.0
3620,1140,1860,1860,1140,-1.239788104022442,0.0
3620,1140,1860,1860,1140,-1.1941401184821558,0.0
3640,1140,1860,1860,1140,-1.0072457114805324,0.0
3640,1140,1860,1860,1140,-1.0166199828867295,0.0
3640,1140,1860,1860,1140,-1.0105616475344368,0.0
3659,1140,1860,1860,1140,-0.8589811961425143,0.0
3659,1140,1860,1860,1140,-0.8652637175554541,0.0
3659,1140,1860,1860,1140,-0.8453320616362567,0.0
3679,1140,1860,1860,1140,-0.7402088943631049,0.0
3679,1140,1860,1860,1140,-0.7465324121606756,0.0
3679,1140,1860,1860,1140,-0.7284491100005958,0.0
3700,1140,1860,1860,1140,-0.5901597182186202,0.0
3700,1140,1860,1860,1140,-0.596349301759204,0.0
3700,1140,1860,1860,1140,-0.5852576264381371,0.0
3720,1140,1860,1860,1140,-0.4455107725630778,0.0
3720,1140,1860,1860,1140,-0.45173628165313695,0.0
3720,1140,1860,1860,1140,-0.43805195315580125,0.0
3739,1140,1860,1860,1140,-0.30648048009518664,0.0
3739,1140,1860,1860,1140,-0.3143185465144091,0.0
3739,1140,1860,1860,1140,-0.30140856760300044,0.0
3760,1140,1860,1860,1140,-0.1791467983617196,0.0
3760,1140,1860,1860,1140,-0.1845460649451997,0.0
3760,1140,1860,1860,1140,-0.17464938593156304,0.0
3779,1140,1860,1860,1140,-0.06116161020050008,0.0
3779,1140,1860,1860,1140,-0.06740006900902151,0.0
3779,1140,1860,1860,1140,-0.058387187932570556,0.0
3800,1140,1860,1860,1140,0.05245651358688835,0.0
3800,1140,1860,1860,1140,0.04811055083788428,0.0
3800,1140,1860,1860,1140,0.05394225546845168,0.0
3819,1140,1860,1860,1140,0.15094556570530024,0.0
3819,1140,1860,1860,1140,0.1484684780674447,0.0
3819,1140,1860,1860,1140,0.15279937813254682,0.0
3839,1140,1860,1860,1140,0.25125341361022846,0.0
3839,1140,1860,1860,1140,0.2493951610081448,0.0
3839,1140,1860,1860,1140,0.25084446285408124,0.0
3859,1140,1860,1860,1140,0.35202897110095244,0.0
3859,1140,1860,1860,1140,0.35131390026524645,0.0
3859,1140,1860,1860,1140,0.3518925947483872,0.0
3879,1140,1860,1860,1140,0.4351322746794646,0.0
3879,1140,1860,1860,1140,0.4312918708101114,0.0
3879,1140,1860,1860,1140,0.4305526272634836,0.0
3900,1140,1860,1860,1140,0.5361959203264143,0.0
3900,1140,1860,1860,1140,0.5319416550217128,0.0
3900,1140,1860,1860,1140,0.5356259839591941,0.0
3920,1140,1860,1860,1140,0.5578505499892878,0.0
3920,1140,1860,1860,1140,0.5506512159004,0.0
3920,1140,1860,1860,1140,0.5607954370118213,0.0
3940,1140,1860,1860,1140,0.5581748145828427,0.0
3940,1140,1860,1860,1140,0.5514413948490109,0.0
3940,1140,1860,1860,1140,0.589779724000986,0.0
3959,1140,1860,1860,1140,0.7403110995182202,0.0
3959,1140,1860,1860,1140,0.7376821905794939,0.0
3959,1140,1860,1860,1140,0.7375860540301535,0.0
3979,1140,1860,1860,1140,0.8007788471624916,0.0
3979,1140,1860,1860,1140,0.7985116422189247,0.0
3979,1140,1860,1860,1140,0.8072574374982557,0.0
4000,1140,1860,1860,1140,0.8611657607970156,0.0
4000,1140,1860,1860,1140,0.8580474314037885,0.0
4000,1140,1860,1860,1140,0.8644920553816069,0.0
4019,1140,1860,1860,1140,0.923926653017219,0.0
4019,1140,1860,1860,1140,0.9224252565236102,0.0
4019,1140,1860,1860,1140,0.9452241031177904,0.0
4039,1140,1860,1860,1140,0.9737015890832532,0.0
4039,1140,1860,1860,1140,0.9667544340551859,0.0
4039,1140,1860,1860,1140,0.9852532660228142,0.0
4059,1140,1860,1860,1140,1.0403099701243632,0.0
4059,1140,1860,1860,1140,1.0386607970230088,0.0
4059,1140,1860,1860,1140,1.0475512504226605,0.0
4079,1140,1860,1860,1140,1.1184461794279543,0.0
4079,1140,1860,1860,1140,1.1195002537355019,0.0
4079,1140,1860,1860,1140,1.119231220097484,0.0
4099,1140,1860,1860,1140,1.1724589230615652,0.0
4099,1140,1860,1860,1140,1.1716313147745798,0.0
4099,1140,1860,1860,1140,1.185417391690553,0.0
4119,1140,1860,1860,1140,1.2407404111744382,0.0
4119,1140,1860,1860,1140,1.2394719572371158,0.0
4119,1140,1860,1860,1140,1.2484320126914348,0.0
4139,1140,1860,1860,1140,1.2714179989026815,0.0
4139,1140,1860,1860,1140,1.26987820406196,0.0
4139,1140,1860,1860,1140,1.2709437988857097,0.0
4160,1140,1860,1860,1140,1.2996099845054685,0.0
4160,1140,1860,1860,1140,1.2973163352650672,0.0
4160,1140,1860,1860,1140,1.3153955719247534,0.0
4180,1140,1860,1860,1140,1.3354116589567548,0.0
4180,1140,1860,1860,1140,1.3342775285055204,0.0
4180,1140,1860,1860,1140,1.3381267115048634,0.0
4200,1140,1860,1860,1140,1.3415951526602201,0.0
4200,1140,1860,1860,1140,1.3385037797421977,0.0
4200,1140,1860,1860,1140,1.3503608306637362,0.0
4220,1140,1860,1860,1140,1.394090613275751,0.0
4220,1140,1860,1860,1140,1.39132634582913,0.0
4220,1140,1860,1860,1140,1.4091593645294735,0.0
4239,1140,1860,1860,1140,1.4484507264163944,0.0
4239,1140,1860,1860,1140,1.4487249408808875,0.0
4239,1140,1860,1860,1140,1.4478918414580453,0.0
4260,1140,1860,1860,1140,1.4647357604784048,0.0
4260,1140,1860,1860,1140,1.4645685710492669,0.0
4260,1140,1860,1860,1140,1.473622381710495,0.0
4279,1140,1860,1860,1140,1.4523666148668513,0.0
4279,1140,1860,1860,1140,1.451390243773342,0.0
4279,1140,1860,1860,1140,1.4700054166893017,0.0
4300,1140,1860,1860,1140,1.5071658734062232,0.0
4300,1140,1860,1860,1140,1.5077532958455888,0.0
4300,1140,1860,1860,1140,1.514025530781633,0.0
4320,1140,1860,1860,1140,1.5250836599164606,0.0
4320,1140,1860,1860,1140,1.5247949235854328,0.0
4320,1140,1860,1860,1140,1.5439519393915495,0.0
4339,1140,1860,1860,1140,1.5243965503939734,0.0
4339,1140,1860,1860,1140,1.5240459907278825,0.0
4339,1140,1860,1860,1140,1.5348702959414797,0.0
4360,1140,1860,1860,1140,1.5764461125061233,0.0
4360,1140,1860,1860,1140,1.577787615605338,0.0
4360,1140,1860,1860,1140,1.581634803744988,0.0
4380,1140,1860,1860,1140,1.5786112561546939,0.0
4380,1140,1860,1860,1140,1.57868829199575,0.0
4380,1140,1860,1860,1140,1.5980827206948867,0.0
4400,1140,1860,1860,1140,1.6113365375244948,0.0
4400,1140,1860,1860,1140,1.6138027663241385,0.0
4400,1140,1860,1860,1140,1.609345857859792,0.0
4419,1140,1860,1860,1140,1.6294373831018039,0.0
4419,1140,1860,1860,1140,1.6301869922336878,0.0
4419,1140,1860,1860,1140,1.6413441250072123,0.0
4440,1140,1860,1860,1140,1.6448152230606041,0.0
4440,1140,1860,1860,1140,1.646775644652152,0.0
4440,1140,1860,1860,1140,1.6550110615101312,0.0
4460,1140,1860,1860,1140,1.6584391534496927,0.0
4460,1140,1860,1860,1140,1.6610596896270635,0.0
4460,1140,1860,1860,1140,1.6573843690688497,0.0
4480,1140,1860,1860,1140,1.647743883175397,0.0
4480,1140,1860,1860,1140,1.6500222440278827,0.0
4480,1140,1860,1860,1140,1.6664088847800786,0.0
4500,1140,1860,1860,1140,1.6802750187632056,0.0
4500,1140,1860,1860,1140,1.6818781365940676,0.0
4500,1140,1860,1860,1140,1.6974935036027152,0.0
4520,1140,1860,1860,1140,1.714031466734389,0.0
4520,1140,1860,1860,1140,1.7168223485726963,0.0
4520,1140,1860,1860,1140,1.7144226273001664,0.0
4539,1140,1860,1860,1140,1.6846663928109324,0.0
4539,1140,1860,1860,1140,1.6869179537404788,0.0
4539,1140,1860,1860,1140,1.7032550120049597,0.0
4560,1140,1860,1860,1140,1.7160904766026768,0.0
4560,1140,1860,1860,1140,1.7180434193191574,0.0
4560,1140,1860,1860,1140,1.7250983395946333,0.0
4580,1140,1860,1860,1140,1.751959933615482,0.0
4580,1140,1860,1860,1140,1.7556799154760623,0.0
4580,1140,1860,1860,1140,1.7616538240736048,0.0
4599,1140,1860,1860,1140,1.76137356689356,0.0
4599,1140,1860,1860,1140,1.7650941271236653,0.0
4599,1140,1860,1860,1140,1.7723156739832304,0.0
4619,1140,1860,1860,1140,1.7603539912464137,0.0
4619,1140,1860,1860,1140,1.7640203699139707,0.0
4619,1140,1860,1860,1140,1.7685527687435563,0.0
4640,1140,1860,1860,1140,1.7734404401395776,0.0
4640,1140,1860,1860,1140,1.777904008352099,0.0
4640,1140,1860,1860,1140,1.784099195481367,0.0
4660,1140,1860,1860,1140,1.8010136495719171,0.0
4660,1140,1860,1860,1140,1.805523984454239,0.0
4660,1140,1860,1860,1140,1.811180016816432,0.0
4679,1140,1860,1860,1140,1.8110312770443624,0.0
4679,1140,1860,1860,1140,1.8154471144332442,0.0
4679,1140,1860,1860,1140,1.8190756995508055,0.0
4700,1140,1860,1860,1140,1.7840066527448204,0.0
4700,1140,1860,1860,1140,1.7882680286345887,0.0
4700,1140,1860,1860,1140,1.794955466457628,0.0
4719,1140,1860,1860,1140,1.798837571146274,0.0
4719,1140,1860,1860,1140,1.8031900475277374,0.0
4719,1140,1860,1860,1140,1.819139921343116,0.0
4739,1140,1860,1860,1140,1.8033236451917463,0.0
4739,1140,1860,1860,1140,1.8086219421025858,0.0
4739,1140,1860,1860,1140,1.8170432585949567,0.0
4760,1140,1860,1860,1140,1.7927012879613526,0.0
4760,1140,1860,1860,1140,1.797697594639093,0.0
4760,1140,1860,1860,1140,1.8081891550356723,0.0
4779,1140,1860,1860,1140,1.7963427281360704,0.0
4779,1140,1860,1860,1140,1.8017752006192898,0.0
4779,1140,1860,1860,1140,1.804672178228763,0.0
4800,1140,1860,1860,1140,1.809272205219758,0.0
4800,1140,1860,1860,1140,1.8145139538529342,0.0
4800,1140,1860,1860,1140,1.829923815085937,0.0
4819,1140,1860,1860,1140,1.8212946619851447,0.0
4819,1140,1860,1860,1140,1.8267483412862564,0.0
4819,1140,1860,1860,1140,1.832476046991905,0.0
4839,1140,1860,1860,1140,1.8145942933668167,0.0
4839,1140,1860,1860,1140,1.8211689121485712,0.0
4839,1140,1860,1860,1140,1.8247129615332338,0.0
4859,1140,1860,1860,1140,1.785532925613584,0.0
4859,1140,1860,1860,1140,1.7917136830830676,0.0
4859,1140,1860,1860,1140,1.8062264874541105,0.0
4879,1140,1860,1860,1140,1.778648915268347,0.0
4879,1140,1860,1860,1140,1.7837670075051564,0.0
4879,1140,1860,1860,1140,1.795571827396642,0.0
4900,1140,1860,1860,1140,1.7879314692893613,0.0
4900,1140,1860,1860,1140,1.7940556816779174,0.0
4900,1140,1860,1860,1140,1.8064654718534023,0.0
4920,1140,1860,1860,1140,1.8095872475661396,0.0
4920,1140,1860,1860,1140,1.8167932774053788,0.0
4920,1140,1860,1860,1140,1.8170445050760569,0.0
4939,1140,1860,1860,1140,1.793908026703685,0.0
4939,1140,1860,1860,1140,1.8020439437526488,0.0
4939,1140,1860,1860,1140,1.8112987333675108,0.0
4960,1140,1860,1860,1140,1.796038717573253,0.0
4960,1140,1860,1860,1140,1.8037905711730202,0.0
4960,1140,1860,1860,1140,1.8090138581347137,0.0
4979,1140,1860,1860,1140,1.7901989649127201,0.0
4979,1140,1860,1860,1140,1.7967285889402627,0.0
4979,1140,1860,1860,1140,1.8083278645561598,0.0
5000,1140,1860,1860,1140,1.8032120024381757,0.0
5000,1140,1860,1860,1140,1.8112150765767199,0.0
5000,1140,1860,1860,1140,1.8154005351832279,0.0
5019,1140,1860,1860,1140,1.7972001544985075,0.0
5019,1140,1860,1860,1140,1.8050039533206117,0.0
5019,1140,1860,1860,1140,1.8060447597449145,0.0
5039,1140,1860,1860,1140,1.7975578195984148,0.0
5039,1140,1860,1860,1140,1.8054422413532762,0.0
5039,1140,1860,1860,1140,1.8161271393557463,0.0
5060,1140,1860,1860,1140,1.839937961366321,0.0
5060,1140,1860,1860,1140,1.8489295361991318,0.0
5060,1140,1860,1860,1140,1.839025528008582,0.0
5079,1140,1860,1860,1140,1.8203992710851449,0.0
5079,1140,1860,1860,1140,1.8273378236620947,0.0
5079,1140,1860,1860,1140,1.8385767628766017,0.0
5100,1140,1860,1860,1140,1.822720185891892,0.0
5100,1140,1860,1860,1140,1.8314649058814632,0.0
5100,1140,1860,1860,1140,1.8263643535679495,0.0
5120,1140,1860,1860,1140,1.8314992946921103,0.0
5120,1140,1860,1860,1140,1.8385958395592785,0.0
5120,1140,1860,1860,1140,1.847827655266602,0.0
5140,1140,1860,1860,1140,1.8361178685401813,0.0
5140,1140,1860,1860,1140,1.8448484733593542,0.0
5140,1140,1860,1860,1140,1.8422552714506542,0.0
5160,1140,1860,1860,1140,1.834776348628766,0.0
5160,1140,1860,1860,1140,1.8443606135604083,0.0
5160,1140,1860,1860,1140,1.8483614319699178,0.0
5179,1140,1860,1860,1140,1.8673552912853484,0.0
5179,1140,1860,1860,1140,1.8768202608183682,0.0
5179,1140,1860,1860,1140,1.8803634204249815,0.0
5200,1140,1860,1860,1140,1.842972773369584,0.0
5200,1140,1860,1860,1140,1.8543646026512906,0.0
5200,1140,1860,1860,1140,1.8513620023072908,0.0
5220,1140,1860,1860,1140,1.801049102616872,0.0
5220,1140,1860,1860,1140,1.8072108316748665,0.0
5220,1140,1860,1860,1140,1.8201894947111905,0.0
5239,1140,1860,1860,1140,1.8001263738720823,0.0
5239,1140,1860,1860,1140,1.8082463183583894,0.0
5239,1140,1860,1860,1140,1.8175164472703498,0.0
5259,1140,1860,1860,1140,1.8122158923540117,0.0
5259,1140,1860,1860,1140,1.8206172643946903,0.0
5259,1140,1860,1860,1140,1.828470432922749,0.0
5279,1140,1860,1860,1140,1.8573198080651063,0.0
5279,1140,1860,1860,1140,1.866723007066567,0.0
5279,1140,1860,1860,1140,1.852139462900316,0.0
5299,1140,1860,1860,1140,1.8022997264351954,0.0
5299,1140,1860,1860,1140,1.8104129232159942,0.0
5299,1140,1860,1860,1140,1.8273931143794697,0.0
5319,1140,1860,1860,1140,1.8265479388580257,0.0
5319,1140,1860,1860,1140,1.836529863494541,0.0
5319,1140,1860,1860,1140,1.8356875215784094,0.0
5339,1140,1860,1860,1140,1.8206835231805225,0.0
5339,1140,1860,1860,1140,1.8304472331579142,0.0
5339,1140,1860,1860,1140,1.8318092904130956,0.0
5359,1140,1860,1860,1140,1.7859053879887512,0.0
5359,1140,1860,1860,1140,1.7947545188736016,0.0
5359,1140,1860,1860,1140,1.798698294553008,0.0
5380,1140,1860,1860,1140,1.7706055870317787,0.0
5380,1140,1860,1860,1140,1.7793232407530535,0.0
5380,1140,1860,1860,1140,1.7802550164809214,0.0
5399,1140,1860,1860,1140,1.7940382839386082,0.0
5399,1140,1860,1860,1140,1.8037529112827047,0.0
5399,1140,1860,1860,1140,1.8046242757114355,0.0
5419,1140,1860,1860,1140,1.8029597366928614,0.0
5419,1140,1860,1860,1140,1.814575047698274,0.0
5419,1140,1860,1860,1140,1.8088355811386452,0.0
5440,1140,1860,1860,1140,1.8034781471158279,0.0
5440,1140,1860,1860,1140,1.8138079104808287,0.0
5440,1140,1860,1860,1140,1.8153075783703347,0.0
5459,1140,1860,1860,1140,1.805443102712554,0.0
5459,1140,1860,1860,1140,1.8164877305479874,0.0
5459,1140,1860,1860,1140,1.8186787892770182,0.0
5479,1140,1860,1860,1140,1.7725170037661457,0.0
5479,1140,1860,1860,1140,1.7844809491219646,0.0
5479,1140,1860,1860,1140,1.7873154079613034,0.0
5499,1140,1860,1860,1140,1.7713294499243633,0.0
5499,1140,1860,1860,1140,1.7826304511945614,0.0
5499,1140,1860,1860,1140,1.7891105729420933,0.0
5520,1229,1822,1822,1229,1.8163097520721148,0.0
5520,1229,1822,1822,1229,1.8282921667384504,0.0
5520,1229,1822,1822,1229,1.8189303456030286,0.0
5539,1327,1782,1782,1327,1.7613472077428536,0.0
5539,1327,1782,1782,1327,1.7725621623858494,0.0
5539,1327,1782,1782,1327,1.787726144786694,0.0
5560,1424,1741,1741,1424,1.7744639576963985,0.0
5560,1424,1741,1741,1424,1.7873048968789444,0.0
5560,1424,1741,1741,1424,1.7864859797614088,0.0
5579,1522,1700,1700,1522,1.8114809734106188,0.0
5579,1522,1700,1700,1522,1.8235388477520793,0.0
5579,1522,1700,1700,1522,1.8195687114537178,0.0
5600,1619,1660,1660,1619,1.7705436867095674,0.0
5600,1619,1660,1660,1619,1.7815283722207431,0.0
5600,1619,1660,1660,1619,1.78734044931437,0.0
5619,1620,1660,1660,1620,1.8213919187894807,0.0
5619,1620,1660,1660,1620,1.8349929489545134,0.0
5619,1620,1660,1660,1620,1.7936052822235804,0.0
5639,1620,1660,1660,1620,1.6722859839569857,0.0
5639,1620,1660,1660,1620,1.688654246750269,0.0
5639,1620,1660,1660,1620,1.679537560133491,0.0
5659,1620,1660,1660,1620,1.5354694810507665,0.0
5659,1620,1660,1660,1620,1.5463637470457143,0.0
5659,1620,1660,1660,1620,1.5648288853334824,0.0
5679,1620,1660,1660,1620,1.5000034467596657,0.0
5679,1620,1660,1660,1620,1.5109140545408237,0.0
5679,1620,1660,1660,1620,1.5225518762636994,0.0
5699,1620,1660,1660,1620,1.432888505035859,0.0
5699,1620,1660,1660,1620,1.4433160428056087,0.0
5699,1620,1660,1660,1620,1.4396330455531567,0.0
5720,1620,1660,1660,1620,1.3447554277325064,0.0
5720,1620,1660,1660,1620,1.3551668560060586,0.0
5720,1620,1660,1660,1620,1.3430216801588035,0.0
5740,1620,1660,1660,1620,1.1923756993473837,0.0
5740,1620,1660,1660,1620,1.200353970371985,0.0
5740,1620,1660,1660,1620,1.195461468893933,0.0
5759,1620,1660,1660,1620,1.1190501354583557,0.0
5759,1620,1660,1660,1620,1.1310100182717404,0.0
5759,1620,1660,1660,1620,1.117925759204668,0.0
5779,1620,1660,1660,1620,0.9958570446405017,0.0
5779,1620,1660,1660,1620,1.006614250674587,0.0
5779,1620,1660,1660,1620,1.0108896378900933,0.0
5800,1620,1660,1660,1620,0.9437765859479701,0.0
5800,1620,1660,1660,1620,0.9541995347997345,0.0
5800,1620,1660,1660,1620,0.9387430405809835,0.0
5819,1620,1660,1660,1620,0.8810368134596392,0.0
5819,1620,1660,1660,1620,0.8909130048472749,0.0
5819,1620,1660,1660,1620,0.8917850698747276,0.0
5839,1620,1660,1660,1620,0.8379485642632587,0.0
5839,1620,1660,1660,1620,0.8489745458235687,0.0
5839,1620,1660,1660,1620,0.8259643652419699,0.0
5860,1620,1660,1660,1620,0.7674125016803166,0.0
5860,1620,1660,1660,1620,0.77771985886224,0.0
5860,1620,1660,1660,1620,0.7770490588625923,0.0
5879,1620,1660,1660,1620,0.7096851094571545,0.0
5879,1620,1660,1660,1620,0.7214392788395455,0.0
5879,1620,1660,1660,1620,0.7111271786345743,0.0
5900,1620,1660,1660,1620,0.6346558211673141,0.0
5900,1620,1660,1660,1620,0.6459025132018682,0.0
5900,1620,1660,1660,1620,0.6357223901095611,0.0
5920,1620,1660,1660,1620,0.5783993131403755,0.0
5920,1620,1660,1660,1620,0.5895396517156499,0.0
5920,1620,1660,1660,1620,0.5640143575420373,0.0
5939,1620,1660,1660,1620,0.4556168206153762,0.0
5939,1620,1660,1660,1620,0.4631354009561647,0.0
5939,1620,1660,1660,1620,0.46107723203173356,0.0
5959,1620,1660,1660,1620,0.36495959634392083,0.0
5959,1620,1660,1660,1620,0.373417824267604,0.0
5959,1620,1660,1660,1620,0.3608656502232719,0.0
5979,1620,1660,1660,1620,0.29878991177933567,0.0
5979,1620,1660,1660,1620,0.30750113462988177,0.0
5979,1620,1660,1660,1620,0.2990817648523455,0.0
6000,1620,1660,1660,1620,0.22028452373747356,0.0
6000,1620,1660,1660,1620,0.2273419143502653,0.0
6000,1620,1660,1660,1620,0.21828100015380264,0.0
6019,1620,1660,1660,1620,0.1702176371559382,0.0
6019,1620,1660,1660,1620,0.17749573780139236,0.0
6019,1620,1660,1660,1620,0.17408873875028333,0.0
6039,1620,1660,1660,1620,0.16634546673465495,0.0
6039,1620,1660,1660,1620,0.1738946088191154,0.0
6039,1620,1660,1660,1620,0.17538544536727352,0.0
6059,1620,1660,1660,1620,0.18631917507356274,0.0
6059,1620,1660,1660,1620,0.1950835195605262,0.0
6059,1620,1660,1660,1620,0.1866490512157042,0.0
6079,1620,1660,1660,1620,0.18328064568668173,0.0
6079,1620,1660,1660,1620,0.18979185090390824,0.0
6079,1620,1660,1660,1620,0.19196386958205205,0.0
6100,1620,1660,1660,1620,0.20112418867581242,0.0
6100,1620,1660,1660,1620,0.21014749936365157,0.0
6100,1620,1660,1660,1620,0.20024848814265966,0.0
6120,1620,1660,1660,1620,0.22707531282013507,0.0
6120,1620,1660,1660,1620,0.2369676685744998,0.0
6120,1620,1660,1660,1620,0.2360946190161054,0.0
6139,1620,1660,1660,1620,0.20649912505312112,0.0
6139,1620,1660,1660,1620,0.21722381856184292,0.0
6139,1620,1660,1660,1620,0.2014453006757949,0.0
6160,1620,1660,1660,1620,0.13786924535730558,0.0
6160,1620,1660,1660,1620,0.1446110209163703,0.0
6160,1620,1660,1660,1620,0.14813390608194119,0.0
6180,1620,1660,1660,1620,0.14630882044455074,0.0
6180,1620,1660,1660,1620,0.1531726167202423,0.0
6180,1620,1660,1660,1620,0.15888794112183083,0.0
6200,1620,1660,1660,1620,0.12178938447983427,0.0
6200,1620,1660,1660,1620,0.13179161902045156,0.0
6200,1620,1660,1660,1620,0.11660663448850922,0.0
6219,1620,1660,1660,1620,0.04653536099500352,0.0
6219,1620,1660,1660,1620,0.05375497985219935,0.0
6219,1620,1660,1660,1620,0.05648004152386721,0.0
6240,1620,1660,1660,1620,0.010798478365088598,0.0
6240,1620,1660,1660,1620,0.01857641796525794,0.0
6240,1620,1660,1660,1620,0.028286062971552228,0.0
6259,1620,1660,1660,1620,0.013671490708549713,0.0
6259,1620,1660,1660,1620,0.021084788219852713,0.0
6259,1620,1660,1660,1620,0.013545426803776614,0.0
6279,1620,1660,1660,1620,0.0057228220779031586,0.0
6279,1620,1660,1660,1620,0.012967436366747062,0.0
6279,1620,1660,1660,1620,0.01056967393046021,0.0
6299,1620,1660,1660,1620,-0.00525316745004005,0.0
6299,1620,1660,1660,1620,0.0014963506150251077,0.0
6299,1620,1660,1660,1620,0.00022054314532035657,0.0
6320,1620,1660,1660,1620,-0.01851887054866426,0.0
6320,1620,1660,1660,1620,-0.011543433651851537,0.0
6320,1620,1660,1660,1620,-0.01548153909493262,0.0
6339,1620,1660,1660,1620,-0.025162059345471832,0.0
6339,1620,1660,1660,1620,-0.01843057095281496,0.0
6339,1620,1660,1660,1620,-0.019507617095627386,0.0
6360,1620,1660,1660,1620,-0.01683435228752525,0.0
6360,1620,1660,1660,1620,-0.010846437979072823,0.0
6360,1620,1660,1660,1620,-0.010010033303026841,0.0
6380,1620,1660,1660,1620,-0.040324808456463926,0.0
6380,1620,1660,1660,1620,-0.03474373172622633,0.0
6380,1620,1660,1660,1620,-0.0342808007097779,0.0
6400,1620,1660,1660,1620,-0.041295012424441974,0.0
6400,1620,1660,1660,1620,-0.03539302305815062,0.0
6400,1620,1660,1660,1620,-0.03136140616168423,0.0
6419,1620,1660,1660,1620,-0.015861595268354206,0.0
6419,1620,1660,1660,1620,-0.009227191364903242,0.0
6419,1620,1660,1660,1620,-0.012284846870256771,0.0
6440,1620,1660,1660,1620,-0.03692719607860524,0.0
6440,1620,1660,1660,1620,-0.031017102035207654,0.0
6440,1620,1660,1660,1620,-0.024343267053964404,0.0
6459,1620,1660,1660,1620,-0.03853206981862118,0.0
6459,1620,1660,1660,1620,-0.03170318303246223,0.0
6459,1620,1660,1660,1620,-0.029279092082362054,0.0
6479,1620,1660,1660,1620,-0.055154921010067845,0.0
6479,1620,1660,1660,1620,-0.0495852000399066,0.0
6479,1620,1660,1660,1620,-0.04982634688972244,0.0
6500,1620,1660,1660,1620,-0.09519971801553574,0.0
6500,1620,1660,1660,1620,-0.0890821293158691,0.0
6500,1620,1660,1660,1620,-0.08560042881935064,0.0
6520,1620,1660,1660,1620,-0.06012554956063089,0.0
6520,1620,1660,1660,1620,-0.05494992907073147,0.0
6520,1620,1660,1660,1620,-0.05387593062266073,0.0
6539,1620,1660,1660,1620,-0.09169759073081586,0.0
6539,1620,1660,1660,1620,-0.08681009915203264,0.0
6539,1620,1660,1660,1620,-0.09601216601574701,0.0
6559,1620,1660,1660,1620,-0.15446997517635397,0.0
6559,1620,1660,1660,1620,-0.1518316533776987,0.0
6559,1620,1660,1660,1620,-0.1431875641481502,0.0
6579,1620,1660,1660,1620,-0.1475102723228653,0.0
6579,1620,1660,1660,1620,-0.14397381646282903,0.0
6579,1620,1660,1660,1620,-0.14521428815492882,0.0
6600,1620,1660,1660,1620,-0.16049587991224978,0.0
6600,1620,1660,1660,1620,-0.15708438354207277,0.0
6600,1620,1660,1660,1620,-0.15648038106264442,0.0
6619,1620,1660,1660,1620,-0.18758096967061322,0.0
6619,1620,1660,1660,1620,-0.18423828790435404,0.0
6619,1620,1660,1660,1620,-0.1767189286626462,0.0
6639,1620,1660,1660,1620,-0.1984227761573378,0.0
6639,1620,1660,1660,1620,-0.19546759305939487,0.0
6639,1620,1660,1660,1620,-0.1899852642235368,0.0
6660,1620,1660,1660,1620,-0.2265627694093422,0.0
6660,1620,1660,1660,1620,-0.22354181480535715,0.0
6660,1620,1660,1660,1620,-0.2325081648707818,0.0
6679,1620,1660,1660,1620,-0.19632789699805733,0.0
6679,1620,1660,1660,1620,-0.19484369406821014,0.0
6679,1620,1660,1660,1620,-0.18633067593213004,0.0
6700,1620,1660,1660,1620,-0.16049879281613605,0.0
6700,1620,1660,1660,1620,-0.15663734885505035,0.0
6700,1620,1660,1660,1620,-0.1661215774955267,0.0
6720,1620,1660,1660,1620,-0.16767189791086176,0.0
6720,1620,1660,1660,1620,-0.16417272049736906,0.0
6720,1620,1660,1660,1620,-0.17040628949925873,0.0
6739,1620,1660,1660,1620,-0.18899283490910565,0.0
6739,1620,1660,1660,1620,-0.18747582191023715,0.0
6739,1620,1660,1660,1620,-0.1843714351102175,0.0
6760,1620,1660,1660,1620,-0.18312945070438655,0.0
6760,1620,1660,1660,1620,-0.17973679875710047,0.0
6760,1620,1660,1660,1620,-0.1822840928708478,0.0
6779,1620,1660,1660,1620,-0.16967408892141927,0.0
6779,1620,1660,1660,1620,-0.16674628191051363,0.0
6779,1620,1660,1660,1620,-0.1704096369372896,0.0
6800,1620,1660,1660,1620,-0.17612299692001349,0.0
6800,1620,1660,1660,1620,-0.17379212679082964,0.0
6800,1620,1660,1660,1620,-0.1802870571774254,0.0
6819,1620,1660,1660,1620,-0.20619478817612513,0.0
6819,1620,1660,1660,1620,-0.20498755898924292,0.0
6819,1620,1660,1660,1620,-0.21334037421918656,0.0
6840,1620,1660,1660,1620,-0.22829449581334602,0.0
6840,1620,1660,1660,1620,-0.228108951614449,0.0
6840,1620,1660,1660,1620,-0.220643688738859,0.0
6860,1620,1660,1660,1620,-0.2154261087043433,0.0
6860,1620,1660,1660,1620,-0.2138814707030461,0.0
6860,1620,1660,1660,1620,-0.22261274385932933,0.0
6879,1620,1660,1660,1620,-0.1828028904520126,0.0
6879,1620,1660,1660,1620,-0.18297705364957528,0.0
6879,1620,1660,1660,1620,-0.18638342582865425,0.0
6900,1620,1660,1660,1620,-0.17298591027203747,0.0
6900,1620,1660,1660,1620,-0.17293755468942545,0.0
6900,1620,1660,1660,1620,-0.1796493997182212,0.0
6920,1620,1660,1660,1620,-0.19273338373608223,0.0
6920,1620,1660,1660,1620,-0.19359361194464506,0.0
6920,1620,1660,1660,1620,-0.19610965890024779,0.0
6939,1620,1660,1660,1620,-0.20619127442429686,0.0
6939,1620,1660,1660,1620,-0.20636067954954096,0.0
6939,1620,1660,1660,1620,-0.20717301601175586,0.0
6959,1620,1660,1660,1620,-0.20586974724320994,0.0
6959,1620,1660,1660,1620,-0.20745887739258392,0.0
6959,1620,1660,1660,1620,-0.21144274232245136,0.0
6979,1620,1660,1660,1620,-0.1777555537200619,0.0
6979,1620,1660,1660,1620,-0.17884751763181714,0.0
6979,1620,1660,1660,1620,-0.19101619658376665,0.0
7000,1620,1660,1660,1620,-0.20450368046191633,0.0
7000,1620,1660,1660,1620,-0.2073442962537787,0.0
7000,1620,1660,1660,1620,-0.21258586781607083,0.0
7019,1620,1660,1660,1620,-0.20187205272391617,0.0
7019,1620,1660,1660,1620,-0.20538080218294838,0.0
7019,1620,1660,1660,1620,-0.2130570478734489,0.0
7040,1620,1660,1660,1620,-0.19422446983980884,0.0
7040,1620,1660,1660,1620,-0.1981248958550316,0.0
7040,1620,1660,1660,1620,-0.21020688349050992,0.0
7059,1620,1660,1660,1620,-0.21602405668348787,0.0
7059,1620,1660,1660,1620,-0.22021274525702178,0.0
7059,1620,1660,1660,1620,-0.22228535872438485,0.0
7079,1620,1660,1660,1620,-0.19301719613831286,0.0
7079,1620,1660,1660,1620,-0.1970781942227964,0.0
7079,1620,1660,1660,1620,-0.20589184890515608,0.0
7099,1620,1660,1660,1620,-0.196503356388549,0.0
7099,1620,1660,1660,1620,-0.2005299927637814,0.0
7099,1620,1660,1660,1620,-0.20579862523282477,0.0
7120,1560,1667,1667,1560,-0.1877181653215788,0.0
7120,1560,1667,1667,1560,-0.19124794992630126,0.0
7120,1560,1667,1667,1560,-0.20950265141828114,0.0
7139,1495,1675,1675,1495,-0.2033254479692999,0.0
7139,1495,1675,1675,1495,-0.2071579785976345,0.0
7139,1495,1675,1675,1495,-0.22182448115775238,0.0
7160,1430,1683,1683,1430,-0.2161017803288866,0.0
7160,1430,1683,1683,1430,-0.21972548298200756,0.0
7160,1430,1683,1683,1430,-0.22816572042960148,0.0
7180,1365,1691,1691,1365,-0.24380317423070144,0.0
7180,1365,1691,1691,1365,-0.24957754896422857,0.0
7180,1365,1691,1691,1365,-0.25060125937033284,0.0
7200,1300,1699,1699,1300,-0.24048742859546157,0.0
7200,1300,1699,1699,1300,-0.24535685201945526,0.0
7200,1300,1699,1699,1300,-0.25196740105518384,0.0
7219,1300,1700,1700,1300,-0.2521896730166021,0.0
7219,1300,1700,1700,1300,-0.2557444433227368,0.0
7219,1300,1700,1700,1300,-0.26217428990241765,0.0
7240,1300,1700,1700,1300,-0.23733454678570062,0.0
7240,1300,1700,1700,1300,-0.2398355889997627,0.0
7240,1300,1700,1700,1300,-0.250997041957109,0.0
7260,1300,1700,1700,1300,-0.19865752627302993,0.0
7260,1300,1700,1700,1300,-0.2011881669125956,0.0
7260,1300,1700,1700,1300,-0.20281695102139968,0.0
7279,1300,1700,1700,1300,-0.13962046659856325,0.0
7279,1300,1700,1700,1300,-0.14043232925927746,0.0
7279,1300,1700,1700,1300,-0.13598698633241008,0.0
7299,1300,1700,1700,1300,-0.09398334406623268,0.0
7299,1300,1700,1700,1300,-0.09379588536274852,0.0
7299,1300,1700,1700,1300,-0.10396888058399746,0.0
7320,1300,1700,1700,1300,-0.07556227104617813,0.0
7320,1300,1700,1700,1300,-0.07597976523064369,0.0
7320,1300,1700,1700,1300,-0.07212725648668511,0.0
7340,1300,1700,1700,1300,-0.030543017787050666,0.0
7340,1300,1700,1700,1300,-0.03146700642624348,0.0
7340,1300,1700,1700,1300,-0.035602922155681796,0.0
7359,1300,1700,1700,1300,0.004816604553761617,0.0
7359,1300,1700,1700,1300,0.0027619969373231966,0.0
7359,1300,1700,1700,1300,0.003940883996932759,0.0
7379,1300,1700,1700,1300,0.05160081620164668,0.0
7379,1300,1700,1700,1300,0.05071290297186193,0.0
7379,1300,1700,1700,1300,0.045688104475093055,0.0
7400,1300,1700,1700,1300,0.09674977014355726,0.0
7400,1300,1700,1700,1300,0.09633902189221988,0.0
7400,1300,1700,1700,1300,0.08868445494111189,0.0
7420,1300,1700,1700,1300,0.12275568524739906,0.0
7420,1300,1700,1700,1300,0.1220348393149126,0.0
7420,1300,1700,1700,1300,0.11765198688438712,0.0
7440,1300,1700,1700,1300,0.14625482308582985,0.0
7440,1300,1700,1700,1300,0.14571914653822748,0.0
7440,1300,1700,1700,1300,0.14263386638518757,0.0
7460,1300,1700,1700,1300,0.16739339709226964,0.0
7460,1300,1700,1700,1300,0.167326665049812,0.0
7460,1300,1700,1700,1300,0.16757098087443356,0.0
7479,1300,1700,1700,1300,0.19952526643608795,0.0
7479,1300,1700,1700,1300,0.19909083894375523,0.0
7479,1300,1700,1700,1300,0.20103171087937083,0.0
7499,1300,1700,1700,1300,0.21505652015841784,0.0
7499,1300,1700,1700,1300,0.21484383907651397,0.0
7499,1300,1700,1700,1300,0.21665420214399747,0.0
7520,1300,1700,1700,1300,0.2438120720720795,0.0
7520,1300,1700,1700,1300,0.24414533341384184,0.0
7520,1300,1700,1700,1300,0.24255852964323946,0.0
7539,1300,1700,1700,1300,0.2684904600646295,0.0
7539,1300,1700,1700,1300,0.26850148544141295,0.0
7539,1300,1700,1700,1300,0.2679688214283109,0.0
7560,1300,1700,1700,1300,0.3040171301332054,0.0
7560,1300,1700,1700,1300,0.30452071576454176,0.0
7560,1300,1700,1700,1300,0.3031174396432934,0.0
7580,1300,1700,1700,1300,0.3344131069322819,0.0
7580,1300,1700,1700,1300,0.33527211568101634,0.0
7580,1300,1700,1700,1300,0.3311561113070546,0.0
7600,1300,1700,1700,1300,0.3643869257440181,0.0
7600,1300,1700,1700,1300,0.3648224263421218,0.0
7600,1300,1700,1700,1300,0.36282726862548226,0.0
7619,1300,1700,1700,1300,0.391176053531189,0.0
7619,1300,1700,1700,1300,0.3915753384778815,0.0
7619,1300,1700,1700,1300,0.3880434936353664,0.0
7639,1300,1700,1700,1300,0.41940292969207305,0.0
7639,1300,1700,1700,1300,0.4191524104576376,0.0
7639,1300,1700,1700,1300,0.4172693909144678,0.0
7660,1300,1700,1700,1300,0.46180462391750043,0.0
7660,1300,1700,1700,1300,0.46120778534339846,0.0
7660,1300,1700,1700,1300,0.4691306912286157,0.0
7679,1300,1700,1700,1300,0.49791541785937665,0.0
7679,1300,1700,1700,1300,0.4976340353326128,0.0
7679,1300,1700,1700,1300,0.4970355076198536,0.0
7700,1300,1700,1700,1300,0.513185426714738,0.0
7700,1300,1700,1700,1300,0.5133414823322422,0.0
7700,1300,1700,1700,1300,0.5130026113682616,0.0
7719,1300,1700,1700,1300,0.565465933262025,0.0
7719,1300,1700,1700,1300,0.5681323791533255,0.0
7719,1300,1700,1700,1300,0.5668273743326181,0.0
7739,1300,1700,1700,1300,0.6088563146865018,0.0
7739,1300,1700,1700,1300,0.6096806510353424,0.0
7739,1300,1700,1700,1300,0.6079088374262642,0.0
7760,1300,1700,1700,1300,0.6262627639876784,0.0
7760,1300,1700,1700,1300,0.6270002550001311,0.0
7760,1300,1700,1700,1300,0.6190344508788566,0.0
7780,1300,1700,1700,1300,0.6365891135103667,0.0
7780,1300,1700,1700,1300,0.6363824628379205,0.0
7780,1300,1700,1700,1300,0.6384199974748834,0.0
7800,1300,1700,1700,1300,0.6776340815086607,0.0
7800,1300,1700,1700,1300,0.67842039992141,0.0
7800,1300,1700,1700,1300,0.6773206107892882,0.0
7819,1300,1700,1700,1300,0.706965880928853,0.0
7819,1300,1700,1700,1300,0.7078633703445503,0.0
7819,1300,1700,1700,1300,0.7055145831757977,0.0
7839,1300,1700,1700,1300,0.7209239286378671,0.0
7839,1300,1700,1700,1300,0.7207374578030249,0.0
7839,1300,1700,1700,1300,0.7241127263141862,0.0
7859,1300,1700,1700,1300,0.7445404018372186,0.0
7859,1300,1700,1700,1300,0.7456983637994393,0.0
7859,1300,1700,1700,1300,0.743398307074092,0.0
7879,1300,1700,1700,1300,0.7818182269840865,0.0
7879,1300,1700,1700,1300,0.7828331814523288,0.0
7879,1300,1700,1700,1300,0.7748550501079843,0.0
7899,1300,1700,1700,1300,0.7980720935233485,0.0
7899,1300,1700,1700,1300,0.7992791552920836,0.0
7899,1300,1700,1700,1300,0.7982579225055245,0.0
7919,1300,1700,1700,1300,0.8125214212162456,0.0
7919,1300,1700,1700,1300,0.8135319937384827,0.0
7919,1300,1700,1700,1300,0.8165233717053817,0.0
7940,1300,1700,1700,1300,0.8355075853919528,0.0
7940,1300,1700,1700,1300,0.837758380850051,0.0
7940,1300,1700,1700,1300,0.8326935471909847,0.0
7960,1300,1700,1700,1300,0.8128108396917856,0.0
7960,1300,1700,1700,1300,0.8142512957790451,0.0
7960,1300,1700,1700,1300,0.808069223148533,0.0
7980,1300,1700,1700,1300,0.8481981579013751,0.0
7980,1300,1700,1700,1300,0.8502341620240258,0.0
7980,1300,1700,1700,1300,0.8421776237058702,0.0
8000,1300,1700,1700,1300,0.861886285229727,0.0
8000,1300,1700,1700,1300,0.863723150622767,0.0
8000,1300,1700,1700,1300,0.8630765778113122,0.0
8020,1300,1700,1700,1300,0.8738112846242778,0.0
8020,1300,1700,1700,1300,0.8748838145053561,0.0
8020,1300,1700,1700,1300,0.8687583319830987,0.0
8040,1300,1700,1700,1300,0.8720286604915859,0.0
8040,1300,1700,1700,1300,0.8735769243647517,0.0
8040,1300,1700,1700,1300,0.8731325901998489,0.0
8059,1300,1700,1700,1300,0.9057963641325749,0.0
8059,1300,1700,1700,1300,0.9062926388061125,0.0
8059,1300,1700,1700,1300,0.9028262033189993,0.0
8079,1300,1700,1700,1300,0.9216025255796646,0.0
8079,1300,1700,1700,1300,0.9245644076360802,0.0
8079,1300,1700,1700,1300,0.9175330375172395,0.0
8099,1300,1700,1700,1300,0.9134209130050641,0.0
8099,1300,1700,1700,1300,0.9162118779981,0.0
8099,1300,1700,1700,1300,0.9105535346213598,0.0
8120,1300,1700,1700,1300,0.8756195288048605,0.0
8120,1300,1700,1700,1300,0.8772139631155735,0.0
8120,1300,1700,1700,1300,0.8870139332320011,0.0
8139,1300,1700,1700,1300,0.8837092198832243,0.0
8139,1300,1700,1700,1300,0.8867956120859316,0.0
8139,1300,1700,1700,1300,0.8779110747557255,0.0
8159,1300,1700,1700,1300,0.8599883011143108,0.0
8159,1300,1700,1700,1300,0.8617293355105773,0.0
8159,1300,1700,1700,1300,0.8649569058072181,0.0
8179,1300,1700,1700,1300,0.8816950598520381,0.0
8179,1300,1700,1700,1300,0.8839261265879577,0.0
8179,1300,1700,1700,1300,0.8851883537172678,0.0
8200,1300,1700,1700,1300,0.9244253809017747,0.0
8200,1300,1700,1700,1300,0.9278306196481612,0.0
8200,1300,1700,1700,1300,0.9150176709466356,0.0
8219,1300,1700,1700,1300,0.9424387027080893,0.0
8219,1300,1700,1700,1300,0.9450330247335814,0.0
8219,1300,1700,1700,1300,0.9375005837511124,0.0
8240,1300,1700,1700,1300,0.9282271647357123,0.0
8240,1300,1700,1700,1300,0.9327759307924607,0.0
8240,1300,1700,1700,1300,0.9293761182090575,0.0
8260,1300,1700,1700,1300,0.968125913328014,0.0
8260,1300,1700,1700,1300,0.9710859473876625,0.0
8260,1300,1700,1700,1300,0.9569287491937934,0.0
8279,1300,1700,1700,1300,0.9275821796976818,0.0
8279,1300,1700,1700,1300,0.9302195053847591,0.0
8279,1300,1700,1700,1300,0.927032097478128,0.0
8300,1300,1700,1700,1300,0.9168244624374203,0.0
8300,1300,1700,1700,1300,0.9179873543884336,0.0
8300,1300,1700,1700,1300,0.9166576103659737,0.0
8320,1300,1700,1700,1300,0.9526045563767286,0.0
8320,1300,1700,1700,1300,0.9560106957233421,0.0
8320,1300,1700,1700,1300,0.9531699477322904,0.0
8339,1300,1700,1700,1300,0.9524261613575218,0.0
8339,1300,1700,1700,1300,0.9547054178951235,0.0
8339,1300,1700,1700,1300,0.9580517224249865,0.0
8359,1300,1700,1700,1300,0.9720874940613311,0.0
8359,1300,1700,1700,1300,0.9751824661368267,0.0
8359,1300,1700,1700,1300,0.9707259982746369,0.0
8379,1300,1700,1700,1300,0.992453770788995,0.0
8379,1300,1700,1700,1300,0.9972642392730439,0.0
8379,1300,1700,1700,1300,0.9876526657954929,0.0
8400,1300,1700,1700,1300,0.9706479675319385,0.0
8400,1300,1700,1700,1300,0.9728472335006713,0.0
8400,1300,1700,1700,1300,0.9668029916592847,0.0
8419,1300,1700,1700,1300,0.9535551528892494,0.0
8419,1300,1700,1700,1300,0.9562671465644252,0.0
8419,1300,1700,1700,1300,0.9504653831792893,0.0
8439,1300,1700,1700,1300,0.963425083482351,0.0
8439,1300,1700,1700,1300,0.9654902078207739,0.0
8439,1300,1700,1700,1300,0.9628429839911974,0.0
8459,1300,1700,1700,1300,0.9755517117249319,0.0
8459,1300,1700,1700,1300,0.9779556722586265,0.0
8459,1300,1700,1700,1300,0.971821416913188,0.0
8479,1300,1700,1700,1300,0.9779526187473417,0.0
8479,1300,1700,1700,1300,0.9799740054692336,0.0
8479,1300,1700,1700,1300,0.9827291761664276,0.0
8499,1300,1700,1700,1300,0.9762280560079186,0.0
8499,1300,1700,1700,1300,0.9784814485173108,0.0
8499,1300,1700,1700,1300,0.9785631076272129,0.0
8520,1300,1700,1700,1300,0.9787150225920582,0.0
8520,1300,1700,1700,1300,0.9813402799250317,0.0
8520,1300,1700,1700,1300,0.9730585137451389,0.0
8539,1300,1700,1700,1300,1.0102756802420736,0.0
8539,1300,1700,1700,1300,1.0153368302221453,0.0
8539,1300,1700,1700,1300,1.0129143728902685,0.0
8560,1300,1700,1700,1300,1.0051807952209189,0.0
8560,1300,1700,1700,1300,1.0079915667377786,0.0
8560,1300,1700,1700,1300,1.0074796807279793,0.0
8579,1300,1700,1700,1300,0.9911445168382355,0.0
8579,1300,1700,1700,1300,0.9931870643642862,0.0
8579,1300,1700,1700,1300,0.9863444948892626,0.0
8599,1300,1700,1700,1300,1.01001739247177,0.0
8599,1300,1700,1700,1300,1.013057156133113,0.0
8599,1300,1700,1700,1300,1.0061112628993176,0.0
8619,1300,1700,1700,1300,1.0050341986139941,0.0
8619,1300,1700,1700,1300,1.0084553248304045,0.0
8619,1300,1700,1700,1300,1.0031835007896874,0.0
8639,1300,1700,1700,1300,1.0115557691057493,0.0
8639,1300,1700,1700,1300,1.0137925465590036,0.0
8639,1300,1700,1700,1300,1.0160249084558701,0.0
8659,1300,1700,1700,1300,1.0093922967956421,0.0
8659,1300,1700,1700,1300,1.0124239113831193,0.0
8659,1300,1700,1700,1300,1.00658542552228,0.0
8679,1300,1700,1700,1300,0.9968923831738528,0.0
8679,1300,1700,1700,1300,0.9998662343788478,0.0
8679,1300,1700,1700,1300,0.9985662021680461,0.0
8700,1300,1700,1700,1300,1.0160932697962104,0.0
8700,1300,1700,1700,1300,1.018973225601161,0.0
8700,1300,1700,1700,1300,1.0164986224686925,0.0
8719,1300,1700,1700,1300,1.0167406719041643,0.0
8719,1300,1700,1700,1300,1.0195693993725818,0.0
8719,1300,1700,1700,1300,1.0161725415475837,0.0
8739,1300,1700,1700,1300,1.0150151151835354,0.0
8739,1300,1700,1700,1300,1.017184691342852,0.0
8739,1300,1700,1700,1300,1.012109903436766,0.0
8759,1300,1700,1700,1300,1.0150532573632187,0.0
8759,1300,1700,1700,1300,1.0172144654863322,0.0
8759,1300,1700,1700,1300,1.0146726991513615,0.0
8779,1300,1700,1700,1300,1.0167360270008414,0.0
8779,1300,1700,1700,1300,1.0195770773326653,0.0
8779,1300,1700,1700,1300,1.0148577270965848,0.0
8800,1300,1700,1700,1300,1.029556041237072,0.0
8800,1300,1700,1700,1300,1.0324383939037236,0.0
8800,1300,1700,1700,1300,1.0305508951267826,0.0
8819,1300,1700,1700,1300,1.028865791564198,0.0
8819,1300,1700,1700,1300,1.0314259204182676,0.0
8819,1300,1700,1700,1300,1.0260589233861408,0.0
8840,1300,1700,1700,1300,1.032369677373238,0.0
8840,1300,1700,1700,1300,1.035163775914529,0.0
8840,1300,1700,1700,1300,1.0286175159608437,0.0
8860,1300,1700,1700,1300,1.044466548110364,0.0
8860,1300,1700,1700,1300,1.0475492357959117,0.0
8860,1300,1700,1700,1300,1.0416305942634914,0.0
8879,1300,1700,1700,1300,1.0276596376759417,0.0
8879,1300,1700,1700,1300,1.0300068292270088,0.0
8879,1300,1700,1700,1300,1.0294844865168633,0.0
8899,1300,1700,1700,1300,1.0392207996282963,0.0
8899,1300,1700,1700,1300,1.0411931659019424,0.0
8899,1300,1700,1700,1300,1.0365888174442885,0.0
8920,1300,1700,1700,1300,1.0328921697874858,0.0
8920,1300,1700,1700,1300,1.0351810823717849,0.0
8920,1300,1700,1700,1300,1.0332967049926192,0.0
8939,1300,1700,1700,1300,1.0349816453608738,0.0
8939,1300,1700,1700,1300,1.0374797747727211,0.0
8939,1300,1700,1700,1300,1.0278871046632856,0.0
8960,1300,1700,1700,1300,1.028308427428984,0.0
8960,1300,1700,1700,1300,1.0308056100042609,0.0
8960,1300,1700,1700,1300,1.0332958878968155,0.0
8980,1300,1700,1700,1300,1.0169071033016701,0.0
8980,1300,1700,1700,1300,1.0201633591905457,0.0
8980,1300,1700,1700,1300,1.019224260241245,0.0
8999,1300,1700,1700,1300,1.0112494740874975,0.0
8999,1300,1700,1700,1300,1.0125175192579499,0.0
8999,1300,1700,1700,1300,1.0070988556382878,0.0
9019,1300,1700,1700,1300,1.0237534939534605,0.0
9019,1300,1700,1700,1300,1.024928602796318,0.0
9019,1300,1700,1700,1300,1.0210377516762739,0.0
9040,1300,1700,1700,1300,1.0200965527123806,0.0
9040,1300,1700,1700,1300,1.022032279242399,0.0
9040,1300,1700,1700,1300,1.021440802620326,0.0
9060,1300,1700,1700,1300,1.0183574005338651,0.0
9060,1300,1700,1700,1300,1.0203932705353758,0.0
9060,1300,1700,1700,1300,1.0168670929958836,0.0
9079,1300,1700,1700,1300,1.0192596809503682,0.0
9079,1300,1700,1700,1300,1.0223138273221184,0.0
9079,1300,1700,1700,1300,1.0167780357521594,0.0
9100,1300,1700,1700,1300,1.0156720050974584,0.0
9100,1300,1700,1700,1300,1.0174226386811112,0.0
9100,1300,1700,1700,1300,1.0219276720381723,0.0
9120,1412,1602,1602,1412,1.0310597118482572,0.0
9120,1412,1602,1602,1412,1.0331686504733533,0.0
9120,1412,1602,1602,1412,1.0364379892559985,0.0
9139,1534,1497,1497,1534,1.031700439293224,0.0
9139,1534,1497,1497,1534,1.0331543762508912,0.0
9139,1534,1497,1497,1534,1.0303031872969017,0.0
9160,1656,1391,1391,1656,1.0295223892969114,0.0
9160,1656,1391,1391,1656,1.0315051701532771,0.0
9160,1656,1391,1391,1656,1.0279428511615367,0.0
9179,1778,1285,1285,1778,1.0488732969764643,0.0
9179,1778,1285,1285,1778,1.0506137700765672,0.0
9179,1778,1285,1285,1778,1.0431405085712377,0.0
9200,1900,1180,1180,1900,1.0503017485113182,0.0
9200,1900,1180,1180,1900,1.0525205281715522,0.0
9200,1900,1180,1180,1900,1.0593593150726033,0.0
9219,1900,1180,1180,1900,1.0561326809429286,0.0
9219,1900,1180,1180,1900,1.058637500608972,0.0
9219,1900,1180,1180,1900,1.051420274532193,0.0
9240,1900,1180,1180,1900,1.0576779042187798,0.0
9240,1900,1180,1180,1900,1.0604322512484785,0.0
9240,1900,1180,1180,1900,1.0376501661491109,0.0
9259,1900,1180,1180,1900,0.8441890021984528,0.0
9259,1900,1180,1180,1900,0.8477905195413837,0.0
9259,1900,1180,1180,1900,0.830858568572493,0.0
9279,1900,1180,1180,1900,0.6241642676262168,0.0
9279,1900,1180,1180,1900,0.6283877347493012,0.0
9279,1900,1180,1180,1900,0.6475694436002094,0.0
9300,1900,1180,1180,1900,0.5108321699620274,0.0
9300,1900,1180,1180,1900,0.5103937452927365,0.0
9300,1900,1180,1180,1900,0.5199555100749103,0.0
9320,1900,1180,1180,1900,0.3815001779708852,0.0
9320,1900,1180,1180,1900,0.385542591329349,0.0
9320,1900,1180,1180,1900,0.3850703697247558,0.0
9340,1900,1180,1180,1900,0.2690608556479324,0.0
9340,1900,1180,1180,1900,0.27346872323203797,0.0
9340,1900,1180,1180,1900,0.26115148490727225,0.0
9360,1900,1180,1180,1900,0.10866005992363259,0.0
9360,1900,1180,1180,1900,0.1148806885468846,0.0
9360,1900,1180,1180,1900,0.11777442675781274,0.0
9380,1900,1180,1180,1900,-0.04818277646493155,0.0
9380,1900,1180,1180,1900,-0.04309028777327122,0.0
9380,1900,1180,1180,1900,-0.03224161790202864,0.0
9399,1900,1180,1180,1900,-0.16582617828613083,0.0
9399,1900,1180,1180,1900,-0.16425720261586635,0.0
9399,1900,1180,1180,1900,-0.16114672772274505,0.0
9419,1900,1180,1180,1900,-0.28421507671827956,0.0
9419,1900,1180,1180,1900,-0.2791513761978076,0.0
9419,1900,1180,1180,1900,-0.2834053909253821,0.0
9440,1900,1180,1180,1900,-0.3968197745660532,0.0
9440,1900,1180,1180,1900,-0.3920270126396893,0.0
9440,1900,1180,1180,1900,-0.40203601299125247,0.0
9459,1900,1180,1180,1900,-0.4848841097776037,0.0
9459,1900,1180,1180,1900,-0.4797818790261384,0.0
9459,1900,1180,1180,1900,-0.4782814064031526,0.0
9479,1900,1180,1180,1900,-0.5526493636262745,0.0
9479,1900,1180,1180,1900,-0.5483593989329048,0.0
9479,1900,1180,1180,1900,-0.5615156454114648,0.0
9500,1900,1180,1180,1900,-0.6584936164051658,0.0
9500,1900,1180,1180,1900,-0.6517252563902288,0.0
9500,1900,1180,1180,1900,-0.657035842503027,0.0
9519,1900,1180,1180,1900,-0.7314905895094411,0.0
9519,1900,1180,1180,1900,-0.7261146202100871,0.0
9519,1900,1180,1180,1900,-0.7321649061692868,0.0
9540,1900,1180,1180,1900,-0.8316227779108069,0.0
9540,1900,1180,1180,1900,-0.830448943688957,0.0
9540,1900,1180,1180,1900,-0.8343255670146061,0.0
9559,1900,1180,1180,1900,-0.9057310613468493,0.0
9559,1900,1180,1180,1900,-0.9027114381602319,0.0
9559,1900,1180,1180,1900,-0.8953888033198267,0.0
9580,1900,1180,1180,1900,-0.9271285156465603,0.0
9580,1900,1180,1180,1900,-0.9218060451990506,0.0
9580,1900,1180,1180,1900,-0.9358697514286533,0.0
9600,1900,1180,1180,1900,-1.0192683270215455,0.0
9600,1900,1180,1180,1900,-1.0153533994139872,0.0
9600,1900,1180,1180,1900,-1.0202974612992328,0.0
9619,1900,1180,1180,1900,-1.1004506164976084,0.0
9619,1900,1180,1180,1900,-1.0980641332525283,0.0
9619,1900,1180,1180,1900,-1.0902537749114463,0.0
9640,1900,1180,1180,1900,-1.1377446419213213,0.0
9640,1900,1180,1180,1900,-1.1348590500197104,0.0
9640,1900,1180,1180,1900,-1.1344483659588893,0.0
9659,1900,1180,1180,1900,-1.187414014450798,0.0
9659,1900,1180,1180,1900,-1.1848940534511254,0.0
9659,1900,1180,1180,1900,-1.190604190022762,0.0
9679,1900,1180,1180,1900,-1.233893475491805,0.0
9679,1900,1180,1180,1900,-1.2294772566731582,0.0
9679,1900,1180,1180,1900,-1.2331670549569569,0.0
9700,1900,1180,1180,1900,-1.268898766961865,0.0
9700,1900,1180,1180,1900,-1.2651560687780834,0.0
9700,1900,1180,1180,1900,-1.2716953229805128,0.0
9720,1900,1180,1180,1900,-1.2922688483089257,0.0
9720,1900,1180,1180,1900,-1.2876791784550012,0.0
9720,1900,1180,1180,1900,-1.287063150620442,0.0
9739,1900,1180,1180,1900,-1.3185779088728977,0.0
9739,1900,1180,1180,1900,-1.3146950401143027,0.0
9739,1900,1180,1180,1900,-1.3244512045045005,0.0
9760,1900,1180,1180,1900,-1.3684189164935823,0.0
9760,1900,1180,1180,1900,-1.365361338057286,0.0
9760,1900,1180,1180,1900,-1.3624750796212672,0.0
9780,1900,1180,1180,1900,-1.3641291015855477,0.0
9780,1900,1180,1180,1900,-1.360606221144676,0.0
9780,1900,1180,1180,1900,-1.3702008811262332,0.0
9800,1900,1180,1180,1900,-1.4169174900501855,0.0
9800,1900,1180,1180,1900,-1.4151848482554614,0.0
9800,1900,1180,1180,1900,-1.4084083970295713,0.0
9819,1900,1180,1180,1900,-1.4220615246851682,0.0
9819,1900,1180,1180,1900,-1.418880198273806,0.0
9819,1900,1180,1180,1900,-1.4276659001065655,0.0
9840,1900,1180,1180,1900,-1.4304876363568948,0.0
9840,1900,1180,1180,1900,-1.4287324179008167,0.0
9840,1900,1180,1180,1900,-1.4338310889703763,0.0
9860,1900,1180,1180,1900,-1.431147990902113,0.0
9860,1900,1180,1180,1900,-1.4278095544897778,0.0
9860,1900,1180,1180,1900,-1.4344145406844926,0.0
9879,1900,1180,1180,1900,-1.455063071100719,0.0
9879,1900,1180,1180,1900,-1.4505001169531415,0.0
9879,1900,1180,1180,1900,-1.4572251075156533,0.0
9899,1900,1180,1180,1900,-1.4784270270941002,0.0
9899,1900,1180,1180,1900,-1.4757975479811063,0.0
9899,1900,1180,1180,1900,-1.4785921820965924,0.0
9919,1900,1180,1180,1900,-1.4974975395295456,0.0
9919,1900,1180,1180,1900,-1.4955750006383397,0.0
9919,1900,1180,1180,1900,-1.4950929575027998,0.0
9939,1900,1180,1180,1900,-1.485868938792937,0.0
9939,1900,1180,1180,1900,-1.4830771123870934,0.0
9939,1900,1180,1180,1900,-1.4947798962026715,0.0
9959,1900,1180,1180,1900,-1.5308518162517368,0.0
9959,1900,1180,1180,1900,-1.5276868276851723,0.0
9959,1900,1180,1180,1900,-1.527842859779684,0.0
9980,1900,1180,1180,1900,-1.545076846597852,0.0
9980,1900,1180,1180,1900,-1.5434669169377648,0.0
9980,1900,1180,1180,1900,-1.5504541485782397,0.0
9999,1900,1180,1180,1900,-1.5781723278725361,0.0
9999,1900,1180,1180,1900,-1.5762864562419419,0.0
9999,1900,1180,1180,1900,-1.5733773645419595,0.0
10019,1900,1180,1180,1900,-1.5665502659142596,0.0
10019,1900,1180,1180,1900,-1.5640104169515112,0.0
10019,1900,1180,1180,1900,-1.5725262383734013,0.0
10040,1900,1180,1180,1900,-1.5821591914894484,0.0
10040,1900,1180,1180,1900,-1.5801143360009775,0.0
10040,1900,1180,1180,1900,-1.58236164413463,0.0
10059,1900,1180,1180,1900,-1.618546866655468,0.0
10059,1900,1180,1180,1900,-1.6182219157808484,0.0
10059,1900,1180,1180,1900,-1.6171478758299234,0.0
10079,1900,1180,1180,1900,-1.6419763054320489,0.0
10079,1900,1180,1180,1900,-1.6407215088782088,0.0
10079,1900,1180,1180,1900,-1.641563091301835,0.0
10100,1900,1180,1180,1900,-1.6416591092850492,0.0
10100,1900,1180,1180,1900,-1.6382445907142729,0.0
10100,1900,1180,1180,1900,-1.635834014281877,0.0
10120,1900,1180,1180,1900,-1.6247297801824705,0.0
10120,1900,1180,1180,1900,-1.6230286334834665,0.0
10120,1900,1180,1180,1900,-1.6348045306515537,0.0
10139,1900,1180,1180,1900,-1.6457718432496735,0.0
10139,1900,1180,1180,1900,-1.6423493413671935,0.0
10139,1900,1180,1180,1900,-1.6435055264043892,0.0
10159,1900,1180,1180,1900,-1.645343440501494,0.0
10159,1900,1180,1180,1900,-1.6436818574771332,0.0
10159,1900,1180,1180,1900,-1.6516354917641942,0.0
10179,1900,1180,1180,1900,-1.6195179802603172,0.0
10179,1900,1180,1180,1900,-1.6168052587690818,0.0
10179,1900,1180,1180,1900,-1.6224664059987597,0.0
10199,1900,1180,1180,1900,-1.6528275741717815,0.0
10199,1900,1180,1180,1900,-1.6511897339472874,0.0
10199,1900,1180,1180,1900,-1.6527632366198215,0.0
10219,1900,1180,1180,1900,-1.6809146171205234,0.0
10219,1900,1180,1180,1900,-1.6798674892013703,0.0
10219,1900,1180,1180,1900,-1.6799602686764352,0.0
10239,1900,1180,1180,1900,-1.625607280453433,0.0
10239,1900,1180,1180,1900,-1.6255727472851897,0.0
10239,1900,1180,1180,1900,-1.6268541224685025,0.0
10259,1900,1180,1180,1900,-1.607512801142926,0.0
10259,1900,1180,1180,1900,-1.6052534870847441,0.0
10259,1900,1180,1180,1900,-1.6144061851964766,0.0
10279,1900,1180,1180,1900,-1.6034721917821109,0.0
10279,1900,1180,1180,1900,-1.600804408403359,0.0
10279,1900,1180,1180,1900,-1.6082449252887656,0.0
10300,1900,1180,1180,1900,-1.6327685275333517,0.0
10300,1900,1180,1180,1900,-1.631299200929169,0.0
10300,1900,1180,1180,1900,-1.6352488806068923,0.0
10319,1900,1180,1180,1900,-1.6359441258956817,0.0
10319,1900,1180,1180,1900,-1.6357080746937305,0.0
10319,1900,1180,1180,1900,-1.6387397967888937,0.0
10340,1900,1180,1180,1900,-1.6407181560290178,0.0
10340,1900,1180,1180,1900,-1.639505999959233,0.0
10340,1900,1180,1180,1900,-1.6429103971983408,0.0
10360,1900,1180,1180,1900,-1.6652518064460935,0.0
10360,1900,1180,1180,1900,-1.6648107101238672,0.0
10360,1900,1180,1180,1900,-1.6671845406689072,0.0
10380,1900,1180,1180,1900,-1.6427682024804169,0.0
10380,1900,1180,1180,1900,-1.6416937468077675,0.0
10380,1900,1180,1180,1900,-1.6443419581952017,0.0
10400,1900,1180,1180,1900,-1.6238087781515724,0.0
10400,1900,1180,1180,1900,-1.6211276273579773,0.0
10400,1900,1180,1180,1900,-1.6262495925423346,0.0
10419,1900,1180,1180,1900,-1.641802261010586,0.0
10419,1900,1180,1180,1900,-1.640848675408999,0.0
10419,1900,1180,1180,1900,-1.6480338244517136,0.0
10439,1900,1180,1180,1900,-1.6164363839349383,0.0
10439,1900,1180,1180,1900,-1.614668756498874,0.0
10439,1900,1180,1180,1900,-1.6278616479187282,0.0
10459,1900,1180,1180,1900,-1.6281319202501017,0.0
10459,1900,1180,1180,1900,-1.6277698131466127,0.0
10459,1900,1180,1180,1900,-1.631813498436225,0.0
10479,1900,1180,1180,1900,-1.6865432981308075,0.0
10479,1900,1180,1180,1900,-1.687491572456983,0.0
10479,1900,1180,1180,1900,-1.6782060924933966,0.0
10499,1900,1180,1180,1900,-1.6728986550700458,0.0
10499,1900,1180,1180,1900,-1.67372307300903,0.0
10499,1900,1180,1180,1900,-1.6719056105303765,0.0
10519,1900,1180,1180,1900,-1.6311037494861214,0.0
10519,1900,1180,1180,1900,-1.6292628502819704,0.0
10519,1900,1180,1180,1900,-1.6341430498130278,0.0
10539,1900,1180,1180,1900,-1.6249650318566433,0.0
10539,1900,1180,1180,1900,-1.6245464138622216,0.0
10539,1900,1180,1180,1900,-1.6353388457952367,0.0
10560,1900,1180,1180,1900,-1.6781832524392077,0.0
10560,1900,1180,1180,1900,-1.6796401212582113,0.0
10560,1900,1180,1180,1900,-1.6696962076613544,0.0
10579,1900,1180,1180,1900,-1.6816914782348198,0.0
10579,1900,1180,1180,1900,-1.6826859373831151,0.0
10579,1900,1180,1180,1900,-1.688658716900499,0.0
10600,1900,1180,1180,1900,-1.6785984178066182,0.0
10600,1900,1180,1180,1900,-1.6794895907246712,0.0
10600,1900,1180,1180,1900,-1.6767443929408468,0.0
10620,1900,1180,1180,1900,-1.6982617114574907,0.0
10620,1900,1180,1180,1900,-1.6994245758891786,0.0
10620,1900,1180,1180,1900,-1.693833931797394,0.0
10640,1900,1180,1180,1900,-1.6867917636619678,0.0
10640,1900,1180,1180,1900,-1.6872293379909746,0.0
10640,1900,1180,1180,1900,-1.694441642545897,0.0
10659,1900,1180,1180,1900,-1.6715250286999879,0.0
10659,1900,1180,1180,1900,-1.6721019834838324,0.0
10659,1900,1180,1180,1900,-1.6756602290141307,0.0
10679,1900,1180,1180,1900,-1.6643251120284346,0.0
10679,1900,1180,1180,1900,-1.6644381728760238,0.0
10679,1900,1180,1180,1900,-1.6656134085307033,0.0
10699,1900,1180,1180,1900,-1.6780922556525772,0.0
10699,1900,1180,1180,1900,-1.679247988449018,0.0
10699,1900,1180,1180,1900,-1.6834283820053901,0.0
10719,1900,1180,1180,1900,-1.6940531794030569,0.0
10719,1900,1180,1180,1900,-1.6946144557100087,0.0
10719,1900,1180,1180,1900,-1.6984464861650863,0.0
10739,1900,1180,1180,1900,-1.7097760780839477,0.0
10739,1900,1180,1180,1900,-1.7103848590681798,0.0
10739,1900,1180,1180,1900,-1.705401025696537,0.0
10760,1900,1180,1180,1900,-1.6985556267865387,0.0
10760,1900,1180,1180,1900,-1.6983937181515194,0.0
10760,1900,1180,1180,1900,-1.700167531931291,0.0
10779,1900,1180,1180,1900,-1.6918736698491386,0.0
10779,1900,1180,1180,1900,-1.6912061171392885,0.0
10779,1900,1180,1180,1900,-1.6933948452775007,0.0
10799,1900,1180,1180,1900,-1.690434280525375,0.0
10799,1900,1180,1180,1900,-1.6910896028092381,0.0
10799,1900,1180,1180,1900,-1.6968504348340812,0.0
10819,1900,1180,1180,1900,-1.696081497694553,0.0
10819,1900,1180,1180,1900,-1.696848138335895,0.0
10819,1900,1180,1180,1900,-1.6972866244831275,0.0
10840,1900,1180,1180,1900,-1.6758902678516876,0.0
10840,1900,1180,1180,1900,-1.675613172198746,0.0
10840,1900,1180,1180,1900,-1.6798345527273424,0.0
10860,1900,1180,1180,1900,-1.6844773340142287,0.0
10860,1900,1180,1180,1900,-1.6855762141985586,0.0
10860,1900,1180,1180,1900,-1.6797920871303735,0.0
10879,1900,1180,1180,1900,-1.6717551553943593,0.0
10879,1900,1180,1180,1900,-1.6722262320634311,0.0
10879,1900,1180,1180,1900,-1.6792954827647264,0.0
10900,1900,1180,1180,1900,-1.6987830622597346,0.0
10900,1900,1180,1180,1900,-1.7002829750364261,0.0
10900,1900,1180,1180,1900,-1.6950014883162636,0.0
10919,1900,1180,1180,1900,-1.7212341312580939,0.0
10919,1900,1180,1180,1900,-1.723496879069621,0.0
10919,1900,1180,1180,1900,-1.716852039394837,0.0
10940,1900,1180,1180,1900,-1.7039384323545954,0.0
10940,1900,1180,1180,1900,-1.7057385544017407,0.0
10940,1900,1180,1180,1900,-1.705494282489063,0.0
10960,1900,1180,1180,1900,-1.678252217246602,0.0
10960,1900,1180,1180,1900,-1.6798942433814052,0.0
10960,1900,1180,1180,1900,-1.6795937376509376,0.0
10980,1900,1180,1180,1900,-1.7122439591432734,0.0
10980,1900,1180,1180,1900,-1.714254958699418,0.0
10980,1900,1180,1180,1900,-1.7039695543680746,0.0
11000,1900,1180,1180,1900,-1.6889872957016805,0.0
11000,1900,1180,1180,1900,-1.6885382028300193,0.0
11000,1900,1180,1180,1900,-1.6909564639544097,0.0
11019,1900,1180,1180,1900,-1.6743601687723033,0.0
11019,1900,1180,1180,1900,-1.675475706549365,0.0
11019,1900,1180,1180,1900,-1.6804820302705408,0.0
11039,1900,1180,1180,1900,-1.7068786421119964,0.0
11039,1900,1180,1180,1900,-1.7090035335666596,0.0
11039,1900,1180,1180,1900,-1.6980825408327689,0.0
11059,1900,1180,1180,1900,-1.6880338047452228,0.0
11059,1900,1180,1180,1900,-1.6888300137360632,0.0
11059,1900,1180,1180,1900,-1.701298148910122,0.0
11079,1900,1180,1180,1900,-1.6970504232519723,0.0
11079,1900,1180,1180,1900,-1.6989040254481356,0.0
11079,1900,1180,1180,1900,-1.6893364785268683,0.0
11099,1900,1180,1180,1900,-1.6733515490214912,0.0
11099,1900,1180,1180,1900,-1.6720789507725429,0.0
11099,1900,1180,1180,1900,-1.685451880789876,0.0
11119,1772,1292,1292,1772,-1.6901749661136518,0.0
11119,1772,1292,1292,1772,-1.6907540337241524,0.0
11119,1772,1292,1292,1772,-1.6925254491683768,0.0
11139,1634,1414,1414,1634,-1.6906447900741801,0.0
11139,1634,1414,1414,1634,-1.6914417252837464,0.0
11139,1634,1414,1414,1634,-1.704379966166614,0.0
11160,1495,1536,1536,1495,-1.6831976243895115,0.0
11160,1495,1536,1536,1495,-1.6842803584749986,0.0
11160,1495,1536,1536,1495,-1.6875542405311306,0.0
11179,1357,1658,1658,1357,-1.6810808387148175,0.0
11179,1357,1658,1658,1357,-1.6811688159860716,0.0
11179,1357,1658,1658,1357,-1.6860448574360554,0.0
11200,1220,1780,1780,1220,-1.6999390561512477,0.0
11200,1220,1780,1780,1220,-1.701240374060991,0.0
11200,1220,1780,1780,1220,-1.7036147173566696,0.0
11220,1220,1780,1780,1220,-1.7039199523889137,0.0
11220,1220,1780,1780,1220,-1.703480016482988,0.0
11220,1220,1780,1780,1220,-1.7040405491017068,0.0
11240,1220,1780,1780,1220,-1.7002438930390684,0.0
11240,1220,1780,1780,1220,-1.7040609306659513,0.0
11240,1220,1780,1780,1220,-1.658376772288651,0.0
11259,1220,1780,1780,1220,-1.4566553822870971,0.0
11259,1220,1780,1780,1220,-1.459933767895065,0.0
11259,1220,1780,1780,1220,-1.4409062187291,0.0
11279,1220,1780,1780,1220,-1.2959745881443947,0.0
11279,1220,1780,1780,1220,-1.2972401171459473,0.0
11279,1220,1780,1780,1220,-1.2976615771973292,0.0
11300,1220,1780,1780,1220,-1.1596699075508066,0.0
11300,1220,1780,1780,1220,-1.159186212063776,0.0
11300,1220,1780,1780,1220,-1.1603507969233577,0.0
11319,1220,1780,1780,1220,-1.0062067461356194,0.0
11319,1220,1780,1780,1220,-1.004711985031587,0.0
11319,1220,1780,1780,1220,-1.0060725125586374,0.0
11339,1220,1780,1780,1220,-0.895487622806234,0.0
11339,1220,1780,1780,1220,-0.896204278292688,0.0
11339,1220,1780,1780,1220,-0.9014413850017002,0.0
11359,1220,1780,1780,1220,-0.7726140442921524,0.0
11359,1220,1780,1780,1220,-0.776254580594581,0.0
11359,1220,1780,1780,1220,-0.7689869470165445,0.0
11380,1220,1780,1780,1220,-0.6044082282732381,0.0
11380,1220,1780,1780,1220,-0.6069671472077957,0.0
11380,1220,1780,1780,1220,-0.6114064266673042,0.0
11399,1220,1780,1780,1220,-0.45432991996303496,0.0
11399,1220,1780,1780,1220,-0.45949360943085815,0.0
11399,1220,1780,1780,1220,-0.45469317845547175,0.0
11419,1220,1780,1780,1220,-0.3203594129901787,0.0
11419,1220,1780,1780,1220,-0.3228562569187611,0.0
11419,1220,1780,1780,1220,-0.32092266555997695,0.0
11439,1220,1780,1780,1220,-0.1787899446774941,0.0
11439,1220,1780,1780,1220,-0.18380877269494886,0.0
11439,1220,1780,1780,1220,-0.18021723636054593,0.0
11460,1220,1780,1780,1220,-0.05423833249296991,0.0
11460,1220,1780,1780,1220,-0.05580454744134874,0.0
11460,1220,1780,1780,1220,-0.05482958024124888,0.0
11479,1220,1780,1780,1220,0.044863217222581325,0.0
11479,1220,1780,1780,1220,0.045257596001937454,0.0
11479,1220,1780,1780,1220,0.04819205528911622,0.0
11500,1220,1780,1780,1220,0.14496273800792553,0.0
11500,1220,1780,1780,1220,0.14384950762486948,0.0
11500,1220,1780,1780,1220,0.14399602014513882,0.0
11520,1220,1780,1780,1220,0.2409782406234803,0.0
11520,1220,1780,1780,1220,0.23979378096808984,0.0
11520,1220,1780,1780,1220,0.2386480906304627,0.0
11539,1220,1780,1780,1220,0.3390875742718896,0.0
11539,1220,1780,1780,1220,0.33855624132898493,0.0
11539,1220,1780,1780,1220,0.3354456246806098,0.0
11559,1220,1780,1780,1220,0.4412800904098418,0.0
11559,1220,1780,1780,1220,0.4399246274810197,0.0
11559,1220,1780,1780,1220,0.4331107946946442,0.0
11580,1220,1780,1780,1220,0.534619361376402,0.0
11580,1220,1780,1780,1220,0.5349297986505379,0.0
11580,1220,1780,1780,1220,0.529751007174091,0.0
11600,1220,1780,1780,1220,0.6284371629968288,0.0
11600,1220,1780,1780,1220,0.6276617599660325,0.0
11600,1220,1780,1780,1220,0.6191360640146621,0.0
11619,1220,1780,1780,1220,0.7264502269624904,0.0
11619,1220,1780,1780,1220,0.7293635340268172,0.0
11619,1220,1780,1780,1220,0.7157731379707353,0.0
11640,1220,1780,1780,1220,0.7664903588615197,0.0
11640,1220,1780,1780,1220,0.7647271930422547,0.0
11640,1220,1780,1780,1220,0.7588065390748581,0.0
11660,1220,1780,1780,1220,0.8567035273003408,0.0
11660,1220,1780,1780,1220,0.8543222187207958,0.0
11660,1220,1780,1780,1220,0.8310711407775319,0.0
11679,1220,1780,1780,1220,0.8648689936673785,0.0
11679,1220,1780,1780,1220,0.862713252195266,0.0
11679,1220,1780,1780,1220,0.8582275131152058,0.0
11700,1220,1780,1780,1220,0.8677635141915054,0.0
11700,1220,1780,1780,1220,0.8673638076266064,0.0
11700,1220,1780,1780,1220,0.8864414241026719,0.0
11720,1220,1780,1780,1220,1.007325089478777,0.0
11720,1220,1780,1780,1220,1.0060634164249391,0.0
11720,1220,1780,1780,1220,1.0035944412289732,0.0
11739,1220,1780,1780,1220,1.0885507893520667,0.0
11739,1220,1780,1780,1220,1.0901340392097119,0.0
11739,1220,1780,1780,1220,1.0845744704599611,0.0
11760,1220,1780,1780,1220,1.1576494414047322,0.0
11760,1220,1780,1780,1220,1.1575346765766334,0.0
11760,1220,1780,1780,1220,1.1569894866821397,0.0
11779,1220,1780,1780,1220,1.2088018932393056,0.0
11779,1220,1780,1780,1220,1.2072429503710989,0.0
11779,1220,1780,1780,1220,1.1992990458119481,0.0
11800,1220,1780,1780,1220,1.2187776064975642,0.0
11800,1220,1780,1780,1220,1.217246489219603,0.0
11800,1220,1780,1780,1220,1.2257787027371325,0.0
11819,1220,1780,1780,1220,1.2277720249025699,0.0
11819,1220,1780,1780,1220,1.2278825457660627,0.0
11819,1220,1780,1780,1220,1.2341719030745426,0.0
11839,1220,1780,1780,1220,1.2699554882733306,0.0
11839,1220,1780,1780,1220,1.2678647366297475,0.0
11839,1220,1780,1780,1220,1.2733979421830048,0.0
11859,1220,1780,1780,1220,1.3711233231218076,0.0
11859,1220,1780,1780,1220,1.3707326112628404,0.0
11859,1220,1780,1780,1220,1.3633519212282843,0.0
11879,1220,1780,1780,1220,1.4125919708472527,0.0
11879,1220,1780,1780,1220,1.4131748797096486,0.0
11879,1220,1780,1780,1220,1.4111805963353121,0.0
11900,1220,1780,1780,1220,1.4445139046081492,0.0
11900,1220,1780,1780,1220,1.4446407947005948,0.0
11900,1220,1780,1780,1220,1.4396794099498256,0.0
11920,1220,1780,1780,1220,1.4830714736269828,0.0
11920,1220,1780,1780,1220,1.4825846761713637,0.0
11920,1220,1780,1780,1220,1.4787682643365243,0.0
11940,1220,1780,1780,1220,1.4865800796775126,0.0
11940,1220,1780,1780,1220,1.4875217050571874,0.0
11940,1220,1780,1780,1220,1.4757760438136087,0.0
11960,1220,1780,1780,1220,1.479582429108173,0.0
11960,1220,1780,1780,1220,1.478911842204262,0.0
11960,1220,1780,1780,1220,1.4940548586036355,0.0
11980,1220,1780,1780,1220,1.5520205079922909,0.0
11980,1220,1780,1780,1220,1.5521757173788506,0.0
11980,1220,1780,1780,1220,1.5455399637555394,0.0
11999,1220,1780,1780,1220,1.5460644504764283,0.0
11999,1220,1780,1780,1220,1.5445157349297458,0.0
11999,1220,1780,1780,1220,1.5483268798771588,0.0
12019,1220,1780,1780,1220,1.578670095862257,0.0
12019,1220,1780,1780,1220,1.579765385387445,0.0
12019,1220,1780,1780,1220,1.5789998308476325,0.0
12039,1220,1780,1780,1220,1.5785950034354048,0.0
12039,1220,1780,1780,1220,1.5781761422519969,0.0
12039,1220,1780,1780,1220,1.5734691156180012,0.0
12060,1220,1780,1780,1220,1.574402161125198,0.0
12060,1220,1780,1780,1220,1.5720213098148585,0.0
12060,1220,1780,1780,1220,1.578546577842746,0.0
12079,1220,1780,1780,1220,1.5668745398740263,0.0
12079,1220,1780,1780,1220,1.5656830645946784,0.0
12079,1220,1780,1780,1220,1.574242156588382,0.0
12100,1220,1780,1780,1220,1.59545874152794,0.0
12100,1220,1780,1780,1220,1.5957363151467856,0.0
12100,1220,1780,1780,1220,1.5905424198104872,0.0
12120,1220,1780,1780,1220,1.6028862485383844,0.0
12120,1220,1780,1780,1220,1.6028609215232543,0.0
12120,1220,1780,1780,1220,1.6168896335860607,0.0
12139,1220,1780,1780,1220,1.6148260879342977,0.0
12139,1220,1780,1780,1220,1.615324079600936,0.0
12139,1220,1780,1780,1220,1.6114914667345583,0.0
12159,1220,1780,1780,1220,1.618522628640356,0.0
12159,1220,1780,1780,1220,1.6175457723848816,0.0
12159,1220,1780,1780,1220,1.6309919462890625,0.0
12180,1220,1780,1780,1220,1.6517539694648367,0.0
12180,1220,1780,1780,1220,1.650392082903034,0.0
12180,1220,1780,1780,1220,1.6490112199557365,0.0
12200,1220,1780,1780,1220,1.673922894720556,0.0
12200,1220,1780,1780,1220,1.6742368441556734,0.0
12200,1220,1780,1780,1220,1.6673411241625276,0.0
12219,1220,1780,1780,1220,1.6303412079717692,0.0
12219,1220,1780,1780,1220,1.6306340552597989,0.0
12219,1220,1780,1780,1220,1.6389789770752847,0.0
12240,1220,1780,1780,1220,1.668142632836834,0.0
12240,1220,1780,1780,1220,1.6686588687253932,0.0
12240,1220,1780,1780,1220,1.6590741334721382,0.0
12260,1220,1780,1780,1220,1.6663588440701818,0.0
12260,1220,1780,1780,1220,1.6641777901571309,0.0
12260,1220,1780,1780,1220,1.6760044787468016,0.0
12279,1220,1780,1780,1220,1.6461317002297444,0.0
12279,1220,1780,1780,1220,1.6453591707552815,0.0
12279,1220,1780,1780,1220,1.6494351467481034,0.0
12300,1220,1780,1780,1220,1.6595415990665154,0.0
12300,1220,1780,1780,1220,1.6594837483414608,0.0
12300,1220,1780,1780,1220,1.6663302165067069,0.0
12320,1220,1780,1780,1220,1.6918781930399893,0.0
12320,1220,1780,1780,1220,1.691590117893238,0.0
12320,1220,1780,1780,1220,1.685859031997118,0.0
12340,1220,1780,1780,1220,1.6953545753504455,0.0
12340,1220,1780,1780,1220,1.6973572990060217,0.0
12340,1220,1780,1780,1220,1.6988573635055588,0.0
12359,1220,1780,1780,1220,1.706597003058659,0.0
12359,1220,1780,1780,1220,1.7066563260224432,0.0
12359,1220,1780,1780,1220,1.7056214678389583,0.0
12380,1220,1780,1780,1220,1.7099306992606467,0.0
12380,1220,1780,1780,1220,1.710454282837566,0.0
12380,1220,1780,1780,1220,1.7145635551132212,0.0
12399,1220,1780,1780,1220,1.6988216424514695,0.0
12399,1220,1780,1780,1220,1.6992635695864697,0.0
12399,1220,1780,1780,1220,1.6991704149074194,0.0
12419,1220,1780,1780,1220,1.7162282217626694,0.0
12419,1220,1780,1780,1220,1.7177906999450343,0.0
12419,1220,1780,1780,1220,1.7210741196415693,0.0
12440,1220,1780,1780,1220,1.7631469918711034,0.0
12440,1220,1780,1780,1220,1.7659801765605434,0.0
12440,1220,1780,1780,1220,1.7553985859729417,0.0
12459,1220,1780,1780,1220,1.7202879887427633,0.0
12459,1220,1780,1780,1220,1.720876926407046,0.0
12459,1220,1780,1780,1220,1.7347257759096892,0.0
12479,1220,1780,1780,1220,1.7408049947593094,0.0
12479,1220,1780,1780,1220,1.7407189594466494,0.0
12479,1220,1780,1780,1220,1.7337848478498117,0.0
12500,1220,1780,1780,1220,1.7327893688579645,0.0
12500,1220,1780,1780,1220,1.7337301813545547,0.0
12500,1220,1780,1780,1220,1.738449632066491,0.0
12519,1220,1780,1780,1220,1.7382200178942266,0.0
12519,1220,1780,1780,1220,1.7394791895502817,0.0
12519,1220,1780,1780,1220,1.7324612240297903,0.0
12539,1220,1780,1780,1220,1.709671385261029,0.0
12539,1220,1780,1780,1220,1.7105427523582843,0.0
12539,1220,1780,1780,1220,1.7139766683334612,0.0
12559,1220,1780,1780,1220,1.7139860761025072,0.0
12559,1220,1780,1780,1220,1.7148840287307046,0.0
12559,1220,1780,1780,1220,1.7228795829875923,0.0
12580,1220,1780,1780,1220,1.7500001674918795,0.0
12580,1220,1780,1780,1220,1.7514859221333547,0.0
12580,1220,1780,1780,1220,1.7467890636750596,0.0
12600,1220,1780,1780,1220,1.7318213756345069,0.0
12600,1220,1780,1780,1220,1.733032767163535,0.0
12600,1220,1780,1780,1220,1.7291429355090329,0.0
12619,1220,1780,1780,1220,1.7179571182678377,0.0
12619,1220,1780,1780,1220,1.718830065778046,0.0
12619,1220,1780,1780,1220,1.7307858494320771,0.0
12639,1220,1780,1780,1220,1.7368494994902621,0.0
12639,1220,1780,1780,1220,1.7384699536702541,0.0
12639,1220,1780,1780,1220,1.7351997757747188,0.0
12659,1220,1780,1780,1220,1.708241084615815,0.0
12659,1220,1780,1780,1220,1.7084996118768725,0.0
12659,1220,1780,1780,1220,1.7115801301355893,0.0
12679,1220,1780,1780,1220,1.7406690719302325,0.0
12679,1220,1780,1780,1220,1.7425996783145645,0.0
12679,1220,1780,1780,1220,1.7357929227670548,0.0
12700,1220,1780,1780,1220,1.7388004847103873,0.0
12700,1220,1780,1780,1220,1.7407741257630294,0.0
12700,1220,1780,1780,1220,1.7455528660016906,0.0
12720,1220,1780,1780,1220,1.7130641697322622,0.0
12720,1220,1780,1780,1220,1.7145586426188677,0.0
12720,1220,1780,1780,1220,1.7136174382373504,0.0
12739,1220,1780,1780,1220,1.6729280239358626,0.0
12739,1220,1780,1780,1220,1.6741391265137264,0.0
12739,1220,1780,1780,1220,1.6768456757820194,0.0
12760,1220,1780,1780,1220,1.6726402957293656,0.0
12760,1220,1780,1780,1220,1.6732037156843012,0.0
12760,1220,1780,1780,1220,1.6845016442749263,0.0
12779,1220,1780,1780,1220,1.7019740754953014,0.0
12779,1220,1780,1780,1220,1.7035638250124046,0.0
12779,1220,1780,1780,1220,1.702121929408621,0.0
12800,1220,1780,1780,1220,1.7313659125474747,0.0
12800,1220,1780,1780,1220,1.7345141364320242,0.0
12800,1220,1780,1780,1220,1.7247848657845148,0.0
12819,1220,1780,1780,1220,1.74408598049494,0.0
12819,1220,1780,1780,1220,1.7485268520684818,0.0
12819,1220,1780,1780,1220,1.7440668197400853,0.0
12840,1220,1780,1780,1220,1.7167660365578112,0.0
12840,1220,1780,1780,1220,1.7195191461030959,0.0
12840,1220,1780,1780,1220,1.7210907071262291,0.0
12859,1220,1780,1780,1220,1.7033223521181957,0.0
12859,1220,1780,1780,1220,1.7080644844863757,0.0
12859,1220,1780,1780,1220,1.7129862255285297,0.0
12879,1220,1780,1780,1220,1.7157722758782814,0.0
12879,1220,1780,1780,1220,1.717987526737745,0.0
12879,1220,1780,1780,1220,1.718334837048303,0.0
12899,1220,1780,1780,1220,1.7025346516973783,0.0
12899,1220,1780,1780,1220,1.707878426486147,0.0
12899,1220,1780,1780,1220,1.701046277409578,0.0
12919,1339,1660,1660,1339,1.7095050798757847,0.0
12919,1339,1660,1660,1339,1.7128447000631137,0.0
12919,1339,1660,1660,1339,1.713938135538581,0.0
12939,1469,1530,1530,1469,1.7376680240571778,0.0
12939,1469,1530,1530,1469,1.739441204194435,0.0
12939,1469,1530,1530,1469,1.7344807529324293,0.0
12960,1600,1399,1399,1600,1.720930703738088,0.0
12960,1600,1399,1399,1600,1.7238610507172885,0.0
12960,1600,1399,1399,1600,1.7262510508862923,0.0
12980,1730,1269,1269,1730,1.7221243601596847,0.0
12980,1730,1269,1269,1730,1.7256041831468474,0.0
12980,1730,1269,1269,1730,1.7097187978545731,0.0
13000,1860,1140,1140,1860,1.7075849030740917,0.0
13000,1860,1140,1140,1860,1.7111510336612228,0.0
13000,1860,1140,1140,1860,1.709635166883578,0.0
13019,1860,1140,1140,1860,1.704981734815681,0.0
13019,1860,1140,1140,1860,1.7075859060117766,0.0
13019,1860,1140,1140,1860,1.7074322181556005,0.0
13039,1860,1140,1140,1860,1.724664484061899,0.0
13039,1860,1140,1140,1860,1.729337463549193,0.0
13039,1860,1140,1140,1860,1.679428116963286,0.0
13059,1860,1140,1140,1860,1.5032291352836515,0.0
13059,1860,1140,1140,1860,1.5093269525052755,0.0
13059,1860,1140,1140,1860,1.4863586841535725,0.0
13080,1860,1140,1140,1860,1.2809539779041372,0.0
13080,1860,1140,1140,1860,1.2877163922998858,0.0
13080,1860,1140,1140,1860,1.2909742020270576,0.0
13100,1860,1140,1140,1860,1.161679820412021,0.0
13100,1860,1140,1140,1860,1.1685577421973725,0.0
13100,1860,1140,1140,1860,1.156012495325766,0.0
13119,1860,1140,1140,1860,1.0691508347815701,0.0
13119,1860,1140,1140,1860,1.0737743823695192,0.0
13119,1860,1140,1140,1860,1.064461387745701,0.0
13139,1860,1140,1140,1860,0.9539177041750659,0.0
13139,1860,1140,1140,1860,0.9592478033850104,0.0
13139,1860,1140,1140,1860,0.9561421318352074,0.0
13160,1860,1140,1140,1860,0.7708948755283028,0.0
13160,1860,1140,1140,1860,0.7763474593613355,0.0
13160,1860,1140,1140,1860,0.7662613187631901,0.0
13179,1860,1140,1140,1860,0.5778073660471464,0.0
13179,1860,1140,1140,1860,0.5831627352875026,0.0
13179,1860,1140,1140,1860,0.5834398511114509,0.0
13200,1860,1140,1140,1860,0.45816770562449005,0.0
13200,1860,1140,1140,1860,0.46624032447342173,0.0
13200,1860,1140,1140,1860,0.4557724219741698,0.0
13220,1860,1140,1140,1860,0.3322511619629857,0.0
13220,1860,1140,1140,1860,0.33655683740111647,0.0
13220,1860,1140,1140,1860,0.3256582038329815,0.0
13240,1860,1140,1140,1860,0.1640155356916809,0.0
13240,1860,1140,1140,1860,0.17027276705604766,0.0
13240,1860,1140,1140,1860,0.16697462303253946,0.0
13260,1860,1140,1140,1860,0.031285991222685536,0.0
13260,1860,1140,1140,1860,0.03491910644295054,0.0
13260,1860,1140,1140,1860,0.03461074040925144,0.0
13279,1860,1140,1140,1860,-0.08339085502325122,0.0
13279,1860,1140,1140,1860,-0.07889241008031156,0.0
13279,1860,1140,1140,1860,-0.07889341254922776,0.0
13300,1860,1140,1140,1860,-0.18948121011059732,0.0
13300,1860,1140,1140,1860,-0.1816450987817174,0.0
13300,1860,1140,1140,1860,-0.18395867702162316,0.0
13320,1860,1140,1140,1860,-0.3026258860370633,0.0
13320,1860,1140,1140,1860,-0.29685685719054067,0.0
13320,1860,1140,1140,1860,-0.29171833889058774,0.0
13339,1860,1140,1140,1860,-0.4053189729843595,0.0
13339,1860,1140,1140,1860,-0.40167300707478426,0.0
13339,1860,1140,1140,1860,-0.39470292015684505,0.0
13359,1860,1140,1140,1860,-0.5055815252220757,0.0
13359,1860,1140,1140,1860,-0.5003165865830844,0.0
13359,1860,1140,1140,1860,-0.49466251715377757,0.0
13380,1860,1140,1140,1860,-0.6132343313515352,0.0
13380,1860,1140,1140,1860,-0.6066483015779508,0.0
13380,1860,1140,1140,1860,-0.5988024754239231,0.0
13400,1860,1140,1140,1860,-0.7165264861750276,0.0
13400,1860,1140,1140,1860,-0.71225476041429,0.0
13400,1860,1140,1140,1860,-0.6989687131777281,0.0
13420,1860,1140,1140,1860,-0.7812681577404168,0.0
13420,1860,1140,1140,1860,-0.7737979950286544,0.0
13420,1860,1140,1140,1860,-0.7684729550376206,0.0
13440,1860,1140,1140,1860,-0.8092472337647183,0.0
13440,1860,1140,1140,1860,-0.800952054461088,0.0
13440,1860,1140,1140,1860,-0.8186059231971726,0.0
13459,1860,1140,1140,1860,-0.7808451028381522,0.0
13459,1860,1140,1140,1860,-0.770813457399544,0.0
13459,1860,1140,1140,1860,-0.7833563096636951,0.0
13479,1860,1140,1140,1860,-0.8855834520314574,0.0
13479,1860,1140,1140,1860,-0.8780030926384944,0.0
13479,1860,1140,1140,1860,-0.8843532446410372,0.0
13499,1860,1140,1140,1860,-0.9682539501982144,0.0
13499,1860,1140,1140,1860,-0.9594984250772176,0.0
13499,1860,1140,1140,1860,-0.9639101474077282,0.0
13520,1860,1140,1140,1860,-1.0654742677327906,0.0
13520,1860,1140,1140,1860,-1.058460374864629,0.0
13520,1860,1140,1140,1860,-1.0626302635740859,0.0
13540,1860,1140,1140,1860,-1.1426537794161193,0.0
13540,1860,1140,1140,1860,-1.1352751348832428,0.0
13540,1860,1140,1140,1860,-1.1377406880207068,0.0
13560,1860,1140,1140,1860,-1.184252137813181,0.0
13560,1860,1140,1140,1860,-1.1776131390769715,0.0
13560,1860,1140,1140,1860,-1.174039983359354,0.0
13580,1860,1140,1140,1860,-1.1796558750959127,0.0
13580,1860,1140,1140,1860,-1.170596366195033,0.0
13580,1860,1140,1140,1860,-1.1803438869178757,0.0
13600,1860,1140,1140,1860,-1.193589208533043,0.0
13600,1860,1140,1140,1860,-1.184283138502896,0.0
13600,1860,1140,1140,1860,-1.2013734720740243,0.0
13620,1860,1140,1140,1860,-1.2379445206685016,0.0
13620,1860,1140,1140,1860,-1.229199975096905,0.0
13620,1860,1140,1140,1860,-1.2385212808613053,0.0
13640,1860,1140,1140,1860,-1.2945890488164253,0.0
13640,1860,1140,1140,1860,-1.2867300732676819,0.0
13640,1860,1140,1140,1860,-1.2880290722744587,0.0
13660,1860,1140,1140,1860,-1.3562482965816454,0.0
13660,1860,1140,1140,1860,-1.3480597181357528,0.0
13660,1860,1140,1140,1860,-1.349974956131859,0.0
13680,1860,1140,1140,1860,-1.3889209571444643,0.0
13680,1860,1140,1140,1860,-1.3826796192996236,0.0
13680,1860,1140,1140,1860,-1.3841291432840674,0.0
13700,1860,1140,1140,1860,-1.3949451849526924,0.0
13700,1860,1140,1140,1860,-1.3877174916671846,0.0
13700,1860,1140,1140,1860,-1.3873377045408974,0.0
13720,1860,1140,1140,1860,-1.4275276576356792,0.0
13720,1860,1140,1140,1860,-1.4190558016191113,0.0
13720,1860,1140,1140,1860,-1.4289996052225156,0.0
13739,1860,1140,1140,1860,-1.4794703669868636,0.0
13739,1860,1140,1140,1860,-1.47082929375085,0.0
13739,1860,1140,1140,1860,-1.4749048889701197,0.0
13759,1860,1140,1140,1860,-1.4682565412491202,0.0
13759,1860,1140,1140,1860,-1.4602327178161625,0.0
13759,1860,1140,1140,1860,-1.4610268073968768,0.0
13780,1860,1140,1140,1860,-1.4888384440339744,0.0
13780,1860,1140,1140,1860,-1.4799109892046944,0.0
13780,1860,1140,1140,1860,-1.4896918524572798,0.0
13800,1860,1140,1140,1860,-1.5267065223924199,0.0
13800,1860,1140,1140,1860,-1.5189050437001954,0.0
13800,1860,1140,1140,1860,-1.513032387402608,0.0
13820,1860,1140,1140,1860,-1.5028410807859696,0.0
13820,1860,1140,1140,1860,-1.4926181185045002,0.0
13820,1860,1140,1140,1860,-1.5010729585963771,0.0
13840,1860,1140,1140,1860,-1.5002286697785576,0.0
13840,1860,1140,1140,1860,-1.4915787067260151,0.0
13840,1860,1140,1140,1860,-1.5001146151472426,0.0
13859,1860,1140,1140,1860,-1.5303538616240537,0.0
13859,1860,1140,1140,1860,-1.519489340762684,0.0
13859,1860,1140,1140,1860,-1.5259912841028553,0.0
13879,1860,1140,1140,1860,-1.5496517643270795,0.0
13879,1860,1140,1140,1860,-1.5413599062421404,0.0
13879,1860,1140,1140,1860,-1.5507611756055315,0.0
13899,1860,1140,1140,1860,-1.5587618707100095,0.0
13899,1860,1140,1140,1860,-1.5510383933771141,0.0
13899,1860,1140,1140,1860,-1.5470975486190248,0.0
13919,1860,1140,1140,1860,-1.5608501694177561,0.0
13919,1860,1140,1140,1860,-1.5525533158069833,0.0
13919,1860,1140,1140,1860,-1.5635557676537672,0.0
13939,1860,1140,1140,1860,-1.583826132035933,0.0
13939,1860,1140,1140,1860,-1.5762350006868182,0.0
13939,1860,1140,1140,1860,-1.574718846344435,0.0
13959,1860,1140,1140,1860,-1.5716502113738704,0.0
13959,1860,1140,1140,1860,-1.5629091140812896,0.0
13959,1860,1140,1140,1860,-1.5729383302115965,0.0
13979,1860,1140,1140,1860,-1.5583817702966285,0.0
13979,1860,1140,1140,1860,-1.549647528539127,0.0
13979,1860,1140,1140,1860,-1.555303663311431,0.0
14000,1860,1140,1140,1860,-1.5709416643900282,0.0
14000,1860,1140,1140,1860,-1.5620704419569473,0.0
14000,1860,1140,1140,1860,-1.570695404115304,0.0
14019,1860,1140,1140,1860,-1.5862416323946222,0.0
14019,1860,1140,1140,1860,-1.5781385401467172,0.0
14019,1860,1140,1140,1860,-1.5867490703696605,0.0
14040,1860,1140,1140,1860,-1.650179116887907,0.0
14040,1860,1140,1140,1860,-1.6436526483971627,0.0
14040,1860,1140,1140,1860,-1.6446902369650145,0.0
14060,1860,1140,1140,1860,-1.608610402390568,0.0
14060,1860,1140,1140,1860,-1.6010805924543483,0.0
14060,1860,1140,1140,1860,-1.6080973569700752,0.0
14079,1860,1140,1140,1860,-1.5832791350756317,0.0
14079,1860,1140,1140,1860,-1.573910913229637,0.0
14079,1860,1140,1140,1860,-1.584102631811684,0.0
14100,1860,1140,1140,1860,-1.5723562302465017,0.0
14100,1860,1140,1140,1860,-1.5633580493436172,0.0
14100,1860,1140,1140,1860,-1.572631681571306,0.0
14120,1860,1140,1140,1860,-1.567273685207733,0.0
14120,1860,1140,1140,1860,-1.5591329748010563,0.0
14120,1860,1140,1140,1860,-1.5648342299041351,0.0
14139,1860,1140,1140,1860,-1.611894119737951,0.0
14139,1860,1140,1140,1860,-1.6028408980587066,0.0
14139,1860,1140,1140,1860,-1.6075640661871458,0.0
14160,1860,1140,1140,1860,-1.6246589153884496,0.0
14160,1860,1140,1140,1860,-1.6184494858608762,0.0
14160,1860,1140,1140,1860,-1.6146239259002577,0.0
14179,1860,1140,1140,1860,-1.6317424726243308,0.0
14179,1860,1140,1140,1860,-1.6250279255867142,0.0
14179,1860,1140,1140,1860,-1.6301328788886766,0.0
14200,1860,1140,1140,1860,-1.6235754860356533,0.0
14200,1860,1140,1140,1860,-1.6165339016336822,0.0
14200,1860,1140,1140,1860,-1.6225056512084621,0.0
14219,1860,1140,1140,1860,-1.5923094898673094,0.0
14219,1860,1140,1140,1860,-1.5846516932728179,0.0
14219,1860,1140,1140,1860,-1.59842410437849,0.0
14240,1860,1140,1140,1860,-1.6236202006964604,0.0
14240,1860,1140,1140,1860,-1.6171377977070407,0.0
14240,1860,1140,1140,1860,-1.6167165769922212,0.0
14259,1860,1140,1140,1860,-1.6118070113191216,0.0
14259,1860,1140,1140,1860,-1.6053643701148799,0.0
14259,1860,1140,1140,1860,-1.6204531561682622,0.0
14279,1860,1140,1140,1860,-1.6298698131546963,0.0
14279,1860,1140,1140,1860,-1.6249103260783304,0.0
14279,1860,1140,1140,1860,-1.6236134394443495,0.0
14300,1860,1140,1140,1860,-1.6363577089791188,0.0
14300,1860,1140,1140,1860,-1.630959104425788,0.0
14300,1860,1140,1140,1860,-1.6268902292400622,0.0
14320,1860,1140,1140,1860,-1.628406373733724,0.0
14320,1860,1140,1140,1860,-1.6217782508465928,0.0
14320,1860,1140,1140,1860,-1.6339455907369917,0.0
14340,1860,1140,1140,1860,-1.6635615809099493,0.0
14340,1860,1140,1140,1860,-1.6570451918128515,0.0
14340,1860,1140,1140,1860,-1.6588852477746212,0.0
14360,1860,1140,1140,1860,-1.6330288712306527,0.0
14360,1860,1140,1140,1860,-1.6262333883769855,0.0
14360,1860,1140,1140,1860,-1.6324689266247148,0.0
14379,1860,1140,1140,1860,-1.618371490002672,0.0
14379,1860,1140,1140,1860,-1.6118006123707282,0.0
14379,1860,1140,1140,1860,-1.6212326399730665,0.0
14399,1860,1140,1140,1860,-1.6506192529887798,0.0
14399,1860,1140,1140,1860,-1.6455601723351099,0.0
14399,1860,1140,1140,1860,-1.6423884077657687,0.0
14420,1860,1140,1140,1860,-1.629918502463841,0.0
14420,1860,1140,1140,1860,-1.6242620672674468,0.0
14420,1860,1140,1140,1860,-1.632858586735461,0.0
14439,1860,1140,1140,1860,-1.6598543830241907,0.0
14439,1860,1140,1140,1860,-1.6546856747342877,0.0
14439,1860,1140,1140,1860,-1.651001182386779,0.0
14459,1860,1140,1140,1860,-1.6620469951575143,0.0
14459,1860,1140,1140,1860,-1.656821239187558,0.0
14459,1860,1140,1140,1860,-1.6607928734359216,0.0
14479,1860,1140,1140,1860,-1.6675409824393506,0.0
14479,1860,1140,1140,1860,-1.6618070288739166,0.0
14479,1860,1140,1140,1860,-1.6678130413028485,0.0
14500,1860,1140,1140,1860,-1.6478219568681762,0.0
14500,1860,1140,1140,1860,-1.6414857476027018,0.0
14500,1860,1140,1140,1860,-1.6518221766489196,0.0
14520,1860,1140,1140,1860,-1.6322533854624077,0.0
14520,1860,1140,1140,1860,-1.626896161048727,0.0
14520,1860,1140,1140,1860,-1.6246784287742795,0.0
14540,1860,1140,1140,1860,-1.5997861927770063,0.0
14540,1860,1140,1140,1860,-1.5934295085207366,0.0
14540,1860,1140,1140,1860,-1.6008699618740416,0.0
14560,1860,1140,1140,1860,-1.6093138344175633,0.0
14560,1860,1140,1140,1860,-1.6043153192820787,0.0
14560,1860,1140,1140,1860,-1.609691045316863,0.0
14580,1860,1140,1140,1860,-1.6589499334007352,0.0
14580,1860,1140,1140,1860,-1.653268483237409,0.0
14580,1860,1140,1140,1860,-1.6534740768424212,0.0
14599,1860,1140,1140,1860,-1.6993105400657225,0.0
14599,1860,1140,1140,1860,-1.6939605848226302,0.0
14599,1860,1140,1140,1860,-1.6883273907192438,0.0
14619,1741,1273,1273,1741,-1.7178032248256776,0.0
14619,1741,1273,1273,1741,-1.7133337230436165,0.0
14619,1741,1273,1273,1741,-1.720245017485058,0.0
14639,1623,1407,1407,1623,-1.7150443696535282,0.0
14639,1623,1407,1407,1623,-1.7109705443624388,0.0
14639,1623,1407,1407,1623,-1.7127066590005635,0.0
14659,1505,1541,1541,1505,-1.708330071881825,0.0
14659,1505,1541,1541,1505,-1.7065988300898067,0.0
14659,1505,1541,1541,1505,-1.6834488319739171,0.0
14679,1387,1675,1675,1387,-1.4949494940602333,0.0
14679,1387,1675,1675,1387,-1.491387127267126,0.0
14679,1387,1675,1675,1387,-1.5016807676757455,0.0
14700,1268,1810,1810,1268,-1.3123693430752772,0.0
14700,1268,1810,1810,1268,-1.307673668348861,0.0
14700,1268,1810,1810,1268,-1.3189145254805952,0.0
14720,1260,1820,1820,1260,-1.1776457587271918,0.0
14720,1260,1820,1820,1260,-1.174726372472361,0.0
14720,1260,1820,1820,1260,-1.169177146000586,0.0
14739,1260,1820,1820,1260,-1.0508568656103099,0.0
14739,1260,1820,1820,1260,-1.0443197201401748,0.0
14739,1260,1820,1820,1260,-1.0512268502758173,0.0
14759,1260,1820,1820,1260,-0.9743445378743186,0.0
14759,1260,1820,1820,1260,-0.9689660694527179,0.0
14759,1260,1820,1820,1260,-0.9670348796615224,0.0
14779,1260,1820,1820,1260,-0.8651037896995494,0.0
14779,1260,1820,1820,1260,-0.8567722989283183,0.0
14779,1260,1820,1820,1260,-0.8612717828278775,0.0
14800,1260,1820,1820,1260,-0.7571424676564789,0.0
14800,1260,1820,1820,1260,-0.7519670670963527,0.0
14800,1260,1820,1820,1260,-0.7450960360155288,0.0
14819,1260,1820,1820,1260,-0.5576582944156201,0.0
14819,1260,1820,1820,1260,-0.5488704195965507,0.0
14819,1260,1820,1820,1260,-0.5690935407182685,0.0
14840,1260,1820,1820,1260,-0.4363618275169413,0.0
14840,1260,1820,1820,1260,-0.43067459846005174,0.0
14840,1260,1820,1820,1260,-0.425018229162886,0.0
14860,1260,1820,1820,1260,-0.31743596640159205,0.0
14860,1260,1820,1820,1260,-0.30942820184831304,0.0
14860,1260,1820,1820,1260,-0.316331081263161,0.0
14879,1260,1820,1820,1260,-0.22039983561672916,0.0
14879,1260,1820,1820,1260,-0.21340905245265696,0.0
14879,1260,1820,1820,1260,-0.2238169747702543,0.0
14900,1260,1820,1820,1260,-0.08919919475499932,0.0
14900,1260,1820,1820,1260,-0.081798381855059,0.0
14900,1260,1820,1820,1260,-0.07788692215174019,0.0
14919,1260,1820,1820,1260,0.09019189657834474,0.0
14919,1260,1820,1820,1260,0.09646660871770865,0.0
14919,1260,1820,1820,1260,0.07989249427182217,0.0
14939,1260,1820,1820,1260,0.15750054158176174,0.0
14939,1260,1820,1820,1260,0.16198274996913936,0.0
14939,1260,1820,1820,1260,0.16840143004605207,0.0
14959,1260,1820,1820,1260,0.24350469622218873,0.0
14959,1260,1820,1820,1260,0.249272015319575,0.0
14959,1260,1820,1820,1260,0.24877158531061128,0.0
14979,1260,1820,1820,1260,0.31052326048244505,0.0
14979,1260,1820,1820,1260,0.3152098093189522,0.0
14979,1260,1820,1820,1260,0.30917140608777505,0.0
15000,1260,1820,1820,1260,0.38820476089836653,0.0
15000,1260,1820,1820,1260,0.3886424348609727,0.0
15000,1260,1820,1820,1260,0.3945098951662601,0.0
15019,1260,1820,1820,1260,0.4860284762805771,0.0
15019,1260,1820,1820,1260,0.491699392567799,0.0
15019,1260,1820,1820,1260,0.48705468810564145,0.0
15040,1260,1820,1820,1260,0.5568383152190571,0.0
15040,1260,1820,1820,1260,0.5612808958317913,0.0
15040,1260,1820,1820,1260,0.5609021334383631,0.0
15059,1260,1820,1820,1260,0.6239920157635195,0.0
15059,1260,1820,1820,1260,0.6281520547137969,0.0
15059,1260,1820,1820,1260,0.6281252408903433,0.0
15079,1260,1820,1820,1260,0.697076426898,0.0
15079,1260,1820,1820,1260,0.7002785401501445,0.0
15079,1260,1820,1820,1260,0.6970803238452935,0.0
15100,1260,1820,1820,1260,0.7624903313205753,0.0
15100,1260,1820,1820,1260,0.7667665774012212,0.0
15100,1260,1820,1820,1260,0.7678894027831068,0.0
15119,1260,1820,1820,1260,0.8287791663990014,0.0
15119,1260,1820,1820,1260,0.8343356132358902,0.0
15119,1260,1820,1820,1260,0.8263675892350228,0.0
15140,1260,1820,1820,1260,0.8733125395519059,0.0
15140,1260,1820,1820,1260,0.8777563482038192,0.0
15140,1260,1820,1820,1260,0.8751449413421826,0.0
15159,1260,1820,1820,1260,0.9411854858113156,0.0
15159,1260,1820,1820,1260,0.9449062779122344,0.0
15159,1260,1820,1820,1260,0.9410336040834741,0.0
15179,1260,1820,1820,1260,1.003714288977989,0.0
15179,1260,1820,1820,1260,1.0086879056940736,0.0
15179,1260,1820,1820,1260,1.0041635430534466,0.0
15200,1260,1820,1820,1260,1.0294721487656668,0.0
15200,1260,1820,1820,1260,1.0340697540830786,0.0
15200,1260,1820,1820,1260,1.028098380518834,0.0
15219,1260,1820,1820,1260,1.0362139229355973,0.0
15219,1260,1820,1820,1260,1.0413299262004532,0.0
15219,1260,1820,1820,1260,1.0422974682078652,0.0
15239,1260,1820,1820,1260,1.0904849134461976,0.0
15239,1260,1820,1820,1260,1.0947976753158426,0.0
15239,1260,1820,1820,1260,1.0941153515424458,0.0
15260,1260,1820,1820,1260,1.127017872306339,0.0
15260,1260,1820,1820,1260,1.131469568047023,0.0
15260,1260,1820,1820,1260,1.128138594433493,0.0
15279,1260,1820,1820,1260,1.1491573016761045,0.0
15279,1260,1820,1820,1260,1.1532761501057291,0.0
15279,1260,1820,1820,1260,1.1540472670243442,0.0
15299,1260,1820,1820,1260,1.1930751151944075,0.0
15299,1260,1820,1820,1260,1.1977204380212836,0.0
15299,1260,1820,1820,1260,1.196064663002793,0.0
15319,1260,1820,1820,1260,1.2513789287448986,0.0
15319,1260,1820,1820,1260,1.2569808005073735,0.0
15319,1260,1820,1820,1260,1.2486154382330112,0.0
15339,1260,1820,1820,1260,1.2649716059599667,0.0
15339,1260,1820,1820,1260,1.2696761348001844,0.0
15339,1260,1820,1820,1260,1.2617927147727035,0.0
15359,1260,1820,1820,1260,1.2627691318675502,0.0
15359,1260,1820,1820,1260,1.2667814643896929,0.0
15359,1260,1820,1820,1260,1.2655887964008203,0.0
15379,1260,1820,1820,1260,1.316688672004277,0.0
15379,1260,1820,1820,1260,1.3216244060777695,0.0
15379,1260,1820,1820,1260,1.3096135834145943,0.0
15400,1260,1820,1820,1260,1.320278372266277,0.0
15400,1260,1820,1820,1260,1.3247434394995656,0.0
15400,1260,1820,1820,1260,1.3249678481120926,0.0
15420,1260,1820,1820,1260,1.2983457894603587,0.0
15420,1260,1820,1820,1260,1.3020972126438903,0.0
15420,1260,1820,1820,1260,1.2997342134965009,0.0
15440,1260,1820,1820,1260,1.3143063190125939,0.0
15440,1260,1820,1820,1260,1.3170758352555911,0.0
15440,1260,1820,1820,1260,1.3194864124168446,0.0
15459,1260,1820,1820,1260,1.3812412167037371,0.0
15459,1260,1820,1820,1260,1.3850949964641477,0.0
15459,1260,1820,1820,1260,1.3826749109520367,0.0
15479,1260,1820,1820,1260,1.4092329960412684,0.0
15479,1260,1820,1820,1260,1.414441470316187,0.0
15479,1260,1820,1820,1260,1.40857131965715,0.0
15499,1260,1820,1820,1260,1.3937674074144297,0.0
15499,1260,1820,1820,1260,1.3991894858737859,0.0
15499,1260,1820,1820,1260,1.3961034877013703,0.0
15519,1260,1820,1820,1260,1.387761376854382,0.0
15519,1260,1820,1820,1260,1.3918088839945244,0.0
15519,1260,1820,1820,1260,1.3822868304167835,0.0
15539,1260,1820,1820,1260,1.4151522941269663,0.0
15539,1260,1820,1820,1260,1.4190921575320221,0.0
15539,1260,1820,1820,1260,1.425397823632263,0.0
15560,1260,1820,1820,1260,1.4400963157458815,0.0
15560,1260,1820,1820,1260,1.444840278065337,0.0
15560,1260,1820,1820,1260,1.4334488785044073,0.0
15580,1260,1820,1820,1260,1.4423992540717543,0.0
15580,1260,1820,1820,1260,1.4470896579818215,0.0
15580,1260,1820,1820,1260,1.434565823005367,0.0
15600,1260,1820,1820,1260,1.4462720272619711,0.0
15600,1260,1820,1820,1260,1.4508452227483768,0.0
15600,1260,1820,1820,1260,1.4466231385457262,0.0
15620,1260,1820,1820,1260,1.4743208864222006,0.0
15620,1260,1820,1820,1260,1.4791476076889793,0.0
15620,1260,1820,1820,1260,1.4667005175691454,0.0
15639,1260,1820,1820,1260,1.4640963468365475,0.0
15639,1260,1820,1820,1260,1.4693787231682933,0.0
15639,1260,1820,1820,1260,1.4665941496359058,0.0
15659,1260,1820,1820,1260,1.4867492668022764,0.0
15659,1260,1820,1820,1260,1.4913096673519013,0.0
15659,1260,1820,1820,1260,1.4724663368250341,0.0
15679,1260,1820,1820,1260,1.4585347189819742,0.0
15679,1260,1820,1820,1260,1.4611216262754463,0.0
15679,1260,1820,1820,1260,1.4641730783400013,0.0
15700,1260,1820,1820,1260,1.485859823444485,0.0
15700,1260,1820,1820,1260,1.490778331290109,0.0
15700,1260,1820,1820,1260,1.480900412709128,0.0
15720,1260,1820,1820,1260,1.4931812700090252,0.0
15720,1260,1820,1820,1260,1.4975550104312827,0.0
15720,1260,1820,1820,1260,1.4940429517886735,0.0
15740,1260,1820,1820,1260,1.494538412634454,0.0
15740,1260,1820,1820,1260,1.4990215178883781,0.0
15740,1260,1820,1820,1260,1.491626682739734,0.0
15759,1260,1820,1820,1260,1.514191854972581,0.0
15759,1260,1820,1820,1260,1.5183474611595362,0.0
15759,1260,1820,1820,1260,1.5157648877691798,0.0
15780,1260,1820,1820,1260,1.5535881756829126,0.0
15780,1260,1820,1820,1260,1.5584251688374104,0.0
15780,1260,1820,1820,1260,1.544071791859253,0.0
15800,1260,1820,1820,1260,1.5311794277632833,0.0
15800,1260,1820,1820,1260,1.5343795053943534,0.0
15800,1260,1820,1820,1260,1.530636143815287,0.0
15819,1260,1820,1820,1260,1.4808848795426064,0.0
15819,1260,1820,1820,1260,1.4818864139914165,0.0
15819,1260,1820,1820,1260,1.4813170624479315,0.0
15840,1260,1820,1820,1260,1.4634084760628432,0.0
15840,1260,1820,1820,1260,1.4679368696174355,0.0
15840,1260,1820,1820,1260,1.461711585327674,0.0
15859,1260,1820,1820,1260,1.4292509417480634,0.0
15859,1260,1820,1820,1260,1.430134500594459,0.0
15859,1260,1820,1820,1260,1.4394008680783006,0.0
15879,1260,1820,1820,1260,1.4962064071560617,0.0
15879,1260,1820,1820,1260,1.4998999372459065,0.0
15879,1260,1820,1820,1260,1.4888133042193044,0.0
15899,1260,1820,1820,1260,1.5277868975347004,0.0
15899,1260,1820,1820,1260,1.5325435955843956,0.0
15899,1260,1820,1820,1260,1.522027476398616,0.0
15920,1260,1820,1820,1260,1.5087880739541042,0.0
15920,1260,1820,1820,1260,1.5132523206714283,0.0
15920,1260,1820,1820,1260,1.5024442582505242,0.0
15939,1260,1820,1820,1260,1.517964607276142,0.0
15939,1260,1820,1820,1260,1.520849713779986,0.0
15939,1260,1820,1820,1260,1.5181304196502268,0.0
15959,1260,1820,1820,1260,1.541555201531155,0.0
15959,1260,1820,1820,1260,1.5461968162273463,0.0
15959,1260,1820,1820,1260,1.5325104440325523,0.0
15979,1260,1820,1820,1260,1.5150278581328815,0.0
15979,1260,1820,1820,1260,1.5172510939506374,0.0
15979,1260,1820,1820,1260,1.516208814737771,0.0
15999,1260,1820,1820,1260,1.4948297807802458,0.0
15999,1260,1820,1820,1260,1.4981530109334418,0.0
15999,1260,1820,1820,1260,1.4879498873081218,0.0
16019,1260,1820,1820,1260,1.4970907815340064,0.0
16019,1260,1820,1820,1260,1.5005010713544276,0.0
16019,1260,1820,1820,1260,1.500951937497795,0.0
16040,1260,1820,1820,1260,1.5278547160008487,0.0
16040,1260,1820,1820,1260,1.5323145097179318,0.0
16040,1260,1820,1820,1260,1.5232682059889386,0.0
16059,1260,1820,1820,1260,1.5164320375690261,0.0
16059,1260,1820,1820,1260,1.522384503018832,0.0
16059,1260,1820,1820,1260,1.5128628992352762,0.0
16079,1260,1820,1820,1260,1.5134037403346852,0.0
16079,1260,1820,1820,1260,1.5184950879881463,0.0
16079,1260,1820,1820,1260,1.5070216827163647,0.0
16100,1260,1820,1820,1260,1.5286857558085805,0.0
16100,1260,1820,1820,1260,1.5328288403439798,0.0
16100,1260,1820,1820,1260,1.5205219184256256,0.0
16119,1260,1820,1820,1260,1.502730549130747,0.0
16119,1260,1820,1820,1260,1.5047653318001954,0.0
16119,1260,1820,1820,1260,1.4949357040003148,0.0
16139,1260,1820,1820,1260,1.4995784955987,0.0
16139,1260,1820,1820,1260,1.5025464349802085,0.0
16139,1260,1820,1820,1260,1.496493045353566,0.0
16159,1260,1820,1820,1260,1.5140673008887484,0.0
16159,1260,1820,1820,1260,1.517461590959597,0.0
16159,1260,1820,1820,1260,1.5105539173061888,0.0
16179,1260,1820,1820,1260,1.5018937167752555,0.0
16179,1260,1820,1820,1260,1.5064002190756576,0.0
16179,1260,1820,1820,1260,1.4969826052517536,0.0
16199,1260,1820,1820,1260,1.4874710698810625,0.0
16199,1260,1820,1820,1260,1.489603966597713,0.0
16199,1260,1820,1820,1260,1.4865396509364852,0.0
16219,1260,1820,1820,1260,1.4868802201193843,0.0
16219,1260,1820,1820,1260,1.490207517014614,0.0
16219,1260,1820,1820,1260,1.4852549518722848,0.0
16240,1260,1820,1820,1260,1.5218404998909623,0.0
16240,1260,1820,1820,1260,1.524182631384468,0.0
16240,1260,1820,1820,1260,1.5096342722757583,0.0
16260,1260,1820,1820,1260,1.526339899388803,0.0
16260,1260,1820,1820,1260,1.5308002273587278,0.0
16260,1260,1820,1820,1260,1.5246550141304696,0.0
16279,1260,1820,1820,1260,1.4984373704582283,0.0
16279,1260,1820,1820,1260,1.5011134356035398,0.0
16279,1260,1820,1820,1260,1.4919423537461616,0.0
16299,1260,1820,1820,1260,1.5013071879845257,0.0
16299,1260,1820,1820,1260,1.504909159282429,0.0
16299,1260,1820,1820,1260,1.4987964913646319,0.0
16319,1342,1722,1722,1342,1.4783493595272628,0.0
16319,1342,1722,1722,1342,1.482526837899817,0.0
16319,1342,1722,1722,1342,1.471414719121881,0.0
16340,1431,1617,1617,1431,1.486086464619985,0.0
16340,1431,1617,1617,1431,1.4893915722307045,0.0
16340,1431,1617,1617,1431,1.4880548272946545,0.0
16360,1521,1511,1511,1521,1.5593822770468542,0.0
16360,1521,1511,1511,1521,1.5639259771772158,0.0
16360,1521,1511,1511,1521,1.550322883451159,0.0
16379,1610,1405,1405,1610,1.5872258906907324,0.0
16379,1610,1405,1405,1610,1.5939055791361951,0.0
16379,1610,1405,1405,1610,1.5746715481343418,0.0
16399,1699,1300,1300,1699,1.5745900541198143,0.0
16399,1699,1300,1300,1699,1.5790853993989482,0.0
16399,1699,1300,1300,1699,1.571450503446492,0.0
16419,1700,1300,1300,1700,1.572146482688181,0.0
16419,1700,1300,1300,1700,1.5792962640699595,0.0
16419,1700,1300,1300,1700,1.5663069616227343,0.0
16440,1700,1300,1300,1700,1.5552823772287399,0.0
16440,1700,1300,1300,1700,1.5593936027171036,0.0
16440,1700,1300,1300,1700,1.5384256043921134,0.0
16460,1700,1300,1300,1700,1.5376889534134726,0.0
16460,1700,1300,1300,1700,1.5400408955565448,0.0
16460,1700,1300,1300,1700,1.5062832022862933,0.0
16479,1700,1300,1300,1700,1.3244251247147987,0.0
16479,1700,1300,1300,1700,1.3299937419250694,0.0
16479,1700,1300,1300,1700,1.3076763289719833,0.0
16499,1700,1300,1300,1700,1.120705755106226,0.0
16499,1700,1300,1300,1700,1.1269320295741971,0.0
16499,1700,1300,1300,1700,1.1325302262005768,0.0
16519,1700,1300,1300,1700,0.9868493732111802,0.0
16519,1700,1300,1300,1700,0.993726578685071,0.0
16519,1700,1300,1300,1700,0.98170208905018,0.0
16539,1700,1300,1300,1700,0.8398982499178362,0.0
16539,1700,1300,1300,1700,0.8444475332116111,0.0
16539,1700,1300,1300,1700,0.8388994841632017,0.0
16559,1700,1300,1300,1700,0.7633050502502225,0.0
16559,1700,1300,1300,1700,0.7683693831142935,0.0
16559,1700,1300,1300,1700,0.7492217605250548,0.0
16580,1700,1300,1300,1700,0.6053470785086262,0.0
16580,1700,1300,1300,1700,0.6148225266242038,0.0
16580,1700,1300,1300,1700,0.6228453823834917,0.0
16599,1700,1300,1300,1700,0.43214368019797966,0.0
16599,1700,1300,1300,1700,0.4404904942086011,0.0
16599,1700,1300,1300,1700,0.4368655248781226,0.0
16619,1700,1300,1300,1700,0.30121908937711084,0.0
16619,1700,1300,1300,1700,0.30848967035483316,0.0
16619,1700,1300,1300,1700,0.30614356726256686,0.0
16640,1700,1300,1300,1700,0.17100881577349034,0.0
16640,1700,1300,1300,1700,0.17821839703666742,0.0
16640,1700,1300,1300,1700,0.1760781842837478,0.0
16659,1700,1300,1300,1700,0.030472135250440034,0.0
16659,1700,1300,1300,1700,0.03769562172694068,0.0
16659,1700,1300,1300,1700,0.03794288726618151,0.0
16680,1700,1300,1300,1700,-0.08938150715319824,0.0
16680,1700,1300,1300,1700,-0.08090693673895764,0.0
16680,1700,1300,1300,1700,-0.08342877660104177,0.0
16700,1700,1300,1300,1700,-0.15781115436695878,0.0
16700,1700,1300,1300,1700,-0.15000434108913444,0.0
16700,1700,1300,1300,1700,-0.1577964759107772,0.0
16720,1700,1300,1300,1700,-0.20358896196373488,0.0
16720,1700,1300,1300,1700,-0.19755892445052528,0.0
16720,1700,1300,1300,1700,-0.21397789447659737,0.0
16740,1700,1300,1300,1700,-0.28935906291419133,0.0
16740,1700,1300,1300,1700,-0.2815326077074463,0.0
16740,1700,1300,1300,1700,-0.287038536649304,0.0
16760,1700,1300,1300,1700,-0.3295901376072237,0.0
16760,1700,1300,1300,1700,-0.3200510681713058,0.0
16760,1700,1300,1300,1700,-0.3354946140446283,0.0
16780,1700,1300,1300,1700,-0.4238578580228647,0.0
16780,1700,1300,1300,1700,-0.4167993041273911,0.0
16780,1700,1300,1300,1700,-0.4276676357450058,0.0
16800,1700,1300,1300,1700,-0.4754926351080422,0.0
16800,1700,1300,1300,1700,-0.46897484208484314,0.0
16800,1700,1300,1300,1700,-0.47520988510777085,0.0
16819,1700,1300,1300,1700,-0.4876923640155062,0.0
16819,1700,1300,1300,1700,-0.47933993051014995,0.0
16819,1700,1300,1300,1700,-0.49411560462850845,0.0
16839,1700,1300,1300,1700,-0.5357505706536887,0.0
16839,1700,1300,1300,1700,-0.5276152857933395,0.0
16839,1700,1300,1300,1700,-0.5403327123219721,0.0
16859,1700,1300,1300,1700,-0.6048000810670077,0.0
16859,1700,1300,1300,1700,-0.5960266788592755,0.0
16859,1700,1300,1300,1700,-0.6088012003377802,0.0
16879,1700,1300,1300,1700,-0.6686900458921466,0.0
16879,1700,1300,1300,1700,-0.6618261967130743,0.0
16879,1700,1300,1300,1700,-0.6636871677943159,0.0
16900,1700,1300,1300,1700,-0.6957271620000032,0.0
16900,1700,1300,1300,1700,-0.6894447474269141,0.0
16900,1700,1300,1300,1700,-0.6871557350629939,0.0
16920,1700,1300,1300,1700,-0.7061080179281658,0.0
16920,1700,1300,1300,1700,-0.698160752789657,0.0
16920,1700,1300,1300,1700,-0.7140714112155752,0.0
16940,1700,1300,1300,1700,-0.7268669194243897,0.0
16940,1700,1300,1300,1700,-0.7188917292780778,0.0
16940,1700,1300,1300,1700,-0.7341453813679268,0.0
16959,1700,1300,1300,1700,-0.7503925519845728,0.0
16959,1700,1300,1300,1700,-0.7421279391151188,0.0
16959,1700,1300,1300,1700,-0.7559854094635103,0.0
16980,1700,1300,1300,1700,-0.7875653269831936,0.0
16980,1700,1300,1300,1700,-0.7785185342638183,0.0
16980,1700,1300,1300,1700,-0.7912638857725662,0.0
17000,1700,1300,1300,1700,-0.7870832837768063,0.0
17000,1700,1300,1300,1700,-0.7785405903294721,0.0
17000,1700,1300,1300,1700,-0.7937269414561,0.0
17020,1700,1300,1300,1700,-0.827284391725749,0.0
17020,1700,1300,1300,1700,-0.8211708832550789,0.0
17020,1700,1300,1300,1700,-0.8315846854690703,0.0
17039,1700,1300,1300,1700,-0.8618183930165981,0.0
17039,1700,1300,1300,1700,-0.8547079630463322,0.0
17039,1700,1300,1300,1700,-0.8613315755390062,0.0
17059,1700,1300,1300,1700,-0.8673159271870823,0.0
17059,1700,1300,1300,1700,-0.859547746948598,0.0
17059,1700,1300,1300,1700,-0.8688016193373805,0.0
17079,1700,1300,1300,1700,-0.867861306216532,0.0
17079,1700,1300,1300,1700,-0.860084677363327,0.0
17079,1700,1300,1300,1700,-0.8736248811688848,0.0
17100,1700,1300,1300,1700,-0.9137584495217661,0.0
17100,1700,1300,1300,1700,-0.9059317079325168,0.0
17100,1700,1300,1300,1700,-0.9121816849440911,0.0
17120,1700,1300,1300,1700,-0.9332210484401976,0.0
17120,1700,1300,1300,1700,-0.9262834053782405,0.0
17120,1700,1300,1300,1700,-0.9396459048375914,0.0
17139,1700,1300,1300,1700,-0.9477910659345317,0.0
17139,1700,1300,1300,1700,-0.9412917058280653,0.0
17139,1700,1300,1300,1700,-0.9484879694015877,0.0
17160,1700,1300,1300,1700,-0.9319867876567308,0.0
17160,1700,1300,1300,1700,-0.9239139775390374,0.0
17160,1700,1300,1300,1700,-0.9411521990757452,0.0
17179,1700,1300,1300,1700,-0.9451672262450819,0.0
17179,1700,1300,1300,1700,-0.9378565404669421,0.0
17179,1700,1300,1300,1700,-0.9481341536878055,0.0
17200,1700,1300,1300,1700,-0.9749625706823055,0.0
17200,1700,1300,1300,1700,-0.967443173094668,0.0
17200,1700,1300,1300,1700,-0.9793586295649966,0.0
17219,1700,1300,1300,1700,-0.9752056778154883,0.0
17219,1700,1300,1300,1700,-0.9683649934861807,0.0
17219,1700,1300,1300,1700,-0.9817946950744199,0.0
17240,1700,1300,1300,1700,-0.9491972996349262,0.0
17240,1700,1300,1300,1700,-0.9419525635833675,0.0
17240,1700,1300,1300,1700,-0.9578761619440468,0.0
17260,1700,1300,1300,1700,-0.9516946106153384,0.0
17260,1700,1300,1300,1700,-0.9443438241335662,0.0
17260,1700,1300,1300,1700,-0.9594796757106603,0.0
17279,1700,1300,1300,1700,-0.9885582214170495,0.0
17279,1700,1300,1300,1700,-0.9820241667704707,0.0
17279,1700,1300,1300,1700,-0.9939780328250369,0.0
17300,1700,1300,1300,1700,-1.0138546482741553,0.0
17300,1700,1300,1300,1700,-1.0084124689481784,0.0
17300,1700,1300,1300,1700,-1.0144766135679455,0.0
17320,1700,1300,1300,1700,-1.0078979817293685,0.0
17320,1700,1300,1300,1700,-1.000872479066682,0.0
17320,1700,1300,1300,1700,-1.0153566945203982,0.0
17340,1700,1300,1300,1700,-0.9814078380012213,0.0
17340,1700,1300,1300,1700,-0.9752264333961526,0.0
17340,1700,1300,1300,1700,-0.990909599103306,0.0
17360,1700,1300,1300,1700,-0.9878526887691754,0.0
17360,1700,1300,1300,1700,-0.980348949975246,0.0
17360,1700,1300,1300,1700,-0.9993644478037369,0.0
17379,1700,1300,1300,1700,-1.032548415132694,0.0
17379,1700,1300,1300,1700,-1.0275560358666522,0.0
17379,1700,1300,1300,1700,-1.0314172270388766,0.0
17400,1700,1300,1300,1700,-1.0117135524082026,0.0
17400,1700,1300,1300,1700,-1.0054396577371052,0.0
17400,1700,1300,1300,1700,-1.0247874771282444,0.0
17419,1700,1300,1300,1700,-1.0455942378108465,0.0
17419,1700,1300,1300,1700,-1.040281846057098,0.0
17419,1700,1300,1300,1700,-1.0538245887148217,0.0
17440,1700,1300,1300,1700,-1.0697330574844657,0.0
17440,1700,1300,1300,1700,-1.0647337706828905,0.0
17440,1700,1300,1300,1700,-1.0732138027882165,0.0
17460,1700,1300,1300,1700,-1.0337259230539269,0.0
17460,1700,1300,1300,1700,-1.0284350137583718,0.0
17460,1700,1300,1300,1700,-1.0421382806835802,0.0
17480,1700,1300,1300,1700,-1.002074349646907,0.0
17480,1700,1300,1300,1700,-0.9961689576493398,0.0
17480,1700,1300,1300,1700,-1.007539926513016,0.0
17499,1700,1300,1300,1700,-1.0382982415233561,0.0
17499,1700,1300,1300,1700,-1.03175335091651,0.0
17499,1700,1300,1300,1700,-1.0462864660103615,0.0
17520,1700,1300,1300,1700,-1.0660164996243435,0.0
17520,1700,1300,1300,1700,-1.0604379280897216,0.0
17520,1700,1300,1300,1700,-1.0851592032360093,0.0
17539,1700,1300,1300,1700,-1.0489592862698756,0.0
17539,1700,1300,1300,1700,-1.0421075790417278,0.0
17539,1700,1300,1300,1700,-1.0610150118146688,0.0
17559,1700,1300,1300,1700,-1.0637299417875135,0.0
17559,1700,1300,1300,1700,-1.058957526189458,0.0
17559,1700,1300,1300,1700,-1.066881197889336,0.0
17579,1700,1300,1300,1700,-1.0531556249380367,0.0
17579,1700,1300,1300,1700,-1.0478927177245534,0.0
17579,1700,1300,1300,1700,-1.0587284093208051,0.0
17599,1700,1300,1300,1700,-0.9979222623135813,0.0
17599,1700,1300,1300,1700,-0.9917775376513345,0.0
17599,1700,1300,1300,1700,-1.0124943784152107,0.0
17619,1700,1300,1300,1700,-1.0421688112585785,0.0
17619,1700,1300,1300,1700,-1.0349421531159375,0.0
17619,1700,1300,1300,1700,-1.0555486837544379,0.0
17640,1700,1300,1300,1700,-1.0493034569410777,0.0
17640,1700,1300,1300,1700,-1.044461414776388,0.0
17640,1700,1300,1300,1700,-1.0590396365435695,0.0
17659,1700,1300,1300,1700,-1.069935672401448,0.0
17659,1700,1300,1300,1700,-1.0656839236762266,0.0
17659,1700,1300,1300,1700,-1.0812419418346788,0.0
17679,1700,1300,1300,1700,-1.09936399376331,0.0
17679,1700,1300,1300,1700,-1.094677334342246,0.0
17679,1700,1300,1300,1700,-1.103374976591804,0.0
17699,1700,1300,1300,1700,-1.0734403475407988,0.0
17699,1700,1300,1300,1700,-1.0678773566259894,0.0
17699,1700,1300,1300,1700,-1.07761592109156,0.0
17719,1700,1300,1300,1700,-1.0437054285191516,0.0
17719,1700,1300,1300,1700,-1.0376471437396468,0.0
17719,1700,1300,1300,1700,-1.0546963136508032,0.0
17739,1700,1300,1300,1700,-1.076889745663469,0.0
17739,1700,1300,1300,1700,-1.0727487633881836,0.0
17739,1700,1300,1300,1700,-1.0841069426659322,0.0
17760,1700,1300,1300,1700,-1.0883175464351633,0.0
17760,1700,1300,1300,1700,-1.0838845134300525,0.0
17760,1700,1300,1300,1700,-1.0909193952799099,0.0
17780,1700,1300,1300,1700,-1.0809924073906627,0.0
17780,1700,1300,1300,1700,-1.0767599906872245,0.0
17780,1700,1300,1300,1700,-1.0890559364697567,0.0
17800,1700,1300,1300,1700,-1.083135895085401,0.0
17800,1700,1300,1300,1700,-1.079498523105807,0.0
17800,1700,1300,1300,1700,-1.095576220908815,0.0
17819,1700,1300,1300,1700,-1.0740832271510374,0.0
17819,1700,1300,1300,1700,-1.0701240271219015,0.0
17819,1700,1300,1300,1700,-1.082384127775976,0.0
17840,1700,1300,1300,1700,-1.0587327115002254,0.0
17840,1700,1300,1300,1700,-1.0542249366346492,0.0
17840,1700,1300,1300,1700,-1.0667640385975838,0.0
17860,1700,1300,1300,1700,-1.054574228189212,0.0
17860,1700,1300,1300,1700,-1.050665398900177,0.0
17860,1700,1300,1300,1700,-1.0596613515088127,0.0
17879,1700,1300,1300,1700,-1.0600828743302972,0.0
17879,1700,1300,1300,1700,-1.0564311990003685,0.0
17879,1700,1300,1300,1700,-1.0731081065056975,0.0
17900,1700,1300,1300,1700,-1.0474709149487262,0.0
17900,1700,1300,1300,1700,-1.0441777613917909,0.0
17900,1700,1300,1300,1700,-1.0483885665387538,0.0
17920,1700,1300,1300,1700,-1.0040350828996045,0.0
17920,1700,1300,1300,1700,-0.9988556801435888,0.0
17920,1700,1300,1300,1700,-1.0213133494216213,0.0
17939,1700,1300,1300,1700,-1.0240942268097444,0.0
17939,1700,1300,1300,1700,-1.0207313674204017,0.0
17939,1700,1300,1300,1700,-1.0319330850549477,0.0
17959,1700,1300,1300,1700,-1.0432502266662091,0.0
17959,1700,1300,1300,1700,-1.0390841232847023,0.0
17959,1700,1300,1300,1700,-1.0516594774022754,0.0
17979,1700,1300,1300,1700,-1.0502369396348854,0.0
17979,1700,1300,1300,1700,-1.0476862996802845,0.0
17979,1700,1300,1300,1700,-1.0652266823697134,0.0
18000,1700,1300,1300,1700,-1.0385250330863145,0.0
18000,1700,1300,1300,1700,-1.0343735025327552,0.0
18000,1700,1300,1300,1700,-1.0533957043682494,0.0
18019,1660,1339,1339,1660,-1.0555485870121957,0.0
18019,1660,1339,1339,1660,-1.0521636417444313,0.0
18019,1660,1339,1339,1660,-1.0658448915743606,0.0
18039,1621,1378,1378,1621,-1.060460489734334,0.0
18039,1621,1378,1378,1621,-1.0576618456543754,0.0
18039,1621,1378,1378,1621,-1.0682671349117807,0.0
18059,1581,1418,1418,1581,-1.0479379398900448,0.0
18059,1581,1418,1418,1581,-1.044568311823955,0.0
18059,1581,1418,1418,1581,-1.0602280754738576,0.0
18080,1542,1457,1457,1542,-1.0517831769804231,0.0
18080,1542,1457,1457,1542,-1.0480882816497759,0.0
18080,1542,1457,1457,1542,-1.0603293045389992,0.0
18100,1502,1497,1497,1502,-1.055441844067479,0.0
18100,1502,1497,1497,1502,-1.0515803124729426,0.0
18100,1502,1497,1497,1502,-1.0655956534305182,0.0
18119,1500,1500,1500,1500,-1.0658011392230788,0.0
18119,1500,1500,1500,1500,-1.062556639106724,0.0
18119,1500,1500,1500,1500,-1.0730377965794802,0.0
18140,1500,1500,1500,1500,-1.0515290547190652,0.0
18140,1500,1500,1500,1500,-1.0472561780162817,0.0
18140,1500,1500,1500,1500,-1.0622424976969724,0.0
18159,1500,1500,1500,1500,-1.030403619503746,0.0
18159,1500,1500,1500,1500,-1.027261435282157,0.0
18159,1500,1500,1500,1500,-1.0474005751660236,0.0
18179,1500,1500,1500,1500,-0.9658073040573533,0.0
18179,1500,1500,1500,1500,-0.9651188564971005,0.0
18179,1500,1500,1500,1500,-0.9653248149771597,0.0
18200,1500,1500,1500,1500,-0.8199446871090759,0.0
18200,1500,1500,1500,1500,-0.8164885509796036,0.0
18200,1500,1500,1500,1500,-0.8280747377488177,0.0
18220,1500,1500,1500,1500,-0.7563042977340176,0.0
18220,1500,1500,1500,1500,-0.7533350575550055,0.0
18220,1500,1500,1500,1500,-0.7525281998088739,0.0
18239,1500,1500,1500,1500,-0.6333325692074108,0.0
18239,1500,1500,1500,1500,-0.6274185357481832,0.0
18239,1500,1500,1500,1500,-0.6369361465298388,0.0
18259,1500,1500,1500,1500,-0.5340431355069096,0.0
18259,1500,1500,1500,1500,-0.5298004269009073,0.0
18259,1500,1500,1500,1500,-0.5482956543112483,0.0
18279,1500,1500,1500,1500,-0.5014013169072336,0.0
18279,1500,1500,1500,1500,-0.49680086965500486,0.0
18279,1500,1500,1500,1500,-0.5034324462456236,0.0
18300,1500,1500,1500,1500,-0.43513904876084725,0.0
18300,1500,1500,1500,1500,-0.4317226390421254,0.0
18300,1500,1500,1500,1500,-0.44572933754620203,0.0
18320,1500,1500,1500,1500,-0.3827592635793785,0.0
18320,1500,1500,1500,1500,-0.3784783925111872,0.0
18320,1500,1500,1500,1500,-0.38887373180780743,0.0
18339,1500,1500,1500,1500,-0.3245048963647469,0.0
18339,1500,1500,1500,1500,-0.32073775814134114,0.0
18339,1500,1500,1500,1500,-0.32994218095541744,0.0
18360,1500,1500,1500,1500,-0.2765029129831272,0.0
18360,1500,1500,1500,1500,-0.2729023684349584,0.0
18360,1500,1500,1500,1500,-0.2871528588838671,0.0
18379,1500,1500,1500,1500,-0.2357225094613299,0.0
18379,1500,1500,1500,1500,-0.2310464785794118,0.0
18379,1500,1500,1500,1500,-0.24351100196891512,0.0
18400,1500,1500,1500,1500,-0.2048148614642333,0.0
18400,1500,1500,1500,1500,-0.20056734009866883,0.0
18400,1500,1500,1500,1500,-0.21049523343701854,0.0
18419,1500,1500,1500,1500,-0.17059911961002155,0.0
18419,1500,1500,1500,1500,-0.1673356716678614,0.0
18419,1500,1500,1500,1500,-0.1777733482712065,0.0
18440,1500,1500,1500,1500,-0.13568480732247837,0.0
18440,1500,1500,1500,1500,-0.13130652051364985,0.0
18440,1500,1500,1500,1500,-0.14227191541650047,0.0
18460,1500,1500,1500,1500,-0.11441832762873679,0.0
18460,1500,1500,1500,1500,-0.11018256336017995,0.0
18460,1500,1500,1500,1500,-0.12184350606933733,0.0
18479,1500,1500,1500,1500,-0.09417553885116302,0.0
18479,1500,1500,1500,1500,-0.09018091358004304,0.0
18479,1500,1500,1500,1500,-0.09677698275724528,0.0
18500,1500,1500,1500,1500,-0.058262096953585474,0.0
18500,1500,1500,1500,1500,-0.05294263961138477,0.0
18500,1500,1500,1500,1500,-0.06805721006692507,0.0
18520,1500,1500,1500,1500,-0.04599036839879795,0.0
18520,1500,1500,1500,1500,-0.04203842864352041,0.0
18520,1500,1500,1500,1500,-0.05237116620415313,0.0
18539,1500,1500,1500,1500,-0.028382072327094617,0.0
18539,1500,1500,1500,1500,-0.024737552975817423,0.0
18539,1500,1500,1500,1500,-0.03357520826506608,0.0
18560,1500,1500,1500,1500,-0.0073713035750018075,0.0
18560,1500,1500,1500,1500,-0.0031872170445397885,0.0
18560,1500,1500,1500,1500,-0.016886167968493265,0.0
18579,1500,1500,1500,1500,0.0028841578729276057,0.0
18579,1500,1500,1500,1500,0.00693586005312149,0.0
18579,1500,1500,1500,1500,-0.001672005092252426,0.0
18600,1500,1500,1500,1500,0.02097468733384676,0.0
18600,1500,1500,1500,1500,0.024970142434860062,0.0
18600,1500,1500,1500,1500,0.013758989035012645,0.0
18619,1500,1500,1500,1500,0.020408426834734043,0.0
18619,1500,1500,1500,1500,0.024363516024822267,0.0
18619,1500,1500,1500,1500,0.013295511050143267,0.0
18640,1500,1500,1500,1500,0.015389830011087118,0.0
18640,1500,1500,1500,1500,0.019602873621528665,0.0
18640,1500,1500,1500,1500,0.00794358251220531,0.0
18659,1500,1500,1500,1500,0.00944471105040414,0.0
18659,1500,1500,1500,1500,0.013217455519555976,0.0
18659,1500,1500,1500,1500,0.0029685603372602057,0.0
18679,1500,1500,1500,1500,0.0064456429490701034,0.0
18679,1500,1500,1500,1500,0.010779043288192411,0.0
18679,1500,1500,1500,1500,0.00023516585181062926,0.0
