id,label,tipo,x_cartesiano,y_cartesiano,latitude,longitude
1,BUSIP31.002.2228,equipamento,-114.9473,-38.6563,-3.1234865869446566,-41.765474506440576
2,BUSIP31.002.2230,equipamento,-114.9473,-31.6075,-3.1234231596689845,-41.765474506440576
3,BUSCSB5.002.2377,equipamento,-114.8644,-55.2992,-3.123636344890163,-41.7654737606329
4,BUSCSB5.002.2374,equipamento,-114.8644,-48.2992,-3.123573356731937,-41.7654737606329
5,BUSIP40.002.2154,equipamento,-114.7899,75.0531,-3.122463394704798,-41.76547309039561
6,BUSIP40.002.2152,equipamento,-114.7899,82.0531,-3.1224004065465714,-41.76547309039561
7,BUSIP24.002.2251,equipamento,-114.701,-47.1058,-3.12356261815079,-41.76547229060909
8,BUSIP24.002.2250,equipamento,-114.701,-40.1058,-3.1234996299925637,-41.76547229060909
9,BUSIP4.002.2141,equipamento,-111.7426,-111.313,-3.1241403743326277,-41.76544567544109
10,BUSIP8.002.2147,equipamento,-111.7426,-103.3962,-3.1240691365253355,-41.76544567544109
11,BUSIP8.002.2142,equipamento,-111.7426,-98.1184,-3.1240216452536944,-41.76544567544109
12,BUSIP12.002.2137,equipamento,-111.7426,-92.8406,-3.123974153982054,-41.76544567544109
13,BUSIP12.002.2135,equipamento,-109.9473,-92.8406,-3.123974153982054,-41.765429524071735
14,BUSCSB5.002.2379,equipamento,-109.9473,-55.2992,-3.123636344890163,-41.765429524071735
15,BUSCSB5.002.2376,equipamento,-109.9473,-48.2992,-3.123573356731937,-41.765429524071735
16,BUSIP24.002.2245,equipamento,-109.9473,-47.1058,-3.12356261815079,-41.765429524071735
17,BUSIP24.002.2247,equipamento,-109.9473,-40.1058,-3.1234996299925637,-41.765429524071735
18,BUSIP31.002.2244,equipamento,-109.9473,-38.6563,-3.1234865869446566,-41.765429524071735
19,BUSIP31.002.2242,equipamento,-109.9473,-31.6075,-3.1234231596689845,-41.765429524071735
20,BUSIP40.002.2151,equipamento,-109.9473,75.0531,-3.122463394704798,-41.765429524071735
21,TC6.002.1938,equipamento,-108.3405,14.4544,-3.12300868049107,-41.765415068537685
22,SECH6.002.1940,equipamento,-108.3405,22.6401,-3.122935023038671,-41.765415068537685
23,SECH6.002.1939,equipamento,-108.3405,28.0973,-3.122885917470518,-41.765415068537685
24,DISJUNTOR6.002.2070,equipamento,-108.2582,5.8837,-3.1230858022921715,-41.76541432812789
25,DISJUNTOR6.002.2069,equipamento,-108.2582,12.8837,-3.1230228141339453,-41.76541432812789
26,SECV6.002.2005,equipamento,-108.2543,-1.8993,-3.1231558361258105,-41.765414293041644
27,SECV6.002.2006,equipamento,-108.2543,5.1007,-3.1230928479675844,-41.765414293041644
28,DISJUNTOR3.002.2097,equipamento,-108.1989,-28.728,-3.123397249040183,-41.765413794637
29,DISJUNTOR3.002.2096,equipamento,-108.1989,-21.728,-3.1233342608819563,-41.765413794637
30,TC3.002.1967,equipamento,-108.188,-21.2697,-3.123330136957254,-41.76541369657543
31,SECH3.002.1974,equipamento,-108.188,-13.159,-3.1232571543779795,-41.76541369657543
32,SECH3.002.1975,equipamento,-108.188,-7.7519,-3.123208499625073,-41.76541369657543
33,IP6.001.2036,equipamento,-108.1419,-73.883,-3.1238035676522835,-41.76541328183799
34,SECV3.002.2038,equipamento,-108.1419,-65.7843,-3.1237306930527082,-41.76541328183799
35,SECV3.002.2035,equipamento,-108.1419,-60.3852,-3.1236821102862686,-41.76541328183799
36,BUSIP18.002.2273,equipamento,-108.1174,-81.6442,-3.1238734053228017,-41.76541306142438
37,BUSIP18.002.2277,equipamento,-108.1174,-74.6442,-3.1238104171645755,-41.76541306142438
38,BUSIP15.002.2304,equipamento,-108.1044,-89.2181,-3.1239415576101717,-41.76541294447023
39,BUSIP15.002.2303,equipamento,-108.1044,-82.2181,-3.1238785694519455,-41.76541294447023
40,BUSCSB5.002.2373,equipamento,-107.8644,-55.2992,-3.123636344890163,-41.76541078531652
41,BUSCSB5.002.2378,equipamento,-107.8644,-51.2061,-3.1235995139143866,-41.76541078531652
42,BUSCSB5.002.2375,equipamento,-107.8644,-48.2992,-3.123573356731937,-41.76541078531652
43,BUSIP40.002.2150,equipamento,-107.7899,75.0531,-3.122463394704798,-41.76541011507923
44,BUSIP40.002.2149,equipamento,-107.7899,78.7939,-3.122429733833042,-41.76541011507923
45,BUSIP40.002.2153,equipamento,-107.7899,82.0531,-3.1224004065465714,-41.76541011507923
46,BUSIP24.002.2249,equipamento,-107.701,-47.1058,-3.12356261815079,-41.76540931529271
47,BUSIP24.002.2248,equipamento,-107.701,-46.2061,-3.123554522372796,-41.76540931529271
48,BUSIP24.002.2252,equipamento,-107.701,-41.2061,-3.123509530831206,-41.76540931529271
49,BUSIP24.002.2246,equipamento,-107.701,-40.1058,-3.1234996299925637,-41.76540931529271
50,BUSIP4.002.2139,equipamento,-106.2948,-111.313,-3.1241403743326277,-41.765396664451295
51,BUSIP23.002.2269,equipamento,-105.1962,-47.0895,-3.1235624714783645,-41.76538678092521
52,BUSIP23.002.2264,equipamento,-105.1962,-46.2061,-3.123554522372796,-41.76538678092521
53,BUSIP23.002.2259,equipamento,-105.1962,-41.2061,-3.123509530831206,-41.76538678092521
54,BUSIP23.002.2253,equipamento,-105.1962,-40.0577,-3.1234991971739334,-41.76538678092521
55,BUSCSB4.002.2387,equipamento,-105.173,-55.2826,-3.123636195518245,-41.76538657220702
56,BUSCSB4.002.2389,equipamento,-105.173,-51.2061,-3.1235995139143866,-41.76538657220702
57,BUSCSB4.002.2382,equipamento,-105.173,-48.2826,-3.1235732073600184,-41.76538657220702
58,BUSIP39.002.2161,equipamento,-105.043,75.0698,-3.1224632444330487,-41.76538540266543
59,BUSIP39.002.2155,equipamento,-105.043,78.7939,-3.122429733833042,-41.76538540266543
60,BUSIP39.002.2156,equipamento,-105.043,82.0698,-3.1224002562748225,-41.76538540266543
61,BUSIP35.002.2190,equipamento,-105.0285,66.5809,-3.12253963017253,-41.76538527221656
62,BUSIP35.002.2195,equipamento,-105.0285,73.5809,-3.1224766420143037,-41.76538527221656
63,BUSIP12.002.2143,equipamento,-104.9473,-92.8406,-3.123974153982054,-41.76538454170289
64,BUSIP15.002.2307,equipamento,-104.9473,-89.2181,-3.1239415576101717,-41.76538454170289
65,BUSIP15.002.2306,equipamento,-104.9473,-82.2181,-3.1238785694519455,-41.76538454170289
66,BUSIP18.002.2275,equipamento,-104.9473,-81.6442,-3.1238734053228017,-41.76538454170289
67,BUSIP18.002.2274,equipamento,-104.9473,-74.6442,-3.1238104171645755,-41.76538454170289
68,IP6.001.2037,equipamento,-104.9473,-73.883,-3.1238035676522835,-41.76538454170289
69,SECV3.002.2034,equipamento,-104.9473,-60.3852,-3.1236821102862686,-41.76538454170289
70,BUSCSB4.002.2386,equipamento,-104.9473,-55.2826,-3.123636195518245,-41.76538454170289
71,BUSCSB4.002.2384,equipamento,-104.9473,-48.2826,-3.1235732073600184,-41.76538454170289
72,BUSIP23.002.2262,equipamento,-104.9473,-47.0895,-3.1235624714783645,-41.76538454170289
73,BUSIP23.002.2257,equipamento,-104.9473,-40.0577,-3.1234991971739334,-41.76538454170289
74,BUSIP30.002.2238,equipamento,-104.9473,-38.6563,-3.1234865869446566,-41.76538454170289
75,BUSIP30.002.2232,equipamento,-104.9473,-31.6075,-3.1234231596689845,-41.76538454170289
76,DISJUNTOR3.002.2095,equipamento,-104.9473,-28.728,-3.123397249040183,-41.76538454170289
77,DISJUNTOR3.002.2093,equipamento,-104.9473,-21.728,-3.1233342608819563,-41.76538454170289
78,TC3.002.1971,equipamento,-104.9473,-21.2697,-3.123330136957254,-41.76538454170289
79,SECH3.002.1972,equipamento,-104.9473,-7.7519,-3.123208499625073,-41.76538454170289
80,SECV6.002.2003,equipamento,-104.9473,-1.8993,-3.1231558361258105,-41.76538454170289
81,SECV6.002.2004,equipamento,-104.9473,5.1007,-3.1230928479675844,-41.76538454170289
82,DISJUNTOR6.002.2072,equipamento,-104.9473,5.8837,-3.1230858022921715,-41.76538454170289
83,DISJUNTOR6.002.2071,equipamento,-104.9473,12.8837,-3.1230228141339453,-41.76538454170289
84,TC6.002.1944,equipamento,-104.9473,14.4544,-3.12300868049107,-41.76538454170289
85,SECH6.002.1942,equipamento,-104.9473,28.0973,-3.122885917470518,-41.76538454170289
86,BUSIP35.002.2192,equipamento,-104.9473,66.5809,-3.12253963017253,-41.76538454170289
87,BUSIP35.002.2194,equipamento,-104.9473,73.5809,-3.1224766420143037,-41.76538454170289
88,BUSIP39.002.2158,equipamento,-104.9473,75.0698,-3.1224632444330487,-41.76538454170289
89,DISJUNTOR6.002.2073,equipamento,-101.2582,5.8837,-3.1230858022921715,-41.76535135281151
90,DISJUNTOR6.002.2074,equipamento,-101.2582,8.7939,-3.123059615415304,-41.76535135281151
91,DISJUNTOR6.002.2068,equipamento,-101.2582,12.8837,-3.1230228141339453,-41.76535135281151
92,SECV6.002.2007,equipamento,-101.2543,-1.8993,-3.1231558361258105,-41.76535131772526
93,SECV6.002.2009,equipamento,-101.2543,-1.2061,-3.1231495984984847,-41.76535131772526
94,SECV6.002.2008,equipamento,-101.2543,3.7939,-3.1231046069568946,-41.76535131772526
95,SECV6.002.2002,equipamento,-101.2543,5.1007,-3.1230928479675844,-41.76535131772526
96,DISJUNTOR3.002.2094,equipamento,-101.1989,-28.728,-3.123397249040183,-41.765350819320616
97,DISJUNTOR3.002.2099,equipamento,-101.1989,-26.2061,-3.1233745562064357,-41.765350819320616
98,DISJUNTOR3.002.2098,equipamento,-101.1989,-21.728,-3.1233342608819563,-41.765350819320616
99,TC6.002.1943,equipamento,-101.1903,14.4544,-3.12300868049107,-41.76535074195094
100,TC6.002.1937,equipamento,-101.1903,18.7939,-3.122969632332124,-41.76535074195094
101,SECH6.002.1941,equipamento,-101.1903,23.7939,-3.122924640790534,-41.76535074195094
102,SECH6.002.1936,equipamento,-101.1903,28.0973,-3.122885917470518,-41.76535074195094
103,TC3.002.1970,equipamento,-101.129,-21.2697,-3.123330136957254,-41.765350190467096
104,TC3.002.1969,equipamento,-101.129,-21.2061,-3.123329564664845,-41.765350190467096
105,TC3.002.1968,equipamento,-101.129,-16.2061,-3.123284573123255,-41.765350190467096
106,SECH3.002.1976,equipamento,-101.129,-11.2061,-3.123239581581665,-41.765350190467096
107,SECH3.002.1973,equipamento,-101.129,-7.7519,-3.123208499625073,-41.765350190467096
108,BUSIP18.002.2276,equipamento,-101.1174,-81.6442,-3.1238734053228017,-41.765350086108
109,BUSIP18.002.2279,equipamento,-101.1174,-81.2061,-3.1238694631639277,-41.765350086108
110,BUSIP18.002.2278,equipamento,-101.1174,-76.2061,-3.123824471622337,-41.765350086108
111,BUSIP18.002.2280,equipamento,-101.1174,-74.6442,-3.1238104171645755,-41.765350086108
112,BUSIP15.002.2308,equipamento,-101.1044,-89.2181,-3.1239415576101717,-41.765349969153846
113,BUSIP15.002.2305,equipamento,-101.1044,-86.2061,-3.1239144547055178,-41.765349969153846
114,BUSIP15.002.2302,equipamento,-101.1044,-82.2181,-3.1238785694519455,-41.765349969153846
115,IP3.002.2040,equipamento,-100.9628,-73.883,-3.1238035676522835,-41.76534869525316
116,IP3.002.2032,equipamento,-100.9628,-71.2061,-3.123779480080747,-41.76534869525316
117,SECV3.002.2041,equipamento,-100.9628,-66.2061,-3.123734488539157,-41.76534869525316
118,SECV3.002.2033,equipamento,-100.9628,-61.2061,-3.123689496997567,-41.76534869525316
119,SECV3.002.2039,equipamento,-100.9628,-60.3852,-3.1236821102862686,-41.76534869525316
120,BUSIP4.002.2138,equipamento,-100.8471,-111.313,-3.1241403743326277,-41.76534765436114
121,TC5.002.1945,equipamento,-100.7687,14.4673,-3.123008564412893,-41.7653469490376
122,TC5.002.1946,equipamento,-100.7687,18.7939,-3.122969632332124,-41.7653469490376
123,SECH5.002.1947,equipamento,-100.7687,23.7939,-3.122924640790534,-41.7653469490376
124,SECH5.002.1955,equipamento,-100.7687,28.1103,-3.1228858004925097,-41.7653469490376
125,TC2.002.1977,equipamento,-100.6682,-21.2569,-3.1233300217789077,-41.765346044891984
126,TC2.002.1985,equipamento,-100.6682,-21.2061,-3.123329564664845,-41.765346044891984
127,TC2.002.1982,equipamento,-100.6682,-16.2061,-3.123284573123255,-41.765346044891984
128,SECH2.002.1986,equipamento,-100.6682,-11.2061,-3.123239581581665,-41.765346044891984
129,SECH2.002.1981,equipamento,-100.6682,-7.739,-3.1232083835468956,-41.765346044891984
130,SECV5.002.2015,equipamento,-100.6452,-1.8863,-3.1231557191478023,-41.765345837973086
131,SECV5.002.2011,equipamento,-100.6452,-1.2061,-3.1231495984984847,-41.765345837973086
132,SECV5.002.2013,equipamento,-100.6452,3.7939,-3.1231046069568946,-41.765345837973086
133,SECV5.002.2012,equipamento,-100.6452,5.1137,-3.123092730989576,-41.765345837973086
134,IP5.001.2042,equipamento,-100.5435,-73.8693,-3.1238034443754596,-41.765344923031705
135,IP5.001.2047,equipamento,-100.5435,-71.2061,-3.123779480080747,-41.765344923031705
136,SECV2.002.2054,equipamento,-100.5435,-66.2061,-3.123734488539157,-41.765344923031705
137,SECV2.002.2053,equipamento,-100.5435,-61.2061,-3.123689496997567,-41.765344923031705
138,SECV2.002.2048,equipamento,-100.5435,-60.3722,-3.1236819933082605,-41.765344923031705
139,DISJUNTOR5.002.2078,equipamento,-100.4749,5.897,-3.1230856826146707,-41.765344305873604
140,DISJUNTOR5.002.2084,equipamento,-100.4749,8.7939,-3.123059615415304,-41.765344305873604
141,DISJUNTOR5.002.2081,equipamento,-100.4749,12.897,-3.1230226944564445,-41.765344305873604
142,BUSIP17.002.2291,equipamento,-100.4474,-81.6712,-3.1238736482771263,-41.765344058470575
143,BUSIP17.002.2285,equipamento,-100.4474,-81.2061,-3.1238694631639277,-41.765344058470575
144,BUSIP17.002.2284,equipamento,-100.4474,-76.2061,-3.123824471622337,-41.765344058470575
145,BUSIP17.002.2290,equipamento,-100.4474,-74.6712,-3.1238106601188997,-41.765344058470575
146,BUSIP14.002.2310,equipamento,-100.4345,-89.2452,-3.123941801464327,-41.76534394241607
147,BUSIP14.002.2316,equipamento,-100.4345,-86.2061,-3.1239144547055178,-41.76534394241607
148,BUSIP14.002.2317,equipamento,-100.4345,-82.2452,-3.1238788133061006,-41.76534394241607
149,DISJUNTOR2.002.2107,equipamento,-100.4155,-28.7147,-3.123397129362682,-41.76534377148307
150,DISJUNTOR2.002.2105,equipamento,-100.4155,-26.2061,-3.1233745562064357,-41.76534377148307
151,DISJUNTOR2.002.2102,equipamento,-100.4155,-21.7147,-3.123334141204456,-41.76534377148307
152,BUSIP11.002.2133,equipamento,-99.9473,-92.8406,-3.123974153982054,-41.765339559334045
153,BUSIP14.002.2314,equipamento,-99.9473,-89.2452,-3.123941801464327,-41.765339559334045
154,BUSIP14.002.2313,equipamento,-99.9473,-82.2452,-3.1238788133061006,-41.765339559334045
155,BUSIP17.002.2287,equipamento,-99.9473,-81.6712,-3.1238736482771263,-41.765339559334045
156,BUSIP17.002.2283,equipamento,-99.9473,-74.6712,-3.1238106601188997,-41.765339559334045
157,IP5.001.2044,equipamento,-99.9473,-73.8693,-3.1238034443754596,-41.765339559334045
158,SECV2.002.2055,equipamento,-99.9473,-60.3722,-3.1236819933082605,-41.765339559334045
159,BUSCSB4.002.2388,equipamento,-99.9473,-55.2826,-3.123636195518245,-41.765339559334045
160,BUSCSB4.002.2381,equipamento,-99.9473,-48.2826,-3.1235732073600184,-41.765339559334045
161,BUSIP23.002.2271,equipamento,-99.9473,-47.0895,-3.1235624714783645,-41.765339559334045
162,BUSIP23.002.2270,equipamento,-99.9473,-40.0577,-3.1234991971739334,-41.765339559334045
163,BUSIP29.002.2237,equipamento,-99.9473,-38.6563,-3.1234865869446566,-41.765339559334045
164,BUSIP29.002.2240,equipamento,-99.9473,-31.6075,-3.1234231596689845,-41.765339559334045
165,DISJUNTOR2.002.2101,equipamento,-99.9473,-28.7147,-3.123397129362682,-41.765339559334045
166,DISJUNTOR2.002.2108,equipamento,-99.9473,-21.7147,-3.123334141204456,-41.765339559334045
167,TC2.002.1989,equipamento,-99.9473,-21.2569,-3.1233300217789077,-41.765339559334045
168,SECH2.002.1980,equipamento,-99.9473,-7.739,-3.1232083835468956,-41.765339559334045
169,SECV5.002.2018,equipamento,-99.9473,-1.8863,-3.1231557191478023,-41.765339559334045
170,SECV5.002.2014,equipamento,-99.9473,5.1137,-3.123092730989576,-41.765339559334045
171,DISJUNTOR5.002.2079,equipamento,-99.9473,5.897,-3.1230856826146707,-41.765339559334045
172,DISJUNTOR5.002.2076,equipamento,-99.9473,12.897,-3.1230226944564445,-41.765339559334045
173,TC5.002.1956,equipamento,-99.9473,14.4673,-3.123008564412893,-41.765339559334045
174,SECH5.002.1948,equipamento,-99.9473,28.1103,-3.1228858004925097,-41.765339559334045
175,BUSIP35.002.2189,equipamento,-99.9473,66.5809,-3.12253963017253,-41.765339559334045
176,BUSIP35.002.2193,equipamento,-99.9473,73.5809,-3.1224766420143037,-41.765339559334045
177,BUSIP39.002.2157,equipamento,-99.9473,75.0698,-3.1224632444330487,-41.765339559334045
178,BUSCSB4.002.2383,equipamento,-98.173,-55.2826,-3.123636195518245,-41.76532359689064
179,BUSCSB4.002.2385,equipamento,-98.173,-51.2061,-3.1235995139143866,-41.76532359689064
180,BUSIP22.002.2380,equipamento,-98.173,-48.2826,-3.1235732073600184,-41.76532359689064
181,BUSIP39.002.2162,equipamento,-98.043,75.0698,-3.1224632444330487,-41.76532242734905
182,BUSIP39.002.2159,equipamento,-98.043,78.7939,-3.122429733833042,-41.76532242734905
183,BUSIP39.002.2160,equipamento,-98.043,82.0698,-3.1224002562748225,-41.76532242734905
184,BUSIP35.002.2188,equipamento,-98.0285,66.5809,-3.12253963017253,-41.76532229690018
185,BUSIP35.002.2187,equipamento,-98.0285,68.7939,-3.122519716916222,-41.76532229690018
186,BUSIP35.002.2191,equipamento,-98.0285,73.5809,-3.1224766420143037,-41.76532229690018
187,BUSCSB3.002.2399,equipamento,-96.1645,-55.2671,-3.123636056044466,-41.765305527473075
188,BUSCSB3.002.2401,equipamento,-96.1645,-51.2061,-3.1235995139143866,-41.765305527473075
189,BUSIP22.002.2403,equipamento,-96.1645,-48.2507,-3.1235729203139835,-41.765305527473075
190,BUSCSB8.002.2343,equipamento,-95.9634,58.5053,-3.122612296911183,-41.7653037182822
191,BUSCSB8.002.2346,equipamento,-95.9634,65.5053,-3.1225493087529568,-41.7653037182822
192,BUSIP34.002.2196,equipamento,-95.8396,66.5966,-3.1225394888990894,-41.765302604518745
193,BUSIP34.002.2203,equipamento,-95.8396,68.7939,-3.122519716916222,-41.765302604518745
194,BUSIP34.002.2198,equipamento,-95.8396,73.5966,-3.1224765007408632,-41.765302604518745
195,BUSIP38.002.2167,equipamento,-95.8214,75.0856,-3.1224631022597773,-41.765302440782925
196,BUSIP38.002.2168,equipamento,-95.8214,78.7939,-3.122429733833042,-41.765302440782925
197,BUSIP38.002.2164,equipamento,-95.8214,82.0856,-3.122400114101551,-41.765302440782925
198,BUSIP3.002.2140,equipamento,-95.3993,-111.313,-3.1241403743326277,-41.765298643371345
199,BUSIP11.002.2148,equipamento,-94.9473,-92.8406,-3.123974153982054,-41.7652945769652
200,BUSIP14.002.2315,equipamento,-94.9473,-89.2452,-3.123941801464327,-41.7652945769652
201,BUSIP14.002.2318,equipamento,-94.9473,-82.2452,-3.1238788133061006,-41.7652945769652
202,BUSIP17.002.2282,equipamento,-94.9473,-81.6712,-3.1238736482771263,-41.7652945769652
203,BUSIP17.002.2286,equipamento,-94.9473,-74.6712,-3.1238106601188997,-41.7652945769652
204,IP2.002.2049,equipamento,-94.9473,-73.8693,-3.1238034443754596,-41.7652945769652
205,SECV2.002.2051,equipamento,-94.9473,-60.3722,-3.1236819933082605,-41.7652945769652
206,BUSCSB3.002.2396,equipamento,-94.9473,-55.2671,-3.123636056044466,-41.7652945769652
207,BUSCSB3.002.2395,equipamento,-94.9473,-48.2507,-3.1235729203139835,-41.7652945769652
208,BUSIP22.002.2268,equipamento,-94.9473,-47.0895,-3.1235624714783645,-41.7652945769652
209,BUSIP22.002.2267,equipamento,-94.9473,-40.0577,-3.1234991971739334,-41.7652945769652
210,BUSIP28.002.2235,equipamento,-94.9473,-38.6563,-3.1234865869446566,-41.7652945769652
211,BUSIP28.002.2241,equipamento,-94.9473,-31.6075,-3.1234231596689845,-41.7652945769652
212,DISJUNTOR2.002.2100,equipamento,-94.9473,-28.7147,-3.123397129362682,-41.7652945769652
213,DISJUNTOR2.002.2104,equipamento,-94.9473,-21.7147,-3.123334141204456,-41.7652945769652
214,TC2.002.1990,equipamento,-94.9473,-21.2569,-3.1233300217789077,-41.7652945769652
215,SECH2.002.1978,equipamento,-94.9473,-7.739,-3.1232083835468956,-41.7652945769652
216,SECV5.002.2020,equipamento,-94.9473,-1.8863,-3.1231557191478023,-41.7652945769652
217,SECV5.002.2019,equipamento,-94.9473,5.1137,-3.123092730989576,-41.7652945769652
218,DISJUNTOR5.002.2082,equipamento,-94.9473,5.897,-3.1230856826146707,-41.7652945769652
219,DISJUNTOR5.002.2080,equipamento,-94.9473,12.897,-3.1230226944564445,-41.7652945769652
220,TC5.002.1951,equipamento,-94.9473,14.4673,-3.123008564412893,-41.7652945769652
221,SECH5.002.1949,equipamento,-94.9473,28.1103,-3.1228858004925097,-41.7652945769652
222,BUSCSB8.002.2340,equipamento,-94.9473,58.5053,-3.122612296911183,-41.7652945769652
223,BUSCSB8.002.2341,equipamento,-94.9473,65.5053,-3.1225493087529568,-41.7652945769652
224,BUSIP34.002.2197,equipamento,-94.9473,66.5966,-3.1225394888990894,-41.7652945769652
225,BUSIP34.002.2200,equipamento,-94.9473,73.5966,-3.1224765007408632,-41.7652945769652
226,BUSIP38.002.2169,equipamento,-94.9473,75.0856,-3.1224631022597773,-41.7652945769652
227,TC5.002.1950,equipamento,-93.6705,14.4673,-3.123008564412893,-41.765283090267495
228,TC5.002.1953,equipamento,-93.6705,18.7939,-3.122969632332124,-41.765283090267495
229,SECH5.002.1952,equipamento,-93.6705,23.7939,-3.122924640790534,-41.765283090267495
230,SECH5.002.1954,equipamento,-93.6705,28.1103,-3.1228858004925097,-41.765283090267495
231,SECV5.002.2010,equipamento,-93.6452,-1.8863,-3.1231557191478023,-41.76528286265671
232,SECV5.002.2016,equipamento,-93.6452,-1.2061,-3.1231495984984847,-41.76528286265671
233,SECV5.002.2017,equipamento,-93.6452,3.7939,-3.1231046069568946,-41.76528286265671
234,SECV5.002.2021,equipamento,-93.6452,5.1137,-3.123092730989576,-41.76528286265671
235,TC2.002.1983,equipamento,-93.6163,-21.2569,-3.1233300217789077,-41.765282602658615
236,TC2.002.1979,equipamento,-93.6163,-21.2061,-3.123329564664845,-41.765282602658615
237,TC2.002.1984,equipamento,-93.6163,-16.2061,-3.123284573123255,-41.765282602658615
238,SECH2.002.1987,equipamento,-93.6163,-11.2061,-3.123239581581665,-41.765282602658615
239,SECH2.002.1988,equipamento,-93.6163,-7.739,-3.1232083835468956,-41.765282602658615
240,DISJUNTOR5.002.2083,equipamento,-93.4749,5.897,-3.1230856826146707,-41.76528133055722
241,DISJUNTOR5.002.2075,equipamento,-93.4749,8.7939,-3.123059615415304,-41.76528133055722
242,DISJUNTOR5.002.2077,equipamento,-93.4749,12.897,-3.1230226944564445,-41.76528133055722
243,BUSIP17.002.2292,equipamento,-93.4474,-81.6712,-3.1238736482771263,-41.7652810831542
244,BUSIP17.002.2289,equipamento,-93.4474,-81.2061,-3.1238694631639277,-41.7652810831542
245,BUSIP17.002.2288,equipamento,-93.4474,-76.2061,-3.123824471622337,-41.7652810831542
246,BUSIP17.002.2281,equipamento,-93.4474,-74.6712,-3.1238106601188997,-41.7652810831542
247,BUSIP14.002.2309,equipamento,-93.4345,-89.2452,-3.123941801464327,-41.765280967099685
248,BUSIP14.002.2312,equipamento,-93.4345,-86.2061,-3.1239144547055178,-41.765280967099685
249,BUSIP14.002.2311,equipamento,-93.4345,-82.2452,-3.1238788133061006,-41.765280967099685
250,IP2.002.2052,equipamento,-93.4239,-73.8693,-3.1238034443754596,-41.76528087173706
251,IP2.002.2046,equipamento,-93.4239,-71.2061,-3.123779480080747,-41.76528087173706
252,SECV2.002.2043,equipamento,-93.4239,-66.2061,-3.123734488539157,-41.76528087173706
253,SECV2.002.2050,equipamento,-93.4239,-61.2061,-3.123689496997567,-41.76528087173706
254,SECV2.002.2045,equipamento,-93.4239,-60.3722,-3.1236819933082605,-41.76528087173706
255,DISJUNTOR2.002.2109,equipamento,-93.4155,-28.7147,-3.123397129362682,-41.765280796166685
256,DISJUNTOR2.002.2106,equipamento,-93.4155,-26.2061,-3.1233745562064357,-41.765280796166685
257,DISJUNTOR2.002.2103,equipamento,-93.4155,-21.7147,-3.123334141204456,-41.765280796166685
258,TC4.002.1961,equipamento,-93.3647,14.4799,-3.1230084510342078,-41.76528033914582
259,TC4.002.1959,equipamento,-93.3647,18.7939,-3.122969632332124,-41.76528033914582
260,SECH4.002.1966,equipamento,-93.3647,23.7939,-3.122924640790534,-41.76528033914582
261,SECH4.002.1958,equipamento,-93.3647,28.123,-3.122885686213994,-41.76528033914582
262,TC1.002.1998,equipamento,-93.2417,-21.2441,-3.1233299066005613,-41.765279232579545
263,TC1.002.2000,equipamento,-93.2417,-21.2061,-3.123329564664845,-41.765279232579545
264,TC1.002.1995,equipamento,-93.2417,-16.2061,-3.123284573123255,-41.765279232579545
265,SECH1.002.1994,equipamento,-93.2417,-11.2061,-3.123239581581665,-41.765279232579545
266,SECH1.002.1991,equipamento,-93.2417,-7.7263,-3.12320826926838,-41.765279232579545
267,DISJUNTOR4.002.2091,equipamento,-93.2391,5.9094,-3.1230855710356478,-41.76527920918871
268,DISJUNTOR4.002.2087,equipamento,-93.2391,8.7939,-3.123059615415304,-41.76527920918871
269,DISJUNTOR4.002.2085,equipamento,-93.2391,12.9094,-3.123022582877421,-41.76527920918871
270,DISJUNTOR1.002.2110,equipamento,-93.1797,-28.7023,-3.123397017783659,-41.76527867479817
271,DISJUNTOR1.002.2112,equipamento,-93.1797,-26.2061,-3.1233745562064357,-41.76527867479817
272,DISJUNTOR1.002.2116,equipamento,-93.1797,-21.7023,-3.1233340296254326,-41.76527867479817
273,SECV4.002.2029,equipamento,-93.0361,-1.8732,-3.1231556012699637,-41.765277382904536
274,SECV4.002.2023,equipamento,-93.0361,-1.2061,-3.1231495984984847,-41.765277382904536
275,SECV4.002.2030,equipamento,-93.0361,3.7939,-3.1231046069568946,-41.765277382904536
276,SECV4.002.2031,equipamento,-93.0361,5.1268,-3.123092613111737,-41.765277382904536
277,IP4.001.2059,equipamento,-92.9357,-73.8477,-3.123803250012,-41.76527647965857
278,IP4.001.2058,equipamento,-92.9357,-71.2061,-3.123779480080747,-41.76527647965857
279,SECV1.002.2064,equipamento,-92.9357,-66.2061,-3.123734488539157,-41.76527647965857
280,SECV1.002.2056,equipamento,-92.9357,-61.2061,-3.123689496997567,-41.76527647965857
281,SECV1.002.2060,equipamento,-92.9357,-60.3591,-3.1236818754304214,-41.76527647965857
282,BUSIP16.002.2299,equipamento,-92.9,-81.6851,-3.123873773353612,-41.765276158484454
283,BUSIP16.002.2297,equipamento,-92.9,-81.2061,-3.1238694631639277,-41.765276158484454
284,BUSIP16.002.2301,equipamento,-92.9,-76.2061,-3.123824471622337,-41.765276158484454
285,BUSIP16.002.2298,equipamento,-92.9,-74.6851,-3.123810785195386,-41.765276158484454
286,BUSIP13.002.2332,equipamento,-92.887,-89.259,-3.123941925640982,-41.7652760415303
287,BUSIP13.002.2334,equipamento,-92.887,-86.2061,-3.1239144547055178,-41.7652760415303
288,BUSIP13.002.2338,equipamento,-92.887,-82.259,-3.1238789374827554,-41.7652760415303
289,BUSIP3.003.2136,equipamento,-89.9516,-111.313,-3.1241403743326277,-41.765249633281194
290,BUSIP10.002.2144,equipamento,-89.9473,-92.8406,-3.123974153982054,-41.76524959459636
291,BUSIP13.002.2335,equipamento,-89.9473,-89.259,-3.123941925640982,-41.76524959459636
292,BUSIP13.002.2331,equipamento,-89.9473,-82.259,-3.1238789374827554,-41.76524959459636
293,BUSIP16.002.2296,equipamento,-89.9473,-81.6851,-3.123873773353612,-41.76524959459636
294,BUSIP16.002.2300,equipamento,-89.9473,-74.6851,-3.123810785195386,-41.76524959459636
295,IP4.001.2062,equipamento,-89.9473,-73.8477,-3.123803250012,-41.76524959459636
296,SECV1.002.2061,equipamento,-89.9473,-60.3591,-3.1236818754304214,-41.76524959459636
297,BUSCSB2.002.2400,equipamento,-89.9473,-55.2671,-3.123636056044466,-41.76524959459636
298,BUSCSB2.002.2390,equipamento,-89.9473,-48.2507,-3.1235729203139835,-41.76524959459636
299,BUSIP20.002.2254,equipamento,-89.9473,-47.0895,-3.1235624714783645,-41.76524959459636
300,BUSIP20.002.2260,equipamento,-89.9473,-40.0577,-3.1234991971739334,-41.76524959459636
301,BUSIP26.002.2231,equipamento,-89.9473,-38.6563,-3.1234865869446566,-41.76524959459636
302,BUSIP26.002.2229,equipamento,-89.9473,-31.6075,-3.1234231596689845,-41.76524959459636
303,DISJUNTOR1.002.2114,equipamento,-89.9473,-28.7023,-3.123397017783659,-41.76524959459636
304,DISJUNTOR1.002.2115,equipamento,-89.9473,-21.7023,-3.1233340296254326,-41.76524959459636
305,TC1.002.1997,equipamento,-89.9473,-21.2441,-3.1233299066005613,-41.76524959459636
306,SECH1.002.1996,equipamento,-89.9473,-7.7263,-3.12320826926838,-41.76524959459636
307,SECV4.002.2027,equipamento,-89.9473,-1.8732,-3.1231556012699637,-41.76524959459636
308,SECV4.002.2028,equipamento,-89.9473,5.1268,-3.123092613111737,-41.76524959459636
309,DISJUNTOR4.002.2090,equipamento,-89.9473,5.9094,-3.1230855710356478,-41.76524959459636
310,DISJUNTOR4.002.2086,equipamento,-89.9473,12.9094,-3.123022582877421,-41.76524959459636
311,TC4.002.1962,equipamento,-89.9473,14.4799,-3.1230084510342078,-41.76524959459636
312,SECH4.002.1964,equipamento,-89.9473,28.123,-3.122885686213994,-41.76524959459636
313,BUSCSB8.002.2342,equipamento,-89.9473,58.5053,-3.122612296911183,-41.76524959459636
314,BUSCSB8.002.2347,equipamento,-89.9473,65.5053,-3.1225493087529568,-41.76524959459636
315,BUSIP34.002.2201,equipamento,-89.9473,66.5966,-3.1225394888990894,-41.76524959459636
316,BUSIP34.002.2204,equipamento,-89.9473,73.5966,-3.1224765007408632,-41.76524959459636
317,BUSIP38.002.2166,equipamento,-89.9473,75.0856,-3.1224631022597773,-41.76524959459636
318,BUSCSB8.002.2344,equipamento,-88.9634,58.5053,-3.122612296911183,-41.765240742965815
319,BUSCSB8.002.2348,equipamento,-88.9634,58.7939,-3.1226096999994026,-41.765240742965815
320,BUSCSB8.002.2339,equipamento,-88.9634,63.7939,-3.122564708457812,-41.765240742965815
321,BUSCSB8.002.2345,equipamento,-88.9634,65.5053,-3.1225493087529568,-41.765240742965815
322,BUSIP34.002.2199,equipamento,-88.8396,66.5966,-3.1225394888990894,-41.76523962920236
323,BUSIP34.002.2205,equipamento,-88.8396,68.7939,-3.122519716916222,-41.76523962920236
324,BUSIP34.002.2202,equipamento,-88.8396,73.5966,-3.1224765007408632,-41.76523962920236
325,BUSIP38.002.2165,equipamento,-88.8214,75.0856,-3.1224631022597773,-41.76523946546654
326,BUSIP38.002.2170,equipamento,-88.8214,78.7939,-3.122429733833042,-41.76523946546654
327,BUSIP38.002.2163,equipamento,-88.8214,82.0856,-3.122400114101551,-41.76523946546654
328,BUSCSB7.002.2353,equipamento,-86.6014,58.5213,-3.12261215293825,-41.76521949329478
329,BUSCSB7.002.2356,equipamento,-86.6014,58.7939,-3.1226096999994026,-41.76521949329478
330,BUSCSB7.002.2355,equipamento,-86.6014,63.7939,-3.122564708457812,-41.76521949329478
331,BUSCSB7.002.2349,equipamento,-86.6014,65.5213,-3.1225491647800236,-41.76521949329478
332,BUSIP37.002.2175,equipamento,-86.4651,75.1017,-3.1224629573870137,-41.765218267075404
333,BUSIP37.002.2171,equipamento,-86.4651,78.7939,-3.122429733833042,-41.765218267075404
334,BUSIP37.002.2176,equipamento,-86.4651,82.1017,-3.122399969228787,-41.765218267075404
335,BUSIP33.002.2213,equipamento,-86.4505,66.6127,-3.1225393440263254,-41.76521813572688
336,BUSIP33.002.2207,equipamento,-86.4505,68.7939,-3.122519716916222,-41.76521813572688
337,BUSIP33.002.2215,equipamento,-86.4505,73.6127,-3.1224763558680992,-41.76521813572688
338,TC4.002.1957,equipamento,-86.317,14.4799,-3.1230084510342078,-41.765216934697634
339,TC4.002.1965,equipamento,-86.317,18.7939,-3.122969632332124,-41.765216934697634
340,SECH4.002.1960,equipamento,-86.317,23.7939,-3.122924640790534,-41.765216934697634
341,SECH4.002.1963,equipamento,-86.317,28.123,-3.122885686213994,-41.765216934697634
342,DISJUNTOR4.002.2089,equipamento,-86.2391,5.9094,-3.1230855710356478,-41.76521623387233
343,DISJUNTOR4.002.2088,equipamento,-86.2391,8.7939,-3.123059615415304,-41.76521623387233
344,DISJUNTOR4.002.2092,equipamento,-86.2391,12.9094,-3.123022582877421,-41.76521623387233
345,TC1.002.1999,equipamento,-86.2123,-21.2441,-3.1233299066005613,-41.765215992766834
346,TC1.002.1993,equipamento,-86.2123,-16.2061,-3.123284573123255,-41.765215992766834
347,SECH1.002.1992,equipamento,-86.2123,-11.2061,-3.123239581581665,-41.765215992766834
348,SECH1.002.2001,equipamento,-86.2123,-7.7263,-3.12320826926838,-41.765215992766834
349,DISJUNTOR1.002.2113,equipamento,-86.1797,-28.7023,-3.123397017783659,-41.765215699481786
350,DISJUNTOR1.002.2111,equipamento,-86.1797,-26.2061,-3.1233745562064357,-41.765215699481786
351,DISJUNTOR1.002.2117,equipamento,-86.1797,-21.7023,-3.1233340296254326,-41.765215699481786
352,SECV4.002.2024,equipamento,-86.0361,-1.8732,-3.1231556012699637,-41.765214407588154
353,SECV4.002.2025,equipamento,-86.0361,-1.2061,-3.1231495984984847,-41.765214407588154
354,SECV4.002.2026,equipamento,-86.0361,3.7939,-3.1231046069568946,-41.765214407588154
355,SECV4.002.2022,equipamento,-86.0361,5.1268,-3.123092613111737,-41.765214407588154
356,IP4.001.2065,equipamento,-85.9238,-73.8477,-3.123803250012,-41.76521339728415
357,IP4.001.2067,equipamento,-85.9238,-71.2061,-3.123779480080747,-41.76521339728415
358,SECV1.002.2066,equipamento,-85.9238,-66.2061,-3.123734488539157,-41.76521339728415
359,SECV1.002.2057,equipamento,-85.9238,-61.2061,-3.123689496997567,-41.76521339728415
360,SECV1.002.2063,equipamento,-85.9238,-60.3591,-3.1236818754304214,-41.76521339728415
361,BUSIP16.002.2295,equipamento,-85.9,-81.6851,-3.123873773353612,-41.76521318316807
362,BUSIP16.002.2294,equipamento,-85.9,-81.2061,-3.1238694631639277,-41.76521318316807
363,BUSIP16.002.2293,equipamento,-85.9,-74.6851,-3.123810785195386,-41.76521318316807
364,BUSIP13.002.2336,equipamento,-85.887,-89.259,-3.123941925640982,-41.76521306621392
365,BUSIP13.002.2333,equipamento,-85.887,-86.2061,-3.1239144547055178,-41.76521306621392
366,BUSIP13.002.2337,equipamento,-85.887,-82.259,-3.1238789374827554,-41.76521306621392
367,BUSIP10.002.2145,equipamento,-84.9473,-92.8406,-3.123974153982054,-41.765204612227514
368,BUSCSB1.002.2392,equipamento,-84.9473,-55.2671,-3.123636056044466,-41.765204612227514
369,BUSCSB1.002.2402,equipamento,-84.9473,-48.2507,-3.1235729203139835,-41.765204612227514
370,BUSIP19.002.2263,equipamento,-84.9473,-47.0895,-3.1235624714783645,-41.765204612227514
371,BUSIP19.002.2255,equipamento,-84.9473,-40.0577,-3.1234991971739334,-41.765204612227514
372,BUSIP25.002.2236,equipamento,-84.9473,-38.6563,-3.1234865869446566,-41.765204612227514
373,BUSIP25.002.2239,equipamento,-84.9473,-31.6075,-3.1234231596689845,-41.765204612227514
374,BUSCSB7.002.2360,equipamento,-84.9473,58.5213,-3.12261215293825,-41.765204612227514
375,BUSCSB7.002.2354,equipamento,-84.9473,65.5213,-3.1225491647800236,-41.765204612227514
376,BUSIP33.002.2211,equipamento,-84.9473,66.6127,-3.1225393440263254,-41.765204612227514
377,BUSIP33.002.2208,equipamento,-84.9473,73.6127,-3.1224763558680992,-41.765204612227514
378,BUSIP37.002.2174,equipamento,-84.9473,75.1017,-3.1224629573870137,-41.765204612227514
379,BUSIP2.002.2128,equipamento,-84.1579,-111.2722,-3.1241400072016483,-41.76519751041112
380,BUSIP2.002.2125,equipamento,-84.1579,-105.9354,-3.1240919850298168,-41.76519751041112
381,BUSIP6.002.2121,equipamento,-84.1579,-100.5987,-3.1240439637578157,-41.76519751041112
382,BUSIP10.002.2130,equipamento,-84.1579,-95.2619,-3.123995941585984,-41.76519751041112
383,BUSIP10.002.2123,equipamento,-84.1579,-89.9251,-3.1239479194141526,-41.76519751041112
384,BUSIP2.002.2146,equipamento,-81.78,-111.313,-3.1241403743326277,-41.76517611769615
385,BUSIP2.002.2131,equipamento,-81.78,-106.0351,-3.124092882161156,-41.76517611769615
386,BUSIP5.002.2134,equipamento,-81.78,-100.7573,-3.124045390889515,-41.76517611769615
387,BUSIP10.002.2132,equipamento,-81.78,-92.8406,-3.123974153982054,-41.76517611769615
388,BUSIP9.002.2124,equipamento,-79.9473,-89.9251,-3.1239479194141526,-41.76515962985867
389,pp_1,ponto_passagem,-79.9473,-86.2061,-3.1239144547055178,-41.76515962985867
390,pp_2,ponto_passagem,-79.9473,-81.2061,-3.1238694631639277,-41.76515962985867
391,pp_3,ponto_passagem,-79.9473,-71.2061,-3.123779480080747,-41.76515962985867
392,pp_4,ponto_passagem,-79.9473,-66.2061,-3.123734488539157,-41.76515962985867
393,pp_5,ponto_passagem,-79.9473,-61.2061,-3.123689496997567,-41.76515962985867
394,BUSCSB1.002.2398,equipamento,-79.9473,-55.2671,-3.123636056044466,-41.76515962985867
395,BUSCSB1.002.2397,equipamento,-79.9473,-48.2507,-3.1235729203139835,-41.76515962985867
396,BUSIP19.002.2272,equipamento,-79.9473,-47.0895,-3.1235624714783645,-41.76515962985867
397,BUSIP19.002.2261,equipamento,-79.9473,-40.0577,-3.1234991971739334,-41.76515962985867
398,BUSIP25.002.2243,equipamento,-79.9473,-38.6563,-3.1234865869446566,-41.76515962985867
399,BUSIP25.002.2227,equipamento,-79.9473,-31.6075,-3.1234231596689845,-41.76515962985867
400,pp_6,ponto_passagem,-79.9473,-26.2061,-3.1233745562064357,-41.76515962985867
401,pp_7,ponto_passagem,-79.9473,-16.2061,-3.123284573123255,-41.76515962985867
402,pp_8,ponto_passagem,-79.9473,-11.2061,-3.123239581581665,-41.76515962985867
403,pp_9,ponto_passagem,-79.9473,-1.2061,-3.1231495984984847,-41.76515962985867
404,pp_10,ponto_passagem,-79.9473,3.7939,-3.1231046069568946,-41.76515962985867
405,pp_11,ponto_passagem,-79.9473,8.7939,-3.123059615415304,-41.76515962985867
406,pp_12,ponto_passagem,-79.9473,18.7939,-3.122969632332124,-41.76515962985867
407,pp_13,ponto_passagem,-79.9473,23.7939,-3.122924640790534,-41.76515962985867
408,BUSCSB7.002.2359,equipamento,-79.9473,58.5213,-3.12261215293825,-41.76515962985867
409,BUSCSB7.002.2352,equipamento,-79.9473,65.5213,-3.1225491647800236,-41.76515962985867
410,BUSIP33.002.2212,equipamento,-79.9473,66.6127,-3.1225393440263254,-41.76515962985867
411,BUSIP33.002.2214,equipamento,-79.9473,73.6127,-3.1224763558680992,-41.76515962985867
412,BUSIP37.002.2172,equipamento,-79.9473,75.1017,-3.1224629573870137,-41.76515962985867
413,BUSIP19.002.2265,equipamento,-79.6495,-47.0895,-3.1235624714783645,-41.765156950708786
414,BUSIP19.002.2258,equipamento,-79.6495,-46.2061,-3.123554522372796,-41.765156950708786
415,BUSIP19.002.2266,equipamento,-79.6495,-41.2061,-3.123509530831206,-41.765156950708786
416,BUSIP19.002.2256,equipamento,-79.6495,-40.0577,-3.1234991971739334,-41.765156950708786
417,BUSCSB1.002.2391,equipamento,-79.633,-55.2671,-3.123636056044466,-41.765156802266965
418,BUSCSB1.002.2394,equipamento,-79.633,-51.2061,-3.1235995139143866,-41.765156802266965
419,BUSCSB1.002.2393,equipamento,-79.633,-48.2507,-3.1235729203139835,-41.765156802266965
420,BUSCSB7.002.2351,equipamento,-79.6014,58.5213,-3.12261215293825,-41.7651565179784
421,BUSCSB7.002.2357,equipamento,-79.6014,58.7939,-3.1226096999994026,-41.7651565179784
422,BUSCSB7.002.2358,equipamento,-79.6014,63.7939,-3.122564708457812,-41.7651565179784
423,BUSCSB7.002.2350,equipamento,-79.6014,65.5213,-3.1225491647800236,-41.7651565179784
424,BUSIP25.002.2233,equipamento,-79.4966,-38.6563,-3.1234865869446566,-41.76515557514794
425,BUSIP25.002.2234,equipamento,-79.4966,-36.2061,-3.123464539289616,-41.76515557514794
426,BUSIP25.002.2226,equipamento,-79.4966,-31.6075,-3.1234231596689845,-41.76515557514794
427,BUSIP37.002.2178,equipamento,-79.4651,75.1017,-3.1224629573870137,-41.76515529175902
428,BUSIP37.002.2177,equipamento,-79.4651,78.7939,-3.122429733833042,-41.76515529175902
429,BUSIP37.002.2173,equipamento,-79.4651,82.1017,-3.122399969228787,-41.76515529175902
430,BUSIP33.002.2209,equipamento,-79.4505,66.6127,-3.1225393440263254,-41.7651551604105
431,BUSIP33.002.2206,equipamento,-79.4505,68.7939,-3.122519716916222,-41.7651551604105
432,BUSIP33.002.2210,equipamento,-79.4505,73.6127,-3.1224763558680992,-41.7651551604105
433,BUSIP2.002.2126,equipamento,-78.6701,-111.2722,-3.1241400072016483,-41.76514813956238
434,BUSCSB6.002.2365,equipamento,-76.7216,58.5383,-3.1226119999670083,-41.76513060993324
435,BUSCSB6.002.2362,equipamento,-76.7216,58.7939,-3.1226096999994026,-41.76513060993324
436,BUSCSB6.002.2371,equipamento,-76.7216,63.7939,-3.122564708457812,-41.76513060993324
437,BUSCSB6.002.2363,equipamento,-76.7216,65.5383,-3.122549011808782,-41.76513060993324
438,BUSIP36.002.2185,equipamento,-76.5438,75.1187,-3.1224628044157723,-41.7651290103602
439,BUSIP36.002.2184,equipamento,-76.5438,78.7939,-3.122429733833042,-41.7651290103602
440,BUSIP36.002.2180,equipamento,-76.5438,82.1187,-3.1223998162575457,-41.7651290103602
441,BUSIP32.002.2219,equipamento,-76.5423,66.6545,-3.1225389678970377,-41.76512899686549
442,BUSIP32.002.2217,equipamento,-76.5423,68.7939,-3.122519716916222,-41.76512899686549
443,BUSIP32.002.2221,equipamento,-76.5423,73.6545,-3.1224759797388115,-41.76512899686549
444,BUSCSB12.001.1907,equipamento,-76.2447,-55.2329,-3.1236357483023216,-41.7651263195149
445,BUSCSB12.001.1904,equipamento,-76.2447,-51.2061,-3.1235995139143866,-41.7651263195149
446,BUSCSB12.001.1902,equipamento,-76.2447,-48.2329,-3.123572760144095,-41.7651263195149
447,BUSIP31.001.1716,equipamento,-76.1479,-38.5845,-3.1234859408661193,-41.765125448656235
448,BUSIP31.001.1708,equipamento,-76.1479,-36.2061,-3.123464539289616,-41.765125448656235
449,BUSIP31.001.1711,equipamento,-76.1479,-31.5845,-3.123422952707893,-41.765125448656235
450,BUSIP15.001.1777,equipamento,-76.0878,-46.9621,-3.1235613250938847,-41.765124907968165
451,BUSIP15.001.1771,equipamento,-76.0878,-46.2061,-3.123554522372796,-41.765124907968165
452,BUSIP15.001.1776,equipamento,-76.0878,-41.2061,-3.123509530831206,-41.765124907968165
453,BUSIP15.001.1779,equipamento,-76.0878,-39.9621,-3.1234983369356586,-41.765124907968165
454,BUSIP9.002.2119,equipamento,-74.9473,-89.9251,-3.1239479194141526,-41.76511464748983
455,pp_14,ponto_passagem,-74.9473,-86.2061,-3.1239144547055178,-41.76511464748983
456,pp_15,ponto_passagem,-74.9473,-81.2061,-3.1238694631639277,-41.76511464748983
457,pp_16,ponto_passagem,-74.9473,-71.2061,-3.123779480080747,-41.76511464748983
458,pp_17,ponto_passagem,-74.9473,-66.2061,-3.123734488539157,-41.76511464748983
459,pp_18,ponto_passagem,-74.9473,-61.2061,-3.123689496997567,-41.76511464748983
460,BUSCSB12.001.1909,equipamento,-74.9473,-55.2329,-3.1236357483023216,-41.76511464748983
461,BUSCSB12.001.1906,equipamento,-74.9473,-48.2329,-3.123572760144095,-41.76511464748983
462,BUSIP15.001.1778,equipamento,-74.9473,-46.9621,-3.1235613250938847,-41.76511464748983
463,BUSIP15.001.1770,equipamento,-74.9473,-39.9621,-3.1234983369356586,-41.76511464748983
464,BUSIP31.001.1710,equipamento,-74.9473,-38.5845,-3.1234859408661193,-41.76511464748983
465,BUSIP31.001.1709,equipamento,-74.9473,-31.5845,-3.123422952707893,-41.76511464748983
466,pp_19,ponto_passagem,-74.9473,-26.2061,-3.1233745562064357,-41.76511464748983
467,pp_20,ponto_passagem,-74.9473,-16.2061,-3.123284573123255,-41.76511464748983
468,pp_21,ponto_passagem,-74.9473,-11.2061,-3.123239581581665,-41.76511464748983
469,pp_22,ponto_passagem,-74.9473,-1.2061,-3.1231495984984847,-41.76511464748983
470,pp_23,ponto_passagem,-74.9473,3.7939,-3.1231046069568946,-41.76511464748983
471,pp_24,ponto_passagem,-74.9473,8.7939,-3.123059615415304,-41.76511464748983
472,pp_25,ponto_passagem,-74.9473,18.7939,-3.122969632332124,-41.76511464748983
473,pp_26,ponto_passagem,-74.9473,23.7939,-3.122924640790534,-41.76511464748983
474,BUSCSB6.002.2372,equipamento,-74.9473,58.5383,-3.1226119999670083,-41.76511464748983
475,BUSCSB6.002.2364,equipamento,-74.9473,65.5383,-3.122549011808782,-41.76511464748983
476,BUSIP32.002.2220,equipamento,-74.9473,66.6545,-3.1225389678970377,-41.76511464748983
477,BUSIP32.002.2216,equipamento,-74.9473,73.6545,-3.1224759797388115,-41.76511464748983
478,BUSIP36.002.2186,equipamento,-74.9473,75.1187,-3.1224628044157723,-41.76511464748983
479,BUSIP1.002.2118,equipamento,-70.4385,-111.2722,-3.1241400072016483,-41.7650740841889
480,BUSIP1.002.2129,equipamento,-70.4385,-106.2061,-3.1240944208718786,-41.7650740841889
481,BUSIP9.002.2120,equipamento,-70.4385,-96.2061,-3.124004437788698,-41.7650740841889
482,BUSIP9.002.2127,equipamento,-70.4385,-91.2061,-3.123959446247108,-41.7650740841889
483,BUSIP9.002.2122,equipamento,-70.4385,-89.9251,-3.1239479194141526,-41.7650740841889
484,BUSCSB12.001.1905,equipamento,-69.9473,-48.2329,-3.123572760144095,-41.76506966512098
485,BUSIP15.001.1774,equipamento,-69.9473,-46.9621,-3.1235613250938847,-41.76506966512098
486,BUSIP15.001.1773,equipamento,-69.9473,-39.9621,-3.1234983369356586,-41.76506966512098
487,BUSIP31.001.1715,equipamento,-69.9473,-38.5845,-3.1234859408661193,-41.76506966512098
488,BUSIP31.001.1714,equipamento,-69.9473,-31.5845,-3.123422952707893,-41.76506966512098
489,pp_27,ponto_passagem,-69.9473,-26.2061,-3.1233745562064357,-41.76506966512098
490,pp_28,ponto_passagem,-69.9473,-16.2061,-3.123284573123255,-41.76506966512098
491,pp_29,ponto_passagem,-69.9473,-11.2061,-3.123239581581665,-41.76506966512098
492,pp_30,ponto_passagem,-69.9473,-1.2061,-3.1231495984984847,-41.76506966512098
493,pp_31,ponto_passagem,-69.9473,3.7939,-3.1231046069568946,-41.76506966512098
494,pp_32,ponto_passagem,-69.9473,8.7939,-3.123059615415304,-41.76506966512098
495,pp_33,ponto_passagem,-69.9473,18.7939,-3.122969632332124,-41.76506966512098
496,pp_34,ponto_passagem,-69.9473,23.7939,-3.122924640790534,-41.76506966512098
497,BUSCSB6.002.2369,equipamento,-69.9473,58.5383,-3.1226119999670083,-41.76506966512098
498,BUSCSB6.002.2368,equipamento,-69.9473,65.5383,-3.122549011808782,-41.76506966512098
499,BUSIP32.002.2222,equipamento,-69.9473,66.6545,-3.1225389678970377,-41.76506966512098
500,BUSIP32.002.2224,equipamento,-69.9473,73.6545,-3.1224759797388115,-41.76506966512098
501,BUSIP36.002.2181,equipamento,-69.9473,75.1187,-3.1224628044157723,-41.76506966512098
502,BUSCSB6.002.2366,equipamento,-69.7216,58.5383,-3.1226119999670083,-41.765067634616855
503,BUSCSB6.002.2361,equipamento,-69.7216,58.7939,-3.1226096999994026,-41.765067634616855
504,BUSCSB6.002.2370,equipamento,-69.7216,63.7939,-3.122564708457812,-41.765067634616855
505,BUSCSB6.002.2367,equipamento,-69.7216,65.5383,-3.122549011808782,-41.765067634616855
506,BUSIP36.002.2182,equipamento,-69.5438,75.1187,-3.1224628044157723,-41.765066035043816
507,BUSIP36.002.2183,equipamento,-69.5438,78.7939,-3.122429733833042,-41.765066035043816
508,BUSIP36.002.2179,equipamento,-69.5438,82.1187,-3.1223998162575457,-41.765066035043816
509,BUSIP32.002.2223,equipamento,-69.5423,66.6545,-3.1225389678970377,-41.76506602154911
510,BUSIP32.002.2218,equipamento,-69.5423,68.7939,-3.122519716916222,-41.76506602154911
511,BUSIP32.002.2225,equipamento,-69.5423,73.6545,-3.1224759797388115,-41.76506602154911
512,BUSCSB12.001.1910,equipamento,-69.2447,-55.2329,-3.1236357483023216,-41.765063344198516
513,BUSCSB12.001.1908,equipamento,-69.2447,-51.2061,-3.1235995139143866,-41.765063344198516
514,BUSCSB12.001.1903,equipamento,-69.2447,-48.2329,-3.123572760144095,-41.765063344198516
515,BUSIP31.001.1713,equipamento,-69.1479,-38.5845,-3.1234859408661193,-41.76506247333985
516,BUSIP31.001.1712,equipamento,-69.1479,-36.2061,-3.123464539289616,-41.76506247333985
517,BUSIP31.001.1717,equipamento,-69.1479,-31.5845,-3.123422952707893,-41.76506247333985
518,BUSIP15.001.1769,equipamento,-69.0878,-46.9621,-3.1235613250938847,-41.76506193265178
519,BUSIP15.001.1775,equipamento,-69.0878,-46.2061,-3.123554522372796,-41.76506193265178
520,BUSIP15.001.1768,equipamento,-69.0878,-41.2061,-3.123509530831206,-41.76506193265178
521,BUSIP15.001.1772,equipamento,-69.0878,-39.9621,-3.1234983369356586,-41.76506193265178
522,BUSIP60.001.1608,equipamento,-66.65,75.4756,-3.1224595929195336,-41.76504000104803
523,BUSIP60.001.1610,equipamento,-66.65,78.7939,-3.122429733833042,-41.76504000104803
524,BUSIP60.001.1605,equipamento,-66.65,82.4756,-3.122396604761307,-41.76504000104803
525,BUSCSB25.001.1840,equipamento,-66.6492,58.4887,-3.1226124462831013,-41.76503999385085
526,BUSCSB25.001.1839,equipamento,-66.6492,58.7939,-3.1226096999994026,-41.76503999385085
527,BUSCSB25.001.1838,equipamento,-66.6492,63.7939,-3.122564708457812,-41.76503999385085
528,BUSCSB25.001.1841,equipamento,-66.6492,65.4887,-3.1225494581248747,-41.76503999385085
529,BUSIP46.001.1662,equipamento,-66.6179,67.1351,-3.12253464331006,-41.76503971226122
530,BUSIP46.001.1657,equipamento,-66.6179,68.7939,-3.122519716916222,-41.76503971226122
531,BUSIP46.001.1660,equipamento,-66.6179,74.1351,-3.1224716551518337,-41.76503971226122
532,BUSCSB11.001.1913,equipamento,-66.2322,-55.2157,-3.1236355935314184,-41.76503624232129
533,BUSCSB11.001.1911,equipamento,-66.2322,-51.2061,-3.1235995139143866,-41.76503624232129
534,BUSCSB11.001.1912,equipamento,-66.2322,-48.2157,-3.1235726053731923,-41.76503624232129
535,BUSIP30.001.1724,equipamento,-66.1917,-38.5674,-3.1234857869950474,-41.7650358779641
536,BUSIP30.001.1719,equipamento,-66.1917,-36.2061,-3.123464539289616,-41.7650358779641
537,BUSIP30.001.1722,equipamento,-66.1917,-31.5674,-3.123422798836821,-41.7650358779641
538,BUSIP14.001.1788,equipamento,-66.144,-46.945,-3.1235611712228124,-41.7650354488323
539,BUSIP14.001.1784,equipamento,-66.144,-46.2061,-3.123554522372796,-41.7650354488323
540,BUSIP14.001.1787,equipamento,-66.144,-41.2061,-3.123509530831206,-41.7650354488323
541,BUSIP14.001.1786,equipamento,-66.144,-39.945,-3.1234981830645863,-41.7650354488323
542,BUSCSB11.001.1916,equipamento,-64.9473,-48.2157,-3.1235726053731923,-41.76502468275214
543,BUSIP14.001.1782,equipamento,-64.9473,-46.945,-3.1235611712228124,-41.76502468275214
544,BUSIP14.001.1783,equipamento,-64.9473,-39.945,-3.1234981830645863,-41.76502468275214
545,BUSIP30.001.1723,equipamento,-64.9473,-38.5674,-3.1234857869950474,-41.76502468275214
546,BUSIP30.001.1725,equipamento,-64.9473,-31.5674,-3.123422798836821,-41.76502468275214
547,pp_35,ponto_passagem,-64.9473,-26.2061,-3.1233745562064357,-41.76502468275214
548,pp_36,ponto_passagem,-64.9473,-16.2061,-3.123284573123255,-41.76502468275214
549,pp_37,ponto_passagem,-64.9473,-11.2061,-3.123239581581665,-41.76502468275214
550,pp_38,ponto_passagem,-64.9473,-1.2061,-3.1231495984984847,-41.76502468275214
551,pp_39,ponto_passagem,-64.9473,3.7939,-3.1231046069568946,-41.76502468275214
552,pp_40,ponto_passagem,-64.9473,8.7939,-3.123059615415304,-41.76502468275214
553,pp_41,ponto_passagem,-64.9473,18.7939,-3.122969632332124,-41.76502468275214
554,pp_42,ponto_passagem,-64.9473,23.7939,-3.122924640790534,-41.76502468275214
555,BUSCSB25.001.1845,equipamento,-64.9473,58.4887,-3.1226124462831013,-41.76502468275214
556,BUSCSB25.001.1834,equipamento,-64.9473,65.4887,-3.1225494581248747,-41.76502468275214
557,BUSIP46.001.1659,equipamento,-64.9473,67.1351,-3.12253464331006,-41.76502468275214
558,BUSIP46.001.1667,equipamento,-64.9473,74.1351,-3.1224716551518337,-41.76502468275214
559,BUSIP60.001.1607,equipamento,-64.9473,75.4756,-3.1224595929195336,-41.76502468275214
560,BUSCSB11.001.1917,equipamento,-59.9473,-48.2157,-3.1235726053731923,-41.7649797003833
561,BUSIP14.001.1789,equipamento,-59.9473,-46.945,-3.1235611712228124,-41.7649797003833
562,BUSIP14.001.1781,equipamento,-59.9473,-39.945,-3.1234981830645863,-41.7649797003833
563,BUSIP30.001.1720,equipamento,-59.9473,-38.5674,-3.1234857869950474,-41.7649797003833
564,BUSIP30.001.1718,equipamento,-59.9473,-31.5674,-3.123422798836821,-41.7649797003833
565,pp_43,ponto_passagem,-59.9473,-26.2061,-3.1233745562064357,-41.7649797003833
566,pp_44,ponto_passagem,-59.9473,-16.2061,-3.123284573123255,-41.7649797003833
567,pp_45,ponto_passagem,-59.9473,-11.2061,-3.123239581581665,-41.7649797003833
568,pp_46,ponto_passagem,-59.9473,-1.2061,-3.1231495984984847,-41.7649797003833
569,pp_47,ponto_passagem,-59.9473,3.7939,-3.1231046069568946,-41.7649797003833
570,pp_48,ponto_passagem,-59.9473,8.7939,-3.123059615415304,-41.7649797003833
571,pp_49,ponto_passagem,-59.9473,18.7939,-3.122969632332124,-41.7649797003833
572,pp_50,ponto_passagem,-59.9473,23.7939,-3.122924640790534,-41.7649797003833
573,BUSCSB25.001.1844,equipamento,-59.9473,58.4887,-3.1226124462831013,-41.7649797003833
574,BUSCSB25.001.1843,equipamento,-59.9473,65.4887,-3.1225494581248747,-41.7649797003833
575,BUSIP46.001.1664,equipamento,-59.9473,67.1351,-3.12253464331006,-41.7649797003833
576,BUSIP46.001.1666,equipamento,-59.9473,74.1351,-3.1224716551518337,-41.7649797003833
577,BUSIP60.001.1612,equipamento,-59.9473,75.4756,-3.1224595929195336,-41.7649797003833
578,BUSIP60.001.1606,equipamento,-59.65,75.4756,-3.1224595929195336,-41.764977025731646
579,BUSIP60.001.1609,equipamento,-59.65,78.7939,-3.122429733833042,-41.764977025731646
580,BUSIP60.001.1611,equipamento,-59.65,82.4756,-3.122396604761307,-41.764977025731646
581,BUSCSB25.001.1836,equipamento,-59.6492,58.4887,-3.1226124462831013,-41.764977018534466
582,BUSCSB25.001.1835,equipamento,-59.6492,58.7939,-3.1226096999994026,-41.764977018534466
583,BUSCSB25.001.1837,equipamento,-59.6492,63.7939,-3.122564708457812,-41.764977018534466
584,BUSCSB25.001.1842,equipamento,-59.6492,65.4887,-3.1225494581248747,-41.764977018534466
585,BUSIP46.001.1665,equipamento,-59.6179,67.1351,-3.12253464331006,-41.76497673694484
586,BUSIP46.001.1663,equipamento,-59.6179,68.7939,-3.122519716916222,-41.76497673694484
587,BUSIP46.001.1658,equipamento,-59.6179,73.7939,-3.122474725374632,-41.76497673694484
588,BUSIP46.001.1661,equipamento,-59.6179,74.1351,-3.1224716551518337,-41.76497673694484
589,BUSCSB11.001.1918,equipamento,-59.2322,-55.2157,-3.1236355935314184,-41.764973267004905
590,BUSCSB11.001.1914,equipamento,-59.2322,-51.2061,-3.1235995139143866,-41.764973267004905
591,BUSCSB11.001.1915,equipamento,-59.2322,-48.2157,-3.1235726053731923,-41.764973267004905
592,BUSIP30.001.1721,equipamento,-59.1917,-38.5674,-3.1234857869950474,-41.76497290264772
593,BUSIP30.001.1726,equipamento,-59.1917,-36.2061,-3.123464539289616,-41.76497290264772
594,BUSIP30.001.1727,equipamento,-59.1917,-31.5674,-3.123422798836821,-41.76497290264772
595,BUSIP14.001.1780,equipamento,-59.144,-46.945,-3.1235611712228124,-41.76497247351592
596,BUSIP14.001.1791,equipamento,-59.144,-46.2061,-3.123554522372796,-41.76497247351592
597,BUSIP14.001.1790,equipamento,-59.144,-41.2061,-3.123509530831206,-41.76497247351592
598,BUSIP14.001.1785,equipamento,-59.144,-39.945,-3.1234981830645863,-41.76497247351592
599,BUSIP59.001.1632,equipamento,-56.4815,75.1223,-3.122462772021862,-41.76494852040451
600,BUSIP59.001.1622,equipamento,-56.4815,78.7939,-3.122429733833042,-41.76494852040451
601,BUSIP59.001.1615,equipamento,-56.4815,82.1913,-3.122399162980362,-41.76494852040451
602,BUSCSB24.001.1865,equipamento,-56.3967,58.4488,-3.122612805315603,-41.764947757503535
603,BUSCSB24.001.1857,equipamento,-56.3967,58.7939,-3.1226096999994026,-41.764947757503535
604,BUSCSB24.001.1863,equipamento,-56.3967,63.7939,-3.122564708457812,-41.764947757503535
605,BUSCSB24.001.1852,equipamento,-56.3967,65.5546,-3.122548865136357,-41.764947757503535
606,BUSIP29.001.1749,equipamento,-56.2864,-38.5504,-3.123485634023806,-41.76494676519248
607,BUSIP29.001.1754,equipamento,-56.2864,-36.2061,-3.123464539289616,-41.76494676519248
608,BUSIP29.001.1756,equipamento,-56.2864,-31.4406,-3.1234216578513263,-41.76494676519248
609,BUSIP45.001.1670,equipamento,-56.2469,66.745,-3.122538153550135,-41.764946409831765
610,BUSIP45.001.1680,equipamento,-56.2469,68.7939,-3.122519716916222,-41.764946409831765
611,BUSIP45.001.1671,equipamento,-56.2469,73.7932,-3.1224747316734476,-41.764946409831765
612,BUSCSB10.001.1919,equipamento,-56.2245,-55.1986,-3.123635439660346,-41.764946208310754
613,BUSCSB10.001.1920,equipamento,-56.2245,-51.2061,-3.1235995139143866,-41.764946208310754
614,BUSCSB10.001.1927,equipamento,-56.2245,-48.1986,-3.12357245150212,-41.764946208310754
615,REATOR7.001.1405,equipamento,-56.1541,-96.0075,-3.124002650724666,-41.764945574959
616,REATOR7.001.1404,equipamento,-56.1541,-91.2061,-3.123959446247108,-41.764945574959
617,REATOR7.001.1407,equipamento,-56.1541,-89.0075,-3.12393966256644,-41.764945574959
618,BUSIP13.003.2324,equipamento,-56.0519,-47.0182,-3.123561829898981,-41.76494465551938
619,BUSIP13.003.2320,equipamento,-56.0519,-46.2061,-3.123554522372796,-41.76494465551938
620,BUSIP13.003.2330,equipamento,-56.0519,-41.2061,-3.123509530831206,-41.76494465551938
621,BUSIP13.003.2319,equipamento,-56.0519,-39.9277,-3.123498027393852,-41.76494465551938
622,REATOR7.001.1402,equipamento,-54.9473,-89.0075,-3.12393966256644,-41.76493471801445
623,pp_51,ponto_passagem,-54.9473,-86.2061,-3.1239144547055178,-41.76493471801445
624,pp_52,ponto_passagem,-54.9473,-81.2061,-3.1238694631639277,-41.76493471801445
625,pp_53,ponto_passagem,-54.9473,-71.2061,-3.123779480080747,-41.76493471801445
626,pp_54,ponto_passagem,-54.9473,-66.2061,-3.123734488539157,-41.76493471801445
627,pp_55,ponto_passagem,-54.9473,-61.2061,-3.123689496997567,-41.76493471801445
628,BUSCSB10.001.1923,equipamento,-54.9473,-55.1986,-3.123635439660346,-41.76493471801445
629,BUSCSB10.001.1926,equipamento,-54.9473,-48.1986,-3.12357245150212,-41.76493471801445
630,BUSIP13.001.2322,equipamento,-54.9473,-47.0182,-3.123561829898981,-41.76493471801445
631,BUSIP13.003.2329,equipamento,-54.9473,-39.9277,-3.123498027393852,-41.76493471801445
632,BUSIP29.001.1738,equipamento,-54.9473,-38.5504,-3.123485634023806,-41.76493471801445
633,BUSIP29.001.1757,equipamento,-54.9473,-31.4406,-3.1234216578513263,-41.76493471801445
634,pp_56,ponto_passagem,-54.9473,-26.2061,-3.1233745562064357,-41.76493471801445
635,pp_57,ponto_passagem,-54.9473,-16.2061,-3.123284573123255,-41.76493471801445
636,pp_58,ponto_passagem,-54.9473,-11.2061,-3.123239581581665,-41.76493471801445
637,pp_59,ponto_passagem,-54.9473,-1.2061,-3.1231495984984847,-41.76493471801445
638,pp_60,ponto_passagem,-54.9473,3.7939,-3.1231046069568946,-41.76493471801445
639,pp_61,ponto_passagem,-54.9473,8.7939,-3.123059615415304,-41.76493471801445
640,pp_62,ponto_passagem,-54.9473,18.7939,-3.122969632332124,-41.76493471801445
641,pp_63,ponto_passagem,-54.9473,23.7939,-3.122924640790534,-41.76493471801445
642,BUSCSB24.001.1855,equipamento,-54.9473,58.4488,-3.122612805315603,-41.76493471801445
643,BUSCSB24.001.1862,equipamento,-54.9473,65.5546,-3.122548865136357,-41.76493471801445
644,BUSIP45.001.1668,equipamento,-54.9473,66.745,-3.122538153550135,-41.76493471801445
645,BUSIP45.001.1686,equipamento,-54.9473,73.7932,-3.1224747316734476,-41.76493471801445
646,BUSIP59.001.1620,equipamento,-54.9473,75.1223,-3.122462772021862,-41.76493471801445
647,REATOR7.001.1401,equipamento,-49.9473,-89.0075,-3.12393966256644,-41.76488973564561
648,pp_64,ponto_passagem,-49.9473,-86.2061,-3.1239144547055178,-41.76488973564561
649,pp_65,ponto_passagem,-49.9473,-81.2061,-3.1238694631639277,-41.76488973564561
650,BUSCSB10.001.1928,equipamento,-49.9473,-55.1986,-3.123635439660346,-41.76488973564561
651,BUSCSB10.001.1922,equipamento,-49.9473,-48.1986,-3.12357245150212,-41.76488973564561
652,BUSIP13.001.2321,equipamento,-49.9473,-47.0182,-3.123561829898981,-41.76488973564561
653,BUSIP13.003.2328,equipamento,-49.9473,-39.9277,-3.123498027393852,-41.76488973564561
654,BUSIP28.001.1734,equipamento,-49.9473,-38.5504,-3.123485634023806,-41.76488973564561
655,BUSIP28.001.1730,equipamento,-49.9473,-31.4406,-3.1234216578513263,-41.76488973564561
656,BUSCSB23.001.1846,equipamento,-49.9473,58.4488,-3.122612805315603,-41.76488973564561
657,BUSCSB23.001.1864,equipamento,-49.9473,65.5546,-3.122548865136357,-41.76488973564561
658,BUSIP44.001.1677,equipamento,-49.9473,66.745,-3.122538153550135,-41.76488973564561
659,BUSIP44.001.1687,equipamento,-49.9473,73.7932,-3.1224747316734476,-41.76488973564561
660,BUSIP58.001.1619,equipamento,-49.9473,75.1223,-3.122462772021862,-41.76488973564561
661,DISJUNTOR12.001.1533,equipamento,-49.6417,5.9661,-3.123085060831566,-41.764886986323226
662,DISJUNTOR12.001.1535,equipamento,-49.6417,8.7939,-3.123059615415304,-41.764886986323226
663,DISJUNTOR12.001.1531,equipamento,-49.6417,12.9661,-3.1230220726733395,-41.764886986323226
664,TC12.001.1215,equipamento,-49.6258,14.5551,-3.1230077743614224,-41.76488684327929
665,TC12.001.1212,equipamento,-49.6258,18.7939,-3.122969632332124,-41.76488684327929
666,SECH12.001.1210,equipamento,-49.6258,23.7939,-3.122924640790534,-41.76488684327929
667,SECH18.001.1216,equipamento,-49.6258,28.8969,-3.1228787224231866,-41.76488684327929
668,SECV12.002.1363,equipamento,-49.584,-1.7987,-3.123154930895994,-41.76488646722669
669,SECV12.002.1357,equipamento,-49.584,-1.2061,-3.1231495984984847,-41.76488646722669
670,SECV12.002.1359,equipamento,-49.584,3.7939,-3.1231046069568946,-41.76488646722669
671,SECV12.002.1358,equipamento,-49.584,5.2904,-3.1230911409884965,-41.76488646722669
672,DISJUNTOR6.001.1485,equipamento,-49.5823,-28.6275,-3.123396344710197,-41.76488645193268
673,DISJUNTOR6.001.1487,equipamento,-49.5823,-26.2061,-3.1233745562064357,-41.76488645193268
674,DISJUNTOR6.001.1491,equipamento,-49.5823,-21.6275,-3.1233333565519708,-41.76488645193268
675,TC6.001.1167,equipamento,-49.5641,-21.1689,-3.123329229927776,-41.76488628819686
676,TC6.001.1158,equipamento,-49.5641,-16.2061,-3.123284573123255,-41.76488628819686
677,SECH6.001.1163,equipamento,-49.5641,-11.2061,-3.123239581581665,-41.76488628819686
678,SECH6.001.1164,equipamento,-49.5641,-7.6514,-3.123207595295087,-41.76488628819686
679,IP6.002.1298,equipamento,-49.4716,-73.773,-3.1238025778383687,-41.76488545602304
680,IP6.002.1301,equipamento,-49.4716,-71.2061,-3.123779480080747,-41.76488545602304
681,SECV6.003.1296,equipamento,-49.4716,-66.2061,-3.123734488539157,-41.76488545602304
682,SECV6.003.1292,equipamento,-49.4716,-61.2061,-3.123689496997567,-41.76488545602304
683,SECV6.001.1297,equipamento,-49.4716,-60.1651,-3.1236801297586076,-41.76488545602304
684,BUSCSB10.001.1921,equipamento,-49.2245,-55.1986,-3.123635439660346,-41.76488323299437
685,BUSCSB10.001.1924,equipamento,-49.2245,-51.2061,-3.1235995139143866,-41.76488323299437
686,BUSCSB10.001.1925,equipamento,-49.2245,-48.1986,-3.12357245150212,-41.76488323299437
687,REATOR7.001.1408,equipamento,-49.1541,-96.0075,-3.124002650724666,-41.76488259964262
688,REATOR7.001.1403,equipamento,-49.1541,-91.2061,-3.123959446247108,-41.76488259964262
689,REATOR7.001.1406,equipamento,-49.1541,-89.0075,-3.12393966256644,-41.76488259964262
690,BUSIP13.001.2327,equipamento,-48.9562,-47.0182,-3.123561829898981,-41.76488081924046
691,BUSIP13.001.2323,equipamento,-48.9562,-46.2061,-3.123554522372796,-41.76488081924046
692,BUSIP13.001.2325,equipamento,-48.9562,-41.2061,-3.123509530831206,-41.76488081924046
693,BUSIP13.001.2326,equipamento,-48.9562,-39.9277,-3.123498027393852,-41.76488081924046
694,BUSIP58.001.1614,equipamento,-48.5753,82.1913,-3.122399162980362,-41.7648773924836
695,BUSCSB9.001.1799,equipamento,-46.5766,-55.182,-3.123635290288428,-41.76485941123148
696,BUSCSB9.001.1795,equipamento,-46.5766,-51.2061,-3.1235995139143866,-41.76485941123148
697,BUSCSB9.001.1792,equipamento,-46.5766,-48.182,-3.123572302130202,-41.76485941123148
698,BUSIP12.001.1568,equipamento,-46.5507,-46.9114,-3.123560868879653,-41.76485917822281
699,BUSIP12.001.1565,equipamento,-46.5507,-46.2061,-3.123554522372796,-41.76485917822281
700,BUSIP12.001.1575,equipamento,-46.5507,-41.2061,-3.123509530831206,-41.76485917822281
701,BUSIP28.001.1578,equipamento,-46.5507,-39.8795,-3.1234975936753915,-41.76485917822281
702,REATOR6.001.1415,equipamento,-45.8001,-95.9902,-3.124002495053932,-41.7648524254696
703,REATOR6.001.1412,equipamento,-45.8001,-91.2061,-3.123959446247108,-41.7648524254696
704,REATOR6.001.1410,equipamento,-45.8001,-88.9902,-3.123939506895706,-41.7648524254696
705,REATOR6.001.1414,equipamento,-44.9473,-88.9902,-3.123939506895706,-41.76484475327677
706,pp_66,ponto_passagem,-44.9473,-86.2061,-3.1239144547055178,-41.76484475327677
707,pp_67,ponto_passagem,-44.9473,-81.2061,-3.1238694631639277,-41.76484475327677
708,IP6.002.1300,equipamento,-44.9473,-73.773,-3.1238025778383687,-41.76484475327677
709,SECV6.001.1294,equipamento,-44.9473,-60.1651,-3.1236801297586076,-41.76484475327677
710,BUSCSB9.001.1797,equipamento,-44.9473,-55.182,-3.123635290288428,-41.76484475327677
711,BUSCSB9.001.1796,equipamento,-44.9473,-48.182,-3.123572302130202,-41.76484475327677
712,BUSIP12.001.1579,equipamento,-44.9473,-46.9114,-3.123560868879653,-41.76484475327677
713,BUSIP12.001.1580,equipamento,-44.9473,-39.8795,-3.1234975936753915,-41.76484475327677
714,BUSIP27.001.1752,equipamento,-44.9473,-38.5504,-3.123485634023806,-41.76484475327677
715,BUSIP27.001.1733,equipamento,-44.9473,-31.4406,-3.1234216578513263,-41.76484475327677
716,DISJUNTOR6.001.1490,equipamento,-44.9473,-28.6275,-3.123396344710197,-41.76484475327677
717,DISJUNTOR6.001.1489,equipamento,-44.9473,-21.6275,-3.1233333565519708,-41.76484475327677
718,TC6.001.1160,equipamento,-44.9473,-21.1689,-3.123329229927776,-41.76484475327677
719,SECH6.001.1162,equipamento,-44.9473,-7.6514,-3.123207595295087,-41.76484475327677
720,SECV12.002.1360,equipamento,-44.9473,-1.7987,-3.123154930895994,-41.76484475327677
721,SECV12.001.1355,equipamento,-44.9473,5.2904,-3.1230911409884965,-41.76484475327677
722,DISJUNTOR12.001.1534,equipamento,-44.9473,5.9661,-3.123085060831566,-41.76484475327677
723,DISJUNTOR12.001.1530,equipamento,-44.9473,12.9661,-3.1230220726733395,-41.76484475327677
724,TC12.001.1220,equipamento,-44.9473,14.5551,-3.1230077743614224,-41.76484475327677
725,SECH18.001.1219,equipamento,-44.9473,28.8969,-3.1228787224231866,-41.76484475327677
726,BUSCSB22.001.1867,equipamento,-44.9473,58.4488,-3.122612805315603,-41.76484475327677
727,BUSCSB22.001.1853,equipamento,-44.9473,65.5546,-3.122548865136357,-41.76484475327677
728,BUSIP43.001.1675,equipamento,-44.9473,66.745,-3.122538153550135,-41.76484475327677
729,BUSIP43.001.1683,equipamento,-44.9473,73.7932,-3.1224747316734476,-41.76484475327677
730,BUSIP57.001.1629,equipamento,-44.9473,75.1223,-3.122462772021862,-41.76484475327677
731,BUSIP57.001.1621,equipamento,-43.3045,82.1913,-3.122399162980362,-41.76482997386966
732,DISJUNTOR12.001.1529,equipamento,-42.6417,5.9661,-3.123085060831566,-41.764824011006844
733,DISJUNTOR12.001.1532,equipamento,-42.6417,8.7939,-3.123059615415304,-41.764824011006844
734,DISJUNTOR12.001.1536,equipamento,-42.6417,12.9661,-3.1230220726733395,-41.764824011006844
735,DISJUNTOR6.001.1488,equipamento,-42.5823,-28.6275,-3.123396344710197,-41.76482347661631
736,DISJUNTOR6.001.1486,equipamento,-42.5823,-26.2061,-3.1233745562064357,-41.76482347661631
737,DISJUNTOR6.001.1492,equipamento,-42.5823,-21.6275,-3.1233333565519708,-41.76482347661631
738,SECV12.001.1356,equipamento,-42.4865,-1.7987,-3.123154930895994,-41.76482261475412
739,SECV12.001.1362,equipamento,-42.4865,-1.2061,-3.1231495984984847,-41.76482261475412
740,SECV12.001.1361,equipamento,-42.4865,3.7939,-3.1231046069568946,-41.76482261475412
741,SECV12.001.1364,equipamento,-42.4865,5.2904,-3.1230911409884965,-41.76482261475412
742,TC12.001.1217,equipamento,-42.4751,14.5551,-3.1230077743614224,-41.764822512194314
743,TC12.001.1214,equipamento,-42.4751,18.7939,-3.122969632332124,-41.764822512194314
744,SECH12.001.1213,equipamento,-42.4751,23.7939,-3.122924640790534,-41.764822512194314
745,SECH18.001.1211,equipamento,-42.4751,28.7939,-3.1228796492489437,-41.764822512194314
746,SECH18.001.1218,equipamento,-42.4751,28.8969,-3.1228787224231866,-41.764822512194314
747,TC6.001.1166,equipamento,-42.4138,-21.1689,-3.123329229927776,-41.76482196071047
748,TC6.001.1159,equipamento,-42.4138,-16.2061,-3.123284573123255,-41.76482196071047
749,SECH6.001.1165,equipamento,-42.4138,-11.2061,-3.123239581581665,-41.76482196071047
750,SECH6.001.1161,equipamento,-42.4138,-7.6514,-3.123207595295087,-41.76482196071047
751,IP6.002.1291,equipamento,-42.3675,-73.773,-3.1238025778383687,-41.76482154417374
752,IP6.002.1295,equipamento,-42.3675,-71.2061,-3.123779480080747,-41.76482154417374
753,SECV6.001.1299,equipamento,-42.3675,-66.2061,-3.123734488539157,-41.76482154417374
754,SECV6.001.1302,equipamento,-42.3675,-61.2061,-3.123689496997567,-41.76482154417374
755,SECV6.001.1293,equipamento,-42.3675,-60.1651,-3.1236801297586076,-41.76482154417374
756,TC11.001.1232,equipamento,-42.054,14.5679,-3.123007659183076,-41.764818723779214
757,TC11.001.1225,equipamento,-42.054,18.7939,-3.122969632332124,-41.764818723779214
758,SECH11.001.1226,equipamento,-42.054,23.7939,-3.122924640790534,-41.764818723779214
759,SECH17.001.1231,equipamento,-42.054,28.7939,-3.1228796492489437,-41.764818723779214
760,SECH17.001.1227,equipamento,-42.054,28.9106,-3.122878599146363,-41.764818723779214
761,TC5.001.1177,equipamento,-41.9923,-21.1561,-3.1233291147494295,-41.76481816869678
762,TC5.001.1175,equipamento,-41.9923,-16.2061,-3.123284573123255,-41.76481816869678
763,SECH5.001.1170,equipamento,-41.9923,-11.2061,-3.123239581581665,-41.76481816869678
764,SECH5.001.1174,equipamento,-41.9923,-7.6384,-3.1232074783170787,-41.76481816869678
765,SECV11.002.1368,equipamento,-41.9749,-1.7856,-3.123154813018155,-41.76481801215814
766,SECV11.002.1376,equipamento,-41.9749,-1.2061,-3.1231495984984847,-41.76481801215814
767,SECV11.002.1369,equipamento,-41.9749,3.7939,-3.1231046069568946,-41.76481801215814
768,SECV11.001.1373,equipamento,-41.9749,5.3041,-3.1230910177116726,-41.76481801215814
769,IP5.002.1314,equipamento,-41.8933,-73.7601,-3.1238024617601914,-41.764817278045875
770,IP5.002.1315,equipamento,-41.8933,-71.2061,-3.123779480080747,-41.764817278045875
771,SECV5.003.1305,equipamento,-41.8933,-66.2061,-3.123734488539157,-41.764817278045875
772,SECV5.001.1306,equipamento,-41.8933,-61.2061,-3.123689496997567,-41.764817278045875
773,SECV5.001.1308,equipamento,-41.8933,-60.1513,-3.123680005581953,-41.764817278045875
774,DISJUNTOR11.001.1540,equipamento,-41.8584,5.9795,-3.1230849402542344,-41.76481696406894
775,DISJUNTOR11.001.1546,equipamento,-41.8584,8.7939,-3.123059615415304,-41.76481696406894
776,DISJUNTOR11.001.1538,equipamento,-41.8584,12.9795,-3.1230219520960083,-41.76481696406894
777,DISJUNTOR5.001.1497,equipamento,-41.799,-28.6141,-3.123396224132865,-41.7648164296784
778,DISJUNTOR5.001.1499,equipamento,-41.799,-26.2061,-3.1233745562064357,-41.7648164296784
779,DISJUNTOR5.001.1495,equipamento,-41.799,-21.6141,-3.123333235974639,-41.7648164296784
780,REATOR6.001.1411,equipamento,-39.9473,-88.9902,-3.123939506895706,-41.76479977090792
781,pp_68,ponto_passagem,-39.9473,-86.2061,-3.1239144547055178,-41.76479977090792
782,pp_69,ponto_passagem,-39.9473,-81.2061,-3.1238694631639277,-41.76479977090792
783,IP5.002.1304,equipamento,-39.9473,-73.7601,-3.1238024617601914,-41.76479977090792
784,SECV5.001.1311,equipamento,-39.9473,-60.1513,-3.123680005581953,-41.76479977090792
785,BUSCSB9.001.1798,equipamento,-39.9473,-55.182,-3.123635290288428,-41.76479977090792
786,BUSCSB9.001.1793,equipamento,-39.9473,-48.182,-3.123572302130202,-41.76479977090792
787,BUSIP11.001.1573,equipamento,-39.9473,-46.9114,-3.123560868879653,-41.76479977090792
788,BUSIP11.001.1576,equipamento,-39.9473,-39.8795,-3.1234975936753915,-41.76479977090792
789,BUSIP26.001.1751,equipamento,-39.9473,-38.5504,-3.123485634023806,-41.76479977090792
790,BUSIP26.001.1743,equipamento,-39.9473,-31.4406,-3.1234216578513263,-41.76479977090792
791,DISJUNTOR5.001.1502,equipamento,-39.9473,-28.6141,-3.123396224132865,-41.76479977090792
792,DISJUNTOR5.001.1494,equipamento,-39.9473,-21.6141,-3.123333235974639,-41.76479977090792
793,TC5.001.1172,equipamento,-39.9473,-21.1561,-3.1233291147494295,-41.76479977090792
794,SECH5.001.1169,equipamento,-39.9473,-7.6384,-3.1232074783170787,-41.76479977090792
795,SECV11.002.1375,equipamento,-39.9473,-1.7856,-3.123154813018155,-41.76479977090792
796,SECV11.001.1366,equipamento,-39.9473,5.3041,-3.1230910177116726,-41.76479977090792
797,DISJUNTOR11.001.1543,equipamento,-39.9473,5.9795,-3.1230849402542344,-41.76479977090792
798,DISJUNTOR11.001.1537,equipamento,-39.9473,12.9795,-3.1230219520960083,-41.76479977090792
799,TC11.001.1228,equipamento,-39.9473,14.5679,-3.123007659183076,-41.76479977090792
800,SECH17.001.1224,equipamento,-39.9473,28.9106,-3.122878599146363,-41.76479977090792
801,BUSCSB21.001.1866,equipamento,-39.9473,58.4488,-3.122612805315603,-41.76479977090792
802,BUSCSB20.001.1849,equipamento,-39.9473,65.5546,-3.122548865136357,-41.76479977090792
803,BUSIP42.001.1676,equipamento,-39.9473,66.745,-3.122538153550135,-41.76479977090792
804,BUSIP42.001.1684,equipamento,-39.9473,73.7932,-3.1224747316734476,-41.76479977090792
805,BUSIP56.001.1623,equipamento,-39.9473,75.1223,-3.122462772021862,-41.76479977090792
806,BUSCSB9.001.1801,equipamento,-39.5766,-55.182,-3.123635290288428,-41.764796435915095
807,BUSCSB9.001.1800,equipamento,-39.5766,-51.2061,-3.1235995139143866,-41.764796435915095
808,BUSIP11.001.1794,equipamento,-39.5766,-48.182,-3.123572302130202,-41.764796435915095
809,REATOR6.001.1409,equipamento,-38.8001,-95.9902,-3.124002495053932,-41.764789450153216
810,REATOR6.001.1413,equipamento,-38.8001,-91.2061,-3.123959446247108,-41.764789450153216
811,REATOR6.001.1416,equipamento,-38.8001,-88.9902,-3.123939506895706,-41.764789450153216
812,BUSIP56.001.1617,equipamento,-38.0338,82.1913,-3.122399162980362,-41.76478255615537
813,BUSCSB8.001.1812,equipamento,-37.529,-55.1665,-3.1236351508146494,-41.764778014735406
814,BUSCSB8.001.1808,equipamento,-37.529,-51.2061,-3.1235995139143866,-41.764778014735406
815,BUSIP11.001.1803,equipamento,-37.529,-48.1501,-3.1235720150841666,-41.764778014735406
816,REATOR5.001.1424,equipamento,-35.7282,-95.973,-3.1240023402830293,-41.76476181388544
817,REATOR5.001.1419,equipamento,-35.7282,-91.2061,-3.123959446247108,-41.76476181388544
818,REATOR5.001.1422,equipamento,-35.7282,-88.973,-3.1239393521248027,-41.76476181388544
819,TC11.001.1230,equipamento,-35.0047,14.5679,-3.123007659183076,-41.76475530493668
820,TC11.001.1222,equipamento,-35.0047,18.7939,-3.122969632332124,-41.76475530493668
821,SECH11.001.1229,equipamento,-35.0047,23.7939,-3.122924640790534,-41.76475530493668
822,SECH17.001.1223,equipamento,-35.0047,28.7939,-3.1228796492489437,-41.76475530493668
823,SECH17.001.1221,equipamento,-35.0047,28.9106,-3.122878599146363,-41.76475530493668
824,TC5.001.1171,equipamento,-34.9648,-21.1561,-3.1233291147494295,-41.76475494597737
825,TC5.001.1168,equipamento,-34.9648,-16.2061,-3.123284573123255,-41.76475494597737
826,SECH5.001.1176,equipamento,-34.9648,-11.2061,-3.123239581581665,-41.76475494597737
827,SECH5.001.1173,equipamento,-34.9648,-7.6384,-3.1232074783170787,-41.76475494597737
828,REATOR5.001.1417,equipamento,-34.9473,-88.973,-3.1239393521248027,-41.76475478853908
829,pp_70,ponto_passagem,-34.9473,-86.2061,-3.1239144547055178,-41.76475478853908
830,pp_71,ponto_passagem,-34.9473,-81.2061,-3.1238694631639277,-41.76475478853908
831,IP5.002.1307,equipamento,-34.9473,-73.7601,-3.1238024617601914,-41.76475478853908
832,SECV5.001.1313,equipamento,-34.9473,-60.1513,-3.123680005581953,-41.76475478853908
833,BUSCSB8.001.1810,equipamento,-34.9473,-55.1665,-3.1236351508146494,-41.76475478853908
834,BUSCSB8.001.1806,equipamento,-34.9473,-48.1501,-3.1235720150841666,-41.76475478853908
835,BUSIP10.001.1581,equipamento,-34.9473,-46.9114,-3.123560868879653,-41.76475478853908
836,BUSIP10.001.1571,equipamento,-34.9473,-39.8795,-3.1234975936753915,-41.76475478853908
837,BUSIP25.001.1750,equipamento,-34.9473,-38.5504,-3.123485634023806,-41.76475478853908
838,BUSIP25.001.1728,equipamento,-34.9473,-31.4406,-3.1234216578513263,-41.76475478853908
839,DISJUNTOR5.001.1498,equipamento,-34.9473,-28.6141,-3.123396224132865,-41.76475478853908
840,DISJUNTOR5.001.1501,equipamento,-34.9473,-21.6141,-3.123333235974639,-41.76475478853908
841,SECV11.002.1372,equipamento,-34.9473,-1.7856,-3.123154813018155,-41.76475478853908
842,SECV11.001.1365,equipamento,-34.9473,5.3041,-3.1230910177116726,-41.76475478853908
843,DISJUNTOR11.001.1542,equipamento,-34.9473,5.9795,-3.1230849402542344,-41.76475478853908
844,DISJUNTOR11.001.1539,equipamento,-34.9473,12.9795,-3.1230219520960083,-41.76475478853908
845,BUSCSB19.001.1851,equipamento,-34.9473,58.4488,-3.122612805315603,-41.76475478853908
846,BUSCSB19.001.1861,equipamento,-34.9473,65.5546,-3.122548865136357,-41.76475478853908
847,BUSIP41.001.1681,equipamento,-34.9473,66.745,-3.122538153550135,-41.76475478853908
848,BUSIP41.001.1682,equipamento,-34.9473,73.7932,-3.1224747316734476,-41.76475478853908
849,BUSIP55.001.1618,equipamento,-34.9473,75.1223,-3.122462772021862,-41.76475478853908
850,SECV11.002.1367,equipamento,-34.907,-1.7856,-3.123154813018155,-41.76475442598119
851,SECV11.002.1371,equipamento,-34.907,-1.2061,-3.1231495984984847,-41.76475442598119
852,SECV11.001.1370,equipamento,-34.907,3.7939,-3.1231046069568946,-41.76475442598119
853,SECV11.001.1374,equipamento,-34.907,5.3041,-3.1230910177116726,-41.76475442598119
854,DISJUNTOR11.001.1544,equipamento,-34.8584,5.9795,-3.1230849402542344,-41.76475398875256
855,DISJUNTOR11.001.1545,equipamento,-34.8584,8.7939,-3.123059615415304,-41.76475398875256
856,DISJUNTOR11.001.1541,equipamento,-34.8584,12.9795,-3.1230219520960083,-41.76475398875256
857,DISJUNTOR5.001.1496,equipamento,-34.799,-28.6141,-3.123396224132865,-41.76475345436202
858,DISJUNTOR5.001.1500,equipamento,-34.799,-26.2061,-3.1233745562064357,-41.76475345436202
859,DISJUNTOR5.001.1493,equipamento,-34.799,-21.6141,-3.123333235974639,-41.76475345436202
860,IP5.002.1316,equipamento,-34.7881,-73.7601,-3.1238024617601914,-41.76475335630045
861,IP5.002.1309,equipamento,-34.7881,-71.2061,-3.123779480080747,-41.76475335630045
862,SECV5.003.1303,equipamento,-34.7881,-66.2061,-3.123734488539157,-41.76475335630045
863,SECV5.001.1310,equipamento,-34.7881,-61.2061,-3.123689496997567,-41.76475335630045
864,SECV5.001.1312,equipamento,-34.7881,-60.1513,-3.123680005581953,-41.76475335630045
865,TC10.001.1235,equipamento,-34.6501,14.5806,-3.1230075449045605,-41.76475211478708
866,TC10.001.1238,equipamento,-34.6501,18.7939,-3.122969632332124,-41.76475211478708
867,SECH10.001.1240,equipamento,-34.6501,23.7939,-3.122924640790534,-41.76475211478708
868,SECH16.001.1237,equipamento,-34.6501,28.7939,-3.1228796492489437,-41.76475211478708
869,SECH16.001.1239,equipamento,-34.6501,28.924,-3.122878478569031,-41.76475211478708
870,DISJUNTOR10.001.1552,equipamento,-34.6226,5.9919,-3.1230848286752115,-41.76475186738405
871,DISJUNTOR10.001.1550,equipamento,-34.6226,8.7939,-3.123059615415304,-41.76475186738405
872,DISJUNTOR10.001.1551,equipamento,-34.6226,12.9919,-3.123021840516985,-41.76475186738405
873,TC4.001.1178,equipamento,-34.5883,-21.1434,-3.123329000470914,-41.764751558804996
874,TC4.001.1179,equipamento,-34.5883,-16.2061,-3.123284573123255,-41.764751558804996
875,SECH4.001.1184,equipamento,-34.5883,-11.2061,-3.123239581581665,-41.764751558804996
876,SECH4.001.1181,equipamento,-34.5883,-7.6257,-3.123207364038563,-41.764751558804996
877,DISJUNTOR4.001.1506,equipamento,-34.5632,-28.6017,-3.1233961125538423,-41.764751332993505
878,DISJUNTOR4.001.1507,equipamento,-34.5632,-26.2061,-3.1233745562064357,-41.764751332993505
879,DISJUNTOR4.001.1503,equipamento,-34.5632,-21.6017,-3.1233331243956157,-41.764751332993505
880,SECV10.002.1378,equipamento,-34.3658,-1.7725,-3.123154695140316,-41.76474955708958
881,SECV10.002.1380,equipamento,-34.3658,-1.2061,-3.1231495984984847,-41.76474955708958
882,SECV10.002.1383,equipamento,-34.3658,3.7939,-3.1231046069568946,-41.76474955708958
883,SECV10.001.1379,equipamento,-34.3658,5.318,-3.123090892635187,-41.76474955708958
884,IP4.002.1321,equipamento,-34.2855,-73.7471,-3.123802344782183,-41.76474883467274
885,IP4.002.1325,equipamento,-34.2855,-71.2061,-3.123779480080747,-41.76474883467274
886,SECV4.003.1326,equipamento,-34.2855,-66.2061,-3.123734488539157,-41.76474883467274
887,SECV4.003.1320,equipamento,-34.2855,-61.2061,-3.123689496997567,-41.76474883467274
888,SECV4.001.1319,equipamento,-34.2855,-60.1375,-3.123679881405298,-41.76474883467274
889,BUSIP55.001.1626,equipamento,-32.763,82.1913,-3.122399162980362,-41.76473513754143
890,REATOR5.001.1420,equipamento,-29.9473,-88.973,-3.1239393521248027,-41.76470980617024
891,pp_72,ponto_passagem,-29.9473,-86.2061,-3.1239144547055178,-41.76470980617024
892,pp_73,ponto_passagem,-29.9473,-81.2061,-3.1238694631639277,-41.76470980617024
893,IP4.002.1322,equipamento,-29.9473,-73.7471,-3.123802344782183,-41.76470980617024
894,SECV4.001.1323,equipamento,-29.9473,-60.1375,-3.123679881405298,-41.76470980617024
895,BUSCSB7.001.1811,equipamento,-29.9473,-55.1665,-3.1236351508146494,-41.76470980617024
896,BUSCSB7.001.1805,equipamento,-29.9473,-48.1501,-3.1235720150841666,-41.76470980617024
897,BUSIP9.001.1577,equipamento,-29.9473,-46.9114,-3.123560868879653,-41.76470980617024
898,BUSIP9.001.1572,equipamento,-29.9473,-39.8795,-3.1234975936753915,-41.76470980617024
899,BUSIP24.001.1729,equipamento,-29.9473,-38.5504,-3.123485634023806,-41.76470980617024
900,BUSIP24.001.1740,equipamento,-29.9473,-31.4406,-3.1234216578513263,-41.76470980617024
901,DISJUNTOR4.001.1508,equipamento,-29.9473,-28.6017,-3.1233961125538423,-41.76470980617024
902,DISJUNTOR4.001.1510,equipamento,-29.9473,-21.6017,-3.1233331243956157,-41.76470980617024
903,TC4.001.1182,equipamento,-29.9473,-21.1434,-3.123329000470914,-41.76470980617024
904,SECH4.001.1186,equipamento,-29.9473,-7.6257,-3.123207364038563,-41.76470980617024
905,SECV10.002.1386,equipamento,-29.9473,-1.7725,-3.123154695140316,-41.76470980617024
906,SECV10.001.1384,equipamento,-29.9473,5.318,-3.123090892635187,-41.76470980617024
907,DISJUNTOR10.001.1549,equipamento,-29.9473,5.9919,-3.1230848286752115,-41.76470980617024
908,DISJUNTOR10.001.1547,equipamento,-29.9473,12.9919,-3.123021840516985,-41.76470980617024
909,TC10.001.1242,equipamento,-29.9473,14.5806,-3.1230075449045605,-41.76470980617024
910,SECH16.001.1236,equipamento,-29.9473,28.924,-3.122878478569031,-41.76470980617024
911,BUSCSB18.001.1858,equipamento,-29.9473,58.4488,-3.122612805315603,-41.76470980617024
912,BUSCSB18.001.1848,equipamento,-29.9473,65.5546,-3.122548865136357,-41.76470980617024
913,BUSIP40.001.1674,equipamento,-29.9473,66.745,-3.122538153550135,-41.76470980617024
914,BUSIP40.001.1685,equipamento,-29.9473,73.7932,-3.1224747316734476,-41.76470980617024
915,BUSIP54.001.1634,equipamento,-29.9473,75.1223,-3.122462772021862,-41.76470980617024
916,REATOR5.001.1418,equipamento,-28.7282,-95.973,-3.1240023402830293,-41.76469883856907
917,REATOR5.001.1421,equipamento,-28.7282,-91.2061,-3.123959446247108,-41.76469883856907
918,REATOR5.001.1423,equipamento,-28.7282,-88.973,-3.1239393521248027,-41.76469883856907
919,DISJUNTOR10.001.1548,equipamento,-27.6226,5.9919,-3.1230848286752115,-41.76468889206767
920,DISJUNTOR10.001.1553,equipamento,-27.6226,8.7939,-3.123059615415304,-41.76468889206767
921,DISJUNTOR10.001.1554,equipamento,-27.6226,12.9919,-3.123021840516985,-41.76468889206767
922,TC10.001.1241,equipamento,-27.5739,14.5806,-3.1230075449045605,-41.76468845393939
923,TC10.001.1233,equipamento,-27.5739,18.7939,-3.122969632332124,-41.76468845393939
924,SECH10.001.1243,equipamento,-27.5739,23.7939,-3.122924640790534,-41.76468845393939
925,SECH16.001.1234,equipamento,-27.5739,28.7939,-3.1228796492489437,-41.76468845393939
926,SECH16.001.1244,equipamento,-27.5739,28.924,-3.122878478569031,-41.76468845393939
927,DISJUNTOR4.001.1509,equipamento,-27.5632,-28.6017,-3.1233961125538423,-41.76468835767712
928,DISJUNTOR4.001.1504,equipamento,-27.5632,-26.2061,-3.1233745562064357,-41.76468835767712
929,DISJUNTOR4.001.1505,equipamento,-27.5632,-21.6017,-3.1233331243956157,-41.76468835767712
930,TC4.001.1187,equipamento,-27.5359,-21.1434,-3.123329000470914,-41.764688112073394
931,TC4.001.1180,equipamento,-27.5359,-16.2061,-3.123284573123255,-41.764688112073394
932,SECH4.001.1183,equipamento,-27.5359,-11.2061,-3.123239581581665,-41.764688112073394
933,SECH4.001.1185,equipamento,-27.5359,-7.6257,-3.123207364038563,-41.764688112073394
934,BUSIP54.001.1628,equipamento,-27.4922,82.1913,-3.122399162980362,-41.76468771892748
935,SECV10.002.1381,equipamento,-27.2871,-1.7725,-3.123154695140316,-41.764685873750715
936,SECV10.001.1377,equipamento,-27.2871,-1.2061,-3.1231495984984847,-41.764685873750715
937,SECV10.001.1382,equipamento,-27.2871,3.7939,-3.1231046069568946,-41.764685873750715
938,SECV10.001.1385,equipamento,-27.2871,5.318,-3.123090892635187,-41.764685873750715
939,IP4.002.1324,equipamento,-27.1682,-73.7471,-3.123802344782183,-41.76468480406999
940,IP4.002.1327,equipamento,-27.1682,-71.2061,-3.123779480080747,-41.76468480406999
941,SECV4.003.1328,equipamento,-27.1682,-66.2061,-3.123734488539157,-41.76468480406999
942,SECV4.001.1318,equipamento,-27.1682,-61.2061,-3.123689496997567,-41.76468480406999
943,SECV4.001.1317,equipamento,-27.1682,-60.1375,-3.123679881405298,-41.76468480406999
944,REATOR4.001.1425,equipamento,-25.717,-95.9557,-3.124002184612295,-41.76467174838725
945,REATOR4.001.1426,equipamento,-25.717,-91.2061,-3.123959446247108,-41.76467174838725
946,REATOR4.001.1428,equipamento,-25.717,-88.9557,-3.123939196454069,-41.76467174838725
947,REATOR4.001.1427,equipamento,-24.9473,-88.9557,-3.123939196454069,-41.76466482380139
948,pp_74,ponto_passagem,-24.9473,-86.2061,-3.1239144547055178,-41.76466482380139
949,pp_75,ponto_passagem,-24.9473,-81.2061,-3.1238694631639277,-41.76466482380139
950,pp_76,ponto_passagem,-24.9473,-71.2061,-3.123779480080747,-41.76466482380139
951,pp_77,ponto_passagem,-24.9473,-66.2061,-3.123734488539157,-41.76466482380139
952,pp_78,ponto_passagem,-24.9473,-61.2061,-3.123689496997567,-41.76466482380139
953,BUSCSB6.001.1802,equipamento,-24.9473,-55.1665,-3.1236351508146494,-41.76466482380139
954,BUSCSB6.001.1809,equipamento,-24.9473,-48.1501,-3.1235720150841666,-41.76466482380139
955,BUSIP8.001.1567,equipamento,-24.9473,-46.9114,-3.123560868879653,-41.76466482380139
956,BUSIP8.001.1569,equipamento,-24.9473,-39.8795,-3.1234975936753915,-41.76466482380139
957,BUSIP23.001.1735,equipamento,-24.9473,-38.5504,-3.123485634023806,-41.76466482380139
958,BUSIP23.001.1736,equipamento,-24.9473,-31.4406,-3.1234216578513263,-41.76466482380139
959,pp_79,ponto_passagem,-24.9473,-26.2061,-3.1233745562064357,-41.76466482380139
960,pp_80,ponto_passagem,-24.9473,-16.2061,-3.123284573123255,-41.76466482380139
961,pp_81,ponto_passagem,-24.9473,-11.2061,-3.123239581581665,-41.76466482380139
962,pp_82,ponto_passagem,-24.9473,-1.2061,-3.1231495984984847,-41.76466482380139
963,pp_83,ponto_passagem,-24.9473,3.7939,-3.1231046069568946,-41.76466482380139
964,pp_84,ponto_passagem,-24.9473,8.7939,-3.123059615415304,-41.76466482380139
965,pp_85,ponto_passagem,-24.9473,18.7939,-3.122969632332124,-41.76466482380139
966,pp_86,ponto_passagem,-24.9473,23.7939,-3.122924640790534,-41.76466482380139
967,pp_87,ponto_passagem,-24.9473,28.7939,-3.1228796492489437,-41.76466482380139
968,BUSCSB17.001.1859,equipamento,-24.9473,58.4488,-3.122612805315603,-41.76466482380139
969,BUSCSB17.001.1856,equipamento,-24.9473,65.5546,-3.122548865136357,-41.76466482380139
970,BUSIP39.001.1678,equipamento,-24.9473,66.745,-3.122538153550135,-41.76466482380139
971,BUSIP39.001.1679,equipamento,-24.9473,73.7932,-3.1224747316734476,-41.76466482380139
972,BUSIP53.001.1613,equipamento,-24.9473,75.1223,-3.122462772021862,-41.76466482380139
973,BUSIP53.001.1624,equipamento,-22.2214,82.1913,-3.122399162980362,-41.764640300313545
974,SECV9.002.1259,equipamento,-21.6039,-1.7506,-3.123154498077364,-41.76463474499099
975,SECV9.002.1258,equipamento,-21.6039,-1.2061,-3.1231495984984847,-41.76463474499099
976,SECV9.002.1263,equipamento,-21.6039,3.7939,-3.1231046069568946,-41.76463474499099
977,SECV9.001.1260,equipamento,-21.6039,5.3412,-3.123090683874434,-41.76463474499099
978,TC9.001.1122,equipamento,-21.5734,14.6034,-3.1230073397431304,-41.764634470598544
979,TC9.001.1132,equipamento,-21.5734,18.7939,-3.122969632332124,-41.764634470598544
980,SECH9.001.1126,equipamento,-21.5734,23.7939,-3.122924640790534,-41.764634470598544
981,SECH15.001.1124,equipamento,-21.5734,28.7939,-3.1228796492489437,-41.764634470598544
982,SECH15.001.1125,equipamento,-21.5734,28.9479,-3.1228782635094627,-41.764634470598544
983,TC3.001.1191,equipamento,-21.5117,-21.1206,-3.123328795309484,-41.764633915516114
984,TC3.001.1196,equipamento,-21.5117,-16.2061,-3.123284573123255,-41.764633915516114
985,SECH3.001.1192,equipamento,-21.5117,-11.2061,-3.123239581581665,-41.764633915516114
986,SECH3.001.1197,equipamento,-21.5117,-7.6032,-3.1232071615766257,-41.764633915516114
987,IP3.001.1335,equipamento,-21.4916,-73.7251,-3.1238021468194,-41.76463373468699
988,IP3.001.1336,equipamento,-21.4916,-71.2061,-3.123779480080747,-41.76463373468699
989,SECV3.003.1330,equipamento,-21.4916,-66.2061,-3.123734488539157,-41.76463373468699
990,SECV3.003.1340,equipamento,-21.4916,-61.2061,-3.123689496997567,-41.76463373468699
991,SECV3.001.1337,equipamento,-21.4916,-60.1143,-3.123679672644545,-41.76463373468699
992,DISJUNTOR9.001.1465,equipamento,-21.3764,6.0146,-3.1230846244136123,-41.76463269829321
993,DISJUNTOR9.001.1462,equipamento,-21.3764,8.7939,-3.123059615415304,-41.76463269829321
994,DISJUNTOR9.001.1464,equipamento,-21.3764,13.0146,-3.123021636255386,-41.76463269829321
995,DISJUNTOR3.001.1511,equipamento,-21.3171,-28.579,-3.1233959082922436,-41.764632164802315
996,DISJUNTOR3.001.1519,equipamento,-21.3171,-26.2061,-3.1233745562064357,-41.764632164802315
997,DISJUNTOR3.001.1512,equipamento,-21.3171,-21.579,-3.123332920134017,-41.764632164802315
998,BUSCSB17.001.1847,equipamento,-21.2031,58.4488,-3.122612805315603,-41.764631139204305
999,BUSCSB17.001.1854,equipamento,-21.2031,58.7939,-3.1226096999994026,-41.764631139204305
1000,BUSCSB17.001.1850,equipamento,-21.2031,63.7939,-3.122564708457812,-41.764631139204305
1001,BUSCSB17.001.1860,equipamento,-21.2031,65.5546,-3.122548865136357,-41.764631139204305
1002,BUSIP39.001.1669,equipamento,-21.1713,66.745,-3.122538153550135,-41.764630853116444
1003,BUSIP39.001.1672,equipamento,-21.1713,68.7939,-3.122519716916222,-41.764630853116444
1004,BUSIP39.001.1673,equipamento,-21.1713,73.7932,-3.1224747316734476,-41.764630853116444
1005,BUSCSB6.001.1804,equipamento,-21.008,-55.1665,-3.1236351508146494,-41.76462938399228
1006,BUSCSB6.001.1807,equipamento,-21.008,-51.2061,-3.1235995139143866,-41.76462938399228
1007,BUSCSB6.001.1813,equipamento,-21.008,-48.1501,-3.1235720150841666,-41.76462938399228
1008,BUSIP8.001.1570,equipamento,-20.9763,-46.9114,-3.123560868879653,-41.76462909880406
1009,BUSIP8.001.1574,equipamento,-20.9763,-46.2061,-3.123554522372796,-41.76462909880406
1010,BUSIP8.001.1566,equipamento,-20.9763,-41.2061,-3.123509530831206,-41.76462909880406
1011,BUSIP8.001.1582,equipamento,-20.9763,-39.8795,-3.1234975936753915,-41.76462909880406
1012,REATOR4.001.1432,equipamento,-19.9473,-88.9557,-3.123939196454069,-41.76461984143255
1013,pp_88,ponto_passagem,-19.9473,-86.2061,-3.1239144547055178,-41.76461984143255
1014,pp_89,ponto_passagem,-19.9473,-81.2061,-3.1238694631639277,-41.76461984143255
1015,IP3.001.1333,equipamento,-19.9473,-73.7251,-3.1238021468194,-41.76461984143255
1016,SECV3.001.1341,equipamento,-19.9473,-60.1143,-3.123679672644545,-41.76461984143255
1017,BUSIP22.001.1753,equipamento,-19.9473,-38.5504,-3.123485634023806,-41.76461984143255
1018,BUSIP22.001.1739,equipamento,-19.9473,-31.4406,-3.1234216578513263,-41.76461984143255
1019,DISJUNTOR3.001.1515,equipamento,-19.9473,-28.579,-3.1233959082922436,-41.76461984143255
1020,DISJUNTOR3.001.1516,equipamento,-19.9473,-21.579,-3.123332920134017,-41.76461984143255
1021,TC3.001.1194,equipamento,-19.9473,-21.1206,-3.123328795309484,-41.76461984143255
1022,SECH3.001.1199,equipamento,-19.9473,-7.6032,-3.1232071615766257,-41.76461984143255
1023,SECV9.002.1257,equipamento,-19.9473,-1.7506,-3.123154498077364,-41.76461984143255
1024,SECV9.001.1261,equipamento,-19.9473,5.3412,-3.123090683874434,-41.76461984143255
1025,DISJUNTOR9.001.1459,equipamento,-19.9473,6.0146,-3.1230846244136123,-41.76461984143255
1026,DISJUNTOR9.001.1463,equipamento,-19.9473,13.0146,-3.123021636255386,-41.76461984143255
1027,TC9.001.1121,equipamento,-19.9473,14.6034,-3.1230073397431304,-41.76461984143255
1028,SECH15.001.1120,equipamento,-19.9473,28.9479,-3.1228782635094627,-41.76461984143255
1029,BUSIP52.001.1627,equipamento,-19.9473,75.1223,-3.122462772021862,-41.76461984143255
1030,BUSCSB16.001.1869,equipamento,-18.7306,58.5709,-3.1226117066221573,-41.76460889542292
1031,BUSCSB16.001.1876,equipamento,-18.7306,58.7939,-3.1226096999994026,-41.76460889542292
1032,BUSCSB16.001.1868,equipamento,-18.7306,63.7939,-3.122564708457812,-41.76460889542292
1033,BUSCSB16.001.1872,equipamento,-18.7306,65.5709,-3.122548718463931,-41.76460889542292
1034,BUSIP38.001.1699,equipamento,-18.718,66.7857,-3.1225377873189863,-41.76460878206735
1035,BUSIP38.001.1695,equipamento,-18.718,68.7939,-3.122519716916222,-41.76460878206735
1036,BUSIP38.001.1704,equipamento,-18.718,73.7939,-3.122474725374632,-41.76460878206735
1037,BUSIP52.001.1693,equipamento,-18.718,74.1813,-3.1224712394299896,-41.76460878206735
1038,REATOR4.001.1430,equipamento,-18.717,-95.9557,-3.124002184612295,-41.76460877307087
1039,REATOR4.001.1431,equipamento,-18.717,-91.2061,-3.123959446247108,-41.76460877307087
1040,REATOR4.001.1429,equipamento,-18.717,-88.9557,-3.123939196454069,-41.76460877307087
1041,BUSCSB5.001.1819,equipamento,-18.5355,-55.1339,-3.123634857469798,-41.764607140210884
1042,BUSCSB5.001.1817,equipamento,-18.5355,-51.2061,-3.1235995139143866,-41.764607140210884
1043,BUSCSB5.001.1814,equipamento,-18.5355,-48.1339,-3.1235718693115717,-41.764607140210884
1044,BUSIP7.001.1594,equipamento,-18.5229,-46.8633,-3.1235604360610227,-41.764607026855316
1045,BUSIP7.001.1595,equipamento,-18.5229,-46.2061,-3.123554522372796,-41.764607026855316
1046,BUSIP7.001.1588,equipamento,-18.5229,-41.2061,-3.123509530831206,-41.764607026855316
1047,BUSIP22.001.1601,equipamento,-18.5229,-39.8119,-3.123496985389749,-41.764607026855316
1048,BUSIP51.001.1630,equipamento,-16.9506,82.1913,-3.122399162980362,-41.764592881699606
1049,REATOR3.001.1438,equipamento,-15.9199,-95.939,-3.1240020343405464,-41.76458360903409
1050,REATOR3.001.1433,equipamento,-15.9199,-91.2061,-3.123959446247108,-41.76458360903409
1051,REATOR3.001.1440,equipamento,-15.9199,-88.939,-3.12393904618232,-41.76458360903409
1052,REATOR3.001.1434,equipamento,-14.9473,-88.939,-3.12393904618232,-41.76457485906371
1053,pp_90,ponto_passagem,-14.9473,-86.2061,-3.1239144547055178,-41.76457485906371
1054,pp_91,ponto_passagem,-14.9473,-81.2061,-3.1238694631639277,-41.76457485906371
1055,IP3.001.1334,equipamento,-14.9473,-73.7251,-3.1238021468194,-41.76457485906371
1056,SECV3.001.1339,equipamento,-14.9473,-60.1143,-3.123679672644545,-41.76457485906371
1057,BUSCSB5.001.1820,equipamento,-14.9473,-55.1339,-3.123634857469798,-41.76457485906371
1058,BUSCSB5.001.1818,equipamento,-14.9473,-48.1339,-3.1235718693115717,-41.76457485906371
1059,BUSIP7.001.1597,equipamento,-14.9473,-46.8633,-3.1235604360610227,-41.76457485906371
1060,BUSIP7.001.1585,equipamento,-14.9473,-39.8119,-3.123496985389749,-41.76457485906371
1061,BUSIP21.001.1746,equipamento,-14.9473,-38.5504,-3.123485634023806,-41.76457485906371
1062,BUSIP21.001.1731,equipamento,-14.9473,-31.4406,-3.1234216578513263,-41.76457485906371
1063,DISJUNTOR3.001.1513,equipamento,-14.9473,-28.579,-3.1233959082922436,-41.76457485906371
1064,DISJUNTOR3.001.1517,equipamento,-14.9473,-21.579,-3.123332920134017,-41.76457485906371
1065,TC3.001.1198,equipamento,-14.9473,-21.1206,-3.123328795309484,-41.76457485906371
1066,SECH3.001.1195,equipamento,-14.9473,-7.6032,-3.1232071615766257,-41.76457485906371
1067,SECV9.002.1268,equipamento,-14.9473,-1.7506,-3.123154498077364,-41.76457485906371
1068,SECV9.001.1266,equipamento,-14.9473,5.3412,-3.123090683874434,-41.76457485906371
1069,DISJUNTOR9.001.1461,equipamento,-14.9473,6.0146,-3.1230846244136123,-41.76457485906371
1070,DISJUNTOR9.001.1460,equipamento,-14.9473,13.0146,-3.123021636255386,-41.76457485906371
1071,TC9.001.1127,equipamento,-14.9473,14.6034,-3.1230073397431304,-41.76457485906371
1072,SECH15.001.1129,equipamento,-14.9473,28.9479,-3.1228782635094627,-41.76457485906371
1073,BUSCSB16.001.1870,equipamento,-14.9473,58.5709,-3.1226117066221573,-41.76457485906371
1074,BUSCSB16.001.1874,equipamento,-14.9473,65.5709,-3.122548718463931,-41.76457485906371
1075,BUSIP38.001.1697,equipamento,-14.9473,66.7857,-3.1225377873189863,-41.76457485906371
1076,BUSIP38.001.1701,equipamento,-14.9473,74.1813,-3.1224712394299896,-41.76457485906371
1077,BUSIP51.001.1633,equipamento,-14.9473,75.1223,-3.122462772021862,-41.76457485906371
1078,SECV9.002.1262,equipamento,-14.5196,-1.7506,-3.123154498077364,-41.764571011271876
1079,SECV9.001.1267,equipamento,-14.5196,-1.2061,-3.1231495984984847,-41.764571011271876
1080,SECV9.001.1265,equipamento,-14.5196,3.7939,-3.1231046069568946,-41.764571011271876
1081,SECV9.001.1264,equipamento,-14.5196,5.3412,-3.123090683874434,-41.764571011271876
1082,IP3.001.1338,equipamento,-14.4007,-73.7251,-3.1238021468194,-41.76456994159114
1083,IP3.001.1331,equipamento,-14.4007,-71.2061,-3.123779480080747,-41.76456994159114
1084,SECV3.001.1329,equipamento,-14.4007,-66.2061,-3.123734488539157,-41.76456994159114
1085,SECV3.001.1342,equipamento,-14.4007,-61.2061,-3.123689496997567,-41.76456994159114
1086,SECV3.001.1332,equipamento,-14.4007,-60.1143,-3.123679672644545,-41.76456994159114
1087,DISJUNTOR9.001.1466,equipamento,-14.3764,6.0146,-3.1230846244136123,-41.76456972297683
1088,DISJUNTOR9.001.1457,equipamento,-14.3764,8.7939,-3.123059615415304,-41.76456972297683
1089,DISJUNTOR9.001.1458,equipamento,-14.3764,13.0146,-3.123021636255386,-41.76456972297683
1090,TC9.001.1131,equipamento,-14.3323,14.6034,-3.1230073397431304,-41.76456932623234
1091,TC9.001.1123,equipamento,-14.3323,18.7939,-3.122969632332124,-41.76456932623234
1092,SECH9.001.1119,equipamento,-14.3323,23.7939,-3.122924640790534,-41.76456932623234
1093,SECH15.001.1128,equipamento,-14.3323,28.7939,-3.1228796492489437,-41.76456932623234
1094,SECH15.001.1130,equipamento,-14.3323,28.9479,-3.1228782635094627,-41.76456932623234
1095,DISJUNTOR3.001.1514,equipamento,-14.3171,-28.579,-3.1233959082922436,-41.76456918948594
1096,DISJUNTOR3.001.1518,equipamento,-14.3171,-26.2061,-3.1233745562064357,-41.76456918948594
1097,DISJUNTOR3.001.1520,equipamento,-14.3171,-21.579,-3.123332920134017,-41.76456918948594
1098,TC3.001.1189,equipamento,-14.271,-21.1206,-3.123328795309484,-41.7645687747485
1099,TC3.001.1188,equipamento,-14.271,-16.2061,-3.123284573123255,-41.7645687747485
1100,SECH3.001.1193,equipamento,-14.271,-11.2061,-3.123239581581665,-41.7645687747485
1101,SECH3.001.1190,equipamento,-14.271,-7.6032,-3.1232071615766257,-41.7645687747485
1102,SECV8.002.1274,equipamento,-13.9949,-1.7376,-3.1231543810993556,-41.76456629082209
1103,SECV8.002.1273,equipamento,-13.9949,-1.2061,-3.1231495984984847,-41.76456629082209
1104,SECV8.002.1271,equipamento,-13.9949,3.7939,-3.1231046069568946,-41.76456629082209
1105,SECV8.001.1278,equipamento,-13.9949,5.355,-3.123090559697779,-41.76456629082209
1106,TC8.001.1138,equipamento,-13.9284,14.6166,-3.123007220965461,-41.76456569255658
1107,TC8.001.1142,equipamento,-13.9284,18.7939,-3.122969632332124,-41.76456569255658
1108,SECH8.001.1136,equipamento,-13.9284,23.7939,-3.122924640790534,-41.76456569255658
1109,SECH14.001.1137,equipamento,-13.9284,28.7939,-3.1228796492489437,-41.76456569255658
1110,SECH14.001.1140,equipamento,-13.9284,28.9617,-3.1228781393328076,-41.76456569255658
1111,IP2.001.1354,equipamento,-13.8825,-73.712,-3.123802028941561,-41.76456527961844
1112,IP2.001.1348,equipamento,-13.8825,-71.2061,-3.123779480080747,-41.76456527961844
1113,SECV2.003.1351,equipamento,-13.8825,-66.2061,-3.123734488539157,-41.76456527961844
1114,SECV2.001.1353,equipamento,-13.8825,-61.2061,-3.123689496997567,-41.76456527961844
1115,SECV2.001.1344,equipamento,-13.8825,-60.1005,-3.1236795484678903,-41.76456527961844
1116,TC2.001.1205,equipamento,-13.8667,-21.1075,-3.1233286774316453,-41.76456513747415
1117,TC2.001.1202,equipamento,-13.8667,-16.2061,-3.123284573123255,-41.76456513747415
1118,SECH2.001.1203,equipamento,-13.8667,-11.2061,-3.123239581581665,-41.76456513747415
1119,SECH2.001.1204,equipamento,-13.8667,-7.5901,-3.123207043698787,-41.76456513747415
1120,DISJUNTOR8.001.1471,equipamento,-13.7744,6.0276,-3.1230845074356046,-41.764564307099626
1121,DISJUNTOR8.001.1469,equipamento,-13.7744,8.7939,-3.123059615415304,-41.764564307099626
1122,DISJUNTOR8.001.1473,equipamento,-13.7744,13.0276,-3.123021519277378,-41.764564307099626
1123,DISJUNTOR2.001.1522,equipamento,-13.7151,-28.5659,-3.1233957904144045,-41.76456377360873
1124,DISJUNTOR2.001.1524,equipamento,-13.7151,-26.2061,-3.1233745562064357,-41.76456377360873
1125,DISJUNTOR2.001.1523,equipamento,-13.7151,-21.5659,-3.123332802256178,-41.76456377360873
1126,BUSCSB16.001.1875,equipamento,-11.7306,58.5709,-3.1226117066221573,-41.764545920106535
1127,BUSCSB16.001.1873,equipamento,-11.7306,58.7939,-3.1226096999994026,-41.764545920106535
1128,BUSCSB16.001.1877,equipamento,-11.7306,63.7939,-3.122564708457812,-41.764545920106535
1129,BUSCSB16.001.1871,equipamento,-11.7306,65.5709,-3.122548718463931,-41.764545920106535
1130,BUSIP51.001.1631,equipamento,-11.6798,75.1223,-3.122462772021862,-41.76454546308567
1131,BUSIP51.001.1616,equipamento,-11.6798,78.7939,-3.122429733833042,-41.76454546308567
1132,BUSIP51.001.1625,equipamento,-11.6798,82.1913,-3.122399162980362,-41.76454546308567
1133,BUSCSB5.001.1816,equipamento,-11.5355,-55.1339,-3.123634857469798,-41.7645441648945
1134,BUSCSB5.001.1821,equipamento,-11.5355,-51.2061,-3.1235995139143866,-41.7645441648945
1135,BUSCSB5.001.1815,equipamento,-11.5355,-48.1339,-3.1235718693115717,-41.7645441648945
1136,REATOR3.001.1439,equipamento,-9.9473,-88.939,-3.12393904618232,-41.76452987669486
1137,pp_92,ponto_passagem,-9.9473,-86.2061,-3.1239144547055178,-41.76452987669486
1138,pp_93,ponto_passagem,-9.9473,-81.2061,-3.1238694631639277,-41.76452987669486
1139,IP2.001.1346,equipamento,-9.9473,-73.712,-3.123802028941561,-41.76452987669486
1140,SECV2.001.1350,equipamento,-9.9473,-60.1005,-3.1236795484678903,-41.76452987669486
1141,BUSIP6.001.1593,equipamento,-9.9473,-46.8633,-3.1235604360610227,-41.76452987669486
1142,BUSIP6.001.1591,equipamento,-9.9473,-39.8119,-3.123496985389749,-41.76452987669486
1143,BUSIP20.001.1737,equipamento,-9.9473,-38.5504,-3.123485634023806,-41.76452987669486
1144,BUSIP20.001.1742,equipamento,-9.9473,-31.4406,-3.1234216578513263,-41.76452987669486
1145,DISJUNTOR2.001.1521,equipamento,-9.9473,-28.5659,-3.1233957904144045,-41.76452987669486
1146,DISJUNTOR2.001.1526,equipamento,-9.9473,-21.5659,-3.123332802256178,-41.76452987669486
1147,TC2.001.1208,equipamento,-9.9473,-21.1075,-3.1233286774316453,-41.76452987669486
1148,SECH2.001.1200,equipamento,-9.9473,-7.5901,-3.123207043698787,-41.76452987669486
1149,SECV8.002.1270,equipamento,-9.9473,-1.7376,-3.1231543810993556,-41.76452987669486
1150,SECV8.001.1269,equipamento,-9.9473,5.355,-3.123090559697779,-41.76452987669486
1151,DISJUNTOR8.001.1470,equipamento,-9.9473,6.0276,-3.1230845074356046,-41.76452987669486
1152,DISJUNTOR8.001.1472,equipamento,-9.9473,13.0276,-3.123021519277378,-41.76452987669486
1153,TC8.001.1135,equipamento,-9.9473,14.6166,-3.123007220965461,-41.76452987669486
1154,SECH14.001.1143,equipamento,-9.9473,28.9617,-3.1228781393328076,-41.76452987669486
1155,BUSIP37.001.1706,equipamento,-9.9473,66.7857,-3.1225377873189863,-41.76452987669486
1156,BUSCSB15.001.1887,equipamento,-9.6465,58.5865,-3.1226115662485476,-41.76452717055555
1157,BUSCSB15.001.1882,equipamento,-9.6465,58.7939,-3.1226096999994026,-41.76452717055555
1158,BUSCSB15.001.1891,equipamento,-9.6465,63.7939,-3.122564708457812,-41.76452717055555
1159,BUSIP37.001.1883,equipamento,-9.6465,65.6031,-3.122548428718403,-41.76452717055555
1160,BUSCSB4.001.1825,equipamento,-9.4514,-55.1183,-3.1236347170961882,-41.76452541534352
1161,BUSCSB4.001.1822,equipamento,-9.4514,-51.2061,-3.1235995139143866,-41.76452541534352
1162,BUSIP6.001.1832,equipamento,-9.4514,-48.1015,-3.1235715777663824,-41.76452541534352
1163,BUSIP50.001.1635,equipamento,-9.4129,75.2216,-3.122461878489846,-41.76452506897928
1164,BUSIP50.001.1636,equipamento,-9.4129,78.7939,-3.122429733833042,-41.76452506897928
1165,BUSIP50.001.1637,equipamento,-9.4129,82.2216,-3.12239889033162,-41.76452506897928
1166,REATOR3.001.1435,equipamento,-8.9199,-95.939,-3.1240020343405464,-41.76452063371771
1167,REATOR3.001.1437,equipamento,-8.9199,-91.2061,-3.123959446247108,-41.76452063371771
1168,REATOR3.001.1436,equipamento,-8.9199,-88.939,-3.12393904618232,-41.76452063371771
1169,SECV8.002.1275,equipamento,-6.9199,-1.7376,-3.1231543810993556,-41.764502640770175
1170,SECV8.002.1277,equipamento,-6.9199,-1.2061,-3.1231495984984847,-41.764502640770175
1171,SECV8.001.1276,equipamento,-6.9199,3.7939,-3.1231046069568946,-41.764502640770175
1172,SECV8.001.1272,equipamento,-6.9199,5.355,-3.123090559697779,-41.764502640770175
1173,IP2.001.1343,equipamento,-6.801,-73.712,-3.123802028941561,-41.76450157108945
1174,IP2.001.1347,equipamento,-6.801,-71.2061,-3.123779480080747,-41.76450157108945
1175,SECV2.003.1349,equipamento,-6.801,-66.2061,-3.123734488539157,-41.76450157108945
1176,SECV2.001.1352,equipamento,-6.801,-61.2061,-3.123689496997567,-41.76450157108945
1177,SECV2.001.1345,equipamento,-6.801,-60.1005,-3.1236795484678903,-41.76450157108945
1178,DISJUNTOR8.001.1474,equipamento,-6.7744,6.0276,-3.1230845074356046,-41.764501331783244
1179,DISJUNTOR8.001.1467,equipamento,-6.7744,8.7939,-3.123059615415304,-41.764501331783244
1180,DISJUNTOR8.001.1468,equipamento,-6.7744,13.0276,-3.123021519277378,-41.764501331783244
1181,DISJUNTOR2.001.1525,equipamento,-6.7151,-28.5659,-3.1233957904144045,-41.764500798292346
1182,DISJUNTOR2.001.1528,equipamento,-6.7151,-26.2061,-3.1233745562064357,-41.764500798292346
1183,DISJUNTOR2.001.1527,equipamento,-6.7151,-21.5659,-3.123332802256178,-41.764500798292346
1184,TC8.001.1133,equipamento,-6.6608,14.6166,-3.123007220965461,-41.76450030978382
1185,TC8.001.1139,equipamento,-6.6608,18.7939,-3.122969632332124,-41.76450030978382
1186,SECH7.001.1141,equipamento,-6.6608,23.7939,-3.122924640790534,-41.76450030978382
1187,SECH14.001.1134,equipamento,-6.6608,28.7939,-3.1228796492489437,-41.76450030978382
1188,SECH14.001.1144,equipamento,-6.6608,28.9617,-3.1228781393328076,-41.76450030978382
1189,TC2.001.1201,equipamento,-6.5995,-21.1075,-3.1233286774316453,-41.764499758299976
1190,TC2.001.1206,equipamento,-6.5995,-16.2061,-3.123284573123255,-41.764499758299976
1191,SECH1.001.1209,equipamento,-6.5995,-11.2061,-3.123239581581665,-41.764499758299976
1192,SECH1.001.1207,equipamento,-6.5995,-7.5901,-3.123207043698787,-41.764499758299976
1193,TC8.001.1146,equipamento,-6.5241,14.6292,-3.123007107586776,-41.76449907996586
1194,TC8.001.1152,equipamento,-6.5241,18.7939,-3.122969632332124,-41.76449907996586
1195,SECH7.001.1157,equipamento,-6.5241,23.7939,-3.122924640790534,-41.76449907996586
1196,SECH13.001.1147,equipamento,-6.5241,28.7939,-3.1228796492489437,-41.76449907996586
1197,SECH13.001.1154,equipamento,-6.5241,28.9752,-3.1228780178556454,-41.76449907996586
1198,DISJUNTOR7.001.1480,equipamento,-6.4863,6.0401,-3.1230843949567504,-41.764498739899146
1199,DISJUNTOR7.001.1476,equipamento,-6.4863,8.7939,-3.123059615415304,-41.764498739899146
1200,DISJUNTOR7.001.1475,equipamento,-6.4863,13.0401,-3.1230214067985242,-41.764498739899146
1201,SECV7.002.1282,equipamento,-6.4705,-1.7247,-3.1231542650211783,-41.764498597754866
1202,SECV7.002.1289,equipamento,-6.4705,-1.2061,-3.1231495984984847,-41.764498597754866
1203,SECV7.002.1285,equipamento,-6.4705,3.7939,-3.1231046069568946,-41.764498597754866
1204,SECV7.001.1290,equipamento,-6.4705,5.3687,-3.1230904364209553,-41.764498597754866
1205,TC2.001.1252,equipamento,-6.4624,-21.0948,-3.1233285631531293,-41.76449852488343
1206,TC2.001.1245,equipamento,-6.4624,-16.2061,-3.123284573123255,-41.76449852488343
1207,SECH1.001.1246,equipamento,-6.4624,-11.2061,-3.123239581581665,-41.76449852488343
1208,SECH1.001.1247,equipamento,-6.4624,-7.5774,-3.123206929420271,-41.76449852488343
1209,DISJUNTOR1.001.1558,equipamento,-6.4269,-28.5534,-3.1233956779355503,-41.76449820550861
1210,DISJUNTOR1.001.1555,equipamento,-6.4269,-26.2061,-3.1233745562064357,-41.76449820550861
1211,DISJUNTOR1.001.1562,equipamento,-6.4269,-21.5534,-3.123332689777324,-41.76449820550861
1212,IP1.002.1388,equipamento,-6.3581,-73.6989,-3.1238019110637225,-41.76449758655121
1213,IP1.002.1390,equipamento,-6.3581,-71.2061,-3.123779480080747,-41.76449758655121
1214,SECV1.003.1399,equipamento,-6.3581,-66.2061,-3.123734488539157,-41.76449758655121
1215,SECV1.003.1394,equipamento,-6.3581,-61.2061,-3.123689496997567,-41.76449758655121
1216,SECV1.001.1396,equipamento,-6.3581,-60.0868,-3.1236794251910664,-41.76449758655121
1217,REATOR2.001.1442,equipamento,-5.6903,-95.9214,-3.12400187597032,-41.76449157870603
1218,REATOR2.001.1444,equipamento,-5.6903,-91.2061,-3.123959446247108,-41.76449157870603
1219,REATOR2.001.1443,equipamento,-5.6903,-88.9214,-3.1239388878120935,-41.76449157870603
1220,REATOR2.001.1447,equipamento,-4.9473,-88.9214,-3.1239388878120935,-41.76448489432602
1221,pp_94,ponto_passagem,-4.9473,-86.2061,-3.1239144547055178,-41.76448489432602
1222,pp_95,ponto_passagem,-4.9473,-81.2061,-3.1238694631639277,-41.76448489432602
1223,IP1.002.1398,equipamento,-4.9473,-73.6989,-3.1238019110637225,-41.76448489432602
1224,SECV1.001.1392,equipamento,-4.9473,-60.0868,-3.1236794251910664,-41.76448489432602
1225,BUSCSB4.001.1824,equipamento,-4.9473,-55.1183,-3.1236347170961882,-41.76448489432602
1226,BUSCSB4.001.1833,equipamento,-4.9473,-48.1015,-3.1235715777663824,-41.76448489432602
1227,BUSIP5.001.1587,equipamento,-4.9473,-46.8633,-3.1235604360610227,-41.76448489432602
1228,BUSIP5.001.1596,equipamento,-4.9473,-39.8119,-3.123496985389749,-41.76448489432602
1229,BUSIP19.001.1732,equipamento,-4.9473,-38.5504,-3.123485634023806,-41.76448489432602
1230,BUSIP19.001.1745,equipamento,-4.9473,-31.4406,-3.1234216578513263,-41.76448489432602
1231,DISJUNTOR1.001.1561,equipamento,-4.9473,-28.5534,-3.1233956779355503,-41.76448489432602
1232,DISJUNTOR1.001.1560,equipamento,-4.9473,-21.5534,-3.123332689777324,-41.76448489432602
1233,TC1.001.1256,equipamento,-4.9473,-21.0948,-3.1233285631531293,-41.76448489432602
1234,SECH1.001.1254,equipamento,-4.9473,-7.5774,-3.123206929420271,-41.76448489432602
1235,SECV7.002.1283,equipamento,-4.9473,-1.7247,-3.1231542650211783,-41.76448489432602
1236,SECV7.001.1288,equipamento,-4.9473,5.3687,-3.1230904364209553,-41.76448489432602
1237,DISJUNTOR7.001.1484,equipamento,-4.9473,6.0401,-3.1230843949567504,-41.76448489432602
1238,DISJUNTOR7.001.1481,equipamento,-4.9473,13.0401,-3.1230214067985242,-41.76448489432602
1239,TC7.001.1145,equipamento,-4.9473,14.6292,-3.123007107586776,-41.76448489432602
1240,SECH13.001.1151,equipamento,-4.9473,28.9752,-3.1228780178556454,-41.76448489432602
1241,BUSCSB15.001.1889,equipamento,-4.9473,58.5865,-3.1226115662485476,-41.76448489432602
1242,BUSCSB15.001.1881,equipamento,-4.9473,65.6031,-3.122548428718403,-41.76448489432602
1243,BUSIP36.x001.1691,equipamento,-4.9473,66.7857,-3.1225377873189863,-41.76448489432602
1244,BUSIP36.003.1696,equipamento,-4.9473,74.1813,-3.1224712394299896,-41.76448489432602
1245,BUSIP50.001.1639,equipamento,-4.9473,75.2216,-3.122461878489846,-41.76448489432602
1246,BUSIP50.001.1640,equipamento,-2.4129,75.2216,-3.122461878489846,-41.7644620936629
1247,BUSIP50.001.1641,equipamento,-2.4129,78.7939,-3.122429733833042,-41.7644620936629
1248,BUSIP50.001.1638,equipamento,-2.4129,82.2216,-3.12239889033162,-41.7644620936629
1249,BUSIP49.001.1642,equipamento,0.0406,75.2749,-3.122461398880013,-41.764440020814504
1250,BUSIP49.001.1645,equipamento,0.0406,78.7939,-3.122429733833042,-41.764440020814504
1251,BUSIP49.001.1649,equipamento,0.0406,82.2749,-3.122398410721787,-41.764440020814504
1252,REATOR2.001.1441,equipamento,0.0527,-88.9214,-3.1239388878120935,-41.764439911957176
1253,pp_96,ponto_passagem,0.0527,-86.2061,-3.1239144547055178,-41.764439911957176
1254,pp_97,ponto_passagem,0.0527,-81.2061,-3.1238694631639277,-41.764439911957176
1255,IP1.001.1387,equipamento,0.0527,-73.6989,-3.1238019110637225,-41.764439911957176
1256,SECV1.001.1391,equipamento,0.0527,-60.0868,-3.1236794251910664,-41.764439911957176
1257,BUSCSB3.001.1828,equipamento,0.0527,-55.1183,-3.1236347170961882,-41.764439911957176
1258,BUSCSB3.001.1827,equipamento,0.0527,-48.1015,-3.1235715777663824,-41.764439911957176
1259,BUSIP4.001.1592,equipamento,0.0527,-46.8633,-3.1235604360610227,-41.764439911957176
1260,BUSIP4.001.1583,equipamento,0.0527,-39.8119,-3.123496985389749,-41.764439911957176
1261,BUSIP18.001.1758,equipamento,0.0527,-38.5504,-3.123485634023806,-41.764439911957176
1262,BUSIP18.001.1741,equipamento,0.0527,-31.4406,-3.1234216578513263,-41.764439911957176
1263,DISJUNTOR1.001.1564,equipamento,0.0527,-28.5534,-3.1233956779355503,-41.764439911957176
1264,DISJUNTOR1.001.1556,equipamento,0.0527,-21.5534,-3.123332689777324,-41.764439911957176
1265,TC1.001.1248,equipamento,0.0527,-21.0948,-3.1233285631531293,-41.764439911957176
1266,SECH1.001.1255,equipamento,0.0527,-7.5774,-3.123206929420271,-41.764439911957176
1267,SECV7.002.1279,equipamento,0.0527,-1.7247,-3.1231542650211783,-41.764439911957176
1268,SECV7.001.1286,equipamento,0.0527,5.3687,-3.1230904364209553,-41.764439911957176
1269,DISJUNTOR7.001.1479,equipamento,0.0527,6.0401,-3.1230843949567504,-41.764439911957176
1270,DISJUNTOR7.001.1483,equipamento,0.0527,13.0401,-3.1230214067985242,-41.764439911957176
1271,TC7.001.1156,equipamento,0.0527,14.6292,-3.123007107586776,-41.764439911957176
1272,SECH13.001.1149,equipamento,0.0527,28.9752,-3.1228780178556454,-41.764439911957176
1273,BUSCSB14.001.1879,equipamento,0.0527,58.5865,-3.1226115662485476,-41.764439911957176
1274,BUSCSB14.001.1880,equipamento,0.0527,65.6031,-3.122548428718403,-41.764439911957176
1275,BUSIP35.001.1688,equipamento,0.0527,66.7857,-3.1225377873189863,-41.764439911957176
1276,BUSIP35.001.1703,equipamento,0.0527,74.1813,-3.1224712394299896,-41.764439911957176
1277,BUSIP49.001.1644,equipamento,0.0527,75.2749,-3.122461398880013,-41.764439911957176
1278,DISJUNTOR7.001.1478,equipamento,0.5137,6.0401,-3.1230843949567504,-41.764435764582764
1279,DISJUNTOR7.001.1477,equipamento,0.5137,8.7939,-3.123059615415304,-41.764435764582764
1280,DISJUNTOR7.001.1482,equipamento,0.5137,13.0401,-3.1230214067985242,-41.764435764582764
1281,DISJUNTOR1.001.1559,equipamento,0.5731,-28.5534,-3.1233956779355503,-41.76443523019223
1282,DISJUNTOR1.001.1563,equipamento,0.5731,-26.2061,-3.1233745562064357,-41.76443523019223
1283,DISJUNTOR1.001.1557,equipamento,0.5731,-21.5534,-3.123332689777324,-41.76443523019223
1284,SECV7.002.1287,equipamento,0.6094,-1.7247,-3.1231542650211783,-41.76443490362023
1285,SECV7.001.1281,equipamento,0.6094,-1.2061,-3.1231495984984847,-41.76443490362023
1286,SECV7.001.1284,equipamento,0.6094,3.7939,-3.1231046069568946,-41.76443490362023
1287,SECV7.001.1280,equipamento,0.6094,5.3687,-3.1230904364209553,-41.76443490362023
1288,TC7.001.1150,equipamento,0.7236,14.6292,-3.123007107586776,-41.764433876222924
1289,TC7.001.1153,equipamento,0.7236,18.7939,-3.122969632332124,-41.764433876222924
1290,SECH7.001.1148,equipamento,0.7236,23.7939,-3.122924640790534,-41.764433876222924
1291,SECH13.001.1155,equipamento,0.7236,28.9752,-3.1228780178556454,-41.764433876222924
1292,TC1.001.1249,equipamento,0.7849,-21.0948,-3.1233285631531293,-41.76443332473908
1293,TC1.001.1253,equipamento,0.7849,-16.2061,-3.123284573123255,-41.76443332473908
1294,SECH1.001.1251,equipamento,0.7849,-11.2061,-3.123239581581665,-41.76443332473908
1295,SECH1.001.1250,equipamento,0.7849,-7.5774,-3.123206929420271,-41.76443332473908
1296,IP1.001.1393,equipamento,0.9349,-73.6989,-3.1238019110637225,-41.76443197526802
1297,IP1.001.1400,equipamento,0.9349,-71.2061,-3.123779480080747,-41.76443197526802
1298,SECV1.001.1389,equipamento,0.9349,-66.2061,-3.123734488539157,-41.76443197526802
1299,SECV1.001.1397,equipamento,0.9349,-61.2061,-3.123689496997567,-41.76443197526802
1300,SECV1.001.1395,equipamento,0.9349,-60.0868,-3.1236794251910664,-41.76443197526802
1301,REATOR2.001.1445,equipamento,1.3097,-95.9214,-3.12400187597032,-41.764428603389646
1302,REATOR2.001.1448,equipamento,1.3097,-91.2061,-3.123959446247108,-41.764428603389646
1303,REATOR2.001.1446,equipamento,1.3097,-88.9214,-3.1239388878120935,-41.764428603389646
1304,REATOR1.001.1449,equipamento,4.4946,-95.9919,-3.1240025103510565,-41.76439995052034
1305,REATOR1.001.1451,equipamento,4.4946,-91.2061,-3.123959446247108,-41.76439995052034
1306,REATOR1.001.1454,equipamento,4.4946,-88.9919,-3.12393952219283,-41.76439995052034
1307,REATOR1.001.1455,equipamento,5.0527,-88.9919,-3.12393952219283,-41.764394929588335
1308,pp_98,ponto_passagem,5.0527,-86.2061,-3.1239144547055178,-41.764394929588335
1309,pp_99,ponto_passagem,5.0527,-81.2061,-3.1238694631639277,-41.764394929588335
1310,pp_100,ponto_passagem,5.0527,-71.2061,-3.123779480080747,-41.764394929588335
1311,pp_101,ponto_passagem,5.0527,-66.2061,-3.123734488539157,-41.764394929588335
1312,pp_102,ponto_passagem,5.0527,-61.2061,-3.123689496997567,-41.764394929588335
1313,BUSCSB2.001.1829,equipamento,5.0527,-55.1183,-3.1236347170961882,-41.764394929588335
1314,BUSCSB2.001.1830,equipamento,5.0527,-48.1015,-3.1235715777663824,-41.764394929588335
1315,BUSIP3.001.1599,equipamento,5.0527,-46.8633,-3.1235604360610227,-41.764394929588335
1316,BUSIP3.001.1589,equipamento,5.0527,-39.8119,-3.123496985389749,-41.764394929588335
1317,BUSIP17.001.1748,equipamento,5.0527,-38.5504,-3.123485634023806,-41.764394929588335
1318,BUSIP17.001.1747,equipamento,5.0527,-31.4406,-3.1234216578513263,-41.764394929588335
1319,pp_103,ponto_passagem,5.0527,-26.2061,-3.1233745562064357,-41.764394929588335
1320,pp_104,ponto_passagem,5.0527,-16.2061,-3.123284573123255,-41.764394929588335
1321,pp_105,ponto_passagem,5.0527,-11.2061,-3.123239581581665,-41.764394929588335
1322,pp_106,ponto_passagem,5.0527,-1.2061,-3.1231495984984847,-41.764394929588335
1323,pp_107,ponto_passagem,5.0527,3.7939,-3.1231046069568946,-41.764394929588335
1324,pp_108,ponto_passagem,5.0527,8.7939,-3.123059615415304,-41.764394929588335
1325,pp_109,ponto_passagem,5.0527,18.7939,-3.122969632332124,-41.764394929588335
1326,pp_110,ponto_passagem,5.0527,23.7939,-3.122924640790534,-41.764394929588335
1327,BUSCSB14.003.1884,equipamento,5.0527,58.5865,-3.1226115662485476,-41.764394929588335
1328,BUSCSB14.003.1885,equipamento,5.0527,65.6031,-3.122548428718403,-41.764394929588335
1329,BUSIP34.001.1690,equipamento,5.0527,66.7857,-3.1225377873189863,-41.764394929588335
1330,BUSIP34.001.1707,equipamento,5.0527,74.1813,-3.1224712394299896,-41.764394929588335
1331,BUSIP49.001.1647,equipamento,5.0527,75.2749,-3.122461398880013,-41.764394929588335
1332,BUSIP17.001.1759,equipamento,7.0134,-38.5504,-3.123485634023806,-41.76437729020221
1333,BUSIP17.001.1755,equipamento,7.0134,-36.2061,-3.123464539289616,-41.76437729020221
1334,BUSIP17.001.1744,equipamento,7.0134,-31.4406,-3.1234216578513263,-41.76437729020221
1335,BUSIP49.001.1643,equipamento,7.0406,75.2749,-3.122461398880013,-41.76437704549813
1336,BUSIP49.001.1646,equipamento,7.0406,78.7939,-3.122429733833042,-41.76437704549813
1337,BUSIP49.001.1648,equipamento,7.0406,82.2749,-3.122398410721787,-41.76437704549813
1338,BUSCSB14.003.1890,equipamento,7.0575,58.5865,-3.1226115662485476,-41.76437689345772
1339,BUSCSB14.003.1888,equipamento,7.0575,58.7939,-3.1226096999994026,-41.76437689345772
1340,BUSCSB14.003.1878,equipamento,7.0575,63.7939,-3.122564708457812,-41.76437689345772
1341,BUSCSB14.003.1886,equipamento,7.0575,65.6031,-3.122548428718403,-41.76437689345772
1342,BUSCSB2.001.1831,equipamento,7.339,-55.1183,-3.1236347170961882,-41.764374360950356
1343,BUSCSB2.001.1823,equipamento,7.339,-51.2061,-3.1235995139143866,-41.764374360950356
1344,BUSCSB2.001.1826,equipamento,7.339,-48.1015,-3.1235715777663824,-41.764374360950356
1345,REATOR1.001.1450,equipamento,10.0527,-88.9919,-3.12393952219283,-41.764349947219486
1346,pp_111,ponto_passagem,10.0527,-86.2061,-3.1239144547055178,-41.764349947219486
1347,pp_112,ponto_passagem,10.0527,-81.2061,-3.1238694631639277,-41.764349947219486
1348,pp_113,ponto_passagem,10.0527,-71.2061,-3.123779480080747,-41.764349947219486
1349,pp_114,ponto_passagem,10.0527,-66.2061,-3.123734488539157,-41.764349947219486
1350,pp_115,ponto_passagem,10.0527,-61.2061,-3.123689496997567,-41.764349947219486
1351,BUSIP2.001.1602,equipamento,10.0527,-46.8633,-3.1235604360610227,-41.764349947219486
1352,BUSIP2.001.1590,equipamento,10.0527,-39.8119,-3.123496985389749,-41.764349947219486
1353,pp_116,ponto_passagem,10.0527,-26.2061,-3.1233745562064357,-41.764349947219486
1354,pp_117,ponto_passagem,10.0527,-16.2061,-3.123284573123255,-41.764349947219486
1355,pp_118,ponto_passagem,10.0527,-11.2061,-3.123239581581665,-41.764349947219486
1356,pp_119,ponto_passagem,10.0527,-1.2061,-3.1231495984984847,-41.764349947219486
1357,pp_120,ponto_passagem,10.0527,3.7939,-3.1231046069568946,-41.764349947219486
1358,pp_121,ponto_passagem,10.0527,8.7939,-3.123059615415304,-41.764349947219486
1359,pp_122,ponto_passagem,10.0527,18.7939,-3.122969632332124,-41.764349947219486
1360,pp_123,ponto_passagem,10.0527,23.7939,-3.122924640790534,-41.764349947219486
1361,BUSIP33.001.1700,equipamento,10.0527,66.7857,-3.1225377873189863,-41.764349947219486
1362,BUSCSB13.001.1900,equipamento,11.2909,58.6224,-3.122611243209279,-41.76433880778567
1363,BUSCSB13.001.1892,equipamento,11.2909,58.7939,-3.1226096999994026,-41.76433880778567
1364,BUSCSB13.001.1893,equipamento,11.2909,63.7939,-3.122564708457812,-41.76433880778567
1365,BUSCSB13.001.1896,equipamento,11.2909,65.6224,-3.122548255051053,-41.76433880778567
1366,BUSIP48.001.1655,equipamento,11.3073,75.7943,-3.1224567251586723,-41.764338660243496
1367,BUSIP48.001.1656,equipamento,11.3073,78.7939,-3.122429733833042,-41.764338660243496
1368,BUSIP48.001.1652,equipamento,11.3073,82.8104,-3.122393592127682,-41.764338660243496
1369,BUSIP16.001.1763,equipamento,11.4144,-38.5084,-3.1234852560948565,-41.76433769672116
1370,BUSIP16.001.1762,equipamento,11.4144,-36.2061,-3.123464539289616,-41.76433769672116
1371,BUSIP16.001.1766,equipamento,11.4144,-31.5084,-3.1234222679366304,-41.76433769672116
1372,REATOR1.001.1456,equipamento,11.4946,-95.9919,-3.1240025103510565,-41.76433697520396
1373,REATOR1.001.1452,equipamento,11.4946,-91.2061,-3.123959446247108,-41.76433697520396
1374,REATOR1.001.1453,equipamento,11.4946,-88.9919,-3.12393952219283,-41.76433697520396
1375,BUSCSB1.001.1931,equipamento,11.7519,-55.0819,-3.1236343895577656,-41.76433466041126
1376,BUSCSB1.001.1932,equipamento,11.7519,-51.2061,-3.1235995139143866,-41.76433466041126
1377,BUSCSB1.001.1929,equipamento,11.7519,-48.0819,-3.123571401399539,-41.76433466041126
1378,BUSCSB1.001.1934,equipamento,15.0527,-48.0819,-3.123571401399539,-41.764304964850645
1379,BUSIP1.001.1584,equipamento,15.0527,-46.8633,-3.1235604360610227,-41.764304964850645
1380,BUSIP1.001.1604,equipamento,15.0527,-39.8119,-3.123496985389749,-41.764304964850645
1381,BUSIP16.001.1760,equipamento,15.0527,-38.5084,-3.1234852560948565,-41.764304964850645
1382,BUSIP16.001.1761,equipamento,15.0527,-31.5084,-3.1234222679366304,-41.764304964850645
1383,pp_124,ponto_passagem,15.0527,-26.2061,-3.1233745562064357,-41.764304964850645
1384,pp_125,ponto_passagem,15.0527,-16.2061,-3.123284573123255,-41.764304964850645
1385,pp_126,ponto_passagem,15.0527,-11.2061,-3.123239581581665,-41.764304964850645
1386,pp_127,ponto_passagem,15.0527,-1.2061,-3.1231495984984847,-41.764304964850645
1387,pp_128,ponto_passagem,15.0527,3.7939,-3.1231046069568946,-41.764304964850645
1388,pp_129,ponto_passagem,15.0527,8.7939,-3.123059615415304,-41.764304964850645
1389,pp_130,ponto_passagem,15.0527,18.7939,-3.122969632332124,-41.764304964850645
1390,pp_131,ponto_passagem,15.0527,23.7939,-3.122924640790534,-41.764304964850645
1391,BUSCSB13.001.1898,equipamento,15.0527,58.6224,-3.122611243209279,-41.764304964850645
1392,BUSCSB13.001.1895,equipamento,15.0527,65.6224,-3.122548255051053,-41.764304964850645
1393,BUSIP32.001.1705,equipamento,15.0527,66.7857,-3.1225377873189863,-41.764304964850645
1394,BUSIP32.003.1698,equipamento,15.0527,74.1813,-3.1224712394299896,-41.764304964850645
1395,BUSIP47.001.1650,equipamento,15.0527,75.7943,-3.1224567251586723,-41.764304964850645
1396,BUSCSB13.001.1899,equipamento,18.2909,58.6224,-3.122611243209279,-41.76427583246929
1397,BUSCSB13.001.1901,equipamento,18.2909,58.7939,-3.1226096999994026,-41.76427583246929
1398,BUSCSB13.001.1897,equipamento,18.2909,63.7939,-3.122564708457812,-41.76427583246929
1399,BUSCSB13.001.1894,equipamento,18.2909,65.6224,-3.122548255051053,-41.76427583246929
1400,BUSIP47.001.1654,equipamento,18.398,75.7943,-3.1224567251586723,-41.76427486894695
1401,BUSIP47.001.1651,equipamento,18.398,78.7939,-3.122429733833042,-41.76427486894695
1402,BUSIP47.001.1653,equipamento,18.398,82.8104,-3.122393592127682,-41.76427486894695
1403,BUSIP32.001.1702,equipamento,18.4137,66.7857,-3.1225377873189863,-41.76427472770231
1404,BUSIP32.001.1689,equipamento,18.4137,68.7939,-3.122519716916222,-41.76427472770231
1405,BUSIP32.001.1694,equipamento,18.4137,73.7939,-3.122474725374632,-41.76427472770231
1406,BUSIP32.001.1692,equipamento,18.4137,74.1813,-3.1224712394299896,-41.76427472770231
1407,BUSIP16.001.1767,equipamento,18.4144,-38.5084,-3.1234852560948565,-41.764274721404774
1408,BUSIP16.001.1764,equipamento,18.4144,-36.2061,-3.123464539289616,-41.764274721404774
1409,BUSIP16.001.1765,equipamento,18.4144,-31.5084,-3.1234222679366304,-41.764274721404774
1410,BUSIP1.001.1586,equipamento,18.4306,-46.8633,-3.1235604360610227,-41.7642745756619
1411,BUSIP1.001.1603,equipamento,18.4306,-46.2061,-3.123554522372796,-41.7642745756619
1412,BUSIP1.001.1600,equipamento,18.4306,-41.2061,-3.123509530831206,-41.7642745756619
1413,BUSIP1.001.1598,equipamento,18.4306,-39.8119,-3.123496985389749,-41.7642745756619
1414,BUSCSB1.001.1930,equipamento,18.7519,-55.0819,-3.1236343895577656,-41.764271685094876
1415,BUSCSB1.001.1933,equipamento,18.7519,-51.2061,-3.1235995139143866,-41.764271685094876
1416,BUSCSB1.001.1935,equipamento,18.7519,-48.0819,-3.123571401399539,-41.764271685094876
1417,BUSCSB22.1064,equipamento,22.1848,58.6411,-3.1226110749409135,-41.76424080110008
1418,BUSCSB22.1062,equipamento,22.1848,58.7939,-3.1226096999994026,-41.76424080110008
1419,BUSCSB22.1059,equipamento,22.1848,63.7939,-3.122564708457812,-41.76424080110008
1420,BUSCSB22.1060,equipamento,22.1848,65.6411,-3.1225480867826874,-41.76424080110008
1421,BUSIP47.850,equipamento,22.3493,75.3355,-3.122460853582529,-41.76423932118014
1422,BUSIP47.852,equipamento,22.3493,78.7939,-3.122429733833042,-41.76423932118014
1423,BUSIP47.855,equipamento,22.3493,82.3355,-3.1223978654243028,-41.76423932118014
1424,BUSIP35.911,equipamento,22.351,66.8466,-3.1225372393220097,-41.764239305886136
1425,BUSIP35.907,equipamento,22.351,68.7939,-3.122519716916222,-41.764239305886136
1426,BUSIP35.910,equipamento,22.351,73.7939,-3.122474725374632,-41.764239305886136
1427,BUSIP35.903,equipamento,22.351,73.8466,-3.1224742511637835,-41.764239305886136
1428,BUSCSB10.1115,equipamento,22.4021,-55.0637,-3.123634225788554,-41.76423884616633
1429,BUSCSB10.1116,equipamento,22.4021,-51.2061,-3.1235995139143866,-41.76423884616633
1430,BUSCSB10.1113,equipamento,22.4021,-48.0637,-3.123571237630328,-41.76423884616633
1431,BUSIP23.952,equipamento,22.5445,-38.4107,-3.1234843769601337,-41.76423756506846
1432,BUSIP23.950,equipamento,22.5445,-36.2061,-3.123464539289616,-41.76423756506846
1433,BUSIP23.949,equipamento,22.5445,-31.4107,-3.1234213888019076,-41.76423756506846
1434,BUSIP11.990,equipamento,22.5462,-46.8996,-3.123560762699615,-41.76423754977446
1435,BUSIP11.996,equipamento,22.5462,-46.2061,-3.123554522372796,-41.76423754977446
1436,BUSIP11.997,equipamento,22.5462,-41.2061,-3.123509530831206,-41.76423754977446
1437,BUSIP11.992,equipamento,22.5462,-39.8996,-3.1234977745413883,-41.76423754977446
1438,REATOR811.600,equipamento,24.2649,131.4628,-3.12195580283207,-41.76422208753499
1439,REATOR11.602,equipamento,24.2649,138.5602,-3.1218919382386137,-41.76422208753499
1440,PR17.649,equipamento,24.4476,121.1685,-3.122048434117388,-41.76422044387923
1441,PR17.645,equipamento,24.4476,128.1685,-3.121985445959162,-41.76422044387923
1442,BUSCSB10.1118,equipamento,25.0527,-48.0637,-3.123571237630328,-41.764215000112955
1443,BUSIP11.991,equipamento,25.0527,-46.8996,-3.123560762699615,-41.764215000112955
1444,BUSIP11.994,equipamento,25.0527,-39.8996,-3.1234977745413883,-41.764215000112955
1445,BUSIP23.947,equipamento,25.0527,-38.4107,-3.1234843769601337,-41.764215000112955
1446,BUSIP23.948,equipamento,25.0527,-31.4107,-3.1234213888019076,-41.764215000112955
1447,pp_132,ponto_passagem,25.0527,-26.2061,-3.1233745562064357,-41.764215000112955
1448,pp_133,ponto_passagem,25.0527,-16.2061,-3.123284573123255,-41.764215000112955
1449,pp_134,ponto_passagem,25.0527,-11.2061,-3.123239581581665,-41.764215000112955
1450,pp_135,ponto_passagem,25.0527,-1.2061,-3.1231495984984847,-41.764215000112955
1451,pp_136,ponto_passagem,25.0527,3.7939,-3.1231046069568946,-41.764215000112955
1452,pp_137,ponto_passagem,25.0527,8.7939,-3.123059615415304,-41.764215000112955
1453,pp_138,ponto_passagem,25.0527,18.7939,-3.122969632332124,-41.764215000112955
1454,pp_139,ponto_passagem,25.0527,23.7939,-3.122924640790534,-41.764215000112955
1455,BUSCSB22.1058,equipamento,25.0527,58.6411,-3.1226110749409135,-41.764215000112955
1456,BUSCSB22.1065,equipamento,25.0527,65.6411,-3.1225480867826874,-41.764215000112955
1457,BUSIP35.908,equipamento,25.0527,66.8466,-3.1225372393220097,-41.764215000112955
1458,BUSIP35.906,equipamento,25.0527,73.8466,-3.1224742511637835,-41.764215000112955
1459,BUSIP47.854,equipamento,25.0527,75.3355,-3.122460853582529,-41.764215000112955
1460,BUSIP47.853,equipamento,25.0527,82.3355,-3.1223978654243028,-41.764215000112955
1461,PR17.644,equipamento,25.0527,121.1685,-3.122048434117388,-41.764215000112955
1462,PR17.646,equipamento,25.0527,128.1685,-3.121985445959162,-41.764215000112955
1463,REATOR811.603,equipamento,25.0527,131.4628,-3.12195580283207,-41.764215000112955
1464,BUSCSB22.1063,equipamento,29.1848,58.6411,-3.1226110749409135,-41.7641778257837
1465,BUSCSB22.1066,equipamento,29.1848,58.7939,-3.1226096999994026,-41.7641778257837
1466,BUSCSB22.1057,equipamento,29.1848,63.7939,-3.122564708457812,-41.7641778257837
1467,BUSCSB22.1061,equipamento,29.1848,65.6411,-3.1225480867826874,-41.7641778257837
1468,BUSIP47.851,equipamento,29.3493,75.3355,-3.122460853582529,-41.76417634586376
1469,BUSIP47.856,equipamento,29.3493,78.7939,-3.122429733833042,-41.76417634586376
1470,BUSIP47.849,equipamento,29.3493,82.3355,-3.1223978654243028,-41.76417634586376
1471,BUSIP35.909,equipamento,29.351,66.8466,-3.1225372393220097,-41.764176330569754
1472,BUSIP35.904,equipamento,29.351,68.7939,-3.122519716916222,-41.764176330569754
1473,BUSIP35.905,equipamento,29.351,73.7939,-3.122474725374632,-41.764176330569754
1474,BUSIP35.902,equipamento,29.351,73.8466,-3.1224742511637835,-41.764176330569754
1475,BUSCSB10.1117,equipamento,29.4021,-55.0637,-3.123634225788554,-41.76417587084995
1476,BUSCSB10.1114,equipamento,29.4021,-51.2061,-3.1235995139143866,-41.76417587084995
1477,BUSCSB10.1112,equipamento,29.4021,-48.0637,-3.123571237630328,-41.76417587084995
1478,BUSIP23.953,equipamento,29.5445,-38.4107,-3.1234843769601337,-41.76417458975208
1479,BUSIP23.951,equipamento,29.5445,-36.2061,-3.123464539289616,-41.76417458975208
1480,BUSIP23.954,equipamento,29.5445,-31.4107,-3.1234213888019076,-41.76417458975208
1481,BUSIP11.995,equipamento,29.5462,-46.8996,-3.123560762699615,-41.764174574458075
1482,BUSIP11.988,equipamento,29.5462,-46.2061,-3.123554522372796,-41.764174574458075
1483,BUSIP11.989,equipamento,29.5462,-41.2061,-3.123509530831206,-41.764174574458075
1484,BUSIP11.993,equipamento,29.5462,-39.8996,-3.1234977745413883,-41.764174574458075
1485,PR17.648,equipamento,30.0527,128.1685,-3.121985445959162,-41.764170017744114
1486,REATOR811.605,equipamento,30.0527,131.4628,-3.12195580283207,-41.764170017744114
1487,REATOR811.604,equipamento,31.2761,131.4628,-3.12195580283207,-41.764159011458105
1488,REATOR811.601,equipamento,31.2761,133.7939,-3.12193482687555,-41.764159011458105
1489,REATOR11.606,equipamento,31.2761,138.5602,-3.1218919382386137,-41.764159011458105
1490,PR17.650,equipamento,31.4476,121.1685,-3.122048434117388,-41.76415746856286
1491,PR17.651,equipamento,31.4476,123.7939,-3.12202480995873,-41.76415746856286
1492,PR17.647,equipamento,31.4476,128.1685,-3.121985445959162,-41.76415746856286
1493,BUSIP46.872,equipamento,33.1448,75.354,-3.1224606871138247,-41.764142199747575
1494,BUSIP46.878,equipamento,33.1448,78.7939,-3.122429733833042,-41.764142199747575
1495,BUSIP46.859,equipamento,33.1448,82.4268,-3.122397043878753,-41.764142199747575
1496,BUSCSB21.1082,equipamento,33.2446,58.6601,-3.1226109039730554,-41.76414130189949
1497,BUSCSB21.1085,equipamento,33.2446,58.7939,-3.1226096999994026,-41.76414130189949
1498,BUSCSB21.1075,equipamento,33.2446,63.7939,-3.122564708457812,-41.76414130189949
1499,BUSCSB21.1080,equipamento,33.2446,65.7085,-3.1225474802967064,-41.76414130189949
1500,BUSIP22.962,equipamento,33.34,-38.3922,-3.12348421049143,-41.764140443635895
1501,BUSIP22.980,equipamento,33.34,-36.2061,-3.123464539289616,-41.764140443635895
1502,BUSIP22.971,equipamento,33.34,-31.3194,-3.123420567256358,-41.764140443635895
1503,BUSIP34.922,equipamento,33.374,66.8655,-3.1225370692539824,-41.76414013775579
1504,BUSIP34.924,equipamento,33.374,68.7939,-3.122519716916222,-41.76414013775579
1505,BUSIP34.921,equipamento,33.374,73.7939,-3.122474725374632,-41.76414013775579
1506,BUSIP34.928,equipamento,33.374,73.9136,-3.122473648277126,-41.76414013775579
1507,BUSCSB9.1016,equipamento,33.4571,-55.0447,-3.123634054820696,-41.76413939014881
1508,BUSCSB9.1010,equipamento,33.4571,-51.2061,-3.1235995139143866,-41.76413939014881
1509,BUSCSB9.1017,equipamento,33.4571,-48.0447,-3.12357106666247,-41.76413939014881
1510,BUSIP10.1000,equipamento,33.5692,-46.8807,-3.1235605926315877,-41.76413838164411
1511,BUSIP10.1007,equipamento,33.5692,-46.2061,-3.123554522372796,-41.76413838164411
1512,BUSIP10.1001,equipamento,33.5692,-41.2061,-3.123509530831206,-41.76413838164411
1513,BUSIP10.1003,equipamento,33.5692,-39.8807,-3.123497604473361,-41.76413838164411
1514,PR16.655,equipamento,33.9378,121.1848,-3.122048287444963,-41.764135065543876
1515,PR16.652,equipamento,33.9378,123.7939,-3.12202480995873,-41.764135065543876
1516,PR16.654,equipamento,33.9378,128.1848,-3.1219852992867363,-41.764135065543876
1517,REATOR10.615,equipamento,34.5928,131.5779,-3.1219547671267827,-41.76412917285356
1518,REATOR10.611,equipamento,34.5928,133.7939,-3.12193482687555,-41.76412917285356
1519,REATOR10.614,equipamento,34.5928,138.5779,-3.121891778968556,-41.76412917285356
1520,BUSCSB9.1015,equipamento,35.0527,-48.0447,-3.12357106666247,-41.76412503537527
1521,BUSIP10.1002,equipamento,35.0527,-46.8807,-3.1235605926315877,-41.76412503537527
1522,BUSIP10.1004,equipamento,35.0527,-39.8807,-3.123497604473361,-41.76412503537527
1523,BUSIP22.958,equipamento,35.0527,-38.3922,-3.12348421049143,-41.76412503537527
1524,BUSIP22.957,equipamento,35.0527,-31.3194,-3.123420567256358,-41.76412503537527
1525,pp_140,ponto_passagem,35.0527,-26.2061,-3.1233745562064357,-41.76412503537527
1526,pp_141,ponto_passagem,35.0527,-16.2061,-3.123284573123255,-41.76412503537527
1527,pp_142,ponto_passagem,35.0527,-11.2061,-3.123239581581665,-41.76412503537527
1528,pp_143,ponto_passagem,35.0527,-1.2061,-3.1231495984984847,-41.76412503537527
1529,pp_144,ponto_passagem,35.0527,3.7939,-3.1231046069568946,-41.76412503537527
1530,pp_145,ponto_passagem,35.0527,8.7939,-3.123059615415304,-41.76412503537527
1531,pp_146,ponto_passagem,35.0527,18.7939,-3.122969632332124,-41.76412503537527
1532,pp_147,ponto_passagem,35.0527,23.7939,-3.122924640790534,-41.76412503537527
1533,BUSCSB21.1081,equipamento,35.0527,58.6601,-3.1226109039730554,-41.76412503537527
1534,BUSCSB21.1069,equipamento,35.0527,65.7085,-3.1225474802967064,-41.76412503537527
1535,BUSIP34.914,equipamento,35.0527,66.8655,-3.1225370692539824,-41.76412503537527
1536,BUSIP34.912,equipamento,35.0527,73.9136,-3.122473648277126,-41.76412503537527
1537,BUSIP46.870,equipamento,35.0527,75.354,-3.1224606871138247,-41.76412503537527
1538,BUSIP46.869,equipamento,35.0527,82.4268,-3.122397043878753,-41.76412503537527
1539,PR16.656,equipamento,35.0527,121.1848,-3.122048287444963,-41.76412503537527
1540,PR16.653,equipamento,35.0527,128.1848,-3.1219852992867363,-41.76412503537527
1541,REATOR10.607,equipamento,35.0527,131.5779,-3.1219547671267827,-41.76412503537527
1542,PR13.685,equipamento,36.3407,-99.8907,-3.124037592955527,-41.764113447917055
1543,PR13.687,equipamento,36.3407,-96.2061,-3.124004437788698,-41.764113447917055
1544,PR13.683,equipamento,36.3407,-92.8907,-3.1239746047973003,-41.764113447917055
1545,REATOR7.556,equipamento,36.5492,-109.8773,-3.1241274554613754,-41.764111572152274
1546,REATOR7.558,equipamento,36.5492,-106.2061,-3.1240944208718786,-41.764111572152274
1547,REATOR7.553,equipamento,36.5492,-102.8773,-3.1240644673031492,-41.764111572152274
1548,TPC9.5,equipamento,39.6856,163.0883,-3.121671226832358,-41.764083355611945
1549,PR20.2,equipamento,39.6856,171.0557,-3.121599533710665,-41.764083355611945
1550,PR20.9,equipamento,39.6856,176.3673,-3.1215517382962026,-41.764083355611945
1551,SECV15.333,equipamento,39.8746,87.1506,-3.12235453766992,-41.7640816552784
1552,IP15.332,equipamento,39.8746,95.2815,-3.1222813733248174,-41.7640816552784
1553,IP15.341,equipamento,39.8746,100.7021,-3.1222325970947487,-41.7640816552784
1554,IP18.718,equipamento,39.9121,112.9561,-3.1221223318246194,-41.76408131791064
1555,IP18.717,equipamento,39.9121,119.9561,-3.122059343666393,-41.76408131791064
1556,SECH24.458,equipamento,39.9255,105.1282,-3.122192769682302,-41.76408119735789
1557,SECH24.460,equipamento,39.9255,112.1282,-3.122129781524076,-41.76408119735789
1558,DISJUNTOR9.747,equipamento,39.9923,6.1372,-3.123083521221013,-41.76408059639344
1559,DISJUNTOR9.745,equipamento,39.9923,8.7939,-3.123059615415304,-41.76408059639344
1560,DISJUNTOR9.752,equipamento,39.9923,13.1626,-3.123020304505755,-41.76408059639344
1561,SECV12.367,equipamento,40.027,-1.6449,-3.1231535469561744,-41.7640802842158
1562,SECV12.373,equipamento,40.027,-1.2061,-3.1231495984984847,-41.7640802842158
1563,SECV12.372,equipamento,40.027,3.7939,-3.1231046069568946,-41.7640802842158
1564,SECV12.371,equipamento,40.027,5.3551,-3.1230905587979483,-41.7640802842158
1565,SECH21.486,equipamento,40.0506,32.2361,-3.122848675272051,-41.76408007189902
1566,SECH21.483,equipamento,40.0506,39.2361,-3.122785687113825,-41.76408007189902
1567,DISJUNTOR6.777,equipamento,40.0518,-28.4737,-3.1233949607703773,-41.76408006110325
1568,DISJUNTOR6.771,equipamento,40.0518,-26.2061,-3.1233745562064357,-41.76408006110325
1569,DISJUNTOR6.778,equipamento,40.0518,-21.4737,-3.123331972612151,-41.76408006110325
1570,REATOR7.554,equipamento,40.0527,-102.8773,-3.1240644673031492,-41.764080053006424
1571,PR13.681,equipamento,40.0527,-99.8907,-3.124037592955527,-41.764080053006424
1572,PR13.682,equipamento,40.0527,-92.8907,-3.1239746047973003,-41.764080053006424
1573,BUSCSB9.1011,equipamento,40.0527,-55.0447,-3.123634054820696,-41.764080053006424
1574,BUSCSB9.1018,equipamento,40.0527,-48.0447,-3.12357106666247,-41.764080053006424
1575,BUSIP10.999,equipamento,40.0527,-46.8807,-3.1235605926315877,-41.764080053006424
1576,BUSIP10.1009,equipamento,40.0527,-39.8807,-3.123497604473361,-41.764080053006424
1577,BUSIP21.973,equipamento,40.0527,-38.3922,-3.12348421049143,-41.764080053006424
1578,BUSIP21.976,equipamento,40.0527,-31.3194,-3.123420567256358,-41.764080053006424
1579,DISJUNTOR6.772,equipamento,40.0527,-28.4737,-3.1233949607703773,-41.764080053006424
1580,DISJUNTOR6.775,equipamento,40.0527,-21.4737,-3.123331972612151,-41.764080053006424
1581,SECV12.369,equipamento,40.0527,-1.6449,-3.1231535469561744,-41.764080053006424
1582,SECV12.368,equipamento,40.0527,5.3551,-3.1230905587979483,-41.764080053006424
1583,DISJUNTOR9.750,equipamento,40.0527,6.1372,-3.123083521221013,-41.764080053006424
1584,DISJUNTOR9.743,equipamento,40.0527,13.1626,-3.123020304505755,-41.764080053006424
1585,SECH21.488,equipamento,40.0527,32.2361,-3.122848675272051,-41.764080053006424
1586,SECH21.487,equipamento,40.0527,39.2361,-3.122785687113825,-41.764080053006424
1587,BUSCSB20.1084,equipamento,40.0527,58.6601,-3.1226109039730554,-41.764080053006424
1588,BUSCSB20.1088,equipamento,40.0527,65.7085,-3.1225474802967064,-41.764080053006424
1589,BUSIP33.926,equipamento,40.0527,66.8655,-3.1225370692539824,-41.764080053006424
1590,BUSIP33.918,equipamento,40.0527,73.9136,-3.122473648277126,-41.764080053006424
1591,BUSIP45.873,equipamento,40.0527,75.354,-3.1224606871138247,-41.764080053006424
1592,BUSIP45.865,equipamento,40.0527,82.4268,-3.122397043878753,-41.764080053006424
1593,SECV15.338,equipamento,40.0527,87.1506,-3.12235453766992,-41.764080053006424
1594,IP15.330,equipamento,40.0527,100.7021,-3.1222325970947487,-41.764080053006424
1595,SECH24.461,equipamento,40.0527,105.1282,-3.122192769682302,-41.764080053006424
1596,SECH24.466,equipamento,40.0527,112.1282,-3.122129781524076,-41.764080053006424
1597,IP18.715,equipamento,40.0527,112.9561,-3.1221223318246194,-41.764080053006424
1598,IP18.722,equipamento,40.0527,119.9561,-3.122059343666393,-41.764080053006424
1599,PR16.658,equipamento,40.0527,121.1848,-3.122048287444963,-41.764080053006424
1600,PR16.661,equipamento,40.0527,128.1848,-3.1219852992867363,-41.764080053006424
1601,REATOR10.609,equipamento,40.0527,131.5779,-3.1219547671267827,-41.764080053006424
1602,REATOR10.612,equipamento,40.0527,138.5779,-3.121891778968556,-41.764080053006424
1603,TPC9.7,equipamento,40.0527,163.0883,-3.121671226832358,-41.764080053006424
1604,TC12.196,equipamento,40.0692,14.6872,-3.1230065856848936,-41.76407990456461
1605,TC12.201,equipamento,40.0692,18.7939,-3.122969632332124,-41.76407990456461
1606,SECH18.203,equipamento,40.0692,23.7939,-3.122924640790534,-41.76407990456461
1607,SECH18.197,equipamento,40.0692,28.3755,-3.122883414141144,-41.76407990456461
1608,TC15.171,equipamento,40.0702,40.3393,-3.1227757601800885,-41.76407989556814
1609,TC15.174,equipamento,40.0702,47.3393,-3.1227127720218624,-41.76407989556814
1610,TC6.123,equipamento,40.1307,-21.0152,-3.123327846887787,-41.764079351281474
1611,TC6.120,equipamento,40.1307,-16.2061,-3.123284573123255,-41.764079351281474
1612,SECH12.124,equipamento,40.1307,-11.2061,-3.123239581581665,-41.764079351281474
1613,SECH12.119,equipamento,40.1307,-7.4433,-3.1232057227471257,-41.764079351281474
1614,IP12.278,equipamento,40.1393,-73.6062,-3.1238010769205413,-41.7640792739118
1615,IP12.273,equipamento,40.1393,-71.2061,-3.123779480080747,-41.7640792739118
1616,SECV6.277,equipamento,40.1393,-66.2061,-3.123734488539157,-41.7640792739118
1617,SECV6.272,equipamento,40.1393,-61.2061,-3.123689496997567,-41.7640792739118
1618,SECV6.276,equipamento,40.1393,-60.1308,-3.1236798211166326,-41.7640792739118
1619,PR6.34,equipamento,40.2198,-156.2061,-3.12454433628778,-41.76407854969566
1620,TPC6.35,equipamento,40.2198,-148.4106,-3.124474189975287,-41.76407854969566
1621,TPC6.36,equipamento,40.2198,-143.2136,-3.124427425766958,-41.76407854969566
1622,PR13.415,equipamento,40.2539,-92.6088,-3.1239720681741856,-41.76407824291591
1623,IP6.410,equipamento,40.2539,-91.2061,-3.123959446247108,-41.76407824291591
1624,IP6.413,equipamento,40.2539,-86.2061,-3.1239144547055178,-41.76407824291591
1625,SECH6.409,equipamento,40.2539,-81.2061,-3.1238694631639277,-41.76407824291591
1626,SECH6.416,equipamento,40.2539,-79.2668,-3.123852012744606,-41.76407824291591
1627,BUSCSB9.1012,equipamento,40.4571,-55.0447,-3.123634054820696,-41.76407641483243
1628,BUSCSB9.1014,equipamento,40.4571,-51.2061,-3.1235995139143866,-41.76407641483243
1629,BUSCSB9.1013,equipamento,40.4571,-48.0447,-3.12357106666247,-41.76407641483243
1630,BUSIP10.998,equipamento,40.5692,-46.8807,-3.1235605926315877,-41.76407540632773
1631,BUSIP10.1006,equipamento,40.5692,-46.2061,-3.123554522372796,-41.76407540632773
1632,BUSIP10.1005,equipamento,40.5692,-41.2061,-3.123509530831206,-41.76407540632773
1633,BUSIP10.1008,equipamento,40.5692,-39.8807,-3.123497604473361,-41.76407540632773
1634,PR16.660,equipamento,40.9378,121.1848,-3.122048287444963,-41.764072090227494
1635,PR16.659,equipamento,40.9378,123.7939,-3.12202480995873,-41.764072090227494
1636,PR16.657,equipamento,40.9378,128.1848,-3.1219852992867363,-41.764072090227494
1637,REATOR10.608,equipamento,41.5928,131.5779,-3.1219547671267827,-41.764066197537176
1638,REATOR10.613,equipamento,41.5928,133.7939,-3.12193482687555,-41.764066197537176
1639,REATOR10.610,equipamento,41.5928,138.5779,-3.121891778968556,-41.764066197537176
1640,BUSIP9.846,equipamento,43.0653,-46.8644,-3.123560445959162,-41.76405295022955
1641,BUSIP9.842,equipamento,43.0653,-46.2061,-3.123554522372796,-41.76405295022955
1642,BUSIP9.837,equipamento,43.0653,-41.2061,-3.123509530831206,-41.76405295022955
1643,BUSIP9.840,equipamento,43.0653,-39.8325,-3.1234971707549004,-41.76405295022955
1644,BUSCSB8.1026,equipamento,43.105,-55.0281,-3.123633905448778,-41.76405259306954
1645,BUSCSB8.1024,equipamento,43.105,-51.2061,-3.1235995139143866,-41.76405259306954
1646,BUSCSB8.1021,equipamento,43.105,-48.0281,-3.1235709172905515,-41.76405259306954
1647,PR13.688,equipamento,43.3407,-99.8907,-3.124037592955527,-41.76405047260067
1648,PR13.684,equipamento,43.3407,-96.2061,-3.124004437788698,-41.76405047260067
1649,IP6.686,equipamento,43.3407,-92.8907,-3.1239746047973003,-41.76405047260067
1650,REATOR7.557,equipamento,43.5492,-109.8773,-3.1241274554613754,-41.76404859683589
1651,REATOR7.559,equipamento,43.5492,-106.2061,-3.1240944208718786,-41.76404859683589
1652,REATOR7.555,equipamento,43.5492,-102.8773,-3.1240644673031492,-41.76404859683589
1653,IP18.665,equipamento,44.4445,121.2028,-3.122048125475413,-41.76404054229293
1654,PR15.670,equipamento,44.4445,123.7939,-3.12202480995873,-41.76404054229293
1655,PR15.664,equipamento,44.4445,128.2028,-3.1219851373171865,-41.76404054229293
1656,REATOR9.538,equipamento,44.5389,131.595,-3.1219546132557103,-41.76403969302581
1657,REATOR9.542,equipamento,44.5389,133.7939,-3.12193482687555,-41.76403969302581
1658,REATOR9.534,equipamento,44.5389,138.595,-3.121891625097484,-41.76403969302581
1659,TPC6.39,equipamento,45.0527,-143.2136,-3.124427425766958,-41.76403507063758
1660,IP6.412,equipamento,45.0527,-92.6088,-3.1239720681741856,-41.76403507063758
1661,SECH6.414,equipamento,45.0527,-79.2668,-3.123852012744606,-41.76403507063758
1662,IP12.279,equipamento,45.0527,-73.6062,-3.1238010769205413,-41.76403507063758
1663,SECV6.268,equipamento,45.0527,-60.1308,-3.1236798211166326,-41.76403507063758
1664,BUSCSB8.1025,equipamento,45.0527,-55.0281,-3.123633905448778,-41.76403507063758
1665,BUSCSB8.1020,equipamento,45.0527,-48.0281,-3.1235709172905515,-41.76403507063758
1666,BUSIP9.833,equipamento,45.0527,-46.8644,-3.123560445959162,-41.76403507063758
1667,BUSIP9.845,equipamento,45.0527,-39.8325,-3.1234971707549004,-41.76403507063758
1668,BUSIP20.978,equipamento,45.0527,-38.3922,-3.12348421049143,-41.76403507063758
1669,BUSIP20.961,equipamento,45.0527,-31.3194,-3.123420567256358,-41.76403507063758
1670,DISJUNTOR6.774,equipamento,45.0527,-28.4737,-3.1233949607703773,-41.76403507063758
1671,DISJUNTOR6.773,equipamento,45.0527,-21.4737,-3.123331972612151,-41.76403507063758
1672,TC6.128,equipamento,45.0527,-21.0152,-3.123327846887787,-41.76403507063758
1673,SECH12.126,equipamento,45.0527,-7.4433,-3.1232057227471257,-41.76403507063758
1674,SECV12.366,equipamento,45.0527,-1.6449,-3.1231535469561744,-41.76403507063758
1675,SECV12.375,equipamento,45.0527,5.3551,-3.1230905587979483,-41.76403507063758
1676,DISJUNTOR12.748,equipamento,45.0527,6.1372,-3.123083521221013,-41.76403507063758
1677,DISJUNTOR12.749,equipamento,45.0527,13.1626,-3.123020304505755,-41.76403507063758
1678,TC12.199,equipamento,45.0527,14.6872,-3.1230065856848936,-41.76403507063758
1679,SECH18.200,equipamento,45.0527,28.3755,-3.122883414141144,-41.76403507063758
1680,SECH21.490,equipamento,45.0527,32.2361,-3.122848675272051,-41.76403507063758
1681,SECH21.482,equipamento,45.0527,39.2361,-3.122785687113825,-41.76403507063758
1682,TC15.172,equipamento,45.0527,40.3393,-3.1227757601800885,-41.76403507063758
1683,TC15.173,equipamento,45.0527,47.3393,-3.1227127720218624,-41.76403507063758
1684,BUSCSB19.1076,equipamento,45.0527,58.6601,-3.1226109039730554,-41.76403507063758
1685,BUSCSB19.1070,equipamento,45.0527,65.7085,-3.1225474802967064,-41.76403507063758
1686,BUSIP32.923,equipamento,45.0527,66.8655,-3.1225370692539824,-41.76403507063758
1687,BUSIP32.919,equipamento,45.0527,73.9136,-3.122473648277126,-41.76403507063758
1688,BUSIP44.858,equipamento,45.0527,75.354,-3.1224606871138247,-41.76403507063758
1689,BUSIP44.861,equipamento,45.0527,82.4268,-3.122397043878753,-41.76403507063758
1690,SECV15.336,equipamento,45.0527,87.1506,-3.12235453766992,-41.76403507063758
1691,IP15.340,equipamento,45.0527,100.7021,-3.1222325970947487,-41.76403507063758
1692,SECH24.459,equipamento,45.0527,105.1282,-3.122192769682302,-41.76403507063758
1693,SECH24.465,equipamento,45.0527,112.1282,-3.122129781524076,-41.76403507063758
1694,IP18.713,equipamento,45.0527,112.9561,-3.1221223318246194,-41.76403507063758
1695,IP18.721,equipamento,45.0527,119.9561,-3.122059343666393,-41.76403507063758
1696,PR15.668,equipamento,45.0527,121.2028,-3.122048125475413,-41.76403507063758
1697,PR15.663,equipamento,45.0527,128.2028,-3.1219851373171865,-41.76403507063758
1698,REATOR9.539,equipamento,45.0527,131.595,-3.1219546132557103,-41.76403507063758
1699,REATOR9.537,equipamento,45.0527,138.595,-3.121891625097484,-41.76403507063758
1700,TPC9.6,equipamento,45.0527,163.0883,-3.121671226832358,-41.76403507063758
1701,PR12.693,equipamento,46.6027,-99.8731,-3.1240374345853,-41.76402112610324
1702,PR12.691,equipamento,46.6027,-96.2061,-3.124004437788698,-41.76402112610324
1703,IP6.690,equipamento,46.6027,-92.8731,-3.123974446427074,-41.76402112610324
1704,TPC9.1,equipamento,46.7752,163.0883,-3.121671226832358,-41.76401957421152
1705,TPC9.3,equipamento,46.7752,163.7939,-3.1216648776260087,-41.76401957421152
1706,TPC9.4,equipamento,46.7752,168.7939,-3.1216198860844186,-41.76401957421152
1707,PR20.10,equipamento,46.7752,173.7939,-3.121574894542828,-41.76401957421152
1708,PR20.8,equipamento,46.7752,176.3673,-3.1215517382962026,-41.76401957421152
1709,IP18.719,equipamento,46.9121,112.9561,-3.1221223318246194,-41.764018342594255
1710,IP18.720,equipamento,46.9121,113.7939,-3.1221147930419106,-41.764018342594255
1711,IP18.714,equipamento,46.9121,118.7939,-3.12206980150032,-41.764018342594255
1712,PR15.716,equipamento,46.9121,119.9561,-3.122059343666393,-41.764018342594255
1713,REATOR6.565,equipamento,46.9244,-109.8595,-3.1241272952914874,-41.76401823193763
1714,REATOR6.561,equipamento,46.9244,-106.2061,-3.1240944208718786,-41.76401823193763
1715,REATOR6.567,equipamento,46.9244,-102.8595,-3.124064307133261,-41.76401823193763
1716,SECH24.464,equipamento,46.9255,105.1282,-3.122192769682302,-41.76401822204151
1717,SECH24.462,equipamento,46.9255,108.7939,-3.1221597845835007,-41.76401822204151
1718,SECH24.463,equipamento,46.9255,112.1282,-3.122129781524076,-41.76401822204151
1719,SECV15.335,equipamento,46.9452,87.1506,-3.12235453766992,-41.764018044810975
1720,SECV15.334,equipamento,46.9452,88.7939,-3.122339750749861,-41.764018044810975
1721,SECV15.331,equipamento,46.9452,93.7939,-3.122294759208271,-41.764018044810975
1722,IP15.339,equipamento,46.9452,98.7939,-3.122249767666681,-41.764018044810975
1723,IP15.337,equipamento,46.9452,100.7021,-3.1222325970947487,-41.764018044810975
1724,SECV12.365,equipamento,47.027,-1.6449,-3.1231535469561744,-41.76401730889942
1725,SECV12.374,equipamento,47.027,-1.2061,-3.1231495984984847,-41.76401730889942
1726,SECV12.364,equipamento,47.027,3.7939,-3.1231046069568946,-41.76401730889942
1727,SECV12.370,equipamento,47.027,5.3551,-3.1230905587979483,-41.76401730889942
1728,SECH21.484,equipamento,47.0506,32.2361,-3.122848675272051,-41.76401709658264
1729,SECH21.489,equipamento,47.0506,33.7939,-3.122834657707353,-41.76401709658264
1730,SECH21.491,equipamento,47.0506,38.7939,-3.122789666165763,-41.76401709658264
1731,SECH21.485,equipamento,47.0506,39.2361,-3.122785687113825,-41.76401709658264
1732,DISJUNTOR6.776,equipamento,47.0518,-28.4737,-3.1233949607703773,-41.76401708578687
1733,DISJUNTOR6.770,equipamento,47.0518,-26.2061,-3.1233745562064357,-41.76401708578687
1734,DISJUNTOR6.779,equipamento,47.0518,-21.4737,-3.123331972612151,-41.76401708578687
1735,TC15.176,equipamento,47.0702,40.3393,-3.1227757601800885,-41.764016920251755
1736,TC15.175,equipamento,47.0702,43.7939,-3.122744674624173,-41.764016920251755
1737,TC15.177,equipamento,47.0702,47.3393,-3.1227127720218624,-41.764016920251755
1738,TC12.198,equipamento,47.1142,14.6872,-3.1230065856848936,-41.764016524406905
1739,TC12.202,equipamento,47.1142,18.7939,-3.122969632332124,-41.764016524406905
1740,SECH18.204,equipamento,47.1142,23.7939,-3.122924640790534,-41.764016524406905
1741,SECH18.195,equipamento,47.1142,28.3755,-3.122883414141144,-41.764016524406905
1742,DISJUNTOR12.744,equipamento,47.1266,6.1372,-3.123083521221013,-41.76401641285064
1743,DISJUNTOR12.746,equipamento,47.1266,8.7939,-3.123059615415304,-41.76401641285064
1744,DISJUNTOR12.751,equipamento,47.1266,13.1626,-3.123020304505755,-41.76401641285064
1745,TC6.125,equipamento,47.1755,-21.0152,-3.123327846887787,-41.76401597292307
1746,TC6.122,equipamento,47.1755,-16.2061,-3.123284573123255,-41.76401597292307
1747,SECH12.121,equipamento,47.1755,-11.2061,-3.123239581581665,-41.76401597292307
1748,SECH12.127,equipamento,47.1755,-7.4433,-3.1232057227471257,-41.76401597292307
1749,IP12.271,equipamento,47.2323,-73.6062,-3.1238010769205413,-41.76401546192336
1750,IP12.269,equipamento,47.2323,-71.2061,-3.123779480080747,-41.76401546192336
1751,SECV6.270,equipamento,47.2323,-66.2061,-3.123734488539157,-41.76401546192336
1752,SECV6.274,equipamento,47.2323,-61.2061,-3.123689496997567,-41.76401546192336
1753,SECV6.275,equipamento,47.2323,-60.1308,-3.1236798211166326,-41.76401546192336
1754,PR12.417,equipamento,47.2648,-92.6088,-3.1239720681741856,-41.764015169537956
1755,IP6.419,equipamento,47.2648,-91.2061,-3.123959446247108,-41.764015169537956
1756,IP6.418,equipamento,47.2648,-86.2061,-3.1239144547055178,-41.764015169537956
1757,SECH6.408,equipamento,47.2648,-81.2061,-3.1238694631639277,-41.764015169537956
1758,SECH6.411,equipamento,47.2648,-79.2668,-3.123852012744606,-41.764015169537956
1759,PR6.38,equipamento,47.2681,-156.2061,-3.12454433628778,-41.7640151398496
1760,PR6.37,equipamento,47.2681,-151.2061,-3.12449934474619,-41.7640151398496
1761,TPC6.32,equipamento,47.2681,-146.2061,-3.1244543532046,-41.7640151398496
1762,TPC6.33,equipamento,47.2681,-143.2136,-3.124427425766958,-41.7640151398496
1763,TPC8.20,equipamento,47.3047,163.1017,-3.121671106255026,-41.76401481057866
1764,TPC8.19,equipamento,47.3047,163.7939,-3.1216648776260087,-41.76401481057866
1765,TPC8.14,equipamento,47.3047,168.7939,-3.1216198860844186,-41.76401481057866
1766,PR19.21,equipamento,47.3047,173.7939,-3.121574894542828,-41.76401481057866
1767,PR19.17,equipamento,47.3047,176.3802,-3.1215516222180253,-41.76401481057866
1768,IP17.724,equipamento,47.4316,112.969,-3.122122215746442,-41.76401366892613
1769,IP17.729,equipamento,47.4316,113.7939,-3.1221147930419106,-41.76401366892613
1770,IP17.731,equipamento,47.4316,118.7939,-3.12206980150032,-41.76401366892613
1771,PR15.725,equipamento,47.4316,119.969,-3.1220592275882155,-41.76401366892613
1772,SECH23.474,equipamento,47.445,105.1411,-3.1221926536041247,-41.764013548373384
1773,SECH23.470,equipamento,47.445,108.7939,-3.1221597845835007,-41.764013548373384
1774,SECH23.472,equipamento,47.445,112.1411,-3.1221296654458985,-41.764013548373384
1775,SECV14.352,equipamento,47.4646,87.1636,-3.122354420691912,-41.7640133720425
1776,SECV14.347,equipamento,47.4646,88.7939,-3.122339750749861,-41.7640133720425
1777,SECV14.351,equipamento,47.4646,93.7939,-3.122294759208271,-41.7640133720425
1778,IP14.353,equipamento,47.4646,98.7939,-3.122249767666681,-41.7640133720425
1779,IP14.343,equipamento,47.4646,100.715,-3.1222324810165714,-41.7640133720425
1780,TC14.180,equipamento,47.5192,40.3521,-3.122775645001742,-41.76401288083503
1781,TC14.184,equipamento,47.5192,43.7939,-3.122744674624173,-41.76401288083503
1782,TC14.178,equipamento,47.5192,47.3521,-3.1227126568435155,-41.76401288083503
1783,TC11.206,equipamento,47.5632,14.7,-3.1230064705065472,-41.76401248499019
1784,TC11.207,equipamento,47.5632,18.7939,-3.122969632332124,-41.76401248499019
1785,SECH17.205,equipamento,47.5632,23.7939,-3.122924640790534,-41.76401248499019
1786,SECH17.208,equipamento,47.5632,28.3884,-3.1228832980629666,-41.76401248499019
1787,SECH20.498,equipamento,47.5701,32.249,-3.1228485591938737,-41.76401242291452
1788,SECH20.495,equipamento,47.5701,33.7939,-3.122834657707353,-41.76401242291452
1789,SECH20.500,equipamento,47.5701,38.7939,-3.122789666165763,-41.76401242291452
1790,SECH20.499,equipamento,47.5701,39.249,-3.1227855710356476,-41.76401242291452
1791,TC5.133,equipamento,47.6245,-21.0024,-3.123327731709441,-41.764011933506346
1792,TC5.130,equipamento,47.6245,-16.2061,-3.123284573123255,-41.764011933506346
1793,SECH11.132,equipamento,47.6245,-11.2061,-3.123239581581665,-41.764011933506346
1794,SECH11.138,equipamento,47.6245,-7.4304,-3.1232056066689484,-41.764011933506346
1795,SECV11.385,equipamento,47.636,-1.6318,-3.1231534290783354,-41.7640118300469
1796,SECV11.382,equipamento,47.636,-1.2061,-3.1231495984984847,-41.7640118300469
1797,SECV11.376,equipamento,47.636,3.7939,-3.1231046069568946,-41.7640118300469
1798,SECV11.384,equipamento,47.636,5.3682,-3.1230904409201092,-41.7640118300469
1799,IP11.288,equipamento,47.7484,-73.5933,-3.123800960842364,-41.764010818843246
1800,IP11.291,equipamento,47.7484,-71.2061,-3.123779480080747,-41.764010818843246
1801,SECV5.280,equipamento,47.7484,-66.2061,-3.123734488539157,-41.764010818843246
1802,SECV5.287,equipamento,47.7484,-61.2061,-3.123689496997567,-41.764010818843246
1803,SECV5.285,equipamento,47.7484,-60.1177,-3.1236797032387935,-41.764010818843246
1804,PR12.431,equipamento,47.7734,-92.5959,-3.1239719520960083,-41.7640105939314
1805,IP5.422,equipamento,47.7734,-91.2061,-3.123959446247108,-41.7640105939314
1806,IP5.420,equipamento,47.7734,-86.2061,-3.1239144547055178,-41.7640105939314
1807,SECH5.428,equipamento,47.7734,-81.2061,-3.1238694631639277,-41.7640105939314
1808,SECH5.425,equipamento,47.7734,-79.2539,-3.123851896666429,-41.7640105939314
1809,DISJUNTOR8.759,equipamento,47.7756,6.1512,-3.1230833952446964,-41.76401057413916
1810,DISJUNTOR8.757,equipamento,47.7756,8.7939,-3.123059615415304,-41.76401057413916
1811,DISJUNTOR8.755,equipamento,47.7756,13.176,-3.123020183928424,-41.76401057413916
1812,DISJUNTOR5.784,equipamento,47.8351,-28.4603,-3.123394840193046,-41.764010038848966
1813,DISJUNTOR5.787,equipamento,47.8351,-26.2061,-3.1233745562064357,-41.764010038848966
1814,DISJUNTOR5.786,equipamento,47.8351,-21.4603,-3.12333185203482,-41.764010038848966
1815,PR5.45,equipamento,47.8761,-156.193,-3.1245442184099415,-41.76400966999354
1816,PR5.46,equipamento,47.8761,-151.2061,-3.12449934474619,-41.76400966999354
1817,TPC5.47,equipamento,47.8761,-146.2061,-3.1244543532046,-41.76400966999354
1818,TPC5.40,equipamento,47.8761,-143.2005,-3.1244273078891194,-41.76400966999354
1819,TPC5.43,equipamento,50.0527,-143.2005,-3.1244273078891194,-41.76399008826874
1820,REATOR6.560,equipamento,50.0527,-109.8595,-3.1241272952914874,-41.76399008826874
1821,REATOR6.562,equipamento,50.0527,-102.8595,-3.124064307133261,-41.76399008826874
1822,PR12.692,equipamento,50.0527,-99.8731,-3.1240374345853,-41.76399008826874
1823,PR12.689,equipamento,50.0527,-92.8731,-3.123974446427074,-41.76399008826874
1824,IP5.424,equipamento,50.0527,-92.5959,-3.1239719520960083,-41.76399008826874
1825,SECH5.426,equipamento,50.0527,-79.2539,-3.123851896666429,-41.76399008826874
1826,IP11.284,equipamento,50.0527,-73.5933,-3.123800960842364,-41.76399008826874
1827,SECV5.289,equipamento,50.0527,-60.1177,-3.1236797032387935,-41.76399008826874
1828,BUSCSB8.1022,equipamento,50.0527,-55.0281,-3.123633905448778,-41.76399008826874
1829,BUSIP8.1023,equipamento,50.0527,-48.0281,-3.1235709172905515,-41.76399008826874
1830,BUSIP8.844,equipamento,50.0527,-46.8644,-3.123560445959162,-41.76399008826874
1831,BUSIP8.839,equipamento,50.0527,-39.8325,-3.1234971707549004,-41.76399008826874
1832,BUSIP19.966,equipamento,50.0527,-38.3922,-3.12348421049143,-41.76399008826874
1833,BUSIP19.960,equipamento,50.0527,-31.3194,-3.123420567256358,-41.76399008826874
1834,DISJUNTOR5.785,equipamento,50.0527,-28.4603,-3.123394840193046,-41.76399008826874
1835,DISJUNTOR5.780,equipamento,50.0527,-21.4603,-3.12333185203482,-41.76399008826874
1836,TC5.129,equipamento,50.0527,-21.0024,-3.123327731709441,-41.76399008826874
1837,SECH11.137,equipamento,50.0527,-7.4304,-3.1232056066689484,-41.76399008826874
1838,SECV11.379,equipamento,50.0527,-1.6318,-3.1231534290783354,-41.76399008826874
1839,SECV11.381,equipamento,50.0527,5.3682,-3.1230904409201092,-41.76399008826874
1840,DISJUNTOR8.756,equipamento,50.0527,6.1512,-3.1230833952446964,-41.76399008826874
1841,DISJUNTOR8.758,equipamento,50.0527,13.176,-3.123020183928424,-41.76399008826874
1842,TC11.211,equipamento,50.0527,14.7,-3.1230064705065472,-41.76399008826874
1843,SECH17.213,equipamento,50.0527,28.3884,-3.1228832980629666,-41.76399008826874
1844,SECH20.492,equipamento,50.0527,32.249,-3.1228485591938737,-41.76399008826874
1845,SECH20.501,equipamento,50.0527,39.249,-3.1227855710356476,-41.76399008826874
1846,TC14.183,equipamento,50.0527,40.3521,-3.122775645001742,-41.76399008826874
1847,TC14.182,equipamento,50.0527,47.3521,-3.1227126568435155,-41.76399008826874
1848,BUSCSB18.1078,equipamento,50.0527,58.6601,-3.1226109039730554,-41.76399008826874
1849,BUSCSB18.1074,equipamento,50.0527,65.7085,-3.1225474802967064,-41.76399008826874
1850,BUSIP31.916,equipamento,50.0527,66.8655,-3.1225370692539824,-41.76399008826874
1851,BUSIP31.933,equipamento,50.0527,73.9136,-3.122473648277126,-41.76399008826874
1852,BUSIP43.880,equipamento,50.0527,75.354,-3.1224606871138247,-41.76399008826874
1853,BUSIP43.876,equipamento,50.0527,82.4268,-3.122397043878753,-41.76399008826874
1854,SECV14.342,equipamento,50.0527,87.1636,-3.122354420691912,-41.76399008826874
1855,IP14.345,equipamento,50.0527,100.715,-3.1222324810165714,-41.76399008826874
1856,SECH23.467,equipamento,50.0527,105.1411,-3.1221926536041247,-41.76399008826874
1857,SECH23.473,equipamento,50.0527,112.1411,-3.1221296654458985,-41.76399008826874
1858,IP17.723,equipamento,50.0527,112.969,-3.122122215746442,-41.76399008826874
1859,IP17.727,equipamento,50.0527,119.969,-3.1220592275882155,-41.76399008826874
1860,PR15.662,equipamento,50.0527,121.2028,-3.122048125475413,-41.76399008826874
1861,PR15.667,equipamento,50.0527,128.2028,-3.1219851373171865,-41.76399008826874
1862,REATOR9.536,equipamento,50.0527,131.595,-3.1219546132557103,-41.76399008826874
1863,REATOR9.540,equipamento,50.0527,138.595,-3.121891625097484,-41.76399008826874
1864,TPC8.16,equipamento,50.0527,163.1017,-3.121671106255026,-41.76399008826874
1865,BUSCSB8.1027,equipamento,50.105,-55.0281,-3.123633905448778,-41.76398961775316
1866,BUSCSB8.1019,equipamento,50.105,-51.2061,-3.1235995139143866,-41.76398961775316
1867,BUSIP8.1028,equipamento,50.105,-48.0281,-3.1235709172905515,-41.76398961775316
1868,IP17.671,equipamento,51.4445,121.2028,-3.122048125475413,-41.76397756697655
1869,PR15.666,equipamento,51.4445,123.7939,-3.12202480995873,-41.76397756697655
1870,PR15.669,equipamento,51.4445,128.2028,-3.1219851373171865,-41.76397756697655
1871,REATOR9.541,equipamento,51.5389,131.595,-3.1219546132557103,-41.763976717709426
1872,REATOR9.535,equipamento,51.5389,133.7939,-3.12193482687555,-41.763976717709426
1873,REATOR9.543,equipamento,51.5389,138.595,-3.121891625097484,-41.763976717709426
1874,BUSCSB7.1029,equipamento,52.1526,-55.0126,-3.123633765974999,-41.76397119657347
1875,BUSCSB7.1034,equipamento,52.1526,-51.2061,-3.1235995139143866,-41.76397119657347
1876,BUSIP8.1037,equipamento,52.1526,-47.9963,-3.123570631144347,-41.76397119657347
1877,PR12.694,equipamento,53.6027,-99.8731,-3.1240374345853,-41.76395815078686
1878,PR12.695,equipamento,53.6027,-96.2061,-3.124004437788698,-41.76395815078686
1879,IP5.696,equipamento,53.6027,-92.8731,-3.123974446427074,-41.76395815078686
1880,REATOR6.563,equipamento,53.9244,-109.8595,-3.1241272952914874,-41.76395525662125
1881,REATOR6.564,equipamento,53.9244,-106.2061,-3.1240944208718786,-41.76395525662125
1882,REATOR6.566,equipamento,53.9244,-102.8595,-3.124064307133261,-41.76395525662125
1883,REATOR8.548,equipamento,54.4248,131.612,-3.121954460284469,-41.763950754785775
1884,REATOR8.550,equipamento,54.4248,133.7939,-3.12193482687555,-41.763950754785775
1885,REATOR8.549,equipamento,54.4248,138.612,-3.1218914721262427,-41.763950754785775
1886,IP17.726,equipamento,54.4316,112.969,-3.122122215746442,-41.76395069360975
1887,IP17.732,equipamento,54.4316,113.7939,-3.1221147930419106,-41.76395069360975
1888,IP17.730,equipamento,54.4316,118.7939,-3.12206980150032,-41.76395069360975
1889,IP17.728,equipamento,54.4316,119.969,-3.1220592275882155,-41.76395069360975
1890,SECH23.469,equipamento,54.445,105.1411,-3.1221926536041247,-41.763950573057
1891,SECH23.468,equipamento,54.445,108.7939,-3.1221597845835007,-41.763950573057
1892,SECH23.471,equipamento,54.445,112.1411,-3.1221296654458985,-41.763950573057
1893,SECV14.348,equipamento,54.4837,87.1636,-3.122354420691912,-41.76395022489347
1894,SECV14.344,equipamento,54.4837,88.7939,-3.122339750749861,-41.76395022489347
1895,SECV14.350,equipamento,54.4837,93.7939,-3.122294759208271,-41.76395022489347
1896,IP14.346,equipamento,54.4837,98.7939,-3.122249767666681,-41.76395022489347
1897,IP14.349,equipamento,54.4837,100.715,-3.1222324810165714,-41.76395022489347
1898,TPC8.15,equipamento,54.4841,163.1017,-3.121671106255026,-41.76395022129488
1899,TPC8.11,equipamento,54.4841,163.7939,-3.1216648776260087,-41.76395022129488
1900,TPC8.12,equipamento,54.4841,168.7939,-3.1216198860844186,-41.76395022129488
1901,PR19.13,equipamento,54.4841,173.7939,-3.121574894542828,-41.76395022129488
1902,PR19.18,equipamento,54.4841,176.3802,-3.1215516222180253,-41.76395022129488
1903,TC14.185,equipamento,54.5192,40.3521,-3.122775645001742,-41.76394990551865
1904,TC14.179,equipamento,54.5192,43.7939,-3.122744674624173,-41.76394990551865
1905,TC14.181,equipamento,54.5192,47.3521,-3.1227126568435155,-41.76394990551865
1906,SECH20.497,equipamento,54.5701,32.249,-3.1228485591938737,-41.76394944759814
1907,SECH20.493,equipamento,54.5701,33.7939,-3.122834657707353,-41.76394944759814
1908,SECH20.496,equipamento,54.5701,38.7939,-3.122789666165763,-41.76394944759814
1909,SECH20.494,equipamento,54.5701,39.249,-3.1227855710356476,-41.76394944759814
1910,TC11.214,equipamento,54.5887,14.7,-3.1230064705065472,-41.76394928026372
1911,TC11.210,equipamento,54.5887,18.7939,-3.122969632332124,-41.76394928026372
1912,SECH17.209,equipamento,54.5887,23.7939,-3.122924640790534,-41.76394928026372
1913,SECH17.212,equipamento,54.5887,28.3884,-3.1228832980629666,-41.76394928026372
1914,SECV11.377,equipamento,54.636,-1.6318,-3.1231534290783354,-41.763948854730515
1915,SECV11.378,equipamento,54.636,-1.2061,-3.1231495984984847,-41.763948854730515
1916,SECV11.380,equipamento,54.636,3.7939,-3.1231046069568946,-41.763948854730515
1917,SECV11.383,equipamento,54.636,5.3682,-3.1230904409201092,-41.763948854730515
1918,PR14.672,equipamento,54.6498,121.2204,-3.1220479671051864,-41.76394873057918
1919,PR14.679,equipamento,54.6498,123.7939,-3.12202480995873,-41.76394873057918
1920,PR14.676,equipamento,54.6498,128.2204,-3.1219849789469603,-41.76394873057918
1921,TC5.136,equipamento,54.6502,-21.0024,-3.123327731709441,-41.76394872698059
1922,TC5.135,equipamento,54.6502,-16.2061,-3.123284573123255,-41.76394872698059
1923,SECH11.134,equipamento,54.6502,-11.2061,-3.123239581581665,-41.76394872698059
1924,SECH11.131,equipamento,54.6502,-7.4304,-3.1232056066689484,-41.76394872698059
1925,IP11.283,equipamento,54.7517,-73.5933,-3.123800960842364,-41.7639478138385
1926,IP11.290,equipamento,54.7517,-71.2061,-3.123779480080747,-41.7639478138385
1927,SECV5.281,equipamento,54.7517,-66.2061,-3.123734488539157,-41.7639478138385
1928,SECV5.286,equipamento,54.7517,-61.2061,-3.123689496997567,-41.7639478138385
1929,SECV5.282,equipamento,54.7517,-60.1177,-3.1236797032387935,-41.7639478138385
1930,IP5.427,equipamento,54.7843,-92.5959,-3.1239719520960083,-41.76394752055346
1931,IP5.423,equipamento,54.7843,-91.2061,-3.123959446247108,-41.76394752055346
1932,IP5.429,equipamento,54.7843,-86.2061,-3.1239144547055178,-41.76394752055346
1933,SECH5.421,equipamento,54.7843,-81.2061,-3.1238694631639277,-41.76394752055346
1934,SECH5.430,equipamento,54.7843,-79.2539,-3.123851896666429,-41.76394752055346
1935,TPC7.29,equipamento,54.7984,163.1143,-3.1216709928763415,-41.76394739370318
1936,TPC7.30,equipamento,54.7984,163.7939,-3.1216648776260087,-41.76394739370318
1937,TPC7.31,equipamento,54.7984,168.7939,-3.1216198860844186,-41.76394739370318
1938,PR18.24,equipamento,54.7984,173.7939,-3.121574894542828,-41.76394739370318
1939,PR18.23,equipamento,54.7984,176.3933,-3.1215515043401862,-41.76394739370318
1940,DISJUNTOR5.783,equipamento,54.8351,-28.4603,-3.123394840193046,-41.76394706353259
1941,DISJUNTOR5.782,equipamento,54.8351,-26.2061,-3.1233745562064357,-41.76394706353259
1942,DISJUNTOR5.781,equipamento,54.8351,-21.4603,-3.12333185203482,-41.76394706353259
1943,DISJUNTOR11.753,equipamento,54.8791,6.1512,-3.1230833952446964,-41.76394666768774
1944,DISJUNTOR11.754,equipamento,54.8791,8.7939,-3.123059615415304,-41.76394666768774
1945,DISJUNTOR11.760,equipamento,54.8791,13.176,-3.123020183928424,-41.76394666768774
1946,PR5.41,equipamento,54.885,-156.193,-3.1245442184099415,-41.76394661460855
1947,PR5.42,equipamento,54.885,-151.2061,-3.12449934474619,-41.76394661460855
1948,TPC5.48,equipamento,54.885,-146.2061,-3.1244543532046,-41.76394661460855
1949,TPC5.44,equipamento,54.885,-143.2005,-3.1244273078891194,-41.76394661460855
1950,TC13.187,equipamento,54.9481,40.3649,-3.1227755298233957,-41.76394604693105
1951,TC13.186,equipamento,54.9481,43.7939,-3.122744674624173,-41.76394604693105
1952,TC13.194,equipamento,54.9481,47.3649,-3.122712541665169,-41.76394604693105
1953,DISJUNTOR10.816,equipamento,54.9787,48.821,-3.1226994392284273,-41.76394577163895
1954,DISJUNTOR10.814,equipamento,54.9787,55.8355,-3.1226363205947303,-41.76394577163895
1955,TC10.226,equipamento,54.9922,14.7128,-3.123006355328201,-41.76394565018656
1956,TC10.219,equipamento,54.9922,18.7939,-3.122969632332124,-41.76394565018656
1957,SECH16.218,equipamento,54.9922,23.7939,-3.122924640790534,-41.76394565018656
1958,SECH16.224,equipamento,54.9922,28.4015,-3.1228831801851276,-41.76394565018656
1959,DISJUNTOR7.761,equipamento,55.0115,6.1884,-3.1230830605076267,-41.76394547655462
1960,DISJUNTOR7.765,equipamento,55.0115,8.7939,-3.123059615415304,-41.76394547655462
1961,DISJUNTOR7.762,equipamento,55.0115,13.1884,-3.1230200723494006,-41.76394547655462
1962,IP16.737,equipamento,55.0394,112.982,-3.122122098768434,-41.763945225552995
1963,IP16.742,equipamento,55.0394,113.7939,-3.1221147930419106,-41.763945225552995
1964,IP16.735,equipamento,55.0394,118.7939,-3.12206980150032,-41.763945225552995
1965,IP16.734,equipamento,55.0394,119.982,-3.122059110610208,-41.763945225552995
1966,BUSCSB7.1035,equipamento,55.0527,-47.9963,-3.123570631144347,-41.76394510589989
1967,BUSIP7.832,equipamento,55.0527,-46.8644,-3.123560445959162,-41.76394510589989
1968,BUSIP7.836,equipamento,55.0527,-39.8325,-3.1234971707549004,-41.76394510589989
1969,BUSIP18.974,equipamento,55.0527,-38.3922,-3.12348421049143,-41.76394510589989
1970,BUSIP18.972,equipamento,55.0527,-31.3194,-3.123420567256358,-41.76394510589989
1971,DISJUNTOR7.768,equipamento,55.0527,6.1884,-3.1230830605076267,-41.76394510589989
1972,DISJUNTOR7.764,equipamento,55.0527,13.1884,-3.1230200723494006,-41.76394510589989
1973,TC10.221,equipamento,55.0527,14.7128,-3.123006355328201,-41.76394510589989
1974,SECH16.225,equipamento,55.0527,28.4015,-3.1228831801851276,-41.76394510589989
1975,TC13.193,equipamento,55.0527,40.3649,-3.1227755298233957,-41.76394510589989
1976,TC13.190,equipamento,55.0527,47.3649,-3.122712541665169,-41.76394510589989
1977,DISJUNTOR10.821,equipamento,55.0527,48.821,-3.1226994392284273,-41.76394510589989
1978,DISJUNTOR10.818,equipamento,55.0527,55.8355,-3.1226363205947303,-41.76394510589989
1979,BUSCSB17.1079,equipamento,55.0527,58.6601,-3.1226109039730554,-41.76394510589989
1980,BUSCSB17.1086,equipamento,55.0527,65.7085,-3.1225474802967064,-41.76394510589989
1981,BUSIP30.920,equipamento,55.0527,66.8655,-3.1225370692539824,-41.76394510589989
1982,BUSIP30.917,equipamento,55.0527,73.9136,-3.122473648277126,-41.76394510589989
1983,BUSIP42.879,equipamento,55.0527,75.354,-3.1224606871138247,-41.76394510589989
1984,BUSIP42.866,equipamento,55.0527,82.4268,-3.122397043878753,-41.76394510589989
1985,IP16.736,equipamento,55.0527,112.982,-3.122122098768434,-41.76394510589989
1986,IP16.738,equipamento,55.0527,119.982,-3.122059110610208,-41.76394510589989
1987,PR14.680,equipamento,55.0527,121.2204,-3.1220479671051864,-41.76394510589989
1988,PR14.674,equipamento,55.0527,128.2204,-3.1219849789469603,-41.76394510589989
1989,REATOR8.545,equipamento,55.0527,131.612,-3.121954460284469,-41.76394510589989
1990,REATOR8.552,equipamento,55.0527,138.612,-3.1218914721262427,-41.76394510589989
1991,TPC7.26,equipamento,55.0527,163.1143,-3.1216709928763415,-41.76394510589989
1992,SECH22.479,equipamento,55.0528,105.1542,-3.1221925357262856,-41.763945105000246
1993,SECH22.481,equipamento,55.0528,108.7939,-3.1221597845835007,-41.763945105000246
1994,SECH22.478,equipamento,55.0528,112.1542,-3.1221295475680595,-41.763945105000246
1995,TC4.148,equipamento,55.0534,-20.9897,-3.1233276174309252,-41.76394509960237
1996,TC4.144,equipamento,55.0534,-16.2061,-3.123284573123255,-41.76394509960237
1997,SECH10.145,equipamento,55.0534,-11.2061,-3.123239581581665,-41.76394509960237
1998,SECH10.139,equipamento,55.0534,-7.4174,-3.1232054896909403,-41.76394509960237
1999,DISJUNTOR4.790,equipamento,55.0709,-28.4479,-3.1233947286140227,-41.76394494216407
2000,DISJUNTOR4.794,equipamento,55.0709,-26.2061,-3.1233745562064357,-41.76394494216407
2001,DISJUNTOR4.792,equipamento,55.0709,-21.4479,-3.1233317404557965,-41.76394494216407
2002,SECV13.358,equipamento,55.0724,87.1767,-3.1223543028140734,-41.76394492866936
2003,SECV13.362,equipamento,55.0724,88.7939,-3.122339750749861,-41.76394492866936
2004,SECV13.355,equipamento,55.0724,93.7939,-3.122294759208271,-41.76394492866936
2005,IP13.361,equipamento,55.0724,98.7939,-3.122249767666681,-41.76394492866936
2006,IP13.356,equipamento,55.0724,100.7281,-3.1222323631387323,-41.76394492866936
2007,SECH19.515,equipamento,55.1779,32.2621,-3.1228484413160347,-41.76394397954138
2008,SECH19.517,equipamento,55.1779,33.7939,-3.122834657707353,-41.76394397954138
2009,SECH19.516,equipamento,55.1779,38.7939,-3.122789666165763,-41.76394397954138
2010,SECH19.519,equipamento,55.1779,39.2621,-3.1227854531578085,-41.76394397954138
2011,SECV10.387,equipamento,55.2451,-1.6188,-3.1231533121003276,-41.76394337497834
2012,SECV10.394,equipamento,55.2451,-1.2061,-3.1231495984984847,-41.76394337497834
2013,SECV10.393,equipamento,55.2451,3.7939,-3.1231046069568946,-41.76394337497834
2014,SECV10.395,equipamento,55.2451,5.3812,-3.123090323942101,-41.76394337497834
2015,PR4.54,equipamento,55.3533,-156.1801,-3.1245441023317637,-41.76394240155988
2016,PR4.53,equipamento,55.3533,-151.2061,-3.12449934474619,-41.76394240155988
2017,TPC4.52,equipamento,55.3533,-146.2061,-3.1244543532046,-41.76394240155988
2018,TPC4.57,equipamento,55.3533,-143.1877,-3.1244271927107725,-41.76394240155988
2019,IP10.297,equipamento,55.3575,-73.5803,-3.123800843864356,-41.76394236377469
2020,IP10.292,equipamento,55.3575,-71.2061,-3.123779480080747,-41.76394236377469
2021,SECV4.303,equipamento,55.3575,-66.2061,-3.123734488539157,-41.76394236377469
2022,SECV4.295,equipamento,55.3575,-61.2061,-3.123689496997567,-41.76394236377469
2023,SECV4.300,equipamento,55.3575,-60.1047,-3.1236795862607853,-41.76394236377469
2024,IP4.438,equipamento,55.3812,-92.5829,-3.123971835118,-41.763942150558265
2025,IP4.432,equipamento,55.3812,-91.2061,-3.123959446247108,-41.763942150558265
2026,IP4.434,equipamento,55.3812,-86.2061,-3.1239144547055178,-41.763942150558265
2027,SECH4.435,equipamento,55.3812,-81.2061,-3.1238694631639277,-41.763942150558265
2028,SECH4.443,equipamento,55.3812,-79.2408,-3.12385177878859,-41.763942150558265
2029,REATOR5.569,equipamento,56.9701,-109.8422,-3.1241271396207537,-41.763927856061095
2030,REATOR5.571,equipamento,56.9701,-106.2061,-3.1240944208718786,-41.763927856061095
2031,REATOR5.572,equipamento,56.9701,-102.8422,-3.124064151462527,-41.763927856061095
2032,PR11.702,equipamento,57.7746,-99.854,-3.1240372627176116,-41.76392061839795
2033,PR11.704,equipamento,57.7746,-96.2061,-3.124004437788698,-41.76392061839795
2034,IP4.701,equipamento,57.7746,-92.854,-3.123974274559385,-41.76392061839795
2035,TPC4.55,equipamento,60.0527,-143.1877,-3.1244271927107725,-41.76390012353105
2036,REATOR5.575,equipamento,60.0527,-109.8422,-3.1241271396207537,-41.76390012353105
2037,REATOR5.574,equipamento,60.0527,-102.8422,-3.124064151462527,-41.76390012353105
2038,PR11.699,equipamento,60.0527,-99.854,-3.1240372627176116,-41.76390012353105
2039,PR11.698,equipamento,60.0527,-92.854,-3.123974274559385,-41.76390012353105
2040,IP4.439,equipamento,60.0527,-92.5829,-3.123971835118,-41.76390012353105
2041,SECH4.441,equipamento,60.0527,-79.2408,-3.12385177878859,-41.76390012353105
2042,IP10.301,equipamento,60.0527,-73.5803,-3.123800843864356,-41.76390012353105
2043,SECV4.296,equipamento,60.0527,-60.1047,-3.1236795862607853,-41.76390012353105
2044,BUSCSB6.1030,equipamento,60.0527,-55.0126,-3.123633765974999,-41.76390012353105
2045,BUSCSB6.1033,equipamento,60.0527,-47.9963,-3.123570631144347,-41.76390012353105
2046,BUSIP6.838,equipamento,60.0527,-46.8644,-3.123560445959162,-41.76390012353105
2047,BUSIP6.834,equipamento,60.0527,-39.8325,-3.1234971707549004,-41.76390012353105
2048,BUSIP17.965,equipamento,60.0527,-38.3922,-3.12348421049143,-41.76390012353105
2049,BUSIP17.963,equipamento,60.0527,-31.3194,-3.123420567256358,-41.76390012353105
2050,DISJUNTOR4.795,equipamento,60.0527,-28.4479,-3.1233947286140227,-41.76390012353105
2051,DISJUNTOR4.791,equipamento,60.0527,-21.4479,-3.1233317404557965,-41.76390012353105
2052,TC4.142,equipamento,60.0527,-20.9897,-3.1233276174309252,-41.76390012353105
2053,SECH10.146,equipamento,60.0527,-7.4174,-3.1232054896909403,-41.76390012353105
2054,SECV10.389,equipamento,60.0527,-1.6188,-3.1231533121003276,-41.76390012353105
2055,SECV10.386,equipamento,60.0527,5.3812,-3.123090323942101,-41.76390012353105
2056,DISJUNTOR7.763,equipamento,60.0527,6.1884,-3.1230830605076267,-41.76390012353105
2057,DISJUNTOR7.769,equipamento,60.0527,13.1884,-3.1230200723494006,-41.76390012353105
2058,TC10.220,equipamento,60.0527,14.7128,-3.123006355328201,-41.76390012353105
2059,SECH16.216,equipamento,60.0527,28.4015,-3.1228831801851276,-41.76390012353105
2060,SECH19.520,equipamento,60.0527,32.2621,-3.1228484413160347,-41.76390012353105
2061,SECH19.521,equipamento,60.0527,39.2621,-3.1227854531578085,-41.76390012353105
2062,TC13.188,equipamento,60.0527,40.3649,-3.1227755298233957,-41.76390012353105
2063,TC13.192,equipamento,60.0527,47.3649,-3.122712541665169,-41.76390012353105
2064,DISJUNTOR13.820,equipamento,60.0527,48.821,-3.1226994392284273,-41.76390012353105
2065,DISJUNTOR13.819,equipamento,60.0527,55.8355,-3.1226363205947303,-41.76390012353105
2066,BUSCSB16.1068,equipamento,60.0527,58.6601,-3.1226109039730554,-41.76390012353105
2067,BUSCSB16.1067,equipamento,60.0527,65.7085,-3.1225474802967064,-41.76390012353105
2068,BUSIP29.932,equipamento,60.0527,66.8655,-3.1225370692539824,-41.76390012353105
2069,BUSIP29.913,equipamento,60.0527,73.9136,-3.122473648277126,-41.76390012353105
2070,BUSIP41.875,equipamento,60.0527,75.354,-3.1224606871138247,-41.76390012353105
2071,BUSIP41.863,equipamento,60.0527,82.4268,-3.122397043878753,-41.76390012353105
2072,SECV13.354,equipamento,60.0527,87.1767,-3.1223543028140734,-41.76390012353105
2073,IP13.363,equipamento,60.0527,100.7281,-3.1222323631387323,-41.76390012353105
2074,SECH22.477,equipamento,60.0527,105.1542,-3.1221925357262856,-41.76390012353105
2075,SECH22.480,equipamento,60.0527,112.1542,-3.1221295475680595,-41.76390012353105
2076,IP16.741,equipamento,60.0527,112.982,-3.122122098768434,-41.76390012353105
2077,IP16.733,equipamento,60.0527,119.982,-3.122059110610208,-41.76390012353105
2078,PR14.677,equipamento,60.0527,121.2204,-3.1220479671051864,-41.76390012353105
2079,PR14.673,equipamento,60.0527,128.2204,-3.1219849789469603,-41.76390012353105
2080,REATOR8.546,equipamento,60.0527,131.612,-3.121954460284469,-41.76390012353105
2081,REATOR8.544,equipamento,60.0527,138.612,-3.1218914721262427,-41.76390012353105
2082,TPC7.27,equipamento,60.0527,163.1143,-3.1216709928763415,-41.76390012353105
2083,REATOR8.551,equipamento,61.4248,131.612,-3.121954460284469,-41.76388777946939
2084,REATOR8.547,equipamento,61.4248,138.612,-3.1218914721262427,-41.76388777946939
2085,PR14.675,equipamento,61.6498,121.2204,-3.1220479671051864,-41.7638857552628
2086,PR14.678,equipamento,61.6498,128.2204,-3.1219849789469603,-41.7638857552628
2087,TPC7.25,equipamento,61.9082,163.1143,-3.1216709928763415,-41.763883430573976
2088,TPC7.28,equipamento,61.9082,168.4259,-3.1216231974618793,-41.763883430573976
2089,PR18.22,equipamento,61.9082,176.3933,-3.1215515043401862,-41.763883430573976
2090,TC13.191,equipamento,61.9481,40.3649,-3.1227755298233957,-41.76388307161467
2091,TC13.189,equipamento,61.9481,47.3649,-3.122712541665169,-41.76388307161467
2092,DISJUNTOR7.766,equipamento,62.0115,6.1884,-3.1230830605076267,-41.763882501238236
2093,DISJUNTOR7.767,equipamento,62.0115,13.1884,-3.1230200723494006,-41.763882501238236
2094,IP16.739,equipamento,62.0394,112.982,-3.122122098768434,-41.76388225023661
2095,IP16.740,equipamento,62.0394,119.982,-3.122059110610208,-41.76388225023661
2096,SECH22.476,equipamento,62.0528,105.1542,-3.1221925357262856,-41.763882129683864
2097,SECH22.475,equipamento,62.0528,112.1542,-3.1221295475680595,-41.763882129683864
2098,DISJUNTOR4.788,equipamento,62.0709,-28.4479,-3.1233947286140227,-41.76388196684769
2099,DISJUNTOR4.789,equipamento,62.0709,-26.2061,-3.1233745562064357,-41.76388196684769
2100,DISJUNTOR4.793,equipamento,62.0709,-21.4479,-3.1233317404557965,-41.76388196684769
2101,SECV13.359,equipamento,62.0927,87.1767,-3.1223543028140734,-41.763881770724566
2102,SECV13.357,equipamento,62.0927,92.5972,-3.122305527483835,-41.763881770724566
2103,IP13.360,equipamento,62.0927,100.7281,-3.1222323631387323,-41.763881770724566
2104,DISJUNTOR13.817,equipamento,62.098,48.821,-3.1226994392284273,-41.763881723043255
2105,DISJUNTOR13.815,equipamento,62.098,55.8355,-3.1226363205947303,-41.763881723043255
2106,SECH19.514,equipamento,62.1779,32.2621,-3.1228484413160347,-41.763881004225
2107,SECH19.518,equipamento,62.1779,39.2621,-3.1227854531578085,-41.763881004225
2108,TC10.222,equipamento,62.1965,14.7128,-3.123006355328201,-41.763880836890586
2109,TC10.215,equipamento,62.1965,18.7939,-3.122969632332124,-41.763880836890586
2110,SECH16.217,equipamento,62.1965,23.7939,-3.122924640790534,-41.763880836890586
2111,SECH16.223,equipamento,62.1965,28.4015,-3.1228831801851276,-41.763880836890586
2112,SECV10.388,equipamento,62.2451,-1.6188,-3.1231533121003276,-41.763880399661964
2113,SECV10.390,equipamento,62.2451,-1.2061,-3.1231495984984847,-41.763880399661964
2114,SECV10.392,equipamento,62.2451,3.7939,-3.1231046069568946,-41.763880399661964
2115,SECV10.391,equipamento,62.2451,5.3812,-3.123090323942101,-41.763880399661964
2116,TC4.140,equipamento,62.258,-20.9897,-3.1233276174309252,-41.76388028360745
2117,TC4.147,equipamento,62.258,-16.2061,-3.123284573123255,-41.76388028360745
2118,SECH10.141,equipamento,62.258,-11.2061,-3.123239581581665,-41.76388028360745
2119,SECH10.143,equipamento,62.258,-7.4174,-3.1232054896909403,-41.76388028360745
2120,IP10.298,equipamento,62.3595,-73.5803,-3.123800843864356,-41.76387937046536
2121,IP10.293,equipamento,62.3595,-71.2061,-3.123779480080747,-41.76387937046536
2122,SECV4.294,equipamento,62.3595,-66.2061,-3.123734488539157,-41.76387937046536
2123,SECV4.299,equipamento,62.3595,-61.2061,-3.123689496997567,-41.76387937046536
2124,SECV4.302,equipamento,62.3595,-60.1047,-3.1236795862607853,-41.76387937046536
2125,PR11.440,equipamento,62.3921,-92.5829,-3.123971835118,-41.76387907718032
2126,IP4.436,equipamento,62.3921,-91.2061,-3.123959446247108,-41.76387907718032
2127,IP4.433,equipamento,62.3921,-86.2061,-3.1239144547055178,-41.76387907718032
2128,SECH4.437,equipamento,62.3921,-81.2061,-3.1238694631639277,-41.76387907718032
2129,SECH4.442,equipamento,62.3921,-79.2408,-3.12385177878859,-41.76387907718032
2130,PR4.50,equipamento,62.4321,-156.1801,-3.1245441023317637,-41.76387871732137
2131,PR4.56,equipamento,62.4321,-151.2061,-3.12449934474619,-41.76387871732137
2132,TPC4.51,equipamento,62.4321,-146.2061,-3.1244543532046,-41.76387871732137
2133,TPC4.49,equipamento,62.4321,-143.1877,-3.1244271927107725,-41.76387871732137
2134,REATOR5.568,equipamento,63.9701,-109.8422,-3.1241271396207537,-41.76386488074471
2135,REATOR5.573,equipamento,63.9701,-106.2061,-3.1240944208718786,-41.76386488074471
2136,REATOR5.570,equipamento,63.9701,-102.8422,-3.124064151462527,-41.76386488074471
2137,PR11.700,equipamento,64.7746,-99.854,-3.1240372627176116,-41.763857643081565
2138,PR11.697,equipamento,64.7746,-96.2061,-3.124004437788698,-41.763857643081565
2139,PR11.703,equipamento,64.7746,-92.854,-3.123974274559385,-41.763857643081565
2140,BUSCSB5.1032,equipamento,65.0527,-47.9963,-3.123570631144347,-41.76385514116221
2141,BUSIP5.847,equipamento,65.0527,-46.8644,-3.123560445959162,-41.76385514116221
2142,BUSIP5.835,equipamento,65.0527,-39.8325,-3.1234971707549004,-41.76385514116221
2143,BUSIP16.955,equipamento,65.0527,-38.3922,-3.12348421049143,-41.76385514116221
2144,BUSIP16.975,equipamento,65.0527,-31.3194,-3.123420567256358,-41.76385514116221
2145,pp_148,ponto_passagem,65.0527,-26.2061,-3.1233745562064357,-41.76385514116221
2146,pp_149,ponto_passagem,65.0527,-16.2061,-3.123284573123255,-41.76385514116221
2147,pp_150,ponto_passagem,65.0527,-11.2061,-3.123239581581665,-41.76385514116221
2148,pp_151,ponto_passagem,65.0527,-1.2061,-3.1231495984984847,-41.76385514116221
2149,pp_152,ponto_passagem,65.0527,3.7939,-3.1231046069568946,-41.76385514116221
2150,pp_153,ponto_passagem,65.0527,18.7939,-3.122969632332124,-41.76385514116221
2151,pp_154,ponto_passagem,65.0527,23.7939,-3.122924640790534,-41.76385514116221
2152,BUSCSB15.1083,equipamento,65.0527,58.6601,-3.1226109039730554,-41.76385514116221
2153,BUSCSB15.1073,equipamento,65.0527,65.7085,-3.1225474802967064,-41.76385514116221
2154,BUSIP28.925,equipamento,65.0527,66.8655,-3.1225370692539824,-41.76385514116221
2155,BUSIP28.930,equipamento,65.0527,73.9136,-3.122473648277126,-41.76385514116221
2156,BUSIP40.864,equipamento,65.0527,75.354,-3.1224606871138247,-41.76385514116221
2157,PR10.707,equipamento,66.7812,-99.8385,-3.1240371232438324,-41.7638395907573
2158,PR10.712,equipamento,66.7812,-96.2061,-3.124004437788698,-41.7638395907573
2159,PR10.710,equipamento,66.7812,-92.8385,-3.1239741350856063,-41.7638395907573
2160,BUSIP40.860,equipamento,66.9531,82.4268,-3.122397043878753,-41.76383804426346
2161,REATOR4.578,equipamento,67.0598,-109.8249,-3.1241269839500196,-41.763837084339706
2162,REATOR4.577,equipamento,67.0598,-106.2061,-3.1240944208718786,-41.763837084339706
2163,REATOR4.580,equipamento,67.0598,-102.8249,-3.1240639957917935,-41.763837084339706
2164,SECV9.238,equipamento,68.007,-1.5969,-3.1231531150373755,-41.76382856287975
2165,SECV9.246,equipamento,68.007,-1.2061,-3.1231495984984847,-41.76382856287975
2166,SECV9.242,equipamento,68.007,3.7939,-3.1231046069568946,-41.76382856287975
2167,SECV9.245,equipamento,68.007,5.4031,-3.123090126879149,-41.76382856287975
2168,TC9.91,equipamento,68.0421,14.7355,-3.1230061510666016,-41.763828247103525
2169,TC9.86,equipamento,68.0421,18.7939,-3.122969632332124,-41.763828247103525
2170,SECH15.95,equipamento,68.0421,23.7939,-3.122924640790534,-41.763828247103525
2171,SECH15.96,equipamento,68.0421,28.4235,-3.1228829822223445,-41.763828247103525
2172,TC3.160,equipamento,68.1035,-20.9669,-3.1233274122694956,-41.763827694720035
2173,TC3.157,equipamento,68.1035,-16.2061,-3.123284573123255,-41.763827694720035
2174,SECH9.151,equipamento,68.1035,-11.2061,-3.123239581581665,-41.763827694720035
2175,SECH9.158,equipamento,68.1035,-7.3953,-3.1232052908283268,-41.763827694720035
2176,IP9.312,equipamento,68.1193,-73.5583,-3.123800645901573,-41.76382755257575
2177,IP9.310,equipamento,68.1193,-71.2061,-3.123779480080747,-41.76382755257575
2178,SECV3.315,equipamento,68.1193,-66.2061,-3.123734488539157,-41.76382755257575
2179,SECV3.307,equipamento,68.1193,-61.2061,-3.123689496997567,-41.76382755257575
2180,SECV3.313,equipamento,68.1193,-60.0828,-3.123679389197833,-41.76382755257575
2181,PR10.456,equipamento,68.2268,-92.5608,-3.123971636255386,-41.76382658545482
2182,IP3.450,equipamento,68.2268,-91.2061,-3.123959446247108,-41.76382658545482
2183,IP3.452,equipamento,68.2268,-86.2061,-3.1239144547055178,-41.76382658545482
2184,SECH3.449,equipamento,68.2268,-81.2061,-3.1238694631639277,-41.76382658545482
2185,SECH3.455,equipamento,68.2268,-79.2188,-3.123851580825807,-41.76382658545482
2186,DISJUNTOR3.805,equipamento,68.317,-28.4252,-3.123394524352424,-41.76382577397288
2187,DISJUNTOR3.800,equipamento,68.317,-26.2061,-3.1233745562064357,-41.76382577397288
2188,DISJUNTOR3.801,equipamento,68.317,-21.4252,-3.123331536194198,-41.76382577397288
2189,BUSIP28.931,equipamento,68.4497,66.8655,-3.1225370692539824,-41.76382458014081
2190,BUSIP28.915,equipamento,68.4497,68.7939,-3.122519716916222,-41.76382458014081
2191,BUSIP28.927,equipamento,68.4497,73.7939,-3.122474725374632,-41.76382458014081
2192,BUSIP28.929,equipamento,68.4497,73.9136,-3.122473648277126,-41.76382458014081
2193,BUSCSB15.1072,equipamento,68.4785,58.6601,-3.1226109039730554,-41.76382432104237
2194,BUSCSB15.1077,equipamento,68.4785,58.7939,-3.1226096999994026,-41.76382432104237
2195,BUSCSB15.1071,equipamento,68.4785,63.7939,-3.122564708457812,-41.76382432104237
2196,BUSCSB15.1087,equipamento,68.4785,65.7085,-3.1225474802967064,-41.76382432104237
2197,PR3.65,equipamento,68.5255,-156.1576,-3.1245438998698267,-41.7638238982081
2198,PR3.66,equipamento,68.5255,-151.2061,-3.12449934474619,-41.7638238982081
2199,TPC3.63,equipamento,68.5255,-146.2061,-3.1244543532046,-41.7638238982081
2200,TPC3.58,equipamento,68.5255,-143.165,-3.1244269884491738,-41.7638238982081
2201,BUSIP5.841,equipamento,68.6449,-46.8644,-3.123560445959162,-41.763822824029134
2202,BUSIP5.843,equipamento,68.6449,-46.2061,-3.123554522372796,-41.763822824029134
2203,BUSIP5.848,equipamento,68.6449,-41.2061,-3.123509530831206,-41.763822824029134
2204,BUSIP5.831,equipamento,68.6449,-39.8325,-3.1234971707549004,-41.763822824029134
2205,BUSCSB5.1038,equipamento,68.6736,-55.0126,-3.123633765974999,-41.76382256583034
2206,BUSCSB5.1036,equipamento,68.6736,-51.2061,-3.1235995139143866,-41.76382256583034
2207,BUSCSB5.1031,equipamento,68.6736,-47.9963,-3.123570631144347,-41.76382256583034
2208,TPC3.64,equipamento,70.0527,-143.165,-3.1244269884491738,-41.76381015879336
2209,REATOR4.582,equipamento,70.0527,-109.8249,-3.1241269839500196,-41.76381015879336
2210,REATOR4.576,equipamento,70.0527,-102.8249,-3.1240639957917935,-41.76381015879336
2211,PR10.709,equipamento,70.0527,-99.8385,-3.1240371232438324,-41.76381015879336
2212,PR10.705,equipamento,70.0527,-92.8385,-3.1239741350856063,-41.76381015879336
2213,PR10.451,equipamento,70.0527,-92.5608,-3.123971636255386,-41.76381015879336
2214,SECH3.445,equipamento,70.0527,-79.2188,-3.123851580825807,-41.76381015879336
2215,IP9.308,equipamento,70.0527,-73.5583,-3.123800645901573,-41.76381015879336
2216,SECV3.314,equipamento,70.0527,-60.0828,-3.123679389197833,-41.76381015879336
2217,BUSIP15.969,equipamento,70.0527,-38.3922,-3.12348421049143,-41.76381015879336
2218,BUSIP15.970,equipamento,70.0527,-31.3194,-3.123420567256358,-41.76381015879336
2219,DISJUNTOR3.802,equipamento,70.0527,-28.4252,-3.123394524352424,-41.76381015879336
2220,DISJUNTOR3.799,equipamento,70.0527,-21.4252,-3.123331536194198,-41.76381015879336
2221,TC3.150,equipamento,70.0527,-20.9669,-3.1233274122694956,-41.76381015879336
2222,SECH9.156,equipamento,70.0527,-7.3953,-3.1232052908283268,-41.76381015879336
2223,SECV9.241,equipamento,70.0527,-1.5969,-3.1231531150373755,-41.76381015879336
2224,SECV9.239,equipamento,70.0527,5.4031,-3.123090126879149,-41.76381015879336
2225,TC9.93,equipamento,70.0527,14.7355,-3.1230061510666016,-41.76381015879336
2226,SECH15.88,equipamento,70.0527,28.4235,-3.1228829822223445,-41.76381015879336
2227,BUSIP39.868,equipamento,70.0527,75.354,-3.1224606871138247,-41.76381015879336
2228,BUSIP27.934,equipamento,70.9074,66.9299,-3.122536489762927,-41.76380246950723
2229,BUSIP27.937,equipamento,70.9074,68.7939,-3.122519716916222,-41.76380246950723
2230,BUSIP27.944,equipamento,70.9074,73.7939,-3.122474725374632,-41.76380246950723
2231,BUSIP27.938,equipamento,70.9074,73.9542,-3.1224732829458084,-41.76380246950723
2232,BUSCSB14.1091,equipamento,70.951,58.7248,-3.122610321782507,-41.763802077260976
2233,BUSCSB14.1095,equipamento,70.951,58.7939,-3.1226096999994026,-41.763802077260976
2234,BUSCSB14.1089,equipamento,70.951,63.7939,-3.122564708457812,-41.763802077260976
2235,BUSCSB14.1093,equipamento,70.951,65.7248,-3.122547333624281,-41.763802077260976
2236,BUSIP4.886,equipamento,71.1026,-46.8163,-3.123560013140532,-41.763800713395554
2237,BUSIP4.893,equipamento,71.1026,-46.2061,-3.123554522372796,-41.763800713395554
2238,BUSIP4.888,equipamento,71.1026,-41.2061,-3.123509530831206,-41.763800713395554
2239,BUSIP4.883,equipamento,71.1026,-39.792,-3.1234968063234136,-41.763800713395554
2240,BUSCSB4.1039,equipamento,71.1461,-54.98,-3.123633472630148,-41.763800322048944
2241,BUSCSB4.1045,equipamento,71.1461,-51.2061,-3.1235995139143866,-41.763800322048944
2242,BUSCSB4.1040,equipamento,71.1461,-47.98,-3.1235704844719216,-41.763800322048944
2243,BUSIP38.862,equipamento,72.1544,82.4268,-3.122397043878753,-41.76379125090445
2244,PR10.711,equipamento,73.7812,-99.8385,-3.1240371232438324,-41.76377661544092
2245,PR10.708,equipamento,73.7812,-96.2061,-3.124004437788698,-41.76377661544092
2246,IP3.706,equipamento,73.7812,-92.8385,-3.1239741350856063,-41.76377661544092
2247,REATOR4.583,equipamento,74.0598,-109.8249,-3.1241269839500196,-41.76377410902332
2248,REATOR4.579,equipamento,74.0598,-106.2061,-3.1240944208718786,-41.76377410902332
2249,REATOR4.581,equipamento,74.0598,-102.8249,-3.1240639957917935,-41.76377410902332
2250,SECV9.240,equipamento,75.007,-1.5969,-3.1231531150373755,-41.76376558756337
2251,SECV9.247,equipamento,75.007,-1.2061,-3.1231495984984847,-41.76376558756337
2252,SECV9.243,equipamento,75.007,3.7939,-3.1231046069568946,-41.76376558756337
2253,SECV9.244,equipamento,75.007,5.4031,-3.123090126879149,-41.76376558756337
2254,TPC3.67,equipamento,75.0527,-143.165,-3.1244269884491738,-41.76376517642452
2255,IP3.446,equipamento,75.0527,-92.5608,-3.123971636255386,-41.76376517642452
2256,SECH3.444,equipamento,75.0527,-79.2188,-3.123851580825807,-41.76376517642452
2257,IP9.316,equipamento,75.0527,-73.5583,-3.123800645901573,-41.76376517642452
2258,SECV3.317,equipamento,75.0527,-60.0828,-3.123679389197833,-41.76376517642452
2259,BUSCSB4.1044,equipamento,75.0527,-54.98,-3.123633472630148,-41.76376517642452
2260,BUSCSB4.1042,equipamento,75.0527,-47.98,-3.1235704844719216,-41.76376517642452
2261,BUSIP4.882,equipamento,75.0527,-46.8163,-3.123560013140532,-41.76376517642452
2262,BUSIP4.887,equipamento,75.0527,-39.792,-3.1234968063234136,-41.76376517642452
2263,BUSIP14.967,equipamento,75.0527,-38.3922,-3.12348421049143,-41.76376517642452
2264,BUSIP14.959,equipamento,75.0527,-31.3194,-3.123420567256358,-41.76376517642452
2265,DISJUNTOR3.796,equipamento,75.0527,-28.4252,-3.123394524352424,-41.76376517642452
2266,DISJUNTOR3.803,equipamento,75.0527,-21.4252,-3.123331536194198,-41.76376517642452
2267,TC3.155,equipamento,75.0527,-20.9669,-3.1233274122694956,-41.76376517642452
2268,SECH9.149,equipamento,75.0527,-7.3953,-3.1232052908283268,-41.76376517642452
2269,TC9.92,equipamento,75.0527,14.7355,-3.1230061510666016,-41.76376517642452
2270,SECH15.90,equipamento,75.0527,28.4235,-3.1228829822223445,-41.76376517642452
2271,BUSCSB14.1096,equipamento,75.0527,58.7248,-3.122610321782507,-41.76376517642452
2272,BUSCSB14.1090,equipamento,75.0527,65.7248,-3.122547333624281,-41.76376517642452
2273,BUSIP27.945,equipamento,75.0527,66.9299,-3.122536489762927,-41.76376517642452
2274,BUSIP27.941,equipamento,75.0527,73.9542,-3.1224732829458084,-41.76376517642452
2275,BUSIP38.874,equipamento,75.0527,75.354,-3.1224606871138247,-41.76376517642452
2276,IP9.306,equipamento,75.2051,-73.5583,-3.123800645901573,-41.76376380536192
2277,IP9.309,equipamento,75.2051,-71.2061,-3.123779480080747,-41.76376380536192
2278,SECV3.311,equipamento,75.2051,-66.2061,-3.123734488539157,-41.76376380536192
2279,SECV3.304,equipamento,75.2051,-61.2061,-3.123689496997567,-41.76376380536192
2280,SECV3.305,equipamento,75.2051,-60.0828,-3.123679389197833,-41.76376380536192
2281,IP3.454,equipamento,75.2377,-92.5608,-3.123971636255386,-41.76376351207687
2282,IP3.448,equipamento,75.2377,-91.2061,-3.123959446247108,-41.76376351207687
2283,IP3.457,equipamento,75.2377,-86.2061,-3.1239144547055178,-41.76376351207687
2284,SECH3.453,equipamento,75.2377,-81.2061,-3.1238694631639277,-41.76376351207687
2285,SECH3.447,equipamento,75.2377,-79.2188,-3.123851580825807,-41.76376351207687
2286,TC9.94,equipamento,75.257,14.7355,-3.1230061510666016,-41.76376333844493
2287,TC9.87,equipamento,75.257,18.7939,-3.122969632332124,-41.76376333844493
2288,SECH15.97,equipamento,75.257,23.7939,-3.122924640790534,-41.76376333844493
2289,SECH15.89,equipamento,75.257,28.4235,-3.1228829822223445,-41.76376333844493
2290,DISJUNTOR3.804,equipamento,75.317,-28.4252,-3.123394524352424,-41.7637627986565
2291,DISJUNTOR3.798,equipamento,75.317,-26.2061,-3.1233745562064357,-41.7637627986565
2292,DISJUNTOR3.797,equipamento,75.317,-21.4252,-3.123331536194198,-41.7637627986565
2293,TC3.154,equipamento,75.3183,-20.9669,-3.1233274122694956,-41.76376278696109
2294,TC3.153,equipamento,75.3183,-16.2061,-3.123284573123255,-41.76376278696109
2295,SECH9.159,equipamento,75.3183,-11.2061,-3.123239581581665,-41.76376278696109
2296,SECH9.152,equipamento,75.3183,-7.3953,-3.1232052908283268,-41.76376278696109
2297,PR3.59,equipamento,75.5464,-156.1576,-3.1245438998698267,-41.76376073486542
2298,PR3.60,equipamento,75.5464,-151.2061,-3.12449934474619,-41.76376073486542
2299,TPC3.61,equipamento,75.5464,-146.2061,-3.1244543532046,-41.76376073486542
2300,TPC3.62,equipamento,75.5464,-143.165,-3.1244269884491738,-41.76376073486542
2301,SECV8.255,equipamento,75.616,-1.5838,-3.1231529971595364,-41.76376010871085
2302,SECV8.249,equipamento,75.616,-1.2061,-3.1231495984984847,-41.76376010871085
2303,SECV8.248,equipamento,75.616,3.7939,-3.1231046069568946,-41.76376010871085
2304,SECV8.250,equipamento,75.616,5.4162,-3.1230900090013103,-41.76376010871085
2305,TC8.107,equipamento,75.6189,14.7487,-3.123006032288932,-41.763760082621076
2306,TC8.103,equipamento,75.6189,18.7939,-3.122969632332124,-41.763760082621076
2307,SECH14.100,equipamento,75.6189,23.7939,-3.122924640790534,-41.763760082621076
2308,SECH14.102,equipamento,75.6189,28.4366,-3.1228828643445055,-41.763760082621076
2309,TC2.161,equipamento,75.6803,-20.9537,-3.1233272934918257,-41.763759530237586
2310,TC2.163,equipamento,75.6803,-16.2061,-3.123284573123255,-41.763759530237586
2311,SECH8.170,equipamento,75.6803,-11.2061,-3.123239581581665,-41.763759530237586
2312,SECH8.168,equipamento,75.6803,-7.3823,-3.1232051738503186,-41.763759530237586
2313,IP8.324,equipamento,75.7284,-73.5452,-3.1238005280237338,-41.7637590975072
2314,IP8.329,equipamento,75.7284,-71.2061,-3.123779480080747,-41.7637590975072
2315,SECV2.321,equipamento,75.7284,-66.2061,-3.123734488539157,-41.7637590975072
2316,SECV2.327,equipamento,75.7284,-61.2061,-3.123689496997567,-41.7637590975072
2317,SECV2.322,equipamento,75.7284,-60.0697,-3.123679271319994,-41.7637590975072
2318,IP2.508,equipamento,75.8036,-92.5479,-3.123971520177209,-41.763758420972366
2319,IP2.503,equipamento,75.8036,-91.2061,-3.123959446247108,-41.763758420972366
2320,IP2.510,equipamento,75.8036,-86.2061,-3.1239144547055178,-41.763758420972366
2321,SECH2.505,equipamento,75.8036,-81.2061,-3.1238694631639277,-41.763758420972366
2322,SECH2.502,equipamento,75.8036,-79.2058,-3.123851463847799,-41.763758420972366
2323,DISJUNTOR2.806,equipamento,75.919,-28.4121,-3.123394406474585,-41.763757382779296
2324,DISJUNTOR2.810,equipamento,75.919,-26.2061,-3.1233745562064357,-41.763757382779296
2325,DISJUNTOR2.808,equipamento,75.919,-21.4121,-3.1233314183163587,-41.763757382779296
2326,PR2.76,equipamento,76.0082,-156.1447,-3.1245437837916494,-41.76375658029384
2327,PR2.75,equipamento,76.0082,-151.2061,-3.12449934474619,-41.76375658029384
2328,TPC2.71,equipamento,76.0082,-146.2061,-3.1244543532046,-41.76375658029384
2329,TPC2.68,equipamento,76.0082,-143.152,-3.1244268714711656,-41.76375658029384
2330,PR9.623,equipamento,76.6801,-99.8215,-3.124036970272591,-41.76375053556311
2331,PR9.622,equipamento,76.6801,-96.2061,-3.124004437788698,-41.76375053556311
2332,IP2.628,equipamento,76.6801,-92.8215,-3.123973982114365,-41.76375053556311
2333,REATOR3.585,equipamento,76.8012,-109.8082,-3.124126833678271,-41.76374944609014
2334,REATOR3.588,equipamento,76.8012,-106.2061,-3.1240944208718786,-41.76374944609014
2335,REATOR3.586,equipamento,76.8012,-102.8082,-3.1240638455200447,-41.76374944609014
2336,BUSIP37.867,equipamento,77.3557,82.4268,-3.122397043878753,-41.763744457545435
2337,BUSCSB14.1092,equipamento,77.951,58.7248,-3.122610321782507,-41.763739101944594
2338,BUSCSB14.1097,equipamento,77.951,58.7939,-3.1226096999994026,-41.763739101944594
2339,BUSCSB14.1098,equipamento,77.951,63.7939,-3.122564708457812,-41.763739101944594
2340,BUSCSB14.1094,equipamento,77.951,65.7248,-3.122547333624281,-41.763739101944594
2341,BUSCSB4.1043,equipamento,78.1461,-54.98,-3.123633472630148,-41.76373734673256
2342,BUSCSB4.1041,equipamento,78.1461,-51.2061,-3.1235995139143866,-41.76373734673256
2343,BUSIP3.1046,equipamento,78.1461,-47.98,-3.1235704844719216,-41.76373734673256
2344,BUSCSB13.1104,equipamento,80.0351,58.7403,-3.1226101823087284,-41.76372035239362
2345,BUSCSB13.1099,equipamento,80.0351,58.7939,-3.1226096999994026,-41.76372035239362
2346,BUSCSB13.1109,equipamento,80.0351,63.7939,-3.122564708457812,-41.76372035239362
2347,BUSIP26.1102,equipamento,80.0351,65.7569,-3.122547044778584,-41.76372035239362
2348,TPC2.69,equipamento,80.0527,-143.152,-3.1244268714711656,-41.76372019405568
2349,REATOR3.587,equipamento,80.0527,-109.8082,-3.124126833678271,-41.76372019405568
2350,REATOR3.584,equipamento,80.0527,-102.8082,-3.1240638455200447,-41.76372019405568
2351,PR9.629,equipamento,80.0527,-99.8215,-3.124036970272591,-41.76372019405568
2352,PR9.626,equipamento,80.0527,-92.8215,-3.123973982114365,-41.76372019405568
2353,IP2.511,equipamento,80.0527,-92.5479,-3.123971520177209,-41.76372019405568
2354,SECH2.504,equipamento,80.0527,-79.2058,-3.123851463847799,-41.76372019405568
2355,IP8.319,equipamento,80.0527,-73.5452,-3.1238005280237338,-41.76372019405568
2356,SECV2.328,equipamento,80.0527,-60.0697,-3.123679271319994,-41.76372019405568
2357,BUSIP3.889,equipamento,80.0527,-46.8163,-3.123560013140532,-41.76372019405568
2358,BUSIP3.892,equipamento,80.0527,-39.792,-3.1234968063234136,-41.76372019405568
2359,BUSIP13.968,equipamento,80.0527,-38.3922,-3.12348421049143,-41.76372019405568
2360,BUSIP13.956,equipamento,80.0527,-31.3194,-3.123420567256358,-41.76372019405568
2361,DISJUNTOR2.811,equipamento,80.0527,-28.4121,-3.123394406474585,-41.76372019405568
2362,DISJUNTOR2.807,equipamento,80.0527,-21.4121,-3.1233314183163587,-41.76372019405568
2363,TC2.162,equipamento,80.0527,-20.9537,-3.1233272934918257,-41.76372019405568
2364,SECH8.166,equipamento,80.0527,-7.3823,-3.1232051738503186,-41.76372019405568
2365,SECV8.253,equipamento,80.0527,-1.5838,-3.1231529971595364,-41.76372019405568
2366,SECV8.256,equipamento,80.0527,5.4162,-3.1230900090013103,-41.76372019405568
2367,TC8.105,equipamento,80.0527,14.7487,-3.123006032288932,-41.76372019405568
2368,SECH14.101,equipamento,80.0527,28.4366,-3.1228828643445055,-41.76372019405568
2369,BUSCSB13.1111,equipamento,80.0527,58.7403,-3.1226101823087284,-41.76372019405568
2370,BUSIP26.1110,equipamento,80.0527,65.7569,-3.122547044778584,-41.76372019405568
2371,BUSIP26.942,equipamento,80.0527,66.9299,-3.122536489762927,-41.76372019405568
2372,BUSIP26.939,equipamento,80.0527,73.9542,-3.1224732829458084,-41.76372019405568
2373,BUSIP37.857,equipamento,80.0527,75.354,-3.1224606871138247,-41.76372019405568
2374,BUSCSB3.1052,equipamento,80.2302,-54.9644,-3.123633332256538,-41.76371859718159
2375,BUSCSB3.1054,equipamento,80.2302,-51.2061,-3.1235995139143866,-41.76371859718159
2376,BUSIP3.1055,equipamento,80.2302,-47.9476,-3.123570192926732,-41.76371859718159
2377,BUSIP37.881,equipamento,82.557,75.354,-3.1224606871138247,-41.76369766418642
2378,BUSIP37.877,equipamento,82.557,78.7939,-3.122429733833042,-41.76369766418642
2379,BUSIP37.871,equipamento,82.557,82.4268,-3.122397043878753,-41.76369766418642
2380,SECV8.257,equipamento,82.616,-1.5838,-3.1231529971595364,-41.763697133394466
2381,SECV8.252,equipamento,82.616,-1.2061,-3.1231495984984847,-41.763697133394466
2382,SECV8.251,equipamento,82.616,3.7939,-3.1231046069568946,-41.763697133394466
2383,SECV8.254,equipamento,82.616,5.4162,-3.1230900090013103,-41.763697133394466
2384,BUSIP13.979,equipamento,82.7522,-38.3922,-3.12348421049143,-41.76369590807474
2385,BUSIP13.964,equipamento,82.7522,-36.2061,-3.123464539289616,-41.76369590807474
2386,BUSIP13.977,equipamento,82.7522,-31.3194,-3.123420567256358,-41.76369590807474
2387,IP8.320,equipamento,82.7819,-73.5452,-3.1238005280237338,-41.76369564087947
2388,IP8.318,equipamento,82.7819,-71.2061,-3.123779480080747,-41.76369564087947
2389,SECV2.325,equipamento,82.7819,-66.2061,-3.123734488539157,-41.76369564087947
2390,SECV2.326,equipamento,82.7819,-61.2061,-3.123689496997567,-41.76369564087947
2391,SECV2.323,equipamento,82.7819,-60.0697,-3.123679271319994,-41.76369564087947
2392,PR9.506,equipamento,82.8145,-92.5479,-3.123971520177209,-41.76369534759442
2393,IP2.509,equipamento,82.8145,-91.2061,-3.123959446247108,-41.76369534759442
2394,IP2.512,equipamento,82.8145,-86.2061,-3.1239144547055178,-41.76369534759442
2395,SECH2.513,equipamento,82.8145,-81.2061,-3.1238694631639277,-41.76369534759442
2396,SECH2.507,equipamento,82.8145,-79.2058,-3.123851463847799,-41.76369534759442
2397,DISJUNTOR2.812,equipamento,82.919,-28.4121,-3.123394406474585,-41.763694407462914
2398,DISJUNTOR2.813,equipamento,82.919,-26.2061,-3.1233745562064357,-41.763694407462914
2399,DISJUNTOR2.809,equipamento,82.919,-21.4121,-3.1233314183163587,-41.763694407462914
2400,TC8.104,equipamento,82.9285,14.7487,-3.123006032288932,-41.76369432199641
2401,TC8.98,equipamento,82.9285,18.7939,-3.122969632332124,-41.76369432199641
2402,SECH14.106,equipamento,82.9285,23.7939,-3.122924640790534,-41.76369432199641
2403,SECH14.99,equipamento,82.9285,28.4366,-3.1228828643445055,-41.76369432199641
2404,TC2.167,equipamento,82.9897,-20.9537,-3.1233272934918257,-41.76369377141222
2405,TC2.165,equipamento,82.9897,-16.2061,-3.123284573123255,-41.76369377141222
2406,SECH8.164,equipamento,82.9897,-11.2061,-3.123239581581665,-41.76369377141222
2407,SECH8.169,equipamento,82.9897,-7.3823,-3.1232051738503186,-41.76369377141222
2408,PR2.70,equipamento,83.128,-156.1447,-3.1245437837916494,-41.76369252719989
2409,PR2.73,equipamento,83.128,-151.2061,-3.12449934474619,-41.76369252719989
2410,TPC2.72,equipamento,83.128,-146.2061,-3.1244543532046,-41.76369252719989
2411,TPC2.74,equipamento,83.128,-143.152,-3.1244268714711656,-41.76369252719989
2412,SECV7.261,equipamento,83.1404,-1.5709,-3.123152881081359,-41.763692415643625
2413,SECV7.266,equipamento,83.1404,-1.2061,-3.1231495984984847,-41.763692415643625
2414,SECV7.265,equipamento,83.1404,3.7939,-3.1231046069568946,-41.763692415643625
2415,SECV7.260,equipamento,83.1404,5.4291,-3.1230898929231325,-41.763692415643625
2416,DISJUNTOR1.822,equipamento,83.2072,-28.3996,-3.123394293995731,-41.76369181467918
2417,DISJUNTOR1.824,equipamento,83.2072,-26.2061,-3.1233745562064357,-41.76369181467918
2418,DISJUNTOR1.825,equipamento,83.2072,-21.3996,-3.123331305837505,-41.76369181467918
2419,IP7.400,equipamento,83.2528,-73.5321,-3.1238004101458947,-41.76369140443997
2420,IP7.399,equipamento,83.2528,-71.2061,-3.123779480080747,-41.76369140443997
2421,SECV1.404,equipamento,83.2528,-66.2061,-3.123734488539157,-41.76369140443997
2422,SECV1.405,equipamento,83.2528,-61.2061,-3.123689496997567,-41.76369140443997
2423,SECV1.407,equipamento,83.2528,-60.0568,-3.123679155241817,-41.76369140443997
2424,TC7.116,equipamento,83.296,14.7614,-3.123005918010416,-41.763691015792304
2425,TC7.109,equipamento,83.296,18.7939,-3.122969632332124,-41.763691015792304
2426,SECH13.112,equipamento,83.296,23.7939,-3.122924640790534,-41.763691015792304
2427,SECH13.108,equipamento,83.296,28.4497,-3.1228827464666664,-41.763691015792304
2428,TC1.230,equipamento,83.3574,-20.9411,-3.123327180113141,-41.763690463408814
2429,TC1.229,equipamento,83.3574,-16.2061,-3.123284573123255,-41.763690463408814
2430,SECH7.235,equipamento,83.3574,-11.2061,-3.123239581581665,-41.763690463408814
2431,SECH7.232,equipamento,83.3574,-7.3692,-3.1232050559724795,-41.763690463408814
2432,IP1.530,equipamento,83.4807,-92.5347,-3.123971401399539,-41.7636893541436
2433,IP1.522,equipamento,83.4807,-91.2061,-3.123959446247108,-41.7636893541436
2434,IP1.532,equipamento,83.4807,-86.2061,-3.1239144547055178,-41.7636893541436
2435,SECH1.526,equipamento,83.4807,-81.2061,-3.1238694631639277,-41.7636893541436
2436,SECH1.528,equipamento,83.4807,-79.1926,-3.123851345070129,-41.7636893541436
2437,PR1.83,equipamento,83.6741,-156.1315,-3.1245436650139795,-41.763687614225574
2438,PR1.85,equipamento,83.6741,-151.2061,-3.12449934474619,-41.763687614225574
2439,TPC1.80,equipamento,83.6741,-146.2061,-3.1244543532046,-41.763687614225574
2440,TPC1.82,equipamento,83.6741,-143.1391,-3.1244267553929883,-41.763687614225574
2441,PR9.624,equipamento,83.6801,-99.8215,-3.124036970272591,-41.76368756024673
2442,PR9.625,equipamento,83.6801,-96.2061,-3.124004437788698,-41.76368756024673
2443,PR9.627,equipamento,83.6801,-92.8215,-3.123973982114365,-41.76368756024673
2444,REATOR3.589,equipamento,83.8012,-109.8082,-3.124126833678271,-41.763686470773756
2445,REATOR3.591,equipamento,83.8012,-106.2061,-3.1240944208718786,-41.763686470773756
2446,REATOR3.590,equipamento,83.8012,-102.8082,-3.1240638455200447,-41.763686470773756
2447,TPC1.79,equipamento,85.0527,-143.1391,-3.1244267553929883,-41.76367521168683
2448,IP1.533,equipamento,85.0527,-92.5347,-3.123971401399539,-41.76367521168683
2449,SECH1.524,equipamento,85.0527,-79.1926,-3.123851345070129,-41.76367521168683
2450,IP7.398,equipamento,85.0527,-73.5321,-3.1238004101458947,-41.76367521168683
2451,SECV1.402,equipamento,85.0527,-60.0568,-3.123679155241817,-41.76367521168683
2452,BUSCSB3.1050,equipamento,85.0527,-54.9644,-3.123633332256538,-41.76367521168683
2453,BUSCSB3.1056,equipamento,85.0527,-47.9476,-3.123570192926732,-41.76367521168683
2454,BUSIP2.895,equipamento,85.0527,-46.8163,-3.123560013140532,-41.76367521168683
2455,BUSIP2.894,equipamento,85.0527,-39.792,-3.1234968063234136,-41.76367521168683
2456,DISJUNTOR1.827,equipamento,85.0527,-28.3996,-3.123394293995731,-41.76367521168683
2457,DISJUNTOR1.829,equipamento,85.0527,-21.3996,-3.123331305837505,-41.76367521168683
2458,TC1.233,equipamento,85.0527,-20.9411,-3.123327180113141,-41.76367521168683
2459,SECH7.231,equipamento,85.0527,-7.3692,-3.1232050559724795,-41.76367521168683
2460,SECV7.267,equipamento,85.0527,-1.5709,-3.123152881081359,-41.76367521168683
2461,SECV7.263,equipamento,85.0527,5.4291,-3.1230898929231325,-41.76367521168683
2462,TC7.113,equipamento,85.0527,14.7614,-3.123005918010416,-41.76367521168683
2463,SECH13.117,equipamento,85.0527,28.4497,-3.1228827464666664,-41.76367521168683
2464,BUSCSB13.1100,equipamento,85.0527,58.7403,-3.1226101823087284,-41.76367521168683
2465,BUSCSB13.1107,equipamento,85.0527,65.7569,-3.122547044778584,-41.76367521168683
2466,BUSIP25.936,equipamento,85.0527,66.9299,-3.122536489762927,-41.76367521168683
2467,BUSIP36.897,equipamento,85.0669,75.4431,-3.1224598853645538,-41.76367508393691
2468,BUSIP36.898,equipamento,85.0669,78.7939,-3.122429733833042,-41.76367508393691
2469,BUSIP36.899,equipamento,85.0669,82.4431,-3.1223968972063276,-41.76367508393691
2470,BUSIP12.985,equipamento,85.262,-38.3031,-3.1234834087421586,-41.76367332872488
2471,BUSIP12.983,equipamento,85.262,-36.2061,-3.123464539289616,-41.76367332872488
2472,BUSIP12.981,equipamento,85.262,-31.3031,-3.1234204205839324,-41.76367332872488
2473,PR8.635,equipamento,86.9411,-99.8039,-3.1240368119023647,-41.76365822274577
2474,PR8.634,equipamento,86.9411,-96.2061,-3.124004437788698,-41.76365822274577
2475,IP1.630,equipamento,86.9411,-92.8039,-3.1239738237441386,-41.76365822274577
2476,REATOR2.593,equipamento,87.0208,-109.7906,-3.1241266753080446,-41.76365750572681
2477,REATOR2.596,equipamento,87.0208,-106.2061,-3.1240944208718786,-41.76365750572681
2478,REATOR2.599,equipamento,87.0208,-102.7906,-3.124063687149818,-41.76365750572681
2479,TPC1.84,equipamento,90.0527,-143.1391,-3.1244267553929883,-41.76363022931799
2480,REATOR2.598,equipamento,90.0527,-109.7906,-3.1241266753080446,-41.76363022931799
2481,REATOR2.597,equipamento,90.0527,-102.7906,-3.124063687149818,-41.76363022931799
2482,PR8.637,equipamento,90.0527,-99.8039,-3.1240368119023647,-41.76363022931799
2483,PR8.631,equipamento,90.0527,-92.8039,-3.1239738237441386,-41.76363022931799
2484,PR8.531,equipamento,90.0527,-92.5347,-3.123971401399539,-41.76363022931799
2485,SECH1.527,equipamento,90.0527,-79.1926,-3.123851345070129,-41.76363022931799
2486,IP7.397,equipamento,90.0527,-73.5321,-3.1238004101458947,-41.76363022931799
2487,SECV1.403,equipamento,90.0527,-60.0568,-3.123679155241817,-41.76363022931799
2488,BUSCSB2.1047,equipamento,90.0527,-54.9644,-3.123633332256538,-41.76363022931799
2489,BUSCSB2.1051,equipamento,90.0527,-47.9476,-3.123570192926732,-41.76363022931799
2490,BUSIP1.885,equipamento,90.0527,-46.8163,-3.123560013140532,-41.76363022931799
2491,BUSIP1.891,equipamento,90.0527,-39.792,-3.1234968063234136,-41.76363022931799
2492,BUSIP12.986,equipamento,90.0527,-38.3031,-3.1234834087421586,-41.76363022931799
2493,BUSIP12.984,equipamento,90.0527,-31.3031,-3.1234204205839324,-41.76363022931799
2494,DISJUNTOR1.828,equipamento,90.0527,-28.3996,-3.123394293995731,-41.76363022931799
2495,DISJUNTOR1.823,equipamento,90.0527,-21.3996,-3.123331305837505,-41.76363022931799
2496,TC1.236,equipamento,90.0527,-20.9411,-3.123327180113141,-41.76363022931799
2497,SECH7.237,equipamento,90.0527,-7.3692,-3.1232050559724795,-41.76363022931799
2498,SECV7.258,equipamento,90.0527,-1.5709,-3.123152881081359,-41.76363022931799
2499,SECV7.262,equipamento,90.0527,5.4291,-3.1230898929231325,-41.76363022931799
2500,TC7.111,equipamento,90.0527,14.7614,-3.123005918010416,-41.76363022931799
2501,SECH13.115,equipamento,90.0527,28.4497,-3.1228827464666664,-41.76363022931799
2502,BUSCSB12.1101,equipamento,90.0527,58.7403,-3.1226101823087284,-41.76363022931799
2503,BUSCSB12.1106,equipamento,90.0527,65.7569,-3.122547044778584,-41.76363022931799
2504,BUSIP24.946,equipamento,90.0527,66.9299,-3.122536489762927,-41.76363022931799
2505,BUSIP24.943,equipamento,90.0527,73.9542,-3.1224732829458084,-41.76363022931799
2506,BUSIP36.896,equipamento,90.0527,75.4431,-3.1224598853645538,-41.76363022931799
2507,SECV7.259,equipamento,90.1404,-1.5709,-3.123152881081359,-41.76362944032724
2508,SECV7.264,equipamento,90.1404,5.4291,-3.1230898929231325,-41.76362944032724
2509,DISJUNTOR1.830,equipamento,90.2072,-28.3996,-3.123394293995731,-41.763628839362795
2510,DISJUNTOR1.826,equipamento,90.2072,-21.3996,-3.123331305837505,-41.763628839362795
2511,TC7.114,equipamento,90.3129,14.7614,-3.123005918010416,-41.763627888435515
2512,TC7.118,equipamento,90.3129,20.2367,-3.1229566495728824,-41.763627888435515
2513,SECH13.110,equipamento,90.3129,28.4497,-3.1228827464666664,-41.763627888435515
2514,TC1.234,equipamento,90.3742,-20.9411,-3.123327180113141,-41.76362733695167
2515,TC1.227,equipamento,90.3742,-15.5123,-3.123278330096944,-41.76362733695167
2516,SECH7.228,equipamento,90.3742,-7.3692,-3.1232050559724795,-41.76362733695167
2517,IP7.396,equipamento,90.459,-73.5321,-3.1238004101458947,-41.7636265740507
2518,IP7.406,equipamento,90.459,-68.142,-3.12375190836423,-41.7636265740507
2519,SECV1.401,equipamento,90.459,-60.0568,-3.123679155241817,-41.7636265740507
2520,PR8.529,equipamento,90.4915,-92.5347,-3.123971401399539,-41.7636262816653
2521,IP1.523,equipamento,90.4915,-87.1979,-3.1239233792277075,-41.7636262816653
2522,SECH1.525,equipamento,90.4915,-79.1926,-3.123851345070129,-41.7636262816653
2523,PR1.77,equipamento,90.7144,-156.1315,-3.1245436650139795,-41.7636242763513
2524,PR1.78,equipamento,90.7144,-150.9346,-3.1244969017054816,-41.7636242763513
2525,TPC1.81,equipamento,90.7144,-143.1391,-3.1244267553929883,-41.7636242763513
2526,BUSIP36.900,equipamento,92.0669,75.4431,-3.1224598853645538,-41.76361210862053
2527,BUSIP36.901,equipamento,92.0669,82.4431,-3.1223968972063276,-41.76361210862053
2528,BUSCSB11.935,equipamento,92.0814,66.9299,-3.122536489762927,-41.76361197817165
2529,BUSIP24.940,equipamento,92.0814,73.9542,-3.1224732829458084,-41.76361197817165
2530,BUSIP12.987,equipamento,92.262,-38.3031,-3.1234834087421586,-41.763610353408495
2531,BUSIP12.982,equipamento,92.262,-31.3031,-3.1234204205839324,-41.763610353408495
2532,BUSCSB1.890,equipamento,92.2766,-46.8163,-3.123560013140532,-41.763610222059974
2533,BUSIP1.884,equipamento,92.2766,-39.792,-3.1234968063234136,-41.763610222059974
2534,PR8.633,equipamento,93.9411,-99.8039,-3.1240368119023647,-41.763595247429386
2535,PR8.632,equipamento,93.9411,-96.2061,-3.124004437788698,-41.763595247429386
2536,PR8.636,equipamento,93.9411,-92.8039,-3.1239738237441386,-41.763595247429386
2537,REATOR2.592,equipamento,94.0208,-109.7906,-3.1241266753080446,-41.76359453041043
2538,REATOR2.595,equipamento,94.0208,-106.2061,-3.1240944208718786,-41.76359453041043
2539,REATOR2.594,equipamento,94.0208,-102.7906,-3.124063687149818,-41.76359453041043
2540,BUSCSB1.1049,equipamento,95.0527,-47.9476,-3.123570192926732,-41.76358524694915
2541,BUSCSB11.1108,equipamento,95.0527,58.7403,-3.1226101823087284,-41.76358524694915
2542,BUSCSB11.1105,equipamento,96.7043,58.7403,-3.1226101823087284,-41.76357038837307
2543,BUSCSB11.1103,equipamento,96.7043,65.7569,-3.122547044778584,-41.76357038837307
2544,BUSCSB1.1053,equipamento,97.0206,-54.9644,-3.123633332256538,-41.763567542788415
2545,BUSCSB1.1048,equipamento,97.0206,-47.9476,-3.123570192926732,-41.763567542788415
2546,PR7.641,equipamento,97.2092,-99.7863,-3.1240366535321384,-41.76356584605347
2547,PR7.639,equipamento,97.2092,-96.2061,-3.124004437788698,-41.76356584605347
2548,PR7.640,equipamento,97.2092,-92.7863,-3.123973665373912,-41.76356584605347
2549,REATOR1.617,equipamento,97.4631,-109.7727,-3.1241265142383257,-41.76356356184878
2550,REATOR1.616,equipamento,97.4631,-106.2061,-3.1240944208718786,-41.76356356184878
2551,REATOR1.619,equipamento,97.4631,-102.7727,-3.124063526080099,-41.76356356184878
2552,REATOR1.618,equipamento,100.0527,-102.7727,-3.124063526080099,-41.7635402645803
2553,PR7.643,equipamento,100.0527,-99.7863,-3.1240366535321384,-41.7635402645803
2554,PR7.638,equipamento,104.2092,-99.7863,-3.1240366535321384,-41.763502870737085
2555,PR7.642,equipamento,104.2092,-92.7863,-3.123973665373912,-41.763502870737085
2556,REATOR1.620,equipamento,104.4631,-109.7727,-3.1241265142383257,-41.763500586532395
2557,REATOR1.621,equipamento,104.4631,-102.7727,-3.124063526080099,-41.763500586532395
