<?xml version="1.0" encoding="UTF-8"?>
<kml xmlns="http://www.opengis.net/kml/2.2">
  <Document>
    <name>Grafo de Caminhos - Parnaíba III (Amostra)</name>
    <description>Caminhos possíveis entre pontos de observação (amostra para melhor performance)</description>
    
    <!-- Estilos -->
    <Style id="node_style">
      <IconStyle>
        <color>ff00ff00</color>
        <scale>0.6</scale>
        <Icon><href>http://maps.google.com/mapfiles/kml/shapes/placemark_circle.png</href></Icon>
      </IconStyle>
    </Style>
    
    <Style id="edge_style">
      <LineStyle>
        <color>ff0000ff</color>
        <width>1</width>
      </LineStyle>
    </Style>
    
    <!-- Pontos de Observação -->
    <Folder>
      <name>Pontos de Observação (Amostra)</name>
      <Placemark>
        <name>ef_charlie_delta_cd_reator6.205</name>
        <description>ID: ef_charlie_delta_cd_reator6.205
Coordenadas: (-96.04, 41.15)
GPS: (-3.12282938, -41.76540105)</description>
        <styleUrl>#node_style</styleUrl>
        <Point>
          <coordinates>-41.76540104924769,-3.1228293824389115,0</coordinates>
        </Point>
      </Placemark>
      <Placemark>
        <name>ef_charlie_delta_paredereator67.001.206</name>
        <description>ID: ef_charlie_delta_paredereator67.001.206
Coordenadas: (-96.04, 46.67)
GPS: (-3.12277979, -41.76540105)</description>
        <styleUrl>#node_style</styleUrl>
        <Point>
          <coordinates>-41.76540104924769,-3.1227797861643642,0</coordinates>
        </Point>
      </Placemark>
      <Placemark>
        <name>ef_charlie_delta_cd_reator7.201</name>
        <description>ID: ef_charlie_delta_cd_reator7.201
Coordenadas: (-96.04, 52.19)
GPS: (-3.12273019, -41.76540105)</description>
        <styleUrl>#node_style</styleUrl>
        <Point>
          <coordinates>-41.76540104924769,-3.122730188991496,0</coordinates>
        </Point>
      </Placemark>
      <Placemark>
        <name>ef_charlie_delta_cd_reator7.204</name>
        <description>ID: ef_charlie_delta_cd_reator7.204
Coordenadas: (-96.04, 57.71)
GPS: (-3.12268059, -41.76540105)</description>
        <styleUrl>#node_style</styleUrl>
        <Point>
          <coordinates>-41.76540104924769,-3.1226805927169488,0</coordinates>
        </Point>
      </Placemark>
      <Placemark>
        <name>ef_charlie_delta_cd_reator1.234</name>
        <description>ID: ef_charlie_delta_cd_reator1.234
Coordenadas: (-96.03, -13.05)
GPS: (-3.12331622, -41.76540091)</description>
        <styleUrl>#node_style</styleUrl>
        <Point>
          <coordinates>-41.765400908901235,-3.1233162227397573,0</coordinates>
        </Point>
      </Placemark>
      <Placemark>
        <name>ef_charlie_delta_cd_reator1.239</name>
        <description>ID: ef_charlie_delta_cd_reator1.239
Coordenadas: (-96.03, -7.98)
GPS: (-3.12327065, -41.76540091)</description>
        <styleUrl>#node_style</styleUrl>
        <Point>
          <coordinates>-41.765400908901235,-3.123270646449426,0</coordinates>
        </Point>
      </Placemark>
      <Placemark>
        <name>ef_charlie_delta_paredereator12.001.233</name>
        <description>ID: ef_charlie_delta_paredereator12.001.233
Coordenadas: (-96.03, -2.90)
GPS: (-3.12322507, -41.76540091)</description>
        <styleUrl>#node_style</styleUrl>
        <Point>
          <coordinates>-41.765400908901235,-3.123225070159095,0</coordinates>
        </Point>
      </Placemark>
      <Placemark>
        <name>ef_charlie_delta_cd_reator2.236</name>
        <description>ID: ef_charlie_delta_cd_reator2.236
Coordenadas: (-96.03, 2.17)
GPS: (-3.12317949, -41.76540091)</description>
        <styleUrl>#node_style</styleUrl>
        <Point>
          <coordinates>-41.765400908901235,-3.1231794938687645,0</coordinates>
        </Point>
      </Placemark>
      <Placemark>
        <name>ef_charlie_delta_paredereator23.001.229</name>
        <description>ID: ef_charlie_delta_paredereator23.001.229
Coordenadas: (-96.03, 7.24)
GPS: (-3.12313392, -41.76540091)</description>
        <styleUrl>#node_style</styleUrl>
        <Point>
          <coordinates>-41.765400908901235,-3.123133918476754,0</coordinates>
        </Point>
      </Placemark>
      <Placemark>
        <name>ef_charlie_delta_cd_reator4.215</name>
        <description>ID: ef_charlie_delta_cd_reator4.215
Coordenadas: (-96.02, 21.15)
GPS: (-3.12300900, -41.76540089)</description>
        <styleUrl>#node_style</styleUrl>
        <Point>
          <coordinates>-41.76540089360707,-3.123008995333711,0</coordinates>
        </Point>
      </Placemark>
      <Placemark>
        <name>ef_charlie_delta_cd_reator5.214</name>
        <description>ID: ef_charlie_delta_cd_reator5.214
Coordenadas: (-96.02, 29.01)
GPS: (-3.12293838, -41.76540089)</description>
        <styleUrl>#node_style</styleUrl>
        <Point>
          <coordinates>-41.76540089360707,-3.122938377461252,0</coordinates>
        </Point>
      </Placemark>
      <Placemark>
        <name>ef_charlie_delta_cd_reator5.217</name>
        <description>ID: ef_charlie_delta_cd_reator5.217
Coordenadas: (-96.02, 34.25)
GPS: (-3.12289130, -41.76540089)</description>
        <styleUrl>#node_style</styleUrl>
        <Point>
          <coordinates>-41.76540089360707,-3.1228913000773733,0</coordinates>
        </Point>
      </Placemark>
      <Placemark>
        <name>ef_charlie_delta_cd_reator6.211</name>
        <description>ID: ef_charlie_delta_cd_reator6.211
Coordenadas: (-96.02, 39.49)
GPS: (-3.12284422, -41.76540089)</description>
        <styleUrl>#node_style</styleUrl>
        <Point>
          <coordinates>-41.76540089360707,-3.1228442217951744,0</coordinates>
        </Point>
      </Placemark>
      <Placemark>
        <name>ef_charlie_delta_cd_reator3.225</name>
        <description>ID: ef_charlie_delta_cd_reator3.225
Coordenadas: (-95.99, 8.97)
GPS: (-3.12311844, -41.76540058)</description>
        <styleUrl>#node_style</styleUrl>
        <Point>
          <coordinates>-41.76540058232583,-3.1231184440079014,0</coordinates>
        </Point>
      </Placemark>
      <Placemark>
        <name>ef_charlie_delta_cd_reator3.224</name>
        <description>ID: ef_charlie_delta_cd_reator3.224
Coordenadas: (-95.99, 14.20)
GPS: (-3.12307146, -41.76540058)</description>
        <styleUrl>#node_style</styleUrl>
        <Point>
          <coordinates>-41.76540058232583,-3.123071463642636,0</coordinates>
        </Point>
      </Placemark>
      <Placemark>
        <name>ef_charlie_delta_cd_reator4.223</name>
        <description>ID: ef_charlie_delta_cd_reator4.223
Coordenadas: (-95.99, 19.43)
GPS: (-3.12302448, -41.76540058)</description>
        <styleUrl>#node_style</styleUrl>
        <Point>
          <coordinates>-41.76540058232583,-3.1230244841756916,0</coordinates>
        </Point>
      </Placemark>
      <Placemark>
        <name>ef_charlie_delta_cd_pr7.207</name>
        <description>ID: ef_charlie_delta_cd_pr7.207
Coordenadas: (-90.20, 57.71)
GPS: (-3.12268059, -41.76534846)</description>
        <styleUrl>#node_style</styleUrl>
        <Point>
          <coordinates>-41.765348456213,-3.1226805927169488,0</coordinates>
        </Point>
      </Placemark>
      <Placemark>
        <name>ef_charlie_delta_cd_reator1.238</name>
        <description>ID: ef_charlie_delta_cd_reator1.238
Coordenadas: (-90.19, -13.05)
GPS: (-3.12331622, -41.76534839)</description>
        <styleUrl>#node_style</styleUrl>
        <Point>
          <coordinates>-41.765348386039776,-3.1233162227397573,0</coordinates>
        </Point>
      </Placemark>
      <Placemark>
        <name>ef_charlie_delta_cd_pr1.231</name>
        <description>ID: ef_charlie_delta_cd_pr1.231
Coordenadas: (-84.35, -13.05)
GPS: (-3.12331622, -41.76529586)</description>
        <styleUrl>#node_style</styleUrl>
        <Point>
          <coordinates>-41.76529586407796,-3.1233162227397573,0</coordinates>
        </Point>
      </Placemark>
      <Placemark>
        <name>ef_charlie_delta_cd_pr1.237</name>
        <description>ID: ef_charlie_delta_cd_pr1.237
Coordenadas: (-84.35, -8.80)
GPS: (-3.12327807, -41.76529586)</description>
        <styleUrl>#node_style</styleUrl>
        <Point>
          <coordinates>-41.76529586407796,-3.123278067475038,0</coordinates>
        </Point>
      </Placemark>
      <Placemark>
        <name>ef_charlie_delta_cd_pr1.235</name>
        <description>ID: ef_charlie_delta_cd_pr1.235
Coordenadas: (-84.35, -5.80)
GPS: (-3.12325112, -41.76529586)</description>
        <styleUrl>#node_style</styleUrl>
        <Point>
          <coordinates>-41.76529586407796,-3.123251117860178,0</coordinates>
        </Point>
      </Placemark>
      <Placemark>
        <name>ef_charlie_delta_cd_pr1.240</name>
        <description>ID: ef_charlie_delta_cd_pr1.240
Coordenadas: (-84.35, -2.80)
GPS: (-3.12322417, -41.76529586)</description>
        <styleUrl>#node_style</styleUrl>
        <Point>
          <coordinates>-41.76529586407796,-3.123224168245318,0</coordinates>
        </Point>
      </Placemark>
      <Placemark>
        <name>ef_charlie_delta_cd_pr2.230</name>
        <description>ID: ef_charlie_delta_cd_pr2.230
Coordenadas: (-84.35, 0.20)
GPS: (-3.12319722, -41.76529586)</description>
        <styleUrl>#node_style</styleUrl>
        <Point>
          <coordinates>-41.76529586407796,-3.123197218630458,0</coordinates>
        </Point>
      </Placemark>
      <Placemark>
        <name>ef_charlie_delta_cd_pr2.232</name>
        <description>ID: ef_charlie_delta_cd_pr2.232
Coordenadas: (-84.35, 7.24)
GPS: (-3.12313392, -41.76529586)</description>
        <styleUrl>#node_style</styleUrl>
        <Point>
          <coordinates>-41.76529586407796,-3.123133918476754,0</coordinates>
        </Point>
      </Placemark>
      <Placemark>
        <name>ef_charlie_delta_cd_pr3.228</name>
        <description>ID: ef_charlie_delta_cd_pr3.228
Coordenadas: (-84.35, 9.20)
GPS: (-3.12311637, -41.76529586)</description>
        <styleUrl>#node_style</styleUrl>
        <Point>
          <coordinates>-41.76529586407796,-3.1231163697858775,0</coordinates>
        </Point>
      </Placemark>
      <Placemark>
        <name>ef_charlie_delta_cd_pr3.221</name>
        <description>ID: ef_charlie_delta_cd_pr3.221
Coordenadas: (-84.35, 12.20)
GPS: (-3.12308942, -41.76529586)</description>
        <styleUrl>#node_style</styleUrl>
        <Point>
          <coordinates>-41.76529586407796,-3.1230894201710173,0</coordinates>
        </Point>
      </Placemark>
      <Placemark>
        <name>ef_charlie_delta_cd_pr4.226</name>
        <description>ID: ef_charlie_delta_cd_pr4.226
Coordenadas: (-84.35, 24.20)
GPS: (-3.12298162, -41.76529586)</description>
        <styleUrl>#node_style</styleUrl>
        <Point>
          <coordinates>-41.76529586407796,-3.122981621711577,0</coordinates>
        </Point>
      </Placemark>
      <Placemark>
        <name>ef_charlie_delta_cd_pr4.227</name>
        <description>ID: ef_charlie_delta_cd_pr4.227
Coordenadas: (-84.35, 27.20)
GPS: (-3.12295467, -41.76529586)</description>
        <styleUrl>#node_style</styleUrl>
        <Point>
          <coordinates>-41.76529586407796,-3.122954672096717,0</coordinates>
        </Point>
      </Placemark>
      <Placemark>
        <name>ef_charlie_delta_cd_pr4.222</name>
        <description>ID: ef_charlie_delta_cd_pr4.222
Coordenadas: (-84.35, 27.27)
GPS: (-3.12295401, -41.76529586)</description>
        <styleUrl>#node_style</styleUrl>
        <Point>
          <coordinates>-41.76529586407796,-3.122954014526114,0</coordinates>
        </Point>
      </Placemark>
      <Placemark>
        <name>ef_charlie_delta_cd_pr5.210</name>
        <description>ID: ef_charlie_delta_cd_pr5.210
Coordenadas: (-84.35, 30.20)
GPS: (-3.12292772, -41.76529586)</description>
        <styleUrl>#node_style</styleUrl>
        <Point>
          <coordinates>-41.76529586407796,-3.122927722481857,0</coordinates>
        </Point>
      </Placemark>
      <Placemark>
        <name>ef_charlie_delta_cd_pr5.212</name>
        <description>ID: ef_charlie_delta_cd_pr5.212
Coordenadas: (-84.35, 33.20)
GPS: (-3.12290077, -41.76529586)</description>
        <styleUrl>#node_style</styleUrl>
        <Point>
          <coordinates>-41.76529586407796,-3.1229007728669966,0</coordinates>
        </Point>
      </Placemark>
      <Placemark>
        <name>ef_charlie_delta_cd_pr5.220</name>
        <description>ID: ef_charlie_delta_cd_pr5.220
Coordenadas: (-84.35, 36.20)
GPS: (-3.12287382, -41.76529586)</description>
        <styleUrl>#node_style</styleUrl>
        <Point>
          <coordinates>-41.76529586407796,-3.1228738232521365,0</coordinates>
        </Point>
      </Placemark>
      <Placemark>
        <name>ef_charlie_delta_cd_pr6.216</name>
        <description>ID: ef_charlie_delta_cd_pr6.216
Coordenadas: (-84.35, 39.20)
GPS: (-3.12284687, -41.76529586)</description>
        <styleUrl>#node_style</styleUrl>
        <Point>
          <coordinates>-41.76529586407796,-3.1228468736372763,0</coordinates>
        </Point>
      </Placemark>
      <Placemark>
        <name>ef_charlie_delta_cd_pr6.219</name>
        <description>ID: ef_charlie_delta_cd_pr6.219
Coordenadas: (-84.35, 42.20)
GPS: (-3.12281992, -41.76529586)</description>
        <styleUrl>#node_style</styleUrl>
        <Point>
          <coordinates>-41.76529586407796,-3.122819924022416,0</coordinates>
        </Point>
      </Placemark>
      <Placemark>
        <name>ef_charlie_delta_cd_pr6.218</name>
        <description>ID: ef_charlie_delta_cd_pr6.218
Coordenadas: (-84.35, 45.20)
GPS: (-3.12279297, -41.76529586)</description>
        <styleUrl>#node_style</styleUrl>
        <Point>
          <coordinates>-41.76529586407796,-3.122792974407556,0</coordinates>
        </Point>
      </Placemark>
      <Placemark>
        <name>ef_charlie_delta_cd_pr6.213</name>
        <description>ID: ef_charlie_delta_cd_pr6.213
Coordenadas: (-84.35, 47.35)
GPS: (-3.12277360, -41.76529586)</description>
        <styleUrl>#node_style</styleUrl>
        <Point>
          <coordinates>-41.76529586407796,-3.1227736039227154,0</coordinates>
        </Point>
      </Placemark>
      <Placemark>
        <name>ef_charlie_delta_cd_pr6.208</name>
        <description>ID: ef_charlie_delta_cd_pr6.208
Coordenadas: (-84.35, 48.20)
GPS: (-3.12276602, -41.76529586)</description>
        <styleUrl>#node_style</styleUrl>
        <Point>
          <coordinates>-41.76529586407796,-3.1227660247926963,0</coordinates>
        </Point>
      </Placemark>
      <Placemark>
        <name>ef_charlie_delta_cd_pr7.202</name>
        <description>ID: ef_charlie_delta_cd_pr7.202
Coordenadas: (-84.35, 51.20)
GPS: (-3.12273908, -41.76529586)</description>
        <styleUrl>#node_style</styleUrl>
        <Point>
          <coordinates>-41.76529586407796,-3.122739075177836,0</coordinates>
        </Point>
      </Placemark>
      <Placemark>
        <name>ef_charlie_delta_cd_pr7.209</name>
        <description>ID: ef_charlie_delta_cd_pr7.209
Coordenadas: (-84.35, 54.20)
GPS: (-3.12271213, -41.76529586)</description>
        <styleUrl>#node_style</styleUrl>
        <Point>
          <coordinates>-41.76529586407796,-3.122712125562976,0</coordinates>
        </Point>
      </Placemark>
      <Placemark>
        <name>ef_charlie_delta_cd_pr7.203</name>
        <description>ID: ef_charlie_delta_cd_pr7.203
Coordenadas: (-84.35, 57.71)
GPS: (-3.12268059, -41.76529586)</description>
        <styleUrl>#node_style</styleUrl>
        <Point>
          <coordinates>-41.76529586407796,-3.1226805927169488,0</coordinates>
        </Point>
      </Placemark>
      <Placemark>
        <name>ef_charlie_delta_cd_ip1.248</name>
        <description>ID: ef_charlie_delta_cd_ip1.248
Coordenadas: (-82.46, 1.22)
GPS: (-3.12318805, -41.76527887)</description>
        <styleUrl>#node_style</styleUrl>
        <Point>
          <coordinates>-41.76527887316035,-3.1231880503714824,0</coordinates>
        </Point>
      </Placemark>
      <Placemark>
        <name>ef_charlie_delta_cd_ip1.243</name>
        <description>ID: ef_charlie_delta_cd_ip1.243
Coordenadas: (-82.46, 6.27)
GPS: (-3.12314271, -41.76527887)</description>
        <styleUrl>#node_style</styleUrl>
        <Point>
          <coordinates>-41.76527887316035,-3.1231427121360826,0</coordinates>
        </Point>
      </Placemark>
      <Placemark>
        <name>ef_charlie_delta_cd_ip2.256</name>
        <description>ID: ef_charlie_delta_cd_ip2.256
Coordenadas: (-82.46, 11.44)
GPS: (-3.12309622, -41.76527887)</description>
        <styleUrl>#node_style</styleUrl>
        <Point>
          <coordinates>-41.76527887316035,-3.1230962213554876,0</coordinates>
        </Point>
      </Placemark>
      <Placemark>
        <name>ef_charlie_delta_cd_ip2.251</name>
        <description>ID: ef_charlie_delta_cd_ip2.251
Coordenadas: (-82.46, 12.20)
GPS: (-3.12308942, -41.76527887)</description>
        <styleUrl>#node_style</styleUrl>
        <Point>
          <coordinates>-41.76527887316035,-3.1230894201710173,0</coordinates>
        </Point>
      </Placemark>
      <Placemark>
        <name>ef_charlie_delta_cd_ip2.250</name>
        <description>ID: ef_charlie_delta_cd_ip2.250
Coordenadas: (-82.46, 16.49)
GPS: (-3.12305088, -41.76527887)</description>
        <styleUrl>#node_style</styleUrl>
        <Point>
          <coordinates>-41.76527887316035,-3.1230508822217673,0</coordinates>
        </Point>
      </Placemark>
      <Placemark>
        <name>ef_charlie_delta_cd_ip3.261</name>
        <description>ID: ef_charlie_delta_cd_ip3.261
Coordenadas: (-82.46, 21.26)
GPS: (-3.12300806, -41.76527887)</description>
        <styleUrl>#node_style</styleUrl>
        <Point>
          <coordinates>-41.76527887316035,-3.1230080601820753,0</coordinates>
        </Point>
      </Placemark>
      <Placemark>
        <name>ef_charlie_delta_cd_ip3.264</name>
        <description>ID: ef_charlie_delta_cd_ip3.264
Coordenadas: (-82.46, 24.20)
GPS: (-3.12298162, -41.76527887)</description>
        <styleUrl>#node_style</styleUrl>
        <Point>
          <coordinates>-41.76527887316035,-3.122981621711577,0</coordinates>
        </Point>
      </Placemark>
      <Placemark>
        <name>ef_charlie_delta_cd_ip3.269</name>
        <description>ID: ef_charlie_delta_cd_ip3.269
Coordenadas: (-82.46, 26.30)
GPS: (-3.12296272, -41.76527887)</description>
        <styleUrl>#node_style</styleUrl>
        <Point>
          <coordinates>-41.76527887316035,-3.1229627219466756,0</coordinates>
        </Point>
      </Placemark>
      <Placemark>
        <name>ef_charlie_delta_cd_ip4.272</name>
        <description>ID: ef_charlie_delta_cd_ip4.272
Coordenadas: (-82.46, 31.26)
GPS: (-3.12291819, -41.76527887)</description>
        <styleUrl>#node_style</styleUrl>
        <Point>
          <coordinates>-41.76527887316035,-3.1229181850131575,0</coordinates>
        </Point>
      </Placemark>
      <Placemark>
        <name>ef_charlie_delta_cd_ip4.270</name>
        <description>ID: ef_charlie_delta_cd_ip4.270
Coordenadas: (-82.46, 33.20)
GPS: (-3.12290077, -41.76527887)</description>
        <styleUrl>#node_style</styleUrl>
        <Point>
          <coordinates>-41.76527887316035,-3.1229007728669966,0</coordinates>
        </Point>
      </Placemark>
      <Placemark>
        <name>ef_charlie_delta_cd_ip4.271</name>
        <description>ID: ef_charlie_delta_cd_ip4.271
Coordenadas: (-82.46, 36.20)
GPS: (-3.12287382, -41.76527887)</description>
        <styleUrl>#node_style</styleUrl>
        <Point>
          <coordinates>-41.76527887316035,-3.1228738232521365,0</coordinates>
        </Point>
      </Placemark>
      <Placemark>
        <name>ef_charlie_delta_cd_ip4.280</name>
        <description>ID: ef_charlie_delta_cd_ip4.280
Coordenadas: (-82.46, 36.31)
GPS: (-3.12287285, -41.76527887)</description>
        <styleUrl>#node_style</styleUrl>
        <Point>
          <coordinates>-41.76527887316035,-3.1228728467777582,0</coordinates>
        </Point>
      </Placemark>
      <Placemark>
        <name>ef_charlie_delta_cd_ip5.292</name>
        <description>ID: ef_charlie_delta_cd_ip5.292
Coordenadas: (-82.46, 41.26)
GPS: (-3.12282838, -41.76527887)</description>
        <styleUrl>#node_style</styleUrl>
        <Point>
          <coordinates>-41.76527887316035,-3.12282838170988,0</coordinates>
        </Point>
      </Placemark>
      <Placemark>
        <name>ef_charlie_delta_cd_ip5.293</name>
        <description>ID: ef_charlie_delta_cd_ip5.293
Coordenadas: (-82.46, 42.20)
GPS: (-3.12281992, -41.76527887)</description>
        <styleUrl>#node_style</styleUrl>
        <Point>
          <coordinates>-41.76527887316035,-3.122819924022416,0</coordinates>
        </Point>
      </Placemark>
      <Placemark>
        <name>ef_charlie_delta_cd_ip5.286</name>
        <description>ID: ef_charlie_delta_cd_ip5.286
Coordenadas: (-82.46, 45.20)
GPS: (-3.12279297, -41.76527887)</description>
        <styleUrl>#node_style</styleUrl>
        <Point>
          <coordinates>-41.76527887316035,-3.122792974407556,0</coordinates>
        </Point>
      </Placemark>
      <Placemark>
        <name>ef_charlie_delta_cd_ip5.291</name>
        <description>ID: ef_charlie_delta_cd_ip5.291
Coordenadas: (-82.46, 46.30)
GPS: (-3.12278304, -41.76527887)</description>
        <styleUrl>#node_style</styleUrl>
        <Point>
          <coordinates>-41.76527887316035,-3.1227830425761596,0</coordinates>
        </Point>
      </Placemark>
      <Placemark>
        <name>ef_charlie_delta_cd_ip6.296</name>
        <description>ID: ef_charlie_delta_cd_ip6.296
Coordenadas: (-82.46, 51.65)
GPS: (-3.12273498, -41.76527887)</description>
        <styleUrl>#node_style</styleUrl>
        <Point>
          <coordinates>-41.76527887316035,-3.1227349761414156,0</coordinates>
        </Point>
      </Placemark>
      <Placemark>
        <name>ef_charlie_delta_cd_ip6.300</name>
        <description>ID: ef_charlie_delta_cd_ip6.300
Coordenadas: (-82.46, 54.20)
GPS: (-3.12271213, -41.76527887)</description>
        <styleUrl>#node_style</styleUrl>
        <Point>
          <coordinates>-41.76527887316035,-3.122712125562976,0</coordinates>
        </Point>
      </Placemark>
      <Placemark>
        <name>ef_charlie_delta_cd_ip6.295</name>
        <description>ID: ef_charlie_delta_cd_ip6.295
Coordenadas: (-82.46, 56.70)
GPS: (-3.12268964, -41.76527887)</description>
        <styleUrl>#node_style</styleUrl>
        <Point>
          <coordinates>-41.76527887316035,-3.1226896379060163,0</coordinates>
        </Point>
      </Placemark>
      <Placemark>
        <name>ef_charlie_delta_cd_ip1.245</name>
        <description>ID: ef_charlie_delta_cd_ip1.245
Coordenadas: (-81.04, 6.27)
GPS: (-3.12314271, -41.76526610)</description>
        <styleUrl>#node_style</styleUrl>
        <Point>
          <coordinates>-41.765266100733285,-3.1231427121360826,0</coordinates>
        </Point>
      </Placemark>
      <Placemark>
        <name>pp_1</name>
        <description>ID: pp_1
Coordenadas: (-81.04, 9.20)
GPS: (-3.12311637, -41.76526610)</description>
        <styleUrl>#node_style</styleUrl>
        <Point>
          <coordinates>-41.765266100733285,-3.1231163697858775,0</coordinates>
        </Point>
      </Placemark>
      <Placemark>
        <name>ef_charlie_delta_cd_ip2.252</name>
        <description>ID: ef_charlie_delta_cd_ip2.252
Coordenadas: (-81.04, 11.44)
GPS: (-3.12309622, -41.76526610)</description>
        <styleUrl>#node_style</styleUrl>
        <Point>
          <coordinates>-41.765266100733285,-3.1230962213554876,0</coordinates>
        </Point>
      </Placemark>
      <Placemark>
        <name>ef_charlie_delta_cd_ip2.254</name>
        <description>ID: ef_charlie_delta_cd_ip2.254
Coordenadas: (-81.04, 16.49)
GPS: (-3.12305088, -41.76526610)</description>
        <styleUrl>#node_style</styleUrl>
        <Point>
          <coordinates>-41.765266100733285,-3.1230508822217673,0</coordinates>
        </Point>
      </Placemark>
      <Placemark>
        <name>ef_charlie_delta_cd_ip3.262</name>
        <description>ID: ef_charlie_delta_cd_ip3.262
Coordenadas: (-81.04, 21.26)
GPS: (-3.12300806, -41.76526610)</description>
        <styleUrl>#node_style</styleUrl>
        <Point>
          <coordinates>-41.765266100733285,-3.1230080601820753,0</coordinates>
        </Point>
      </Placemark>
      <Placemark>
        <name>ef_charlie_delta_cd_ip3.267</name>
        <description>ID: ef_charlie_delta_cd_ip3.267
Coordenadas: (-81.04, 26.30)
GPS: (-3.12296272, -41.76526610)</description>
        <styleUrl>#node_style</styleUrl>
        <Point>
          <coordinates>-41.765266100733285,-3.1229627219466756,0</coordinates>
        </Point>
      </Placemark>
      <Placemark>
        <name>ef_charlie_delta_cd_ip4.273</name>
        <description>ID: ef_charlie_delta_cd_ip4.273
Coordenadas: (-81.04, 31.26)
GPS: (-3.12291819, -41.76526610)</description>
        <styleUrl>#node_style</styleUrl>
        <Point>
          <coordinates>-41.765266100733285,-3.1229181850131575,0</coordinates>
        </Point>
      </Placemark>
      <Placemark>
        <name>ef_charlie_delta_cd_ip4.279</name>
        <description>ID: ef_charlie_delta_cd_ip4.279
Coordenadas: (-81.04, 36.31)
GPS: (-3.12287285, -41.76526610)</description>
        <styleUrl>#node_style</styleUrl>
        <Point>
          <coordinates>-41.765266100733285,-3.1228728467777582,0</coordinates>
        </Point>
      </Placemark>
      <Placemark>
        <name>pp_2</name>
        <description>ID: pp_2
Coordenadas: (-81.04, 39.20)
GPS: (-3.12284687, -41.76526610)</description>
        <styleUrl>#node_style</styleUrl>
        <Point>
          <coordinates>-41.765266100733285,-3.1228468736372763,0</coordinates>
        </Point>
      </Placemark>
      <Placemark>
        <name>ef_charlie_delta_cd_ip5.288</name>
        <description>ID: ef_charlie_delta_cd_ip5.288
Coordenadas: (-81.04, 41.26)
GPS: (-3.12282838, -41.76526610)</description>
        <styleUrl>#node_style</styleUrl>
        <Point>
          <coordinates>-41.765266100733285,-3.12282838170988,0</coordinates>
        </Point>
      </Placemark>
      <Placemark>
        <name>ef_charlie_delta_cd_ip5.282</name>
        <description>ID: ef_charlie_delta_cd_ip5.282
Coordenadas: (-81.04, 46.30)
GPS: (-3.12278304, -41.76526610)</description>
        <styleUrl>#node_style</styleUrl>
        <Point>
          <coordinates>-41.765266100733285,-3.1227830425761596,0</coordinates>
        </Point>
      </Placemark>
      <Placemark>
        <name>ef_charlie_delta_cd_ip6.294</name>
        <description>ID: ef_charlie_delta_cd_ip6.294
Coordenadas: (-81.04, 51.65)
GPS: (-3.12273498, -41.76526610)</description>
        <styleUrl>#node_style</styleUrl>
        <Point>
          <coordinates>-41.765266100733285,-3.1227349761414156,0</coordinates>
        </Point>
      </Placemark>
      <Placemark>
        <name>ef_charlie_delta_cd_ip1.242</name>
        <description>ID: ef_charlie_delta_cd_ip1.242
Coordenadas: (-78.04, 6.27)
GPS: (-3.12314271, -41.76523911)</description>
        <styleUrl>#node_style</styleUrl>
        <Point>
          <coordinates>-41.765239111030404,-3.1231427121360826,0</coordinates>
        </Point>
      </Placemark>
      <Placemark>
        <name>pp_3</name>
        <description>ID: pp_3
Coordenadas: (-78.04, 9.20)
GPS: (-3.12311637, -41.76523911)</description>
        <styleUrl>#node_style</styleUrl>
        <Point>
          <coordinates>-41.765239111030404,-3.1231163697858775,0</coordinates>
        </Point>
      </Placemark>
      <Placemark>
        <name>ef_charlie_delta_cd_ip2.249</name>
        <description>ID: ef_charlie_delta_cd_ip2.249
Coordenadas: (-78.04, 11.44)
GPS: (-3.12309622, -41.76523911)</description>
        <styleUrl>#node_style</styleUrl>
        <Point>
          <coordinates>-41.765239111030404,-3.1230962213554876,0</coordinates>
        </Point>
      </Placemark>
      <Placemark>
        <name>ef_charlie_delta_cd_ip2.255</name>
        <description>ID: ef_charlie_delta_cd_ip2.255
Coordenadas: (-78.04, 16.49)
GPS: (-3.12305088, -41.76523911)</description>
        <styleUrl>#node_style</styleUrl>
        <Point>
          <coordinates>-41.765239111030404,-3.1230508822217673,0</coordinates>
        </Point>
      </Placemark>
      <Placemark>
        <name>ef_charlie_delta_cd_ip3.268</name>
        <description>ID: ef_charlie_delta_cd_ip3.268
Coordenadas: (-78.04, 21.26)
GPS: (-3.12300806, -41.76523911)</description>
        <styleUrl>#node_style</styleUrl>
        <Point>
          <coordinates>-41.765239111030404,-3.1230080601820753,0</coordinates>
        </Point>
      </Placemark>
      <Placemark>
        <name>ef_charlie_delta_cd_ip3.260</name>
        <description>ID: ef_charlie_delta_cd_ip3.260
Coordenadas: (-78.04, 26.30)
GPS: (-3.12296272, -41.76523911)</description>
        <styleUrl>#node_style</styleUrl>
        <Point>
          <coordinates>-41.765239111030404,-3.1229627219466756,0</coordinates>
        </Point>
      </Placemark>
      <Placemark>
        <name>ef_charlie_delta_cd_ip4.274</name>
        <description>ID: ef_charlie_delta_cd_ip4.274
Coordenadas: (-78.04, 31.26)
GPS: (-3.12291819, -41.76523911)</description>
        <styleUrl>#node_style</styleUrl>
        <Point>
          <coordinates>-41.765239111030404,-3.1229181850131575,0</coordinates>
        </Point>
      </Placemark>
      <Placemark>
        <name>ef_charlie_delta_cd_ip4.276</name>
        <description>ID: ef_charlie_delta_cd_ip4.276
Coordenadas: (-78.04, 36.31)
GPS: (-3.12287285, -41.76523911)</description>
        <styleUrl>#node_style</styleUrl>
        <Point>
          <coordinates>-41.765239111030404,-3.1228728467777582,0</coordinates>
        </Point>
      </Placemark>
      <Placemark>
        <name>pp_4</name>
        <description>ID: pp_4
Coordenadas: (-78.04, 39.20)
GPS: (-3.12284687, -41.76523911)</description>
        <styleUrl>#node_style</styleUrl>
        <Point>
          <coordinates>-41.765239111030404,-3.1228468736372763,0</coordinates>
        </Point>
      </Placemark>
      <Placemark>
        <name>ef_charlie_delta_cd_ip5.285</name>
        <description>ID: ef_charlie_delta_cd_ip5.285
Coordenadas: (-78.04, 41.26)
GPS: (-3.12282838, -41.76523911)</description>
        <styleUrl>#node_style</styleUrl>
        <Point>
          <coordinates>-41.765239111030404,-3.12282838170988,0</coordinates>
        </Point>
      </Placemark>
      <Placemark>
        <name>ef_charlie_delta_cd_ip5.284</name>
        <description>ID: ef_charlie_delta_cd_ip5.284
Coordenadas: (-78.04, 46.30)
GPS: (-3.12278304, -41.76523911)</description>
        <styleUrl>#node_style</styleUrl>
        <Point>
          <coordinates>-41.765239111030404,-3.1227830425761596,0</coordinates>
        </Point>
      </Placemark>
      <Placemark>
        <name>ef_charlie_delta_cd_ip6.301</name>
        <description>ID: ef_charlie_delta_cd_ip6.301
Coordenadas: (-78.04, 51.65)
GPS: (-3.12273498, -41.76523911)</description>
        <styleUrl>#node_style</styleUrl>
        <Point>
          <coordinates>-41.765239111030404,-3.1227349761414156,0</coordinates>
        </Point>
      </Placemark>
      <Placemark>
        <name>ef_charlie_delta_cd_ip2.253</name>
        <description>ID: ef_charlie_delta_cd_ip2.253
Coordenadas: (-77.01, 11.44)
GPS: (-3.12309622, -41.76522986)</description>
        <styleUrl>#node_style</styleUrl>
        <Point>
          <coordinates>-41.76522986165923,-3.1230962213554876,0</coordinates>
        </Point>
      </Placemark>
      <Placemark>
        <name>ef_charlie_delta_cd_ip2.257</name>
        <description>ID: ef_charlie_delta_cd_ip2.257
Coordenadas: (-77.01, 12.20)
GPS: (-3.12308942, -41.76522986)</description>
        <styleUrl>#node_style</styleUrl>
        <Point>
          <coordinates>-41.76522986165923,-3.1230894201710173,0</coordinates>
        </Point>
      </Placemark>
      <Placemark>
        <name>ef_charlie_delta_cd_ip2.259</name>
        <description>ID: ef_charlie_delta_cd_ip2.259
Coordenadas: (-77.01, 15.20)
GPS: (-3.12306247, -41.76522986)</description>
        <styleUrl>#node_style</styleUrl>
        <Point>
          <coordinates>-41.76522986165923,-3.123062470556157,0</coordinates>
        </Point>
      </Placemark>
      <Placemark>
        <name>ef_charlie_delta_cd_ip2.258</name>
        <description>ID: ef_charlie_delta_cd_ip2.258
Coordenadas: (-77.01, 16.49)
GPS: (-3.12305088, -41.76522986)</description>
        <styleUrl>#node_style</styleUrl>
        <Point>
          <coordinates>-41.76522986165923,-3.1230508822217673,0</coordinates>
        </Point>
      </Placemark>
      <Placemark>
        <name>ef_charlie_delta_cd_ip3.265</name>
        <description>ID: ef_charlie_delta_cd_ip3.265
Coordenadas: (-77.01, 21.26)
GPS: (-3.12300806, -41.76522986)</description>
        <styleUrl>#node_style</styleUrl>
        <Point>
          <coordinates>-41.76522986165923,-3.1230080601820753,0</coordinates>
        </Point>
      </Placemark>
      <Placemark>
        <name>ef_charlie_delta_cd_ip3.266</name>
        <description>ID: ef_charlie_delta_cd_ip3.266
Coordenadas: (-77.01, 24.20)
GPS: (-3.12298162, -41.76522986)</description>
        <styleUrl>#node_style</styleUrl>
        <Point>
          <coordinates>-41.76522986165923,-3.122981621711577,0</coordinates>
        </Point>
      </Placemark>
      <Placemark>
        <name>ef_charlie_delta_cd_ip3.263</name>
        <description>ID: ef_charlie_delta_cd_ip3.263
Coordenadas: (-77.01, 26.30)
GPS: (-3.12296272, -41.76522986)</description>
        <styleUrl>#node_style</styleUrl>
        <Point>
          <coordinates>-41.76522986165923,-3.1229627219466756,0</coordinates>
        </Point>
      </Placemark>
      <Placemark>
        <name>ef_charlie_delta_cd_ip4.281</name>
        <description>ID: ef_charlie_delta_cd_ip4.281
Coordenadas: (-77.01, 31.26)
GPS: (-3.12291819, -41.76522986)</description>
        <styleUrl>#node_style</styleUrl>
        <Point>
          <coordinates>-41.76522986165923,-3.1229181850131575,0</coordinates>
        </Point>
      </Placemark>
      <Placemark>
        <name>ef_charlie_delta_cd_ip4.275</name>
        <description>ID: ef_charlie_delta_cd_ip4.275
Coordenadas: (-77.01, 33.20)
GPS: (-3.12290077, -41.76522986)</description>
        <styleUrl>#node_style</styleUrl>
        <Point>
          <coordinates>-41.76522986165923,-3.1229007728669966,0</coordinates>
        </Point>
      </Placemark>
      <Placemark>
        <name>ef_charlie_delta_cd_ip4.277</name>
        <description>ID: ef_charlie_delta_cd_ip4.277
Coordenadas: (-77.01, 36.20)
GPS: (-3.12287382, -41.76522986)</description>
        <styleUrl>#node_style</styleUrl>
        <Point>
          <coordinates>-41.76522986165923,-3.1228738232521365,0</coordinates>
        </Point>
      </Placemark>
      <Placemark>
        <name>ef_charlie_delta_cd_ip4.278</name>
        <description>ID: ef_charlie_delta_cd_ip4.278
Coordenadas: (-77.01, 36.31)
GPS: (-3.12287285, -41.76522986)</description>
        <styleUrl>#node_style</styleUrl>
        <Point>
          <coordinates>-41.76522986165923,-3.1228728467777582,0</coordinates>
        </Point>
      </Placemark>
      <Placemark>
        <name>ef_charlie_delta_cd_ip5.290</name>
        <description>ID: ef_charlie_delta_cd_ip5.290
Coordenadas: (-77.01, 41.26)
GPS: (-3.12282838, -41.76522986)</description>
        <styleUrl>#node_style</styleUrl>
        <Point>
          <coordinates>-41.76522986165923,-3.12282838170988,0</coordinates>
        </Point>
      </Placemark>
      <Placemark>
        <name>ef_charlie_delta_cd_ip5.283</name>
        <description>ID: ef_charlie_delta_cd_ip5.283
Coordenadas: (-77.01, 42.20)
GPS: (-3.12281992, -41.76522986)</description>
        <styleUrl>#node_style</styleUrl>
        <Point>
          <coordinates>-41.76522986165923,-3.122819924022416,0</coordinates>
        </Point>
      </Placemark>
      <Placemark>
        <name>ef_charlie_delta_cd_ip5.289</name>
        <description>ID: ef_charlie_delta_cd_ip5.289
Coordenadas: (-77.01, 45.20)
GPS: (-3.12279297, -41.76522986)</description>
        <styleUrl>#node_style</styleUrl>
        <Point>
          <coordinates>-41.76522986165923,-3.122792974407556,0</coordinates>
        </Point>
      </Placemark>
      <Placemark>
        <name>ef_charlie_delta_cd_ip5.287</name>
        <description>ID: ef_charlie_delta_cd_ip5.287
Coordenadas: (-77.01, 46.30)
GPS: (-3.12278304, -41.76522986)</description>
        <styleUrl>#node_style</styleUrl>
        <Point>
          <coordinates>-41.76522986165923,-3.1227830425761596,0</coordinates>
        </Point>
      </Placemark>
      <Placemark>
        <name>ef_charlie_delta_cd_ip6.297</name>
        <description>ID: ef_charlie_delta_cd_ip6.297
Coordenadas: (-77.01, 51.65)
GPS: (-3.12273498, -41.76522986)</description>
        <styleUrl>#node_style</styleUrl>
        <Point>
          <coordinates>-41.76522986165923,-3.1227349761414156,0</coordinates>
        </Point>
      </Placemark>
      <Placemark>
        <name>ef_charlie_delta_cd_ip6.299</name>
        <description>ID: ef_charlie_delta_cd_ip6.299
Coordenadas: (-77.01, 54.20)
GPS: (-3.12271213, -41.76522986)</description>
        <styleUrl>#node_style</styleUrl>
        <Point>
          <coordinates>-41.76522986165923,-3.122712125562976,0</coordinates>
        </Point>
      </Placemark>
      <Placemark>
        <name>ef_charlie_delta_cd_ip6.298</name>
        <description>ID: ef_charlie_delta_cd_ip6.298
Coordenadas: (-77.01, 56.70)
GPS: (-3.12268964, -41.76522986)</description>
        <styleUrl>#node_style</styleUrl>
        <Point>
          <coordinates>-41.76522986165923,-3.1226896379060163,0</coordinates>
        </Point>
      </Placemark>
      <Placemark>
        <name>ef_charlie_delta_cd_ip1.241</name>
        <description>ID: ef_charlie_delta_cd_ip1.241
Coordenadas: (-77.01, 1.22)
GPS: (-3.12318805, -41.76522986)</description>
        <styleUrl>#node_style</styleUrl>
        <Point>
          <coordinates>-41.76522986075957,-3.1231880503714824,0</coordinates>
        </Point>
      </Placemark>
      <Placemark>
        <name>ef_charlie_delta_cd_ip1.244</name>
        <description>ID: ef_charlie_delta_cd_ip1.244
Coordenadas: (-77.01, 3.20)
GPS: (-3.12317027, -41.76522986)</description>
        <styleUrl>#node_style</styleUrl>
        <Point>
          <coordinates>-41.76522986075957,-3.123170269015598,0</coordinates>
        </Point>
      </Placemark>
      <Placemark>
        <name>ef_charlie_delta_cd_ip1.246</name>
        <description>ID: ef_charlie_delta_cd_ip1.246
Coordenadas: (-77.01, 6.20)
GPS: (-3.12314332, -41.76522986)</description>
        <styleUrl>#node_style</styleUrl>
        <Point>
          <coordinates>-41.76522986075957,-3.1231433194007376,0</coordinates>
        </Point>
      </Placemark>
      <Placemark>
        <name>ef_charlie_delta_cd_ip1.247</name>
        <description>ID: ef_charlie_delta_cd_ip1.247
Coordenadas: (-77.01, 6.27)
GPS: (-3.12314271, -41.76522986)</description>
        <styleUrl>#node_style</styleUrl>
        <Point>
          <coordinates>-41.76522986075957,-3.1231427121360826,0</coordinates>
        </Point>
      </Placemark>
      <Placemark>
        <name>ef_charlie_delta_cd_ip7.307</name>
        <description>ID: ef_charlie_delta_cd_ip7.307
Coordenadas: (-72.18, 1.46)
GPS: (-3.12318585, -41.76518638)</description>
        <styleUrl>#node_style</styleUrl>
        <Point>
          <coordinates>-41.76518637764926,-3.1231858521812303,0</coordinates>
        </Point>
      </Placemark>
      <Placemark>
        <name>ef_charlie_delta_cd_ip7.302</name>
        <description>ID: ef_charlie_delta_cd_ip7.302
Coordenadas: (-72.18, 3.20)
GPS: (-3.12317027, -41.76518638)</description>
        <styleUrl>#node_style</styleUrl>
        <Point>
          <coordinates>-41.76518637764926,-3.123170269015598,0</coordinates>
        </Point>
      </Placemark>
      <Placemark>
        <name>ef_charlie_delta_cd_ip7.310</name>
        <description>ID: ef_charlie_delta_cd_ip7.310
Coordenadas: (-72.18, 6.20)
GPS: (-3.12314332, -41.76518638)</description>
        <styleUrl>#node_style</styleUrl>
        <Point>
          <coordinates>-41.76518637764926,-3.1231433194007376,0</coordinates>
        </Point>
      </Placemark>
      <Placemark>
        <name>ef_charlie_delta_cd_ip7.304</name>
        <description>ID: ef_charlie_delta_cd_ip7.304
Coordenadas: (-72.18, 6.51)
GPS: (-3.12314051, -41.76518638)</description>
        <styleUrl>#node_style</styleUrl>
        <Point>
          <coordinates>-41.76518637764926,-3.12314051304751,0</coordinates>
        </Point>
      </Placemark>
      <Placemark>
        <name>ef_charlie_delta_cd_ip8.316</name>
        <description>ID: ef_charlie_delta_cd_ip8.316
Coordenadas: (-72.18, 9.14)
GPS: (-3.12311685, -41.76518638)</description>
        <styleUrl>#node_style</styleUrl>
        <Point>
          <coordinates>-41.76518637764926,-3.1231168485907017,0</coordinates>
        </Point>
      </Placemark>
      <Placemark>
        <name>ef_charlie_delta_cd_ip8.317</name>
        <description>ID: ef_charlie_delta_cd_ip8.317
Coordenadas: (-72.18, 9.20)
GPS: (-3.12311637, -41.76518638)</description>
        <styleUrl>#node_style</styleUrl>
        <Point>
          <coordinates>-41.76518637764926,-3.1231163697858775,0</coordinates>
        </Point>
      </Placemark>
      <Placemark>
        <name>ef_charlie_delta_cd_ip8.313</name>
        <description>ID: ef_charlie_delta_cd_ip8.313
Coordenadas: (-72.18, 12.20)
GPS: (-3.12308942, -41.76518638)</description>
        <styleUrl>#node_style</styleUrl>
        <Point>
          <coordinates>-41.76518637764926,-3.1230894201710173,0</coordinates>
        </Point>
      </Placemark>
      <Placemark>
        <name>ef_charlie_delta_cd_ip8.318</name>
        <description>ID: ef_charlie_delta_cd_ip8.318
Coordenadas: (-72.18, 14.19)
GPS: (-3.12307151, -41.76518638)</description>
        <styleUrl>#node_style</styleUrl>
        <Point>
          <coordinates>-41.76518637764926,-3.1230715094569814,0</coordinates>
        </Point>
      </Placemark>
      <Placemark>
        <name>ef_charlie_delta_cd_ip9.330</name>
        <description>ID: ef_charlie_delta_cd_ip9.330
Coordenadas: (-72.18, 16.72)
GPS: (-3.12304878, -41.76518638)</description>
        <styleUrl>#node_style</styleUrl>
        <Point>
          <coordinates>-41.76518637764926,-3.1230487837450904,0</coordinates>
        </Point>
      </Placemark>
      <Placemark>
        <name>ef_charlie_delta_cd_ip9.325</name>
        <description>ID: ef_charlie_delta_cd_ip9.325
Coordenadas: (-72.18, 24.20)
GPS: (-3.12298162, -41.76518638)</description>
        <styleUrl>#node_style</styleUrl>
        <Point>
          <coordinates>-41.76518637764926,-3.122981621711577,0</coordinates>
        </Point>
      </Placemark>
      <Placemark>
        <name>ef_charlie_delta_cd_ip10.326</name>
        <description>ID: ef_charlie_delta_cd_ip10.326
Coordenadas: (-72.18, 27.20)
GPS: (-3.12295467, -41.76518638)</description>
        <styleUrl>#node_style</styleUrl>
        <Point>
          <coordinates>-41.76518637764926,-3.122954672096717,0</coordinates>
        </Point>
      </Placemark>
      <Placemark>
        <name>ef_charlie_delta_cd_ip10.336</name>
        <description>ID: ef_charlie_delta_cd_ip10.336
Coordenadas: (-72.18, 27.44)
GPS: (-3.12295248, -41.76518638)</description>
        <styleUrl>#node_style</styleUrl>
        <Point>
          <coordinates>-41.76518637764926,-3.122952484686311,0</coordinates>
        </Point>
      </Placemark>
      <Placemark>
        <name>ef_charlie_delta_cd_ip10.371</name>
        <description>ID: ef_charlie_delta_cd_ip10.371
Coordenadas: (-72.18, 29.57)
GPS: (-3.12293339, -41.76518638)</description>
        <styleUrl>#node_style</styleUrl>
        <Point>
          <coordinates>-41.76518637764926,-3.1229333890875415,0</coordinates>
        </Point>
      </Placemark>
      <Placemark>
        <name>ef_charlie_delta_cd_ip10.368</name>
        <description>ID: ef_charlie_delta_cd_ip10.368
Coordenadas: (-72.18, 30.20)
GPS: (-3.12292772, -41.76518638)</description>
        <styleUrl>#node_style</styleUrl>
        <Point>
          <coordinates>-41.76518637764926,-3.122927722481857,0</coordinates>
        </Point>
      </Placemark>
      <Placemark>
        <name>ef_charlie_delta_cd_ip10.362</name>
        <description>ID: ef_charlie_delta_cd_ip10.362
Coordenadas: (-72.18, 33.20)
GPS: (-3.12290077, -41.76518638)</description>
        <styleUrl>#node_style</styleUrl>
        <Point>
          <coordinates>-41.76518637764926,-3.1229007728669966,0</coordinates>
        </Point>
      </Placemark>
      <Placemark>
        <name>ef_charlie_delta_cd_ip10.361</name>
        <description>ID: ef_charlie_delta_cd_ip10.361
Coordenadas: (-72.18, 34.61)
GPS: (-3.12288805, -41.76518638)</description>
        <styleUrl>#node_style</styleUrl>
        <Point>
          <coordinates>-41.76518637764926,-3.1228880508521417,0</coordinates>
        </Point>
      </Placemark>
      <Placemark>
        <name>ef_charlie_delta_cd_ip11.356</name>
        <description>ID: ef_charlie_delta_cd_ip11.356
Coordenadas: (-72.18, 37.18)
GPS: (-3.12286505, -41.76518638)</description>
        <styleUrl>#node_style</styleUrl>
        <Point>
          <coordinates>-41.76518637764926,-3.122865046660897,0</coordinates>
        </Point>
      </Placemark>
      <Placemark>
        <name>ef_charlie_delta_cd_ip11.359</name>
        <description>ID: ef_charlie_delta_cd_ip11.359
Coordenadas: (-72.18, 39.20)
GPS: (-3.12284687, -41.76518638)</description>
        <styleUrl>#node_style</styleUrl>
        <Point>
          <coordinates>-41.76518637764926,-3.1228468736372763,0</coordinates>
        </Point>
      </Placemark>
      <Placemark>
        <name>ef_charlie_delta_cd_ip11.357</name>
        <description>ID: ef_charlie_delta_cd_ip11.357
Coordenadas: (-72.18, 42.20)
GPS: (-3.12281992, -41.76518638)</description>
        <styleUrl>#node_style</styleUrl>
        <Point>
          <coordinates>-41.76518637764926,-3.122819924022416,0</coordinates>
        </Point>
      </Placemark>
      <Placemark>
        <name>ef_charlie_delta_cd_ip11.350</name>
        <description>ID: ef_charlie_delta_cd_ip11.350
Coordenadas: (-72.18, 42.22)
GPS: (-3.12281971, -41.76518638)</description>
        <styleUrl>#node_style</styleUrl>
        <Point>
          <coordinates>-41.76518637764926,-3.1228197084254976,0</coordinates>
        </Point>
      </Placemark>
      <Placemark>
        <name>ef_charlie_delta_cd_ip12.339</name>
        <description>ID: ef_charlie_delta_cd_ip12.339
Coordenadas: (-72.18, 44.69)
GPS: (-3.12279750, -41.76518638)</description>
        <styleUrl>#node_style</styleUrl>
        <Point>
          <coordinates>-41.76518637764926,-3.1227974983495708,0</coordinates>
        </Point>
      </Placemark>
      <Placemark>
        <name>ef_charlie_delta_cd_ip12.345</name>
        <description>ID: ef_charlie_delta_cd_ip12.345
Coordenadas: (-72.18, 45.20)
GPS: (-3.12279297, -41.76518638)</description>
        <styleUrl>#node_style</styleUrl>
        <Point>
          <coordinates>-41.76518637764926,-3.122792974407556,0</coordinates>
        </Point>
      </Placemark>
      <Placemark>
        <name>ef_charlie_delta_cd_ip12.340</name>
        <description>ID: ef_charlie_delta_cd_ip12.340
Coordenadas: (-72.18, 48.20)
GPS: (-3.12276602, -41.76518638)</description>
        <styleUrl>#node_style</styleUrl>
        <Point>
          <coordinates>-41.76518637764926,-3.1227660247926963,0</coordinates>
        </Point>
      </Placemark>
      <Placemark>
        <name>ef_charlie_delta_cd_ip12.344</name>
        <description>ID: ef_charlie_delta_cd_ip12.344
Coordenadas: (-72.18, 49.74)
GPS: (-3.12275216, -41.76518638)</description>
        <styleUrl>#node_style</styleUrl>
        <Point>
          <coordinates>-41.76518637764926,-3.1227521592158505,0</coordinates>
        </Point>
      </Placemark>
      <Placemark>
        <name>ef_charlie_delta_cd_ip7.308</name>
        <description>ID: ef_charlie_delta_cd_ip7.308
Coordenadas: (-72.04, 6.51)
GPS: (-3.12314051, -41.76518513)</description>
        <styleUrl>#node_style</styleUrl>
        <Point>
          <coordinates>-41.76518513162464,-3.12314051304751,0</coordinates>
        </Point>
      </Placemark>
      <Placemark>
        <name>ef_charlie_delta_cd_ip8.321</name>
        <description>ID: ef_charlie_delta_cd_ip8.321
Coordenadas: (-72.04, 9.14)
GPS: (-3.12311685, -41.76518513)</description>
        <styleUrl>#node_style</styleUrl>
        <Point>
          <coordinates>-41.76518513162464,-3.1231168485907017,0</coordinates>
        </Point>
      </Placemark>
      <Placemark>
        <name>ef_charlie_delta_cd_ip8.315</name>
        <description>ID: ef_charlie_delta_cd_ip8.315
Coordenadas: (-72.04, 14.19)
GPS: (-3.12307151, -41.76518513)</description>
        <styleUrl>#node_style</styleUrl>
        <Point>
          <coordinates>-41.76518513162464,-3.1230715094569814,0</coordinates>
        </Point>
      </Placemark>
      <Placemark>
        <name>ef_charlie_delta_cd_ip9.335</name>
        <description>ID: ef_charlie_delta_cd_ip9.335
Coordenadas: (-72.04, 16.72)
GPS: (-3.12304878, -41.76518513)</description>
        <styleUrl>#node_style</styleUrl>
        <Point>
          <coordinates>-41.76518513162464,-3.1230487837450904,0</coordinates>
        </Point>
      </Placemark>
      <Placemark>
        <name>ef_charlie_delta_cd_ip10.334</name>
        <description>ID: ef_charlie_delta_cd_ip10.334
Coordenadas: (-72.04, 27.44)
GPS: (-3.12295248, -41.76518513)</description>
        <styleUrl>#node_style</styleUrl>
        <Point>
          <coordinates>-41.76518513162464,-3.122952484686311,0</coordinates>
        </Point>
      </Placemark>
      <Placemark>
        <name>ef_charlie_delta_cd_ip10.369</name>
        <description>ID: ef_charlie_delta_cd_ip10.369
Coordenadas: (-72.04, 29.57)
GPS: (-3.12293339, -41.76518513)</description>
        <styleUrl>#node_style</styleUrl>
        <Point>
          <coordinates>-41.76518513162464,-3.1229333890875415,0</coordinates>
        </Point>
      </Placemark>
      <Placemark>
        <name>ef_charlie_delta_cd_ip10.370</name>
        <description>ID: ef_charlie_delta_cd_ip10.370
Coordenadas: (-72.04, 34.61)
GPS: (-3.12288805, -41.76518513)</description>
        <styleUrl>#node_style</styleUrl>
        <Point>
          <coordinates>-41.76518513162464,-3.1228880508521417,0</coordinates>
        </Point>
      </Placemark>
      <Placemark>
        <name>ef_charlie_delta_cd_ip11.352</name>
        <description>ID: ef_charlie_delta_cd_ip11.352
Coordenadas: (-72.04, 37.18)
GPS: (-3.12286505, -41.76518513)</description>
        <styleUrl>#node_style</styleUrl>
        <Point>
          <coordinates>-41.76518513162464,-3.122865046660897,0</coordinates>
        </Point>
      </Placemark>
      <Placemark>
        <name>ef_charlie_delta_cd_ip11.355</name>
        <description>ID: ef_charlie_delta_cd_ip11.355
Coordenadas: (-72.04, 42.22)
GPS: (-3.12281971, -41.76518513)</description>
        <styleUrl>#node_style</styleUrl>
        <Point>
          <coordinates>-41.76518513162464,-3.1228197084254976,0</coordinates>
        </Point>
      </Placemark>
      <Placemark>
        <name>ef_charlie_delta_cd_ip12.341</name>
        <description>ID: ef_charlie_delta_cd_ip12.341
Coordenadas: (-72.04, 44.69)
GPS: (-3.12279750, -41.76518513)</description>
        <styleUrl>#node_style</styleUrl>
        <Point>
          <coordinates>-41.76518513162464,-3.1227974983495708,0</coordinates>
        </Point>
      </Placemark>
      <Placemark>
        <name>ef_charlie_delta_cd_ip7.306</name>
        <description>ID: ef_charlie_delta_cd_ip7.306
Coordenadas: (-69.04, 6.51)
GPS: (-3.12314051, -41.76515814)</description>
        <styleUrl>#node_style</styleUrl>
        <Point>
          <coordinates>-41.76515814192176,-3.12314051304751,0</coordinates>
        </Point>
      </Placemark>
      <Placemark>
        <name>ef_charlie_delta_cd_ip8.314</name>
        <description>ID: ef_charlie_delta_cd_ip8.314
Coordenadas: (-69.04, 9.14)
GPS: (-3.12311685, -41.76515814)</description>
        <styleUrl>#node_style</styleUrl>
        <Point>
          <coordinates>-41.76515814192176,-3.1231168485907017,0</coordinates>
        </Point>
      </Placemark>
      <Placemark>
        <name>ef_charlie_delta_cd_ip8.312</name>
        <description>ID: ef_charlie_delta_cd_ip8.312
Coordenadas: (-69.04, 14.19)
GPS: (-3.12307151, -41.76515814)</description>
        <styleUrl>#node_style</styleUrl>
        <Point>
          <coordinates>-41.76515814192176,-3.1230715094569814,0</coordinates>
        </Point>
      </Placemark>
      <Placemark>
        <name>ef_charlie_delta_cd_ip9.327</name>
        <description>ID: ef_charlie_delta_cd_ip9.327
Coordenadas: (-69.04, 16.72)
GPS: (-3.12304878, -41.76515814)</description>
        <styleUrl>#node_style</styleUrl>
        <Point>
          <coordinates>-41.76515814192176,-3.1230487837450904,0</coordinates>
        </Point>
      </Placemark>
      <Placemark>
        <name>ef_charlie_delta_cd_ip10.337</name>
        <description>ID: ef_charlie_delta_cd_ip10.337
Coordenadas: (-69.04, 27.44)
GPS: (-3.12295248, -41.76515814)</description>
        <styleUrl>#node_style</styleUrl>
        <Point>
          <coordinates>-41.76515814192176,-3.122952484686311,0</coordinates>
        </Point>
      </Placemark>
      <Placemark>
        <name>ef_charlie_delta_cd_ip10.365</name>
        <description>ID: ef_charlie_delta_cd_ip10.365
Coordenadas: (-69.04, 29.57)
GPS: (-3.12293339, -41.76515814)</description>
        <styleUrl>#node_style</styleUrl>
        <Point>
          <coordinates>-41.76515814192176,-3.1229333890875415,0</coordinates>
        </Point>
      </Placemark>
      <Placemark>
        <name>ef_charlie_delta_cd_ip10.366</name>
        <description>ID: ef_charlie_delta_cd_ip10.366
Coordenadas: (-69.04, 34.61)
GPS: (-3.12288805, -41.76515814)</description>
        <styleUrl>#node_style</styleUrl>
        <Point>
          <coordinates>-41.76515814192176,-3.1228880508521417,0</coordinates>
        </Point>
      </Placemark>
      <Placemark>
        <name>ef_charlie_delta_cd_ip11.353</name>
        <description>ID: ef_charlie_delta_cd_ip11.353
Coordenadas: (-69.04, 37.18)
GPS: (-3.12286505, -41.76515814)</description>
        <styleUrl>#node_style</styleUrl>
        <Point>
          <coordinates>-41.76515814192176,-3.122865046660897,0</coordinates>
        </Point>
      </Placemark>
      <Placemark>
        <name>ef_charlie_delta_cd_ip11.348</name>
        <description>ID: ef_charlie_delta_cd_ip11.348
Coordenadas: (-69.04, 42.22)
GPS: (-3.12281971, -41.76515814)</description>
        <styleUrl>#node_style</styleUrl>
        <Point>
          <coordinates>-41.76515814192176,-3.1228197084254976,0</coordinates>
        </Point>
      </Placemark>
      <Placemark>
        <name>ef_charlie_delta_cd_ip12.342</name>
        <description>ID: ef_charlie_delta_cd_ip12.342
Coordenadas: (-69.04, 44.69)
GPS: (-3.12279750, -41.76515814)</description>
        <styleUrl>#node_style</styleUrl>
        <Point>
          <coordinates>-41.76515814192176,-3.1227974983495708,0</coordinates>
        </Point>
      </Placemark>
      <Placemark>
        <name>ef_charlie_delta_cd_ip7.311</name>
        <description>ID: ef_charlie_delta_cd_ip7.311
Coordenadas: (-66.73, 1.46)
GPS: (-3.12318585, -41.76513737)</description>
        <styleUrl>#node_style</styleUrl>
        <Point>
          <coordinates>-41.76513736614814,-3.1231858521812303,0</coordinates>
        </Point>
      </Placemark>
      <Placemark>
        <name>ef_charlie_delta_cd_ip7.305</name>
        <description>ID: ef_charlie_delta_cd_ip7.305
Coordenadas: (-66.73, 3.20)
GPS: (-3.12317027, -41.76513737)</description>
        <styleUrl>#node_style</styleUrl>
        <Point>
          <coordinates>-41.76513736614814,-3.123170269015598,0</coordinates>
        </Point>
      </Placemark>
      <Placemark>
        <name>ef_charlie_delta_cd_ip7.309</name>
        <description>ID: ef_charlie_delta_cd_ip7.309
Coordenadas: (-66.73, 6.20)
GPS: (-3.12314332, -41.76513737)</description>
        <styleUrl>#node_style</styleUrl>
        <Point>
          <coordinates>-41.76513736614814,-3.1231433194007376,0</coordinates>
        </Point>
      </Placemark>
      <Placemark>
        <name>ef_charlie_delta_cd_ip7.303</name>
        <description>ID: ef_charlie_delta_cd_ip7.303
Coordenadas: (-66.73, 6.51)
GPS: (-3.12314051, -41.76513737)</description>
        <styleUrl>#node_style</styleUrl>
        <Point>
          <coordinates>-41.76513736614814,-3.12314051304751,0</coordinates>
        </Point>
      </Placemark>
      <Placemark>
        <name>ef_charlie_delta_cd_ip8.320</name>
        <description>ID: ef_charlie_delta_cd_ip8.320
Coordenadas: (-66.73, 9.14)
GPS: (-3.12311685, -41.76513737)</description>
        <styleUrl>#node_style</styleUrl>
        <Point>
          <coordinates>-41.76513736614814,-3.1231168485907017,0</coordinates>
        </Point>
      </Placemark>
      <Placemark>
        <name>ef_charlie_delta_cd_ip8.319</name>
        <description>ID: ef_charlie_delta_cd_ip8.319
Coordenadas: (-66.73, 9.20)
GPS: (-3.12311637, -41.76513737)</description>
        <styleUrl>#node_style</styleUrl>
        <Point>
          <coordinates>-41.76513736614814,-3.1231163697858775,0</coordinates>
        </Point>
      </Placemark>
      <Placemark>
        <name>ef_charlie_delta_cd_ip8.322</name>
        <description>ID: ef_charlie_delta_cd_ip8.322
Coordenadas: (-66.73, 12.20)
GPS: (-3.12308942, -41.76513737)</description>
        <styleUrl>#node_style</styleUrl>
        <Point>
          <coordinates>-41.76513736614814,-3.1230894201710173,0</coordinates>
        </Point>
      </Placemark>
      <Placemark>
        <name>ef_charlie_delta_cd_ip8.323</name>
        <description>ID: ef_charlie_delta_cd_ip8.323
Coordenadas: (-66.73, 14.19)
GPS: (-3.12307151, -41.76513737)</description>
        <styleUrl>#node_style</styleUrl>
        <Point>
          <coordinates>-41.76513736614814,-3.1230715094569814,0</coordinates>
        </Point>
      </Placemark>
      <Placemark>
        <name>ef_charlie_delta_cd_ip10.363</name>
        <description>ID: ef_charlie_delta_cd_ip10.363
Coordenadas: (-66.73, 29.57)
GPS: (-3.12293339, -41.76513737)</description>
        <styleUrl>#node_style</styleUrl>
        <Point>
          <coordinates>-41.76513736614814,-3.1229333890875415,0</coordinates>
        </Point>
      </Placemark>
      <Placemark>
        <name>ef_charlie_delta_cd_ip10.360</name>
        <description>ID: ef_charlie_delta_cd_ip10.360
Coordenadas: (-66.73, 30.20)
GPS: (-3.12292772, -41.76513737)</description>
        <styleUrl>#node_style</styleUrl>
        <Point>
          <coordinates>-41.76513736614814,-3.122927722481857,0</coordinates>
        </Point>
      </Placemark>
      <Placemark>
        <name>ef_charlie_delta_cd_ip10.364</name>
        <description>ID: ef_charlie_delta_cd_ip10.364
Coordenadas: (-66.73, 33.20)
GPS: (-3.12290077, -41.76513737)</description>
        <styleUrl>#node_style</styleUrl>
        <Point>
          <coordinates>-41.76513736614814,-3.1229007728669966,0</coordinates>
        </Point>
      </Placemark>
      <Placemark>
        <name>ef_charlie_delta_cd_ip10.367</name>
        <description>ID: ef_charlie_delta_cd_ip10.367
Coordenadas: (-66.73, 34.61)
GPS: (-3.12288805, -41.76513737)</description>
        <styleUrl>#node_style</styleUrl>
        <Point>
          <coordinates>-41.76513736614814,-3.1228880508521417,0</coordinates>
        </Point>
      </Placemark>
      <Placemark>
        <name>ef_charlie_delta_cd_ip11.351</name>
        <description>ID: ef_charlie_delta_cd_ip11.351
Coordenadas: (-66.73, 37.18)
GPS: (-3.12286505, -41.76513737)</description>
        <styleUrl>#node_style</styleUrl>
        <Point>
          <coordinates>-41.76513736614814,-3.122865046660897,0</coordinates>
        </Point>
      </Placemark>
      <Placemark>
        <name>ef_charlie_delta_cd_ip11.349</name>
        <description>ID: ef_charlie_delta_cd_ip11.349
Coordenadas: (-66.73, 39.20)
GPS: (-3.12284687, -41.76513737)</description>
        <styleUrl>#node_style</styleUrl>
        <Point>
          <coordinates>-41.76513736614814,-3.1228468736372763,0</coordinates>
        </Point>
      </Placemark>
      <Placemark>
        <name>ef_charlie_delta_cd_ip11.358</name>
        <description>ID: ef_charlie_delta_cd_ip11.358
Coordenadas: (-66.73, 42.20)
GPS: (-3.12281992, -41.76513737)</description>
        <styleUrl>#node_style</styleUrl>
        <Point>
          <coordinates>-41.76513736614814,-3.122819924022416,0</coordinates>
        </Point>
      </Placemark>
      <Placemark>
        <name>ef_charlie_delta_cd_ip11.354</name>
        <description>ID: ef_charlie_delta_cd_ip11.354
Coordenadas: (-66.73, 42.22)
GPS: (-3.12281971, -41.76513737)</description>
        <styleUrl>#node_style</styleUrl>
        <Point>
          <coordinates>-41.76513736614814,-3.1228197084254976,0</coordinates>
        </Point>
      </Placemark>
      <Placemark>
        <name>ef_charlie_delta_cd_ip12.346</name>
        <description>ID: ef_charlie_delta_cd_ip12.346
Coordenadas: (-66.73, 44.69)
GPS: (-3.12279750, -41.76513737)</description>
        <styleUrl>#node_style</styleUrl>
        <Point>
          <coordinates>-41.76513736614814,-3.1227974983495708,0</coordinates>
        </Point>
      </Placemark>
      <Placemark>
        <name>ef_charlie_delta_cd_ip12.338</name>
        <description>ID: ef_charlie_delta_cd_ip12.338
Coordenadas: (-66.73, 45.20)
GPS: (-3.12279297, -41.76513737)</description>
        <styleUrl>#node_style</styleUrl>
        <Point>
          <coordinates>-41.76513736614814,-3.122792974407556,0</coordinates>
        </Point>
      </Placemark>
      <Placemark>
        <name>ef_charlie_delta_cd_ip12.343</name>
        <description>ID: ef_charlie_delta_cd_ip12.343
Coordenadas: (-66.73, 48.20)
GPS: (-3.12276602, -41.76513737)</description>
        <styleUrl>#node_style</styleUrl>
        <Point>
          <coordinates>-41.76513736614814,-3.1227660247926963,0</coordinates>
        </Point>
      </Placemark>
      <Placemark>
        <name>ef_charlie_delta_cd_ip12.347</name>
        <description>ID: ef_charlie_delta_cd_ip12.347
Coordenadas: (-66.73, 49.74)
GPS: (-3.12275216, -41.76513737)</description>
        <styleUrl>#node_style</styleUrl>
        <Point>
          <coordinates>-41.76513736614814,-3.1227521592158505,0</coordinates>
        </Point>
      </Placemark>
      <Placemark>
        <name>ef_charlie_delta_cd_buscsb5.332</name>
        <description>ID: ef_charlie_delta_cd_buscsb5.332
Coordenadas: (-59.12, 16.72)
GPS: (-3.12304878, -41.76506889)</description>
        <styleUrl>#node_style</styleUrl>
        <Point>
          <coordinates>-41.76506889057296,-3.1230487837450904,0</coordinates>
        </Point>
      </Placemark>
      <Placemark>
        <name>ef_charlie_delta_estrutura3123.001.324</name>
        <description>ID: ef_charlie_delta_estrutura3123.001.324
Coordenadas: (-59.12, 18.20)
GPS: (-3.12303552, -41.76506889)</description>
        <styleUrl>#node_style</styleUrl>
        <Point>
          <coordinates>-41.76506889057296,-3.123035520941297,0</coordinates>
        </Point>
      </Placemark>
      <Placemark>
        <name>ef_charlie_delta_estrutura3123.001.331</name>
        <description>ID: ef_charlie_delta_estrutura3123.001.331
Coordenadas: (-59.12, 21.20)
GPS: (-3.12300857, -41.76506889)</description>
        <styleUrl>#node_style</styleUrl>
        <Point>
          <coordinates>-41.76506889057296,-3.1230085713264373,0</coordinates>
        </Point>
      </Placemark>
      <Placemark>
        <name>ef_charlie_delta_estrutura3123.001.333</name>
        <description>ID: ef_charlie_delta_estrutura3123.001.333
Coordenadas: (-59.12, 24.20)
GPS: (-3.12298162, -41.76506889)</description>
        <styleUrl>#node_style</styleUrl>
        <Point>
          <coordinates>-41.76506889057296,-3.122981621711577,0</coordinates>
        </Point>
      </Placemark>
      <Placemark>
        <name>ef_charlie_delta_estrutura3123.001.329</name>
        <description>ID: ef_charlie_delta_estrutura3123.001.329
Coordenadas: (-59.12, 27.20)
GPS: (-3.12295467, -41.76506889)</description>
        <styleUrl>#node_style</styleUrl>
        <Point>
          <coordinates>-41.76506889057296,-3.122954672096717,0</coordinates>
        </Point>
      </Placemark>
      <Placemark>
        <name>ef_charlie_delta_estrutura3123.001.328</name>
        <description>ID: ef_charlie_delta_estrutura3123.001.328
Coordenadas: (-59.12, 27.44)
GPS: (-3.12295248, -41.76506889)</description>
        <styleUrl>#node_style</styleUrl>
        <Point>
          <coordinates>-41.76506889057296,-3.122952484686311,0</coordinates>
        </Point>
      </Placemark>
      <Placemark>
        <name>ef_charlie_delta_cd_buscsb12.1039</name>
        <description>ID: ef_charlie_delta_cd_buscsb12.1039
Coordenadas: (-54.51, 70.19)
GPS: (-3.12256843, -41.76502743)</description>
        <styleUrl>#node_style</styleUrl>
        <Point>
          <coordinates>-41.76502743438933,-3.1225684257249395,0</coordinates>
        </Point>
      </Placemark>
      <Placemark>
        <name>ef_charlie_delta_cd_buscsb12.1037</name>
        <description>ID: ef_charlie_delta_cd_buscsb12.1037
Coordenadas: (-54.51, 75.29)
GPS: (-3.12252261, -41.76502743)</description>
        <styleUrl>#node_style</styleUrl>
        <Point>
          <coordinates>-41.76502743438933,-3.1225226140746387,0</coordinates>
        </Point>
      </Placemark>
      <Placemark>
        <name>ef_charlie_delta_cd_buscsb11.1043</name>
        <description>ID: ef_charlie_delta_cd_buscsb11.1043
Coordenadas: (-54.50, 60.18)
GPS: (-3.12265837, -41.76502728)</description>
        <styleUrl>#node_style</styleUrl>
        <Point>
          <coordinates>-41.76502727964837,-3.1226583691662144,0</coordinates>
        </Point>
      </Placemark>
      <Placemark>
        <name>ef_charlie_delta_cd_buscsb11.1045</name>
        <description>ID: ef_charlie_delta_cd_buscsb11.1045
Coordenadas: (-54.50, 65.28)
GPS: (-3.12261256, -41.76502728)</description>
        <styleUrl>#node_style</styleUrl>
        <Point>
          <coordinates>-41.76502727964837,-3.122612558414234,0</coordinates>
        </Point>
      </Placemark>
      <Placemark>
        <name>ef_charlie_delta_cd_buscsb10.1060</name>
        <description>ID: ef_charlie_delta_cd_buscsb10.1060
Coordenadas: (-54.48, 50.17)
GPS: (-3.12274827, -41.76502712)</description>
        <styleUrl>#node_style</styleUrl>
        <Point>
          <coordinates>-41.765027124907405,-3.1227482712847467,0</coordinates>
        </Point>
      </Placemark>
      <Placemark>
        <name>ef_charlie_delta_cd_buscsb10.1062</name>
        <description>ID: ef_charlie_delta_cd_buscsb10.1062
Coordenadas: (-54.48, 51.20)
GPS: (-3.12273908, -41.76502712)</description>
        <styleUrl>#node_style</styleUrl>
        <Point>
          <coordinates>-41.765027124907405,-3.122739075177836,0</coordinates>
        </Point>
      </Placemark>
      <Placemark>
        <name>ef_charlie_delta_cd_buscsb10.1058</name>
        <description>ID: ef_charlie_delta_cd_buscsb10.1058
Coordenadas: (-54.48, 54.20)
GPS: (-3.12271213, -41.76502712)</description>
        <styleUrl>#node_style</styleUrl>
        <Point>
          <coordinates>-41.765027124907405,-3.122712125562976,0</coordinates>
        </Point>
      </Placemark>
      <Placemark>
        <name>ef_charlie_delta_cd_buscsb10.1054</name>
        <description>ID: ef_charlie_delta_cd_buscsb10.1054
Coordenadas: (-54.48, 55.27)
GPS: (-3.12270246, -41.76502712)</description>
        <styleUrl>#node_style</styleUrl>
        <Point>
          <coordinates>-41.765027124907405,-3.122702459634446,0</coordinates>
        </Point>
      </Placemark>
      <Placemark>
        <name>ef_charlie_delta_cd_buscsb9.898</name>
        <description>ID: ef_charlie_delta_cd_buscsb9.898
Coordenadas: (-54.46, 40.53)
GPS: (-3.12283494, -41.76502698)</description>
        <styleUrl>#node_style</styleUrl>
        <Point>
          <coordinates>-41.76502697646404,-3.122834939449496,0</coordinates>
        </Point>
      </Placemark>
      <Placemark>
        <name>ef_charlie_delta_cd_buscsb9.894</name>
        <description>ID: ef_charlie_delta_cd_buscsb9.894
Coordenadas: (-54.46, 42.20)
GPS: (-3.12281992, -41.76502698)</description>
        <styleUrl>#node_style</styleUrl>
        <Point>
          <coordinates>-41.76502697646404,-3.122819924022416,0</coordinates>
        </Point>
      </Placemark>
      <Placemark>
        <name>ef_charlie_delta_cd_buscsb9.902</name>
        <description>ID: ef_charlie_delta_cd_buscsb9.902
Coordenadas: (-54.46, 45.20)
GPS: (-3.12279297, -41.76502698)</description>
        <styleUrl>#node_style</styleUrl>
        <Point>
          <coordinates>-41.76502697646404,-3.122792974407556,0</coordinates>
        </Point>
      </Placemark>
      <Placemark>
        <name>ef_charlie_delta_cd_buscsb9.899</name>
        <description>ID: ef_charlie_delta_cd_buscsb9.899
Coordenadas: (-54.46, 45.63)
GPS: (-3.12278913, -41.76502698)</description>
        <styleUrl>#node_style</styleUrl>
        <Point>
          <coordinates>-41.76502697646404,-3.122789128697516,0</coordinates>
        </Point>
      </Placemark>
      <Placemark>
        <name>ef_charlie_delta_cd_buscsb6.914</name>
        <description>ID: ef_charlie_delta_cd_buscsb6.914
Coordenadas: (-54.45, 21.96)
GPS: (-3.12300174, -41.76502684)</description>
        <styleUrl>#node_style</styleUrl>
        <Point>
          <coordinates>-41.765026836117585,-3.123001744988993,0</coordinates>
        </Point>
      </Placemark>
      <Placemark>
        <name>ef_charlie_delta_cd_buscsb6.912</name>
        <description>ID: ef_charlie_delta_cd_buscsb6.912
Coordenadas: (-54.45, 24.20)
GPS: (-3.12298162, -41.76502684)</description>
        <styleUrl>#node_style</styleUrl>
        <Point>
          <coordinates>-41.765026836117585,-3.122981621711577,0</coordinates>
        </Point>
      </Placemark>
      <Placemark>
        <name>ef_charlie_delta_cd_buscsb7.905</name>
        <description>ID: ef_charlie_delta_cd_buscsb7.905
Coordenadas: (-54.45, 27.20)
GPS: (-3.12295467, -41.76502684)</description>
        <styleUrl>#node_style</styleUrl>
        <Point>
          <coordinates>-41.765026836117585,-3.122954672096717,0</coordinates>
        </Point>
      </Placemark>
      <Placemark>
        <name>ef_charlie_delta_cd_buscsb7.918</name>
        <description>ID: ef_charlie_delta_cd_buscsb7.918
Coordenadas: (-54.45, 30.20)
GPS: (-3.12292772, -41.76502684)</description>
        <styleUrl>#node_style</styleUrl>
        <Point>
          <coordinates>-41.765026836117585,-3.122927722481857,0</coordinates>
        </Point>
      </Placemark>
      <Placemark>
        <name>ef_charlie_delta_cd_buscsb8.910</name>
        <description>ID: ef_charlie_delta_cd_buscsb8.910
Coordenadas: (-54.45, 33.20)
GPS: (-3.12290077, -41.76502684)</description>
        <styleUrl>#node_style</styleUrl>
        <Point>
          <coordinates>-41.765026836117585,-3.1229007728669966,0</coordinates>
        </Point>
      </Placemark>
      <Placemark>
        <name>ef_charlie_delta_cd_buscsb8.917</name>
        <description>ID: ef_charlie_delta_cd_buscsb8.917
Coordenadas: (-54.45, 36.20)
GPS: (-3.12287382, -41.76502684)</description>
        <styleUrl>#node_style</styleUrl>
        <Point>
          <coordinates>-41.765026836117585,-3.1228738232521365,0</coordinates>
        </Point>
      </Placemark>
      <Placemark>
        <name>ef_charlie_delta_cd_buscsb8.908</name>
        <description>ID: ef_charlie_delta_cd_buscsb8.908
Coordenadas: (-54.45, 36.58)
GPS: (-3.12287041, -41.76502684)</description>
        <styleUrl>#node_style</styleUrl>
        <Point>
          <coordinates>-41.765026836117585,-3.1228704051426517,0</coordinates>
        </Point>
      </Placemark>
      <Placemark>
        <name>ef_charlie_delta_cd_buscsb5.928</name>
        <description>ID: ef_charlie_delta_cd_buscsb5.928
Coordenadas: (-54.41, 12.49)
GPS: (-3.12308684, -41.76502654)</description>
        <styleUrl>#node_style</styleUrl>
        <Point>
          <coordinates>-41.76502654282948,-3.1230868383979136,0</coordinates>
        </Point>
      </Placemark>
      <Placemark>
        <name>ef_charlie_delta_cd_buscsb5.924</name>
        <description>ID: ef_charlie_delta_cd_buscsb5.924
Coordenadas: (-54.41, 15.20)
GPS: (-3.12306247, -41.76502654)</description>
        <styleUrl>#node_style</styleUrl>
        <Point>
          <coordinates>-41.76502654282948,-3.123062470556157,0</coordinates>
        </Point>
      </Placemark>
      <Placemark>
        <name>ef_charlie_delta_cd_buscsb5.926</name>
        <description>ID: ef_charlie_delta_cd_buscsb5.926
Coordenadas: (-54.41, 17.59)
GPS: (-3.12304103, -41.76502654)</description>
        <styleUrl>#node_style</styleUrl>
        <Point>
          <coordinates>-41.76502654282948,-3.1230410276459337,0</coordinates>
        </Point>
      </Placemark>
      <Placemark>
        <name>ef_charlie_delta_cd_buscsb2.943</name>
        <description>ID: ef_charlie_delta_cd_buscsb2.943
Coordenadas: (-54.40, -6.39)
GPS: (-3.12325639, -41.76502640)</description>
        <styleUrl>#node_style</styleUrl>
        <Point>
          <coordinates>-41.765026403382684,-3.123256391899806,0</coordinates>
        </Point>
      </Placemark>
      <Placemark>
        <name>ef_charlie_delta_cd_buscsb2.944</name>
        <description>ID: ef_charlie_delta_cd_buscsb2.944
Coordenadas: (-54.40, -5.80)
GPS: (-3.12325112, -41.76502640)</description>
        <styleUrl>#node_style</styleUrl>
        <Point>
          <coordinates>-41.765026403382684,-3.123251117860178,0</coordinates>
        </Point>
      </Placemark>
      <Placemark>
        <name>ef_charlie_delta_cd_buscsb2.940</name>
        <description>ID: ef_charlie_delta_cd_buscsb2.940
Coordenadas: (-54.40, -2.80)
GPS: (-3.12322417, -41.76502640)</description>
        <styleUrl>#node_style</styleUrl>
        <Point>
          <coordinates>-41.765026403382684,-3.123224168245318,0</coordinates>
        </Point>
      </Placemark>
      <Placemark>
        <name>ef_charlie_delta_cd_buscsb3.937</name>
        <description>ID: ef_charlie_delta_cd_buscsb3.937
Coordenadas: (-54.40, 0.20)
GPS: (-3.12319722, -41.76502640)</description>
        <styleUrl>#node_style</styleUrl>
        <Point>
          <coordinates>-41.765026403382684,-3.123197218630458,0</coordinates>
        </Point>
      </Placemark>
      <Placemark>
        <name>ef_charlie_delta_cd_buscsb3.945</name>
        <description>ID: ef_charlie_delta_cd_buscsb3.945
Coordenadas: (-54.40, 3.20)
GPS: (-3.12317027, -41.76502640)</description>
        <styleUrl>#node_style</styleUrl>
        <Point>
          <coordinates>-41.765026403382684,-3.123170269015598,0</coordinates>
        </Point>
      </Placemark>
      <Placemark>
        <name>ef_charlie_delta_cd_buscsb4.939</name>
        <description>ID: ef_charlie_delta_cd_buscsb4.939
Coordenadas: (-54.40, 6.20)
GPS: (-3.12314332, -41.76502640)</description>
        <styleUrl>#node_style</styleUrl>
        <Point>
          <coordinates>-41.765026403382684,-3.1231433194007376,0</coordinates>
        </Point>
      </Placemark>
      <Placemark>
        <name>ef_charlie_delta_cd_buscsb4.932</name>
        <description>ID: ef_charlie_delta_cd_buscsb4.932
Coordenadas: (-54.40, 8.50)
GPS: (-3.12312263, -41.76502640)</description>
        <styleUrl>#node_style</styleUrl>
        <Point>
          <coordinates>-41.765026403382684,-3.1231226319780503,0</coordinates>
        </Point>
      </Placemark>
      <Placemark>
        <name>ef_charlie_delta_cd_buscsb1.1068</name>
        <description>ID: ef_charlie_delta_cd_buscsb1.1068
Coordenadas: (-54.36, -17.80)
GPS: (-3.12335892, -41.76502608)</description>
        <styleUrl>#node_style</styleUrl>
        <Point>
          <coordinates>-41.76502607590762,-3.1233589163196185,0</coordinates>
        </Point>
      </Placemark>
      <Placemark>
        <name>ef_charlie_delta_cd_buscsb1.1067</name>
        <description>ID: ef_charlie_delta_cd_buscsb1.1067
Coordenadas: (-54.36, -12.70)
GPS: (-3.12331311, -41.76502608)</description>
        <styleUrl>#node_style</styleUrl>
        <Point>
          <coordinates>-41.76502607590762,-3.123313105567638,0</coordinates>
        </Point>
      </Placemark>
      <Placemark>
        <name>ef_charlie_delta_cd_buscsb1.1066</name>
        <description>ID: ef_charlie_delta_cd_buscsb1.1066
Coordenadas: (-54.04, -12.70)
GPS: (-3.12331311, -41.76502319)</description>
        <styleUrl>#node_style</styleUrl>
        <Point>
          <coordinates>-41.76502319340735,-3.123313105567638,0</coordinates>
        </Point>
      </Placemark>
      <Placemark>
        <name>pp_5</name>
        <description>ID: pp_5
Coordenadas: (-54.04, -8.80)
GPS: (-3.12327807, -41.76502319)</description>
        <styleUrl>#node_style</styleUrl>
        <Point>
          <coordinates>-41.76502319340735,-3.123278067475038,0</coordinates>
        </Point>
      </Placemark>
      <Placemark>
        <name>ef_charlie_delta_cd_buscsb2.934</name>
        <description>ID: ef_charlie_delta_cd_buscsb2.934
Coordenadas: (-54.04, -6.39)
GPS: (-3.12325639, -41.76502319)</description>
        <styleUrl>#node_style</styleUrl>
        <Point>
          <coordinates>-41.76502319340735,-3.123256391899806,0</coordinates>
        </Point>
      </Placemark>
      <Placemark>
        <name>ef_charlie_delta_cd_buscsb4.931</name>
        <description>ID: ef_charlie_delta_cd_buscsb4.931
Coordenadas: (-54.04, 8.50)
GPS: (-3.12312263, -41.76502319)</description>
        <styleUrl>#node_style</styleUrl>
        <Point>
          <coordinates>-41.76502319340735,-3.1231226319780503,0</coordinates>
        </Point>
      </Placemark>
      <Placemark>
        <name>ef_charlie_delta_cd_buscsb5.925</name>
        <description>ID: ef_charlie_delta_cd_buscsb5.925
Coordenadas: (-54.04, 12.49)
GPS: (-3.12308684, -41.76502319)</description>
        <styleUrl>#node_style</styleUrl>
        <Point>
          <coordinates>-41.76502319340735,-3.1230868383979136,0</coordinates>
        </Point>
      </Placemark>
      <Placemark>
        <name>ef_charlie_delta_cd_buscsb5.930</name>
        <description>ID: ef_charlie_delta_cd_buscsb5.930
Coordenadas: (-54.04, 17.59)
GPS: (-3.12304103, -41.76502319)</description>
        <styleUrl>#node_style</styleUrl>
        <Point>
          <coordinates>-41.76502319340735,-3.1230410276459337,0</coordinates>
        </Point>
      </Placemark>
      <Placemark>
        <name>ef_charlie_delta_cd_buscsb6.906</name>
        <description>ID: ef_charlie_delta_cd_buscsb6.906
Coordenadas: (-54.04, 21.96)
GPS: (-3.12300174, -41.76502319)</description>
        <styleUrl>#node_style</styleUrl>
        <Point>
          <coordinates>-41.76502319340735,-3.123001744988993,0</coordinates>
        </Point>
      </Placemark>
      <Placemark>
        <name>ef_charlie_delta_cd_buscsb8.919</name>
        <description>ID: ef_charlie_delta_cd_buscsb8.919
Coordenadas: (-54.04, 36.58)
GPS: (-3.12287041, -41.76502319)</description>
        <styleUrl>#node_style</styleUrl>
        <Point>
          <coordinates>-41.76502319340735,-3.1228704051426517,0</coordinates>
        </Point>
      </Placemark>
      <Placemark>
        <name>ef_charlie_delta_cd_buscsb9.897</name>
        <description>ID: ef_charlie_delta_cd_buscsb9.897
Coordenadas: (-54.04, 40.53)
GPS: (-3.12283494, -41.76502319)</description>
        <styleUrl>#node_style</styleUrl>
        <Point>
          <coordinates>-41.76502319340735,-3.122834939449496,0</coordinates>
        </Point>
      </Placemark>
      <Placemark>
        <name>ef_charlie_delta_cd_buscsb9.896</name>
        <description>ID: ef_charlie_delta_cd_buscsb9.896
Coordenadas: (-54.04, 45.63)
GPS: (-3.12278913, -41.76502319)</description>
        <styleUrl>#node_style</styleUrl>
        <Point>
          <coordinates>-41.76502319340735,-3.122789128697516,0</coordinates>
        </Point>
      </Placemark>
      <Placemark>
        <name>ef_charlie_delta_cd_buscsb10.1053</name>
        <description>ID: ef_charlie_delta_cd_buscsb10.1053
Coordenadas: (-54.04, 50.17)
GPS: (-3.12274827, -41.76502319)</description>
        <styleUrl>#node_style</styleUrl>
        <Point>
          <coordinates>-41.76502319340735,-3.1227482712847467,0</coordinates>
        </Point>
      </Placemark>
      <Placemark>
        <name>ef_charlie_delta_cd_buscsb10.1056</name>
        <description>ID: ef_charlie_delta_cd_buscsb10.1056
Coordenadas: (-54.04, 55.27)
GPS: (-3.12270246, -41.76502319)</description>
        <styleUrl>#node_style</styleUrl>
        <Point>
          <coordinates>-41.76502319340735,-3.122702459634446,0</coordinates>
        </Point>
      </Placemark>
      <Placemark>
        <name>ef_charlie_delta_cd_buscsb11.1048</name>
        <description>ID: ef_charlie_delta_cd_buscsb11.1048
Coordenadas: (-54.04, 60.18)
GPS: (-3.12265837, -41.76502319)</description>
        <styleUrl>#node_style</styleUrl>
        <Point>
          <coordinates>-41.76502319340735,-3.1226583691662144,0</coordinates>
        </Point>
      </Placemark>
      <Placemark>
        <name>ef_charlie_delta_cd_buscsb11.1047</name>
        <description>ID: ef_charlie_delta_cd_buscsb11.1047
Coordenadas: (-54.04, 65.28)
GPS: (-3.12261256, -41.76502319)</description>
        <styleUrl>#node_style</styleUrl>
        <Point>
          <coordinates>-41.76502319340735,-3.122612558414234,0</coordinates>
        </Point>
      </Placemark>
      <Placemark>
        <name>ef_charlie_delta_cd_buscsb12.1036</name>
        <description>ID: ef_charlie_delta_cd_buscsb12.1036
Coordenadas: (-54.04, 70.19)
GPS: (-3.12256843, -41.76502319)</description>
        <styleUrl>#node_style</styleUrl>
        <Point>
          <coordinates>-41.76502319340735,-3.1225684257249395,0</coordinates>
        </Point>
      </Placemark>
      <Placemark>
        <name>ef_charlie_delta_cd_buscsb1.1070</name>
        <description>ID: ef_charlie_delta_cd_buscsb1.1070
Coordenadas: (-51.04, -12.70)
GPS: (-3.12331311, -41.76499620)</description>
        <styleUrl>#node_style</styleUrl>
        <Point>
          <coordinates>-41.76499620370447,-3.123313105567638,0</coordinates>
        </Point>
      </Placemark>
      <Placemark>
        <name>pp_6</name>
        <description>ID: pp_6
Coordenadas: (-51.04, -8.80)
GPS: (-3.12327807, -41.76499620)</description>
        <styleUrl>#node_style</styleUrl>
        <Point>
          <coordinates>-41.76499620370447,-3.123278067475038,0</coordinates>
        </Point>
      </Placemark>
      <Placemark>
        <name>ef_charlie_delta_cd_buscsb2.947</name>
        <description>ID: ef_charlie_delta_cd_buscsb2.947
Coordenadas: (-51.04, -6.39)
GPS: (-3.12325639, -41.76499620)</description>
        <styleUrl>#node_style</styleUrl>
        <Point>
          <coordinates>-41.76499620370447,-3.123256391899806,0</coordinates>
        </Point>
      </Placemark>
      <Placemark>
        <name>ef_charlie_delta_cd_buscsb4.941</name>
        <description>ID: ef_charlie_delta_cd_buscsb4.941
Coordenadas: (-51.04, 8.50)
GPS: (-3.12312263, -41.76499620)</description>
        <styleUrl>#node_style</styleUrl>
        <Point>
          <coordinates>-41.76499620370447,-3.1231226319780503,0</coordinates>
        </Point>
      </Placemark>
      <Placemark>
        <name>ef_charlie_delta_cd_buscsb5.929</name>
        <description>ID: ef_charlie_delta_cd_buscsb5.929
Coordenadas: (-51.04, 12.49)
GPS: (-3.12308684, -41.76499620)</description>
        <styleUrl>#node_style</styleUrl>
        <Point>
          <coordinates>-41.76499620370447,-3.1230868383979136,0</coordinates>
        </Point>
      </Placemark>
      <Placemark>
        <name>ef_charlie_delta_cd_buscsb5.922</name>
        <description>ID: ef_charlie_delta_cd_buscsb5.922
Coordenadas: (-51.04, 17.59)
GPS: (-3.12304103, -41.76499620)</description>
        <styleUrl>#node_style</styleUrl>
        <Point>
          <coordinates>-41.76499620370447,-3.1230410276459337,0</coordinates>
        </Point>
      </Placemark>
      <Placemark>
        <name>ef_charlie_delta_cd_buscsb6.915</name>
        <description>ID: ef_charlie_delta_cd_buscsb6.915
Coordenadas: (-51.04, 21.96)
GPS: (-3.12300174, -41.76499620)</description>
        <styleUrl>#node_style</styleUrl>
        <Point>
          <coordinates>-41.76499620370447,-3.123001744988993,0</coordinates>
        </Point>
      </Placemark>
      <Placemark>
        <name>ef_charlie_delta_cd_buscsb8.907</name>
        <description>ID: ef_charlie_delta_cd_buscsb8.907
Coordenadas: (-51.04, 36.58)
GPS: (-3.12287041, -41.76499620)</description>
        <styleUrl>#node_style</styleUrl>
        <Point>
          <coordinates>-41.76499620370447,-3.1228704051426517,0</coordinates>
        </Point>
      </Placemark>
      <Placemark>
        <name>ef_charlie_delta_cd_buscsb9.901</name>
        <description>ID: ef_charlie_delta_cd_buscsb9.901
Coordenadas: (-51.04, 40.53)
GPS: (-3.12283494, -41.76499620)</description>
        <styleUrl>#node_style</styleUrl>
        <Point>
          <coordinates>-41.76499620370447,-3.122834939449496,0</coordinates>
        </Point>
      </Placemark>
      <Placemark>
        <name>ef_charlie_delta_cd_buscsb9.900</name>
        <description>ID: ef_charlie_delta_cd_buscsb9.900
Coordenadas: (-51.04, 45.63)
GPS: (-3.12278913, -41.76499620)</description>
        <styleUrl>#node_style</styleUrl>
        <Point>
          <coordinates>-41.76499620370447,-3.122789128697516,0</coordinates>
        </Point>
      </Placemark>
      <Placemark>
        <name>ef_charlie_delta_cd_buscsb10.1063</name>
        <description>ID: ef_charlie_delta_cd_buscsb10.1063
Coordenadas: (-51.04, 50.17)
GPS: (-3.12274827, -41.76499620)</description>
        <styleUrl>#node_style</styleUrl>
        <Point>
          <coordinates>-41.76499620370447,-3.1227482712847467,0</coordinates>
        </Point>
      </Placemark>
      <Placemark>
        <name>ef_charlie_delta_cd_buscsb10.1052</name>
        <description>ID: ef_charlie_delta_cd_buscsb10.1052
Coordenadas: (-51.04, 55.27)
GPS: (-3.12270246, -41.76499620)</description>
        <styleUrl>#node_style</styleUrl>
        <Point>
          <coordinates>-41.76499620370447,-3.122702459634446,0</coordinates>
        </Point>
      </Placemark>
      <Placemark>
        <name>ef_charlie_delta_cd_buscsb11.1050</name>
        <description>ID: ef_charlie_delta_cd_buscsb11.1050
Coordenadas: (-51.04, 60.18)
GPS: (-3.12265837, -41.76499620)</description>
        <styleUrl>#node_style</styleUrl>
        <Point>
          <coordinates>-41.76499620370447,-3.1226583691662144,0</coordinates>
        </Point>
      </Placemark>
      <Placemark>
        <name>ef_charlie_delta_cd_buscsb11.1051</name>
        <description>ID: ef_charlie_delta_cd_buscsb11.1051
Coordenadas: (-51.04, 65.28)
GPS: (-3.12261256, -41.76499620)</description>
        <styleUrl>#node_style</styleUrl>
        <Point>
          <coordinates>-41.76499620370447,-3.122612558414234,0</coordinates>
        </Point>
      </Placemark>
      <Placemark>
        <name>ef_charlie_delta_cd_buscsb12.1041</name>
        <description>ID: ef_charlie_delta_cd_buscsb12.1041
Coordenadas: (-51.04, 70.19)
GPS: (-3.12256843, -41.76499620)</description>
        <styleUrl>#node_style</styleUrl>
        <Point>
          <coordinates>-41.76499620370447,-3.1225684257249395,0</coordinates>
        </Point>
      </Placemark>
      <Placemark>
        <name>ef_charlie_delta_cd_buscsb12.1035</name>
        <description>ID: ef_charlie_delta_cd_buscsb12.1035
Coordenadas: (-48.95, 70.19)
GPS: (-3.12256843, -41.76497740)</description>
        <styleUrl>#node_style</styleUrl>
        <Point>
          <coordinates>-41.764977403577106,-3.1225684257249395,0</coordinates>
        </Point>
      </Placemark>
      <Placemark>
        <name>ef_charlie_delta_cd_buscsb12.1038</name>
        <description>ID: ef_charlie_delta_cd_buscsb12.1038
Coordenadas: (-48.95, 72.20)
GPS: (-3.12255043, -41.76497740)</description>
        <styleUrl>#node_style</styleUrl>
        <Point>
          <coordinates>-41.764977403577106,-3.1225504278738154,0</coordinates>
        </Point>
      </Placemark>
      <Placemark>
        <name>ef_charlie_delta_cd_buscsb12.1040</name>
        <description>ID: ef_charlie_delta_cd_buscsb12.1040
Coordenadas: (-48.95, 75.29)
GPS: (-3.12252261, -41.76497740)</description>
        <styleUrl>#node_style</styleUrl>
        <Point>
          <coordinates>-41.764977403577106,-3.1225226140746387,0</coordinates>
        </Point>
      </Placemark>
      <Placemark>
        <name>ef_charlie_delta_cd_buscsb11.1042</name>
        <description>ID: ef_charlie_delta_cd_buscsb11.1042
Coordenadas: (-48.94, 60.18)
GPS: (-3.12265837, -41.76497725)</description>
        <styleUrl>#node_style</styleUrl>
        <Point>
          <coordinates>-41.76497724883614,-3.1226583691662144,0</coordinates>
        </Point>
      </Placemark>
      <Placemark>
        <name>ef_charlie_delta_cd_buscsb11.1044</name>
        <description>ID: ef_charlie_delta_cd_buscsb11.1044
Coordenadas: (-48.94, 60.20)
GPS: (-3.12265823, -41.76497725)</description>
        <styleUrl>#node_style</styleUrl>
        <Point>
          <coordinates>-41.76497724883614,-3.1226582263332556,0</coordinates>
        </Point>
      </Placemark>
      <Placemark>
        <name>ef_charlie_delta_cd_buscsb11.1049</name>
        <description>ID: ef_charlie_delta_cd_buscsb11.1049
Coordenadas: (-48.94, 63.20)
GPS: (-3.12263128, -41.76497725)</description>
        <styleUrl>#node_style</styleUrl>
        <Point>
          <coordinates>-41.76497724883614,-3.1226312767183955,0</coordinates>
        </Point>
      </Placemark>
      <Placemark>
        <name>ef_charlie_delta_cd_buscsb11.1046</name>
        <description>ID: ef_charlie_delta_cd_buscsb11.1046
Coordenadas: (-48.94, 65.28)
GPS: (-3.12261256, -41.76497725)</description>
        <styleUrl>#node_style</styleUrl>
        <Point>
          <coordinates>-41.76497724883614,-3.122612558414234,0</coordinates>
        </Point>
      </Placemark>
      <Placemark>
        <name>ef_charlie_delta_cd_buscsb10.1057</name>
        <description>ID: ef_charlie_delta_cd_buscsb10.1057
Coordenadas: (-48.92, 50.17)
GPS: (-3.12274827, -41.76497709)</description>
        <styleUrl>#node_style</styleUrl>
        <Point>
          <coordinates>-41.76497709409518,-3.1227482712847467,0</coordinates>
        </Point>
      </Placemark>
      <Placemark>
        <name>ef_charlie_delta_cd_buscsb10.1059</name>
        <description>ID: ef_charlie_delta_cd_buscsb10.1059
Coordenadas: (-48.92, 51.20)
GPS: (-3.12273908, -41.76497709)</description>
        <styleUrl>#node_style</styleUrl>
        <Point>
          <coordinates>-41.76497709409518,-3.122739075177836,0</coordinates>
        </Point>
      </Placemark>
      <Placemark>
        <name>ef_charlie_delta_cd_buscsb10.1055</name>
        <description>ID: ef_charlie_delta_cd_buscsb10.1055
Coordenadas: (-48.92, 54.20)
GPS: (-3.12271213, -41.76497709)</description>
        <styleUrl>#node_style</styleUrl>
        <Point>
          <coordinates>-41.76497709409518,-3.122712125562976,0</coordinates>
        </Point>
      </Placemark>
      <Placemark>
        <name>ef_charlie_delta_cd_buscsb10.1061</name>
        <description>ID: ef_charlie_delta_cd_buscsb10.1061
Coordenadas: (-48.92, 55.27)
GPS: (-3.12270246, -41.76497709)</description>
        <styleUrl>#node_style</styleUrl>
        <Point>
          <coordinates>-41.76497709409518,-3.122702459634446,0</coordinates>
        </Point>
      </Placemark>
      <Placemark>
        <name>ef_charlie_delta_cd_buscsb9.891</name>
        <description>ID: ef_charlie_delta_cd_buscsb9.891
Coordenadas: (-48.90, 40.53)
GPS: (-3.12283494, -41.76497695)</description>
        <styleUrl>#node_style</styleUrl>
        <Point>
          <coordinates>-41.76497694565181,-3.122834939449496,0</coordinates>
        </Point>
      </Placemark>
      <Placemark>
        <name>ef_charlie_delta_cd_buscsb9.892</name>
        <description>ID: ef_charlie_delta_cd_buscsb9.892
Coordenadas: (-48.90, 42.20)
GPS: (-3.12281992, -41.76497695)</description>
        <styleUrl>#node_style</styleUrl>
        <Point>
          <coordinates>-41.76497694565181,-3.122819924022416,0</coordinates>
        </Point>
      </Placemark>
      <Placemark>
        <name>ef_charlie_delta_cd_buscsb9.895</name>
        <description>ID: ef_charlie_delta_cd_buscsb9.895
Coordenadas: (-48.90, 45.20)
GPS: (-3.12279297, -41.76497695)</description>
        <styleUrl>#node_style</styleUrl>
        <Point>
          <coordinates>-41.76497694565181,-3.122792974407556,0</coordinates>
        </Point>
      </Placemark>
      <Placemark>
        <name>ef_charlie_delta_cd_buscsb9.893</name>
        <description>ID: ef_charlie_delta_cd_buscsb9.893
Coordenadas: (-48.90, 45.63)
GPS: (-3.12278913, -41.76497695)</description>
        <styleUrl>#node_style</styleUrl>
        <Point>
          <coordinates>-41.76497694565181,-3.122789128697516,0</coordinates>
        </Point>
      </Placemark>
      <Placemark>
        <name>ef_charlie_delta_cd_buscsb6.916</name>
        <description>ID: ef_charlie_delta_cd_buscsb6.916
Coordenadas: (-48.87, 21.96)
GPS: (-3.12300174, -41.76497666)</description>
        <styleUrl>#node_style</styleUrl>
        <Point>
          <coordinates>-41.764976658661304,-3.123001744988993,0</coordinates>
        </Point>
      </Placemark>
      <Placemark>
        <name>ef_charlie_delta_cd_buscsb6.903</name>
        <description>ID: ef_charlie_delta_cd_buscsb6.903
Coordenadas: (-48.87, 24.20)
GPS: (-3.12298162, -41.76497666)</description>
        <styleUrl>#node_style</styleUrl>
        <Point>
          <coordinates>-41.764976658661304,-3.122981621711577,0</coordinates>
        </Point>
      </Placemark>
      <Placemark>
        <name>ef_charlie_delta_cd_buscsb7.911</name>
        <description>ID: ef_charlie_delta_cd_buscsb7.911
Coordenadas: (-48.87, 27.20)
GPS: (-3.12295467, -41.76497666)</description>
        <styleUrl>#node_style</styleUrl>
        <Point>
          <coordinates>-41.764976658661304,-3.122954672096717,0</coordinates>
        </Point>
      </Placemark>
      <Placemark>
        <name>ef_charlie_delta_cd_buscsb7.904</name>
        <description>ID: ef_charlie_delta_cd_buscsb7.904
Coordenadas: (-48.87, 30.20)
GPS: (-3.12292772, -41.76497666)</description>
        <styleUrl>#node_style</styleUrl>
        <Point>
          <coordinates>-41.764976658661304,-3.122927722481857,0</coordinates>
        </Point>
      </Placemark>
      <Placemark>
        <name>ef_charlie_delta_cd_buscsb8.909</name>
        <description>ID: ef_charlie_delta_cd_buscsb8.909
Coordenadas: (-48.87, 33.20)
GPS: (-3.12290077, -41.76497666)</description>
        <styleUrl>#node_style</styleUrl>
        <Point>
          <coordinates>-41.764976658661304,-3.1229007728669966,0</coordinates>
        </Point>
      </Placemark>
      <Placemark>
        <name>ef_charlie_delta_cd_buscsb8.913</name>
        <description>ID: ef_charlie_delta_cd_buscsb8.913
Coordenadas: (-48.87, 36.20)
GPS: (-3.12287382, -41.76497666)</description>
        <styleUrl>#node_style</styleUrl>
        <Point>
          <coordinates>-41.764976658661304,-3.1228738232521365,0</coordinates>
        </Point>
      </Placemark>
      <Placemark>
        <name>ef_charlie_delta_cd_buscsb8.920</name>
        <description>ID: ef_charlie_delta_cd_buscsb8.920
Coordenadas: (-48.87, 36.58)
GPS: (-3.12287041, -41.76497666)</description>
        <styleUrl>#node_style</styleUrl>
        <Point>
          <coordinates>-41.764976658661304,-3.1228704051426517,0</coordinates>
        </Point>
      </Placemark>
      <Placemark>
        <name>ef_charlie_delta_cd_buscsb5.923</name>
        <description>ID: ef_charlie_delta_cd_buscsb5.923
Coordenadas: (-48.85, 12.49)
GPS: (-3.12308684, -41.76497651)</description>
        <styleUrl>#node_style</styleUrl>
        <Point>
          <coordinates>-41.76497651201725,-3.1230868383979136,0</coordinates>
        </Point>
      </Placemark>
      <Placemark>
        <name>ef_charlie_delta_cd_buscsb5.921</name>
        <description>ID: ef_charlie_delta_cd_buscsb5.921
Coordenadas: (-48.85, 15.20)
GPS: (-3.12306247, -41.76497651)</description>
        <styleUrl>#node_style</styleUrl>
        <Point>
          <coordinates>-41.76497651201725,-3.123062470556157,0</coordinates>
        </Point>
      </Placemark>
      <Placemark>
        <name>ef_charlie_delta_cd_buscsb5.927</name>
        <description>ID: ef_charlie_delta_cd_buscsb5.927
Coordenadas: (-48.85, 17.59)
GPS: (-3.12304103, -41.76497651)</description>
        <styleUrl>#node_style</styleUrl>
        <Point>
          <coordinates>-41.76497651201725,-3.1230410276459337,0</coordinates>
        </Point>
      </Placemark>
      <Placemark>
        <name>ef_charlie_delta_cd_buscsb2.948</name>
        <description>ID: ef_charlie_delta_cd_buscsb2.948
Coordenadas: (-48.82, -6.39)
GPS: (-3.12325639, -41.76497622)</description>
        <styleUrl>#node_style</styleUrl>
        <Point>
          <coordinates>-41.764976221428114,-3.123256391899806,0</coordinates>
        </Point>
      </Placemark>
      <Placemark>
        <name>ef_charlie_delta_cd_buscsb2.942</name>
        <description>ID: ef_charlie_delta_cd_buscsb2.942
Coordenadas: (-48.82, -5.80)
GPS: (-3.12325112, -41.76497622)</description>
        <styleUrl>#node_style</styleUrl>
        <Point>
          <coordinates>-41.764976221428114,-3.123251117860178,0</coordinates>
        </Point>
      </Placemark>
      <Placemark>
        <name>ef_charlie_delta_cd_buscsb2.933</name>
        <description>ID: ef_charlie_delta_cd_buscsb2.933
Coordenadas: (-48.82, -2.80)
GPS: (-3.12322417, -41.76497622)</description>
        <styleUrl>#node_style</styleUrl>
        <Point>
          <coordinates>-41.764976221428114,-3.123224168245318,0</coordinates>
        </Point>
      </Placemark>
      <Placemark>
        <name>ef_charlie_delta_cd_buscsb3.936</name>
        <description>ID: ef_charlie_delta_cd_buscsb3.936
Coordenadas: (-48.82, 0.20)
GPS: (-3.12319722, -41.76497622)</description>
        <styleUrl>#node_style</styleUrl>
        <Point>
          <coordinates>-41.764976221428114,-3.123197218630458,0</coordinates>
        </Point>
      </Placemark>
      <Placemark>
        <name>ef_charlie_delta_cd_buscsb3.946</name>
        <description>ID: ef_charlie_delta_cd_buscsb3.946
Coordenadas: (-48.82, 3.20)
GPS: (-3.12317027, -41.76497622)</description>
        <styleUrl>#node_style</styleUrl>
        <Point>
          <coordinates>-41.764976221428114,-3.123170269015598,0</coordinates>
        </Point>
      </Placemark>
      <Placemark>
        <name>ef_charlie_delta_cd_buscsb4.935</name>
        <description>ID: ef_charlie_delta_cd_buscsb4.935
Coordenadas: (-48.82, 6.20)
GPS: (-3.12314332, -41.76497622)</description>
        <styleUrl>#node_style</styleUrl>
        <Point>
          <coordinates>-41.764976221428114,-3.1231433194007376,0</coordinates>
        </Point>
      </Placemark>
      <Placemark>
        <name>ef_charlie_delta_cd_buscsb4.938</name>
        <description>ID: ef_charlie_delta_cd_buscsb4.938
Coordenadas: (-48.82, 8.50)
GPS: (-3.12312263, -41.76497622)</description>
        <styleUrl>#node_style</styleUrl>
        <Point>
          <coordinates>-41.764976221428114,-3.1231226319780503,0</coordinates>
        </Point>
      </Placemark>
      <Placemark>
        <name>ef_charlie_delta_cd_buscsb1.1065</name>
        <description>ID: ef_charlie_delta_cd_buscsb1.1065
Coordenadas: (-48.80, -17.80)
GPS: (-3.12335892, -41.76497605)</description>
        <styleUrl>#node_style</styleUrl>
        <Point>
          <coordinates>-41.764976045095395,-3.1233589163196185,0</coordinates>
        </Point>
      </Placemark>
      <Placemark>
        <name>ef_charlie_delta_cd_buscsb1.1064</name>
        <description>ID: ef_charlie_delta_cd_buscsb1.1064
Coordenadas: (-48.80, -14.80)
GPS: (-3.12333197, -41.76497605)</description>
        <styleUrl>#node_style</styleUrl>
        <Point>
          <coordinates>-41.764976045095395,-3.1233319667047583,0</coordinates>
        </Point>
      </Placemark>
      <Placemark>
        <name>ef_charlie_delta_cd_buscsb1.1069</name>
        <description>ID: ef_charlie_delta_cd_buscsb1.1069
Coordenadas: (-48.80, -12.70)
GPS: (-3.12331311, -41.76497605)</description>
        <styleUrl>#node_style</styleUrl>
        <Point>
          <coordinates>-41.764976045095395,-3.123313105567638,0</coordinates>
        </Point>
      </Placemark>
      <Placemark>
        <name>ef_charlie_delta_cd_busip15.852</name>
        <description>ID: ef_charlie_delta_cd_busip15.852
Coordenadas: (-46.19, 70.06)
GPS: (-3.12256960, -41.76495252)</description>
        <styleUrl>#node_style</styleUrl>
        <Point>
          <coordinates>-41.76495251547242,-3.122569598931506,0</coordinates>
        </Point>
      </Placemark>
      <Placemark>
        <name>ef_charlie_delta_cd_busip15.850</name>
        <description>ID: ef_charlie_delta_cd_busip15.850
Coordenadas: (-46.19, 72.20)
GPS: (-3.12255043, -41.76495252)</description>
        <styleUrl>#node_style</styleUrl>
        <Point>
          <coordinates>-41.76495251547242,-3.1225504278738154,0</coordinates>
        </Point>
      </Placemark>
      <Placemark>
        <name>ef_charlie_delta_cd_busip15.853</name>
        <description>ID: ef_charlie_delta_cd_busip15.853
Coordenadas: (-46.19, 75.11)
GPS: (-3.12252426, -41.76495252)</description>
        <styleUrl>#node_style</styleUrl>
        <Point>
          <coordinates>-41.76495251547242,-3.1225242597977863,0</coordinates>
        </Point>
      </Placemark>
      <Placemark>
        <name>ef_charlie_delta_cd_busip14.862</name>
        <description>ID: ef_charlie_delta_cd_busip14.862
Coordenadas: (-46.17, 60.12)
GPS: (-3.12265893, -41.76495236)</description>
        <styleUrl>#node_style</styleUrl>
        <Point>
          <coordinates>-41.76495236163111,-3.1226589261249216,0</coordinates>
        </Point>
      </Placemark>
      <Placemark>
        <name>ef_charlie_delta_cd_busip14.859</name>
        <description>ID: ef_charlie_delta_cd_busip14.859
Coordenadas: (-46.17, 60.20)
GPS: (-3.12265823, -41.76495236)</description>
        <styleUrl>#node_style</styleUrl>
        <Point>
          <coordinates>-41.76495236163111,-3.1226582263332556,0</coordinates>
        </Point>
      </Placemark>
      <Placemark>
        <name>ef_charlie_delta_cd_busip14.864</name>
        <description>ID: ef_charlie_delta_cd_busip14.864
Coordenadas: (-46.17, 63.20)
GPS: (-3.12263128, -41.76495236)</description>
        <styleUrl>#node_style</styleUrl>
        <Point>
          <coordinates>-41.76495236163111,-3.1226312767183955,0</coordinates>
        </Point>
      </Placemark>
      <Placemark>
        <name>ef_charlie_delta_cd_busip14.863</name>
        <description>ID: ef_charlie_delta_cd_busip14.863
Coordenadas: (-46.17, 65.17)
GPS: (-3.12261359, -41.76495236)</description>
        <styleUrl>#node_style</styleUrl>
        <Point>
          <coordinates>-41.76495236163111,-3.1226135869912013,0</coordinates>
        </Point>
      </Placemark>
      <Placemark>
        <name>ef_charlie_delta_cd_busip11.875</name>
        <description>ID: ef_charlie_delta_cd_busip11.875
Coordenadas: (-46.14, 35.94)
GPS: (-3.12287619, -41.76495206)</description>
        <styleUrl>#node_style</styleUrl>
        <Point>
          <coordinates>-41.76495205934644,-3.1228761885300007,0</coordinates>
        </Point>
      </Placemark>
      <Placemark>
        <name>ef_charlie_delta_cd_busip11.873</name>
        <description>ID: ef_charlie_delta_cd_busip11.873
Coordenadas: (-46.14, 36.20)
GPS: (-3.12287382, -41.76495206)</description>
        <styleUrl>#node_style</styleUrl>
        <Point>
          <coordinates>-41.76495205934644,-3.1228738232521365,0</coordinates>
        </Point>
      </Placemark>
      <Placemark>
        <name>ef_charlie_delta_cd_busip11.874</name>
        <description>ID: ef_charlie_delta_cd_busip11.874
Coordenadas: (-46.14, 39.20)
GPS: (-3.12284687, -41.76495206)</description>
        <styleUrl>#node_style</styleUrl>
        <Point>
          <coordinates>-41.76495205934644,-3.1228468736372763,0</coordinates>
        </Point>
      </Placemark>
      <Placemark>
        <name>ef_charlie_delta_cd_busip12.870</name>
        <description>ID: ef_charlie_delta_cd_busip12.870
Coordenadas: (-46.14, 42.20)
GPS: (-3.12281992, -41.76495206)</description>
        <styleUrl>#node_style</styleUrl>
        <Point>
          <coordinates>-41.76495205934644,-3.122819924022416,0</coordinates>
        </Point>
      </Placemark>
      <Placemark>
        <name>ef_charlie_delta_cd_busip12.867</name>
        <description>ID: ef_charlie_delta_cd_busip12.867
Coordenadas: (-46.14, 45.20)
GPS: (-3.12279297, -41.76495206)</description>
        <styleUrl>#node_style</styleUrl>
        <Point>
          <coordinates>-41.76495205934644,-3.122792974407556,0</coordinates>
        </Point>
      </Placemark>
      <Placemark>
        <name>ef_charlie_delta_cd_busip12.881</name>
        <description>ID: ef_charlie_delta_cd_busip12.881
Coordenadas: (-46.14, 45.57)
GPS: (-3.12278960, -41.76495206)</description>
        <styleUrl>#node_style</styleUrl>
        <Point>
          <coordinates>-41.76495205934644,-3.122789597620814,0</coordinates>
        </Point>
      </Placemark>
      <Placemark>
        <name>ef_charlie_delta_cd_busip8.595</name>
        <description>ID: ef_charlie_delta_cd_busip8.595
Coordenadas: (-46.12, 21.95)
GPS: (-3.12300179, -41.76495191)</description>
        <styleUrl>#node_style</styleUrl>
        <Point>
          <coordinates>-41.76495191000342,-3.1230017934983,0</coordinates>
        </Point>
      </Placemark>
      <Placemark>
        <name>ef_charlie_delta_cd_busip8.600</name>
        <description>ID: ef_charlie_delta_cd_busip8.600
Coordenadas: (-46.12, 24.20)
GPS: (-3.12298162, -41.76495191)</description>
        <styleUrl>#node_style</styleUrl>
        <Point>
          <coordinates>-41.76495191000342,-3.122981621711577,0</coordinates>
        </Point>
      </Placemark>
      <Placemark>
        <name>ef_charlie_delta_cd_busip9.589</name>
        <description>ID: ef_charlie_delta_cd_busip9.589
Coordenadas: (-46.12, 27.20)
GPS: (-3.12295467, -41.76495191)</description>
        <styleUrl>#node_style</styleUrl>
        <Point>
          <coordinates>-41.76495191000342,-3.122954672096717,0</coordinates>
        </Point>
      </Placemark>
      <Placemark>
        <name>ef_charlie_delta_cd_busip9.594</name>
        <description>ID: ef_charlie_delta_cd_busip9.594
Coordenadas: (-46.12, 30.20)
GPS: (-3.12292772, -41.76495191)</description>
        <styleUrl>#node_style</styleUrl>
        <Point>
          <coordinates>-41.76495191000342,-3.122927722481857,0</coordinates>
        </Point>
      </Placemark>
      <Placemark>
        <name>ef_charlie_delta_cd_busip10.592</name>
        <description>ID: ef_charlie_delta_cd_busip10.592
Coordenadas: (-46.12, 33.20)
GPS: (-3.12290077, -41.76495191)</description>
        <styleUrl>#node_style</styleUrl>
        <Point>
          <coordinates>-41.76495191000342,-3.1229007728669966,0</coordinates>
        </Point>
      </Placemark>
      <Placemark>
        <name>ef_charlie_delta_cd_busip10.593</name>
        <description>ID: ef_charlie_delta_cd_busip10.593
Coordenadas: (-46.12, 35.91)
GPS: (-3.12287641, -41.76495191)</description>
        <styleUrl>#node_style</styleUrl>
        <Point>
          <coordinates>-41.76495191000342,-3.1228764113134835,0</coordinates>
        </Point>
      </Placemark>
      <Placemark>
        <name>ef_charlie_delta_cd_busip7.613</name>
        <description>ID: ef_charlie_delta_cd_busip7.613
Coordenadas: (-46.09, 12.50)
GPS: (-3.12308672, -41.76495163)</description>
        <styleUrl>#node_style</styleUrl>
        <Point>
          <coordinates>-41.76495162661154,-3.123086715328006,0</coordinates>
        </Point>
      </Placemark>
      <Placemark>
        <name>ef_charlie_delta_cd_busip7.611</name>
        <description>ID: ef_charlie_delta_cd_busip7.611
Coordenadas: (-46.09, 15.20)
GPS: (-3.12306247, -41.76495163)</description>
        <styleUrl>#node_style</styleUrl>
        <Point>
          <coordinates>-41.76495162661154,-3.123062470556157,0</coordinates>
        </Point>
      </Placemark>
      <Placemark>
        <name>ef_charlie_delta_cd_busip7.604</name>
        <description>ID: ef_charlie_delta_cd_busip7.604
Coordenadas: (-46.09, 17.55)
GPS: (-3.12304138, -41.76495163)</description>
        <styleUrl>#node_style</styleUrl>
        <Point>
          <coordinates>-41.76495162661154,-3.1230413761942857,0</coordinates>
        </Point>
      </Placemark>
      <Placemark>
        <name>ef_charlie_delta_cd_busip6.632</name>
        <description>ID: ef_charlie_delta_cd_busip6.632
Coordenadas: (-46.08, 7.44)
GPS: (-3.12313219, -41.76495155)</description>
        <styleUrl>#node_style</styleUrl>
        <Point>
          <coordinates>-41.7649515483414,-3.123132190108121,0</coordinates>
        </Point>
      </Placemark>
      <Placemark>
        <name>ef_charlie_delta_cd_busip6.625</name>
        <description>ID: ef_charlie_delta_cd_busip6.625
Coordenadas: (-46.08, 9.20)
GPS: (-3.12311637, -41.76495155)</description>
        <styleUrl>#node_style</styleUrl>
        <Point>
          <coordinates>-41.7649515483414,-3.1231163697858775,0</coordinates>
        </Point>
      </Placemark>
      <Placemark>
        <name>ef_charlie_delta_cd_busip6.627</name>
        <description>ID: ef_charlie_delta_cd_busip6.627
Coordenadas: (-46.08, 12.20)
GPS: (-3.12308942, -41.76495155)</description>
        <styleUrl>#node_style</styleUrl>
        <Point>
          <coordinates>-41.7649515483414,-3.1230894201710173,0</coordinates>
        </Point>
      </Placemark>
      <Placemark>
        <name>ef_charlie_delta_cd_busip6.623</name>
        <description>ID: ef_charlie_delta_cd_busip6.623
Coordenadas: (-46.08, 12.48)
GPS: (-3.12308685, -41.76495155)</description>
        <styleUrl>#node_style</styleUrl>
        <Point>
          <coordinates>-41.7649515483414,-3.123086851872721,0</coordinates>
        </Point>
      </Placemark>
      <Placemark>
        <name>ef_charlie_delta_cd_busip3.755</name>
        <description>ID: ef_charlie_delta_cd_busip3.755
Coordenadas: (-46.06, -6.38)
GPS: (-3.12325632, -41.76495141)</description>
        <styleUrl>#node_style</styleUrl>
        <Point>
          <coordinates>-41.76495140799494,-3.123256324525769,0</coordinates>
        </Point>
      </Placemark>
      <Placemark>
        <name>ef_charlie_delta_cd_busip3.751</name>
        <description>ID: ef_charlie_delta_cd_busip3.751
Coordenadas: (-46.06, -5.80)
GPS: (-3.12325112, -41.76495141)</description>
        <styleUrl>#node_style</styleUrl>
        <Point>
          <coordinates>-41.76495140799494,-3.123251117860178,0</coordinates>
        </Point>
      </Placemark>
      <Placemark>
        <name>ef_charlie_delta_cd_busip3.749</name>
        <description>ID: ef_charlie_delta_cd_busip3.749
Coordenadas: (-46.06, -2.80)
GPS: (-3.12322417, -41.76495141)</description>
        <styleUrl>#node_style</styleUrl>
        <Point>
          <coordinates>-41.76495140799494,-3.123224168245318,0</coordinates>
        </Point>
      </Placemark>
      <Placemark>
        <name>ef_charlie_delta_cd_busip4.745</name>
        <description>ID: ef_charlie_delta_cd_busip4.745
Coordenadas: (-46.06, 0.20)
GPS: (-3.12319722, -41.76495141)</description>
        <styleUrl>#node_style</styleUrl>
        <Point>
          <coordinates>-41.76495140799494,-3.123197218630458,0</coordinates>
        </Point>
      </Placemark>
      <Placemark>
        <name>ef_charlie_delta_cd_busip4.753</name>
        <description>ID: ef_charlie_delta_cd_busip4.753
Coordenadas: (-46.06, 3.20)
GPS: (-3.12317027, -41.76495141)</description>
        <styleUrl>#node_style</styleUrl>
        <Point>
          <coordinates>-41.76495140799494,-3.123170269015598,0</coordinates>
        </Point>
      </Placemark>
      <Placemark>
        <name>ef_charlie_delta_cd_busip4.747</name>
        <description>ID: ef_charlie_delta_cd_busip4.747
Coordenadas: (-46.06, 3.37)
GPS: (-3.12316876, -41.76495141)</description>
        <styleUrl>#node_style</styleUrl>
        <Point>
          <coordinates>-41.76495140799494,-3.123168758938845,0</coordinates>
        </Point>
      </Placemark>
      <Placemark>
        <name>ef_charlie_delta_cd_busip2.835</name>
        <description>ID: ef_charlie_delta_cd_busip2.835
Coordenadas: (-46.05, -11.79)
GPS: (-3.12330489, -41.76495125)</description>
        <styleUrl>#node_style</styleUrl>
        <Point>
          <coordinates>-41.76495125145467,-3.1233048868334263,0</coordinates>
        </Point>
      </Placemark>
      <Placemark>
        <name>ef_charlie_delta_cd_busip2.830</name>
        <description>ID: ef_charlie_delta_cd_busip2.830
Coordenadas: (-46.05, -8.80)
GPS: (-3.12327807, -41.76495125)</description>
        <styleUrl>#node_style</styleUrl>
        <Point>
          <coordinates>-41.76495125145467,-3.123278067475038,0</coordinates>
        </Point>
      </Placemark>
      <Placemark>
        <name>ef_charlie_delta_cd_busip2.834</name>
        <description>ID: ef_charlie_delta_cd_busip2.834
Coordenadas: (-46.05, -6.74)
GPS: (-3.12325955, -41.76495125)</description>
        <styleUrl>#node_style</styleUrl>
        <Point>
          <coordinates>-41.76495125145467,-3.1232595485980266,0</coordinates>
        </Point>
      </Placemark>
      <Placemark>
        <name>ef_charlie_delta_cd_busip1.889</name>
        <description>ID: ef_charlie_delta_cd_busip1.889
Coordenadas: (-46.04, -17.45)
GPS: (-3.12335579, -41.76495116)</description>
        <styleUrl>#node_style</styleUrl>
        <Point>
          <coordinates>-41.76495116418796,-3.123355794655897,0</coordinates>
        </Point>
      </Placemark>
      <Placemark>
        <name>ef_charlie_delta_cd_busip1.888</name>
        <description>ID: ef_charlie_delta_cd_busip1.888
Coordenadas: (-46.04, -14.80)
GPS: (-3.12333197, -41.76495116)</description>
        <styleUrl>#node_style</styleUrl>
        <Point>
          <coordinates>-41.76495116418796,-3.1233319667047583,0</coordinates>
        </Point>
      </Placemark>
      <Placemark>
        <name>ef_charlie_delta_cd_busip1.884</name>
        <description>ID: ef_charlie_delta_cd_busip1.884
Coordenadas: (-46.04, -12.41)
GPS: (-3.12331046, -41.76495116)</description>
        <styleUrl>#node_style</styleUrl>
        <Point>
          <coordinates>-41.76495116418796,-3.123310455522177,0</coordinates>
        </Point>
      </Placemark>
      <Placemark>
        <name>ef_charlie_delta_cd_busip1.886</name>
        <description>ID: ef_charlie_delta_cd_busip1.886
Coordenadas: (-45.04, -12.41)
GPS: (-3.12331046, -41.76494222)</description>
        <styleUrl>#node_style</styleUrl>
        <Point>
          <coordinates>-41.764942224298714,-3.123310455522177,0</coordinates>
        </Point>
      </Placemark>
      <Placemark>
        <name>ef_charlie_delta_cd_busip2.832</name>
        <description>ID: ef_charlie_delta_cd_busip2.832
Coordenadas: (-45.04, -11.79)
GPS: (-3.12330489, -41.76494222)</description>
        <styleUrl>#node_style</styleUrl>
        <Point>
          <coordinates>-41.764942224298714,-3.1233048868334263,0</coordinates>
        </Point>
      </Placemark>
      <Placemark>
        <name>ef_charlie_delta_cd_busip2.833</name>
        <description>ID: ef_charlie_delta_cd_busip2.833
Coordenadas: (-45.04, -6.74)
GPS: (-3.12325955, -41.76494222)</description>
        <styleUrl>#node_style</styleUrl>
        <Point>
          <coordinates>-41.764942224298714,-3.1232595485980266,0</coordinates>
        </Point>
      </Placemark>
      <Placemark>
        <name>ef_charlie_delta_cd_busip3.754</name>
        <description>ID: ef_charlie_delta_cd_busip3.754
Coordenadas: (-45.04, -6.38)
GPS: (-3.12325632, -41.76494222)</description>
        <styleUrl>#node_style</styleUrl>
        <Point>
          <coordinates>-41.764942224298714,-3.123256324525769,0</coordinates>
        </Point>
      </Placemark>
      <Placemark>
        <name>ef_charlie_delta_cd_busip4.750</name>
        <description>ID: ef_charlie_delta_cd_busip4.750
Coordenadas: (-45.04, 3.37)
GPS: (-3.12316876, -41.76494222)</description>
        <styleUrl>#node_style</styleUrl>
        <Point>
          <coordinates>-41.764942224298714,-3.123168758938845,0</coordinates>
        </Point>
      </Placemark>
      <Placemark>
        <name>ef_charlie_delta_cd_busip6.624</name>
        <description>ID: ef_charlie_delta_cd_busip6.624
Coordenadas: (-45.04, 7.44)
GPS: (-3.12313219, -41.76494222)</description>
        <styleUrl>#node_style</styleUrl>
        <Point>
          <coordinates>-41.764942224298714,-3.123132190108121,0</coordinates>
        </Point>
      </Placemark>
      <Placemark>
        <name>ef_charlie_delta_cd_busip6.629</name>
        <description>ID: ef_charlie_delta_cd_busip6.629
Coordenadas: (-45.04, 12.48)
GPS: (-3.12308685, -41.76494222)</description>
        <styleUrl>#node_style</styleUrl>
        <Point>
          <coordinates>-41.764942224298714,-3.123086851872721,0</coordinates>
        </Point>
      </Placemark>
      <Placemark>
        <name>ef_charlie_delta_cd_busip7.612</name>
        <description>ID: ef_charlie_delta_cd_busip7.612
Coordenadas: (-45.04, 12.50)
GPS: (-3.12308672, -41.76494222)</description>
        <styleUrl>#node_style</styleUrl>
        <Point>
          <coordinates>-41.764942224298714,-3.123086715328006,0</coordinates>
        </Point>
      </Placemark>
      <Placemark>
        <name>ef_charlie_delta_cd_busip7.606</name>
        <description>ID: ef_charlie_delta_cd_busip7.606
Coordenadas: (-45.04, 17.55)
GPS: (-3.12304138, -41.76494222)</description>
        <styleUrl>#node_style</styleUrl>
        <Point>
          <coordinates>-41.764942224298714,-3.1230413761942857,0</coordinates>
        </Point>
      </Placemark>
      <Placemark>
        <name>ef_charlie_delta_cd_busip8.597</name>
        <description>ID: ef_charlie_delta_cd_busip8.597
Coordenadas: (-45.04, 21.95)
GPS: (-3.12300179, -41.76494222)</description>
        <styleUrl>#node_style</styleUrl>
        <Point>
          <coordinates>-41.764942224298714,-3.1230017934983,0</coordinates>
        </Point>
      </Placemark>
      <Placemark>
        <name>ef_charlie_delta_cd_busip10.598</name>
        <description>ID: ef_charlie_delta_cd_busip10.598
Coordenadas: (-45.04, 35.91)
GPS: (-3.12287641, -41.76494222)</description>
        <styleUrl>#node_style</styleUrl>
        <Point>
          <coordinates>-41.764942224298714,-3.1228764113134835,0</coordinates>
        </Point>
      </Placemark>
      <Placemark>
        <name>ef_charlie_delta_cd_busip11.878</name>
        <description>ID: ef_charlie_delta_cd_busip11.878
Coordenadas: (-45.04, 35.94)
GPS: (-3.12287619, -41.76494222)</description>
        <styleUrl>#node_style</styleUrl>
        <Point>
          <coordinates>-41.764942224298714,-3.1228761885300007,0</coordinates>
        </Point>
      </Placemark>
      <Placemark>
        <name>ef_charlie_delta_cd_busip12.869</name>
        <description>ID: ef_charlie_delta_cd_busip12.869
Coordenadas: (-45.04, 45.57)
GPS: (-3.12278960, -41.76494222)</description>
        <styleUrl>#node_style</styleUrl>
        <Point>
          <coordinates>-41.764942224298714,-3.122789597620814,0</coordinates>
        </Point>
      </Placemark>
      <Placemark>
        <name>pp_7</name>
        <description>ID: pp_7
Coordenadas: (-45.04, 48.20)
GPS: (-3.12276602, -41.76494222)</description>
        <styleUrl>#node_style</styleUrl>
        <Point>
          <coordinates>-41.764942224298714,-3.1227660247926963,0</coordinates>
        </Point>
      </Placemark>
      <Placemark>
        <name>pp_8</name>
        <description>ID: pp_8
Coordenadas: (-45.04, 51.20)
GPS: (-3.12273908, -41.76494222)</description>
        <styleUrl>#node_style</styleUrl>
        <Point>
          <coordinates>-41.764942224298714,-3.122739075177836,0</coordinates>
        </Point>
      </Placemark>
      <Placemark>
        <name>pp_9</name>
        <description>ID: pp_9
Coordenadas: (-45.04, 54.20)
GPS: (-3.12271213, -41.76494222)</description>
        <styleUrl>#node_style</styleUrl>
        <Point>
          <coordinates>-41.764942224298714,-3.122712125562976,0</coordinates>
        </Point>
      </Placemark>
      <Placemark>
        <name>ef_charlie_delta_cd_busip14.861</name>
        <description>ID: ef_charlie_delta_cd_busip14.861
Coordenadas: (-45.04, 60.12)
GPS: (-3.12265893, -41.76494222)</description>
        <styleUrl>#node_style</styleUrl>
        <Point>
          <coordinates>-41.764942224298714,-3.1226589261249216,0</coordinates>
        </Point>
      </Placemark>
      <Placemark>
        <name>ef_charlie_delta_cd_busip14.866</name>
        <description>ID: ef_charlie_delta_cd_busip14.866
Coordenadas: (-45.04, 65.17)
GPS: (-3.12261359, -41.76494222)</description>
        <styleUrl>#node_style</styleUrl>
        <Point>
          <coordinates>-41.764942224298714,-3.1226135869912013,0</coordinates>
        </Point>
      </Placemark>
      <Placemark>
        <name>ef_charlie_delta_cd_busip15.849</name>
        <description>ID: ef_charlie_delta_cd_busip15.849
Coordenadas: (-45.04, 70.06)
GPS: (-3.12256960, -41.76494222)</description>
        <styleUrl>#node_style</styleUrl>
        <Point>
          <coordinates>-41.764942224298714,-3.122569598931506,0</coordinates>
        </Point>
      </Placemark>
      <Placemark>
        <name>ef_charlie_delta_cd_busip1.885</name>
        <description>ID: ef_charlie_delta_cd_busip1.885
Coordenadas: (-42.04, -12.41)
GPS: (-3.12331046, -41.76491523)</description>
        <styleUrl>#node_style</styleUrl>
        <Point>
          <coordinates>-41.76491523459583,-3.123310455522177,0</coordinates>
        </Point>
      </Placemark>
      <Placemark>
        <name>ef_charlie_delta_cd_busip2.838</name>
        <description>ID: ef_charlie_delta_cd_busip2.838
Coordenadas: (-42.04, -11.79)
GPS: (-3.12330489, -41.76491523)</description>
        <styleUrl>#node_style</styleUrl>
        <Point>
          <coordinates>-41.76491523459583,-3.1233048868334263,0</coordinates>
        </Point>
      </Placemark>
      <Placemark>
        <name>ef_charlie_delta_cd_busip2.837</name>
        <description>ID: ef_charlie_delta_cd_busip2.837
Coordenadas: (-42.04, -6.74)
GPS: (-3.12325955, -41.76491523)</description>
        <styleUrl>#node_style</styleUrl>
        <Point>
          <coordinates>-41.76491523459583,-3.1232595485980266,0</coordinates>
        </Point>
      </Placemark>
      <Placemark>
        <name>ef_charlie_delta_cd_busip3.756</name>
        <description>ID: ef_charlie_delta_cd_busip3.756
Coordenadas: (-42.04, -6.38)
GPS: (-3.12325632, -41.76491523)</description>
        <styleUrl>#node_style</styleUrl>
        <Point>
          <coordinates>-41.76491523459583,-3.123256324525769,0</coordinates>
        </Point>
      </Placemark>
      <Placemark>
        <name>ef_charlie_delta_cd_busip4.752</name>
        <description>ID: ef_charlie_delta_cd_busip4.752
Coordenadas: (-42.04, 3.37)
GPS: (-3.12316876, -41.76491523)</description>
        <styleUrl>#node_style</styleUrl>
        <Point>
          <coordinates>-41.76491523459583,-3.123168758938845,0</coordinates>
        </Point>
      </Placemark>
      <Placemark>
        <name>ef_charlie_delta_cd_busip6.626</name>
        <description>ID: ef_charlie_delta_cd_busip6.626
Coordenadas: (-42.04, 7.44)
GPS: (-3.12313219, -41.76491523)</description>
        <styleUrl>#node_style</styleUrl>
        <Point>
          <coordinates>-41.76491523459583,-3.123132190108121,0</coordinates>
        </Point>
      </Placemark>
      <Placemark>
        <name>ef_charlie_delta_cd_busip6.628</name>
        <description>ID: ef_charlie_delta_cd_busip6.628
Coordenadas: (-42.04, 12.48)
GPS: (-3.12308685, -41.76491523)</description>
        <styleUrl>#node_style</styleUrl>
        <Point>
          <coordinates>-41.76491523459583,-3.123086851872721,0</coordinates>
        </Point>
      </Placemark>
      <Placemark>
        <name>ef_charlie_delta_cd_busip7.605</name>
        <description>ID: ef_charlie_delta_cd_busip7.605
Coordenadas: (-42.04, 12.50)
GPS: (-3.12308672, -41.76491523)</description>
        <styleUrl>#node_style</styleUrl>
        <Point>
          <coordinates>-41.76491523459583,-3.123086715328006,0</coordinates>
        </Point>
      </Placemark>
      <Placemark>
        <name>ef_charlie_delta_cd_busip7.610</name>
        <description>ID: ef_charlie_delta_cd_busip7.610
Coordenadas: (-42.04, 17.55)
GPS: (-3.12304138, -41.76491523)</description>
        <styleUrl>#node_style</styleUrl>
        <Point>
          <coordinates>-41.76491523459583,-3.1230413761942857,0</coordinates>
        </Point>
      </Placemark>
      <Placemark>
        <name>ef_charlie_delta_cd_busip8.591</name>
        <description>ID: ef_charlie_delta_cd_busip8.591
Coordenadas: (-42.04, 21.95)
GPS: (-3.12300179, -41.76491523)</description>
        <styleUrl>#node_style</styleUrl>
        <Point>
          <coordinates>-41.76491523459583,-3.1230017934983,0</coordinates>
        </Point>
      </Placemark>
      <Placemark>
        <name>ef_charlie_delta_cd_busip10.602</name>
        <description>ID: ef_charlie_delta_cd_busip10.602
Coordenadas: (-42.04, 35.91)
GPS: (-3.12287641, -41.76491523)</description>
        <styleUrl>#node_style</styleUrl>
        <Point>
          <coordinates>-41.76491523459583,-3.1228764113134835,0</coordinates>
        </Point>
      </Placemark>
      <Placemark>
        <name>ef_charlie_delta_cd_busip11.879</name>
        <description>ID: ef_charlie_delta_cd_busip11.879
Coordenadas: (-42.04, 35.94)
GPS: (-3.12287619, -41.76491523)</description>
        <styleUrl>#node_style</styleUrl>
        <Point>
          <coordinates>-41.76491523459583,-3.1228761885300007,0</coordinates>
        </Point>
      </Placemark>
      <Placemark>
        <name>ef_charlie_delta_cd_busip12.880</name>
        <description>ID: ef_charlie_delta_cd_busip12.880
Coordenadas: (-42.04, 45.57)
GPS: (-3.12278960, -41.76491523)</description>
        <styleUrl>#node_style</styleUrl>
        <Point>
          <coordinates>-41.76491523459583,-3.122789597620814,0</coordinates>
        </Point>
      </Placemark>
      <Placemark>
        <name>pp_10</name>
        <description>ID: pp_10
Coordenadas: (-42.04, 48.20)
GPS: (-3.12276602, -41.76491523)</description>
        <styleUrl>#node_style</styleUrl>
        <Point>
          <coordinates>-41.76491523459583,-3.1227660247926963,0</coordinates>
        </Point>
      </Placemark>
      <Placemark>
        <name>pp_11</name>
        <description>ID: pp_11
Coordenadas: (-42.04, 51.20)
GPS: (-3.12273908, -41.76491523)</description>
        <styleUrl>#node_style</styleUrl>
        <Point>
          <coordinates>-41.76491523459583,-3.122739075177836,0</coordinates>
        </Point>
      </Placemark>
      <Placemark>
        <name>pp_12</name>
        <description>ID: pp_12
Coordenadas: (-42.04, 54.20)
GPS: (-3.12271213, -41.76491523)</description>
        <styleUrl>#node_style</styleUrl>
        <Point>
          <coordinates>-41.76491523459583,-3.122712125562976,0</coordinates>
        </Point>
      </Placemark>
      <Placemark>
        <name>ef_charlie_delta_cd_busip14.855</name>
        <description>ID: ef_charlie_delta_cd_busip14.855
Coordenadas: (-42.04, 60.12)
GPS: (-3.12265893, -41.76491523)</description>
        <styleUrl>#node_style</styleUrl>
        <Point>
          <coordinates>-41.76491523459583,-3.1226589261249216,0</coordinates>
        </Point>
      </Placemark>
      <Placemark>
        <name>ef_charlie_delta_cd_busip14.865</name>
        <description>ID: ef_charlie_delta_cd_busip14.865
Coordenadas: (-42.04, 65.17)
GPS: (-3.12261359, -41.76491523)</description>
        <styleUrl>#node_style</styleUrl>
        <Point>
          <coordinates>-41.76491523459583,-3.1226135869912013,0</coordinates>
        </Point>
      </Placemark>
      <Placemark>
        <name>ef_charlie_delta_cd_busip15.851</name>
        <description>ID: ef_charlie_delta_cd_busip15.851
Coordenadas: (-42.04, 70.06)
GPS: (-3.12256960, -41.76491523)</description>
        <styleUrl>#node_style</styleUrl>
        <Point>
          <coordinates>-41.76491523459583,-3.122569598931506,0</coordinates>
        </Point>
      </Placemark>
      <Placemark>
        <name>ef_charlie_delta_cd_busip15.847</name>
        <description>ID: ef_charlie_delta_cd_busip15.847
Coordenadas: (-40.74, 70.06)
GPS: (-3.12256960, -41.76490350)</description>
        <styleUrl>#node_style</styleUrl>
        <Point>
          <coordinates>-41.764903503971304,-3.122569598931506,0</coordinates>
        </Point>
      </Placemark>
      <Placemark>
        <name>ef_charlie_delta_cd_busip15.854</name>
        <description>ID: ef_charlie_delta_cd_busip15.854
Coordenadas: (-40.74, 72.20)
GPS: (-3.12255043, -41.76490350)</description>
        <styleUrl>#node_style</styleUrl>
        <Point>
          <coordinates>-41.764903503971304,-3.1225504278738154,0</coordinates>
        </Point>
      </Placemark>
      <Placemark>
        <name>ef_charlie_delta_cd_busip15.848</name>
        <description>ID: ef_charlie_delta_cd_busip15.848
Coordenadas: (-40.74, 75.11)
GPS: (-3.12252426, -41.76490350)</description>
        <styleUrl>#node_style</styleUrl>
        <Point>
          <coordinates>-41.764903503971304,-3.1225242597977863,0</coordinates>
        </Point>
      </Placemark>
      <Placemark>
        <name>ef_charlie_delta_cd_busip14.860</name>
        <description>ID: ef_charlie_delta_cd_busip14.860
Coordenadas: (-40.72, 60.12)
GPS: (-3.12265893, -41.76490335)</description>
        <styleUrl>#node_style</styleUrl>
        <Point>
          <coordinates>-41.76490335013,-3.1226589261249216,0</coordinates>
        </Point>
      </Placemark>
      <Placemark>
        <name>ef_charlie_delta_cd_busip14.856</name>
        <description>ID: ef_charlie_delta_cd_busip14.856
Coordenadas: (-40.72, 60.20)
GPS: (-3.12265823, -41.76490335)</description>
        <styleUrl>#node_style</styleUrl>
        <Point>
          <coordinates>-41.76490335013,-3.1226582263332556,0</coordinates>
        </Point>
      </Placemark>
      <Placemark>
        <name>ef_charlie_delta_cd_busip14.858</name>
        <description>ID: ef_charlie_delta_cd_busip14.858
Coordenadas: (-40.72, 63.20)
GPS: (-3.12263128, -41.76490335)</description>
        <styleUrl>#node_style</styleUrl>
        <Point>
          <coordinates>-41.76490335013,-3.1226312767183955,0</coordinates>
        </Point>
      </Placemark>
      <Placemark>
        <name>ef_charlie_delta_cd_busip14.857</name>
        <description>ID: ef_charlie_delta_cd_busip14.857
Coordenadas: (-40.72, 65.17)
GPS: (-3.12261359, -41.76490335)</description>
        <styleUrl>#node_style</styleUrl>
        <Point>
          <coordinates>-41.76490335013,-3.1226135869912013,0</coordinates>
        </Point>
      </Placemark>
      <Placemark>
        <name>ef_charlie_delta_cd_busip11.868</name>
        <description>ID: ef_charlie_delta_cd_busip11.868
Coordenadas: (-40.68, 35.94)
GPS: (-3.12287619, -41.76490298)</description>
        <styleUrl>#node_style</styleUrl>
        <Point>
          <coordinates>-41.76490297677244,-3.1228761885300007,0</coordinates>
        </Point>
      </Placemark>
      <Placemark>
        <name>ef_charlie_delta_cd_busip11.876</name>
        <description>ID: ef_charlie_delta_cd_busip11.876
Coordenadas: (-40.68, 36.20)
GPS: (-3.12287382, -41.76490298)</description>
        <styleUrl>#node_style</styleUrl>
        <Point>
          <coordinates>-41.76490297677244,-3.1228738232521365,0</coordinates>
        </Point>
      </Placemark>
      <Placemark>
        <name>ef_charlie_delta_cd_busip11.871</name>
        <description>ID: ef_charlie_delta_cd_busip11.871
Coordenadas: (-40.68, 39.20)
GPS: (-3.12284687, -41.76490298)</description>
        <styleUrl>#node_style</styleUrl>
        <Point>
          <coordinates>-41.76490297677244,-3.1228468736372763,0</coordinates>
        </Point>
      </Placemark>
      <Placemark>
        <name>ef_charlie_delta_cd_busip12.872</name>
        <description>ID: ef_charlie_delta_cd_busip12.872
Coordenadas: (-40.68, 42.20)
GPS: (-3.12281992, -41.76490298)</description>
        <styleUrl>#node_style</styleUrl>
        <Point>
          <coordinates>-41.76490297677244,-3.122819924022416,0</coordinates>
        </Point>
      </Placemark>
      <Placemark>
        <name>ef_charlie_delta_cd_busip12.877</name>
        <description>ID: ef_charlie_delta_cd_busip12.877
Coordenadas: (-40.68, 45.20)
GPS: (-3.12279297, -41.76490298)</description>
        <styleUrl>#node_style</styleUrl>
        <Point>
          <coordinates>-41.76490297677244,-3.122792974407556,0</coordinates>
        </Point>
      </Placemark>
      <Placemark>
        <name>ef_charlie_delta_cd_busip12.882</name>
        <description>ID: ef_charlie_delta_cd_busip12.882
Coordenadas: (-40.68, 45.57)
GPS: (-3.12278960, -41.76490298)</description>
        <styleUrl>#node_style</styleUrl>
        <Point>
          <coordinates>-41.76490297677244,-3.122789597620814,0</coordinates>
        </Point>
      </Placemark>
      <Placemark>
        <name>ef_charlie_delta_cd_busip8.596</name>
        <description>ID: ef_charlie_delta_cd_busip8.596
Coordenadas: (-40.66, 21.95)
GPS: (-3.12300179, -41.76490276)</description>
        <styleUrl>#node_style</styleUrl>
        <Point>
          <coordinates>-41.76490276085482,-3.1230017934983,0</coordinates>
        </Point>
      </Placemark>
      <Placemark>
        <name>ef_charlie_delta_cd_busip8.590</name>
        <description>ID: ef_charlie_delta_cd_busip8.590
Coordenadas: (-40.66, 24.20)
GPS: (-3.12298162, -41.76490276)</description>
        <styleUrl>#node_style</styleUrl>
        <Point>
          <coordinates>-41.76490276085482,-3.122981621711577,0</coordinates>
        </Point>
      </Placemark>
      <Placemark>
        <name>ef_charlie_delta_cd_busip9.603</name>
        <description>ID: ef_charlie_delta_cd_busip9.603
Coordenadas: (-40.66, 27.20)
GPS: (-3.12295467, -41.76490276)</description>
        <styleUrl>#node_style</styleUrl>
        <Point>
          <coordinates>-41.76490276085482,-3.122954672096717,0</coordinates>
        </Point>
      </Placemark>
      <Placemark>
        <name>ef_charlie_delta_cd_busip9.588</name>
        <description>ID: ef_charlie_delta_cd_busip9.588
Coordenadas: (-40.66, 30.20)
GPS: (-3.12292772, -41.76490276)</description>
        <styleUrl>#node_style</styleUrl>
        <Point>
          <coordinates>-41.76490276085482,-3.122927722481857,0</coordinates>
        </Point>
      </Placemark>
      <Placemark>
        <name>ef_charlie_delta_cd_busip10.601</name>
        <description>ID: ef_charlie_delta_cd_busip10.601
Coordenadas: (-40.66, 33.20)
GPS: (-3.12290077, -41.76490276)</description>
        <styleUrl>#node_style</styleUrl>
        <Point>
          <coordinates>-41.76490276085482,-3.1229007728669966,0</coordinates>
        </Point>
      </Placemark>
      <Placemark>
        <name>ef_charlie_delta_cd_busip10.599</name>
        <description>ID: ef_charlie_delta_cd_busip10.599
Coordenadas: (-40.66, 35.91)
GPS: (-3.12287641, -41.76490276)</description>
        <styleUrl>#node_style</styleUrl>
        <Point>
          <coordinates>-41.76490276085482,-3.1228764113134835,0</coordinates>
        </Point>
      </Placemark>
      <Placemark>
        <name>ef_charlie_delta_cd_busip7.607</name>
        <description>ID: ef_charlie_delta_cd_busip7.607
Coordenadas: (-40.64, 12.50)
GPS: (-3.12308672, -41.76490262)</description>
        <styleUrl>#node_style</styleUrl>
        <Point>
          <coordinates>-41.76490261511042,-3.123086715328006,0</coordinates>
        </Point>
      </Placemark>
      <Placemark>
        <name>ef_charlie_delta_cd_busip7.609</name>
        <description>ID: ef_charlie_delta_cd_busip7.609
Coordenadas: (-40.64, 15.20)
GPS: (-3.12306247, -41.76490262)</description>
        <styleUrl>#node_style</styleUrl>
        <Point>
          <coordinates>-41.76490261511042,-3.123062470556157,0</coordinates>
        </Point>
      </Placemark>
      <Placemark>
        <name>ef_charlie_delta_cd_busip7.608</name>
        <description>ID: ef_charlie_delta_cd_busip7.608
Coordenadas: (-40.64, 17.55)
GPS: (-3.12304138, -41.76490262)</description>
        <styleUrl>#node_style</styleUrl>
        <Point>
          <coordinates>-41.76490261511042,-3.1230413761942857,0</coordinates>
        </Point>
      </Placemark>
      <Placemark>
        <name>ef_charlie_delta_cd_busip6.621</name>
        <description>ID: ef_charlie_delta_cd_busip6.621
Coordenadas: (-40.63, 7.44)
GPS: (-3.12313219, -41.76490254)</description>
        <styleUrl>#node_style</styleUrl>
        <Point>
          <coordinates>-41.76490253684028,-3.123132190108121,0</coordinates>
        </Point>
      </Placemark>
      <Placemark>
        <name>ef_charlie_delta_cd_busip6.630</name>
        <description>ID: ef_charlie_delta_cd_busip6.630
Coordenadas: (-40.63, 9.20)
GPS: (-3.12311637, -41.76490254)</description>
        <styleUrl>#node_style</styleUrl>
        <Point>
          <coordinates>-41.76490253684028,-3.1231163697858775,0</coordinates>
        </Point>
      </Placemark>
      <Placemark>
        <name>ef_charlie_delta_cd_busip6.622</name>
        <description>ID: ef_charlie_delta_cd_busip6.622
Coordenadas: (-40.63, 12.20)
GPS: (-3.12308942, -41.76490254)</description>
        <styleUrl>#node_style</styleUrl>
        <Point>
          <coordinates>-41.76490253684028,-3.1230894201710173,0</coordinates>
        </Point>
      </Placemark>
      <Placemark>
        <name>ef_charlie_delta_cd_busip6.631</name>
        <description>ID: ef_charlie_delta_cd_busip6.631
Coordenadas: (-40.63, 12.48)
GPS: (-3.12308685, -41.76490254)</description>
        <styleUrl>#node_style</styleUrl>
        <Point>
          <coordinates>-41.76490253684028,-3.123086851872721,0</coordinates>
        </Point>
      </Placemark>
      <Placemark>
        <name>ef_charlie_delta_cd_busip3.744</name>
        <description>ID: ef_charlie_delta_cd_busip3.744
Coordenadas: (-40.61, -6.38)
GPS: (-3.12325632, -41.76490232)</description>
        <styleUrl>#node_style</styleUrl>
        <Point>
          <coordinates>-41.76490232362163,-3.123256324525769,0</coordinates>
        </Point>
      </Placemark>
      <Placemark>
        <name>ef_charlie_delta_cd_busip3.743</name>
        <description>ID: ef_charlie_delta_cd_busip3.743
Coordenadas: (-40.61, -5.80)
GPS: (-3.12325112, -41.76490232)</description>
        <styleUrl>#node_style</styleUrl>
        <Point>
          <coordinates>-41.76490232362163,-3.123251117860178,0</coordinates>
        </Point>
      </Placemark>
      <Placemark>
        <name>ef_charlie_delta_cd_busip3.746</name>
        <description>ID: ef_charlie_delta_cd_busip3.746
Coordenadas: (-40.61, -2.80)
GPS: (-3.12322417, -41.76490232)</description>
        <styleUrl>#node_style</styleUrl>
        <Point>
          <coordinates>-41.76490232362163,-3.123224168245318,0</coordinates>
        </Point>
      </Placemark>
      <Placemark>
        <name>ef_charlie_delta_cd_busip4.757</name>
        <description>ID: ef_charlie_delta_cd_busip4.757
Coordenadas: (-40.61, 0.20)
GPS: (-3.12319722, -41.76490232)</description>
        <styleUrl>#node_style</styleUrl>
        <Point>
          <coordinates>-41.76490232362163,-3.123197218630458,0</coordinates>
        </Point>
      </Placemark>
      <Placemark>
        <name>ef_charlie_delta_cd_busip4.748</name>
        <description>ID: ef_charlie_delta_cd_busip4.748
Coordenadas: (-40.61, 3.20)
GPS: (-3.12317027, -41.76490232)</description>
        <styleUrl>#node_style</styleUrl>
        <Point>
          <coordinates>-41.76490232362163,-3.123170269015598,0</coordinates>
        </Point>
      </Placemark>
      <Placemark>
        <name>ef_charlie_delta_cd_busip4.758</name>
        <description>ID: ef_charlie_delta_cd_busip4.758
Coordenadas: (-40.61, 3.37)
GPS: (-3.12316876, -41.76490232)</description>
        <styleUrl>#node_style</styleUrl>
        <Point>
          <coordinates>-41.76490232362163,-3.123168758938845,0</coordinates>
        </Point>
      </Placemark>
      <Placemark>
        <name>ef_charlie_delta_cd_busip2.831</name>
        <description>ID: ef_charlie_delta_cd_busip2.831
Coordenadas: (-40.60, -11.79)
GPS: (-3.12330489, -41.76490224)</description>
        <styleUrl>#node_style</styleUrl>
        <Point>
          <coordinates>-41.76490223995355,-3.1233048868334263,0</coordinates>
        </Point>
      </Placemark>
      <Placemark>
        <name>ef_charlie_delta_cd_busip2.829</name>
        <description>ID: ef_charlie_delta_cd_busip2.829
Coordenadas: (-40.60, -8.80)
GPS: (-3.12327807, -41.76490224)</description>
        <styleUrl>#node_style</styleUrl>
        <Point>
          <coordinates>-41.76490223995355,-3.123278067475038,0</coordinates>
        </Point>
      </Placemark>
      <Placemark>
        <name>ef_charlie_delta_cd_busip2.836</name>
        <description>ID: ef_charlie_delta_cd_busip2.836
Coordenadas: (-40.60, -6.74)
GPS: (-3.12325955, -41.76490224)</description>
        <styleUrl>#node_style</styleUrl>
        <Point>
          <coordinates>-41.76490223995355,-3.1232595485980266,0</coordinates>
        </Point>
      </Placemark>
      <Placemark>
        <name>ef_charlie_delta_cd_busip1.890</name>
        <description>ID: ef_charlie_delta_cd_busip1.890
Coordenadas: (-40.59, -17.45)
GPS: (-3.12335579, -41.76490215)</description>
        <styleUrl>#node_style</styleUrl>
        <Point>
          <coordinates>-41.764902152686844,-3.123355794655897,0</coordinates>
        </Point>
      </Placemark>
      <Placemark>
        <name>ef_charlie_delta_cd_busip1.887</name>
        <description>ID: ef_charlie_delta_cd_busip1.887
Coordenadas: (-40.59, -14.80)
GPS: (-3.12333197, -41.76490215)</description>
        <styleUrl>#node_style</styleUrl>
        <Point>
          <coordinates>-41.764902152686844,-3.1233319667047583,0</coordinates>
        </Point>
      </Placemark>
      <Placemark>
        <name>ef_charlie_delta_cd_busip1.883</name>
        <description>ID: ef_charlie_delta_cd_busip1.883
Coordenadas: (-40.59, -12.41)
GPS: (-3.12331046, -41.76490215)</description>
        <styleUrl>#node_style</styleUrl>
        <Point>
          <coordinates>-41.764902152686844,-3.123310455522177,0</coordinates>
        </Point>
      </Placemark>
      <Placemark>
        <name>ef_charlie_delta_cd_busip31.795</name>
        <description>ID: ef_charlie_delta_cd_busip31.795
Coordenadas: (-37.81, 70.12)
GPS: (-3.12256906, -41.76487715)</description>
        <styleUrl>#node_style</styleUrl>
        <Point>
          <coordinates>-41.76487714582747,-3.1225690590408886,0</coordinates>
        </Point>
      </Placemark>
      <Placemark>
        <name>ef_charlie_delta_cd_busip31.800</name>
        <description>ID: ef_charlie_delta_cd_busip31.800
Coordenadas: (-37.81, 72.20)
GPS: (-3.12255043, -41.76487715)</description>
        <styleUrl>#node_style</styleUrl>
        <Point>
          <coordinates>-41.76487714582747,-3.1225504278738154,0</coordinates>
        </Point>
      </Placemark>
      <Placemark>
        <name>ef_charlie_delta_cd_busip31.797</name>
        <description>ID: ef_charlie_delta_cd_busip31.797
Coordenadas: (-37.81, 75.17)
GPS: (-3.12252372, -41.76487715)</description>
        <styleUrl>#node_style</styleUrl>
        <Point>
          <coordinates>-41.76487714582747,-3.1225237199071683,0</coordinates>
        </Point>
      </Placemark>
      <Placemark>
        <name>ef_charlie_delta_cd_busip30.806</name>
        <description>ID: ef_charlie_delta_cd_busip30.806
Coordenadas: (-37.79, 60.17)
GPS: (-3.12265850, -41.76487699)</description>
        <styleUrl>#node_style</styleUrl>
        <Point>
          <coordinates>-41.76487699288582,-3.122658497626045,0</coordinates>
        </Point>
      </Placemark>
      <Placemark>
        <name>ef_charlie_delta_cd_busip30.807</name>
        <description>ID: ef_charlie_delta_cd_busip30.807
Coordenadas: (-37.79, 60.20)
GPS: (-3.12265823, -41.76487699)</description>
        <styleUrl>#node_style</styleUrl>
        <Point>
          <coordinates>-41.76487699288582,-3.1226582263332556,0</coordinates>
        </Point>
      </Placemark>
      <Placemark>
        <name>ef_charlie_delta_cd_busip30.809</name>
        <description>ID: ef_charlie_delta_cd_busip30.809
Coordenadas: (-37.79, 63.20)
GPS: (-3.12263128, -41.76487699)</description>
        <styleUrl>#node_style</styleUrl>
        <Point>
          <coordinates>-41.76487699288582,-3.1226312767183955,0</coordinates>
        </Point>
      </Placemark>
      <Placemark>
        <name>ef_charlie_delta_cd_busip30.808</name>
        <description>ID: ef_charlie_delta_cd_busip30.808
Coordenadas: (-37.79, 65.22)
GPS: (-3.12261316, -41.76487699)</description>
        <styleUrl>#node_style</styleUrl>
        <Point>
          <coordinates>-41.76487699288582,-3.122613158492325,0</coordinates>
        </Point>
      </Placemark>
      <Placemark>
        <name>ef_charlie_delta_cd_busip29.818</name>
        <description>ID: ef_charlie_delta_cd_busip29.818
Coordenadas: (-37.77, 50.26)
GPS: (-3.12274748, -41.76487684)</description>
        <styleUrl>#node_style</styleUrl>
        <Point>
          <coordinates>-41.764876839944165,-3.1227474780677493,0</coordinates>
        </Point>
      </Placemark>
      <Placemark>
        <name>ef_charlie_delta_cd_busip29.819</name>
        <description>ID: ef_charlie_delta_cd_busip29.819
Coordenadas: (-37.77, 51.20)
GPS: (-3.12273908, -41.76487684)</description>
        <styleUrl>#node_style</styleUrl>
        <Point>
          <coordinates>-41.764876839944165,-3.122739075177836,0</coordinates>
        </Point>
      </Placemark>
      <Placemark>
        <name>ef_charlie_delta_cd_busip29.815</name>
        <description>ID: ef_charlie_delta_cd_busip29.815
Coordenadas: (-37.77, 54.20)
GPS: (-3.12271213, -41.76487684)</description>
        <styleUrl>#node_style</styleUrl>
        <Point>
          <coordinates>-41.764876839944165,-3.122712125562976,0</coordinates>
        </Point>
      </Placemark>
      <Placemark>
        <name>ef_charlie_delta_cd_busip29.813</name>
        <description>ID: ef_charlie_delta_cd_busip29.813
Coordenadas: (-37.77, 55.31)
GPS: (-3.12270214, -41.76487684)</description>
        <styleUrl>#node_style</styleUrl>
        <Point>
          <coordinates>-41.764876839944165,-3.1227021398323496,0</coordinates>
        </Point>
      </Placemark>
      <Placemark>
        <name>ef_charlie_delta_cd_busip22.452</name>
        <description>ID: ef_charlie_delta_cd_busip22.452
Coordenadas: (-37.77, 21.81)
GPS: (-3.12300303, -41.76487676)</description>
        <styleUrl>#node_style</styleUrl>
        <Point>
          <coordinates>-41.76487675987472,-3.123003034078904,0</coordinates>
        </Point>
      </Placemark>
      <Placemark>
        <name>ef_charlie_delta_cd_busip23.430</name>
        <description>ID: ef_charlie_delta_cd_busip23.430
Coordenadas: (-37.77, 24.20)
GPS: (-3.12298162, -41.76487676)</description>
        <styleUrl>#node_style</styleUrl>
        <Point>
          <coordinates>-41.76487675987472,-3.122981621711577,0</coordinates>
        </Point>
      </Placemark>
      <Placemark>
        <name>ef_charlie_delta_cd_busip24.454</name>
        <description>ID: ef_charlie_delta_cd_busip24.454
Coordenadas: (-37.77, 27.20)
GPS: (-3.12295467, -41.76487676)</description>
        <styleUrl>#node_style</styleUrl>
        <Point>
          <coordinates>-41.76487675987472,-3.122954672096717,0</coordinates>
        </Point>
      </Placemark>
      <Placemark>
        <name>ef_charlie_delta_cd_busip24.429</name>
        <description>ID: ef_charlie_delta_cd_busip24.429
Coordenadas: (-37.77, 30.20)
GPS: (-3.12292772, -41.76487676)</description>
        <styleUrl>#node_style</styleUrl>
        <Point>
          <coordinates>-41.76487675987472,-3.122927722481857,0</coordinates>
        </Point>
      </Placemark>
      <Placemark>
        <name>ef_charlie_delta_cd_busip25.450</name>
        <description>ID: ef_charlie_delta_cd_busip25.450
Coordenadas: (-37.77, 33.20)
GPS: (-3.12290077, -41.76487676)</description>
        <styleUrl>#node_style</styleUrl>
        <Point>
          <coordinates>-41.76487675987472,-3.1229007728669966,0</coordinates>
        </Point>
      </Placemark>
      <Placemark>
        <name>ef_charlie_delta_cd_busip26.453</name>
        <description>ID: ef_charlie_delta_cd_busip26.453
Coordenadas: (-37.77, 36.20)
GPS: (-3.12287382, -41.76487676)</description>
        <styleUrl>#node_style</styleUrl>
        <Point>
          <coordinates>-41.76487675987472,-3.1228738232521365,0</coordinates>
        </Point>
      </Placemark>
      <Placemark>
        <name>ef_charlie_delta_cd_busip26.439</name>
        <description>ID: ef_charlie_delta_cd_busip26.439
Coordenadas: (-37.77, 39.20)
GPS: (-3.12284687, -41.76487676)</description>
        <styleUrl>#node_style</styleUrl>
        <Point>
          <coordinates>-41.76487675987472,-3.1228468736372763,0</coordinates>
        </Point>
      </Placemark>
      <Placemark>
        <name>ef_charlie_delta_cd_busip27.447</name>
        <description>ID: ef_charlie_delta_cd_busip27.447
Coordenadas: (-37.77, 42.20)
GPS: (-3.12281992, -41.76487676)</description>
        <styleUrl>#node_style</styleUrl>
        <Point>
          <coordinates>-41.76487675987472,-3.122819924022416,0</coordinates>
        </Point>
      </Placemark>
      <Placemark>
        <name>ef_charlie_delta_cd_busip27.457</name>
        <description>ID: ef_charlie_delta_cd_busip27.457
Coordenadas: (-37.77, 45.20)
GPS: (-3.12279297, -41.76487676)</description>
        <styleUrl>#node_style</styleUrl>
        <Point>
          <coordinates>-41.76487675987472,-3.122792974407556,0</coordinates>
        </Point>
      </Placemark>
      <Placemark>
        <name>ef_charlie_delta_cd_busip28.438</name>
        <description>ID: ef_charlie_delta_cd_busip28.438
Coordenadas: (-37.77, 48.20)
GPS: (-3.12276602, -41.76487676)</description>
        <styleUrl>#node_style</styleUrl>
        <Point>
          <coordinates>-41.76487675987472,-3.1227660247926963,0</coordinates>
        </Point>
      </Placemark>
      <Placemark>
        <name>ef_charlie_delta_cd_busip28.432</name>
        <description>ID: ef_charlie_delta_cd_busip28.432
Coordenadas: (-37.77, 50.16)
GPS: (-3.12274840, -41.76487676)</description>
        <styleUrl>#node_style</styleUrl>
        <Point>
          <coordinates>-41.76487675987472,-3.1227484033378596,0</coordinates>
        </Point>
      </Placemark>
      <Placemark>
        <name>ef_charlie_delta_cd_busip21.828</name>
        <description>ID: ef_charlie_delta_cd_busip21.828
Coordenadas: (-37.74, 17.11)
GPS: (-3.12304529, -41.76487653)</description>
        <styleUrl>#node_style</styleUrl>
        <Point>
          <coordinates>-41.76487652776327,-3.1230452856850817,0</coordinates>
        </Point>
      </Placemark>
      <Placemark>
        <name>ef_charlie_delta_cd_busip22.826</name>
        <description>ID: ef_charlie_delta_cd_busip22.826
Coordenadas: (-37.74, 18.20)
GPS: (-3.12303552, -41.76487653)</description>
        <styleUrl>#node_style</styleUrl>
        <Point>
          <coordinates>-41.76487652776327,-3.123035520941297,0</coordinates>
        </Point>
      </Placemark>
      <Placemark>
        <name>ef_charlie_delta_cd_busip22.827</name>
        <description>ID: ef_charlie_delta_cd_busip22.827
Coordenadas: (-37.74, 21.20)
GPS: (-3.12300857, -41.76487653)</description>
        <styleUrl>#node_style</styleUrl>
        <Point>
          <coordinates>-41.76487652776327,-3.1230085713264373,0</coordinates>
        </Point>
      </Placemark>
      <Placemark>
        <name>ef_charlie_delta_cd_busip17.467</name>
        <description>ID: ef_charlie_delta_cd_busip17.467
Coordenadas: (-37.73, -6.04)
GPS: (-3.12325323, -41.76487647)</description>
        <styleUrl>#node_style</styleUrl>
        <Point>
          <coordinates>-41.7648764710849,-3.123253230709983,0</coordinates>
        </Point>
      </Placemark>
      <Placemark>
        <name>ef_charlie_delta_cd_busip17.460</name>
        <description>ID: ef_charlie_delta_cd_busip17.460
Coordenadas: (-37.73, -5.80)
GPS: (-3.12325112, -41.76487647)</description>
        <styleUrl>#node_style</styleUrl>
        <Point>
          <coordinates>-41.7648764710849,-3.123251117860178,0</coordinates>
        </Point>
      </Placemark>
      <Placemark>
        <name>ef_charlie_delta_cd_busip17.464</name>
        <description>ID: ef_charlie_delta_cd_busip17.464
Coordenadas: (-37.73, -2.80)
GPS: (-3.12322417, -41.76487647)</description>
        <styleUrl>#node_style</styleUrl>
        <Point>
          <coordinates>-41.7648764710849,-3.123224168245318,0</coordinates>
        </Point>
      </Placemark>
      <Placemark>
        <name>ef_charlie_delta_cd_busip18.476</name>
        <description>ID: ef_charlie_delta_cd_busip18.476
Coordenadas: (-37.73, 0.20)
GPS: (-3.12319722, -41.76487647)</description>
        <styleUrl>#node_style</styleUrl>
        <Point>
          <coordinates>-41.7648764710849,-3.123197218630458,0</coordinates>
        </Point>
      </Placemark>
      <Placemark>
        <name>ef_charlie_delta_cd_busip18.473</name>
        <description>ID: ef_charlie_delta_cd_busip18.473
Coordenadas: (-37.73, 3.20)
GPS: (-3.12317027, -41.76487647)</description>
        <styleUrl>#node_style</styleUrl>
        <Point>
          <coordinates>-41.7648764710849,-3.123170269015598,0</coordinates>
        </Point>
      </Placemark>
      <Placemark>
        <name>ef_charlie_delta_cd_busip19.484</name>
        <description>ID: ef_charlie_delta_cd_busip19.484
Coordenadas: (-37.73, 6.20)
GPS: (-3.12314332, -41.76487647)</description>
        <styleUrl>#node_style</styleUrl>
        <Point>
          <coordinates>-41.7648764710849,-3.1231433194007376,0</coordinates>
        </Point>
      </Placemark>
      <Placemark>
        <name>ef_charlie_delta_cd_busip20.463</name>
        <description>ID: ef_charlie_delta_cd_busip20.463
Coordenadas: (-37.73, 9.20)
GPS: (-3.12311637, -41.76487647)</description>
        <styleUrl>#node_style</styleUrl>
        <Point>
          <coordinates>-41.7648764710849,-3.1231163697858775,0</coordinates>
        </Point>
      </Placemark>
      <Placemark>
        <name>ef_charlie_delta_cd_busip20.469</name>
        <description>ID: ef_charlie_delta_cd_busip20.469
Coordenadas: (-37.73, 12.20)
GPS: (-3.12308942, -41.76487647)</description>
        <styleUrl>#node_style</styleUrl>
        <Point>
          <coordinates>-41.7648764710849,-3.1230894201710173,0</coordinates>
        </Point>
      </Placemark>
      <Placemark>
        <name>ef_charlie_delta_cd_busip21.483</name>
        <description>ID: ef_charlie_delta_cd_busip21.483
Coordenadas: (-37.73, 15.20)
GPS: (-3.12306247, -41.76487647)</description>
        <styleUrl>#node_style</styleUrl>
        <Point>
          <coordinates>-41.7648764710849,-3.123062470556157,0</coordinates>
        </Point>
      </Placemark>
      <Placemark>
        <name>ef_charlie_delta_cd_busip16.839</name>
        <description>ID: ef_charlie_delta_cd_busip16.839
Coordenadas: (-37.73, -17.44)
GPS: (-3.12335565, -41.76487646)</description>
        <styleUrl>#node_style</styleUrl>
        <Point>
          <coordinates>-41.76487646118867,-3.123355649127977,0</coordinates>
        </Point>
      </Placemark>
      <Placemark>
        <name>ef_charlie_delta_cd_busip16.845</name>
        <description>ID: ef_charlie_delta_cd_busip16.845
Coordenadas: (-37.73, -14.80)
GPS: (-3.12333197, -41.76487646)</description>
        <styleUrl>#node_style</styleUrl>
        <Point>
          <coordinates>-41.76487646118867,-3.1233319667047583,0</coordinates>
        </Point>
      </Placemark>
      <Placemark>
        <name>ef_charlie_delta_cd_busip16.840</name>
        <description>ID: ef_charlie_delta_cd_busip16.840
Coordenadas: (-37.73, -12.39)
GPS: (-3.12331031, -41.76487646)</description>
        <styleUrl>#node_style</styleUrl>
        <Point>
          <coordinates>-41.76487646118867,-3.123310309994257,0</coordinates>
        </Point>
      </Placemark>
      <Placemark>
        <name>ef_charlie_delta_cd_busip16.846</name>
        <description>ID: ef_charlie_delta_cd_busip16.846
Coordenadas: (-36.04, -12.39)
GPS: (-3.12331031, -41.76486126)</description>
        <styleUrl>#node_style</styleUrl>
        <Point>
          <coordinates>-41.76486125519007,-3.123310309994257,0</coordinates>
        </Point>
      </Placemark>
      <Placemark>
        <name>pp_13</name>
        <description>ID: pp_13
Coordenadas: (-36.04, -8.80)
GPS: (-3.12327807, -41.76486126)</description>
        <styleUrl>#node_style</styleUrl>
        <Point>
          <coordinates>-41.76486125519007,-3.123278067475038,0</coordinates>
        </Point>
      </Placemark>
      <Placemark>
        <name>ef_charlie_delta_cd_busip17.458</name>
        <description>ID: ef_charlie_delta_cd_busip17.458
Coordenadas: (-36.04, -6.04)
GPS: (-3.12325323, -41.76486126)</description>
        <styleUrl>#node_style</styleUrl>
        <Point>
          <coordinates>-41.76486125519007,-3.123253230709983,0</coordinates>
        </Point>
      </Placemark>
      <Placemark>
        <name>ef_charlie_delta_cd_busip28.451</name>
        <description>ID: ef_charlie_delta_cd_busip28.451
Coordenadas: (-36.04, 50.16)
GPS: (-3.12274840, -41.76486126)</description>
        <styleUrl>#node_style</styleUrl>
        <Point>
          <coordinates>-41.76486125519007,-3.1227484033378596,0</coordinates>
        </Point>
      </Placemark>
      <Placemark>
        <name>ef_charlie_delta_cd_busip29.823</name>
        <description>ID: ef_charlie_delta_cd_busip29.823
Coordenadas: (-36.04, 50.26)
GPS: (-3.12274748, -41.76486126)</description>
        <styleUrl>#node_style</styleUrl>
        <Point>
          <coordinates>-41.76486125519007,-3.1227474780677493,0</coordinates>
        </Point>
      </Placemark>
      <Placemark>
        <name>ef_charlie_delta_cd_busip29.822</name>
        <description>ID: ef_charlie_delta_cd_busip29.822
Coordenadas: (-36.04, 55.31)
GPS: (-3.12270214, -41.76486126)</description>
        <styleUrl>#node_style</styleUrl>
        <Point>
          <coordinates>-41.76486125519007,-3.1227021398323496,0</coordinates>
        </Point>
      </Placemark>
      <Placemark>
        <name>ef_charlie_delta_cd_busip30.812</name>
        <description>ID: ef_charlie_delta_cd_busip30.812
Coordenadas: (-36.04, 60.17)
GPS: (-3.12265850, -41.76486126)</description>
        <styleUrl>#node_style</styleUrl>
        <Point>
          <coordinates>-41.76486125519007,-3.122658497626045,0</coordinates>
        </Point>
      </Placemark>
      <Placemark>
        <name>ef_charlie_delta_cd_busip30.802</name>
        <description>ID: ef_charlie_delta_cd_busip30.802
Coordenadas: (-36.04, 65.22)
GPS: (-3.12261316, -41.76486126)</description>
        <styleUrl>#node_style</styleUrl>
        <Point>
          <coordinates>-41.76486125519007,-3.122613158492325,0</coordinates>
        </Point>
      </Placemark>
      <Placemark>
        <name>ef_charlie_delta_cd_busip31.796</name>
        <description>ID: ef_charlie_delta_cd_busip31.796
Coordenadas: (-36.04, 70.12)
GPS: (-3.12256906, -41.76486126)</description>
        <styleUrl>#node_style</styleUrl>
        <Point>
          <coordinates>-41.76486125519007,-3.1225690590408886,0</coordinates>
        </Point>
      </Placemark>
      <Placemark>
        <name>ef_charlie_delta_cd_busip16.841</name>
        <description>ID: ef_charlie_delta_cd_busip16.841
Coordenadas: (-33.04, -12.39)
GPS: (-3.12331031, -41.76483427)</description>
        <styleUrl>#node_style</styleUrl>
        <Point>
          <coordinates>-41.76483426548719,-3.123310309994257,0</coordinates>
        </Point>
      </Placemark>
      <Placemark>
        <name>pp_14</name>
        <description>ID: pp_14
Coordenadas: (-33.04, -8.80)
GPS: (-3.12327807, -41.76483427)</description>
        <styleUrl>#node_style</styleUrl>
        <Point>
          <coordinates>-41.76483426548719,-3.123278067475038,0</coordinates>
        </Point>
      </Placemark>
      <Placemark>
        <name>ef_charlie_delta_cd_busip17.475</name>
        <description>ID: ef_charlie_delta_cd_busip17.475
Coordenadas: (-33.04, -6.04)
GPS: (-3.12325323, -41.76483427)</description>
        <styleUrl>#node_style</styleUrl>
        <Point>
          <coordinates>-41.76483426548719,-3.123253230709983,0</coordinates>
        </Point>
      </Placemark>
      <Placemark>
        <name>ef_charlie_delta_cd_busip28.435</name>
        <description>ID: ef_charlie_delta_cd_busip28.435
Coordenadas: (-33.04, 50.16)
GPS: (-3.12274840, -41.76483427)</description>
        <styleUrl>#node_style</styleUrl>
        <Point>
          <coordinates>-41.76483426548719,-3.1227484033378596,0</coordinates>
        </Point>
      </Placemark>
      <Placemark>
        <name>ef_charlie_delta_cd_busip29.817</name>
        <description>ID: ef_charlie_delta_cd_busip29.817
Coordenadas: (-33.04, 50.26)
GPS: (-3.12274748, -41.76483427)</description>
        <styleUrl>#node_style</styleUrl>
        <Point>
          <coordinates>-41.76483426548719,-3.1227474780677493,0</coordinates>
        </Point>
      </Placemark>
      <Placemark>
        <name>ef_charlie_delta_cd_busip29.820</name>
        <description>ID: ef_charlie_delta_cd_busip29.820
Coordenadas: (-33.04, 55.31)
GPS: (-3.12270214, -41.76483427)</description>
        <styleUrl>#node_style</styleUrl>
        <Point>
          <coordinates>-41.76483426548719,-3.1227021398323496,0</coordinates>
        </Point>
      </Placemark>
      <Placemark>
        <name>ef_charlie_delta_cd_busip30.804</name>
        <description>ID: ef_charlie_delta_cd_busip30.804
Coordenadas: (-33.04, 60.17)
GPS: (-3.12265850, -41.76483427)</description>
        <styleUrl>#node_style</styleUrl>
        <Point>
          <coordinates>-41.76483426548719,-3.122658497626045,0</coordinates>
        </Point>
      </Placemark>
      <Placemark>
        <name>ef_charlie_delta_cd_busip30.805</name>
        <description>ID: ef_charlie_delta_cd_busip30.805
Coordenadas: (-33.04, 65.22)
GPS: (-3.12261316, -41.76483427)</description>
        <styleUrl>#node_style</styleUrl>
        <Point>
          <coordinates>-41.76483426548719,-3.122613158492325,0</coordinates>
        </Point>
      </Placemark>
      <Placemark>
        <name>ef_charlie_delta_cd_busip31.798</name>
        <description>ID: ef_charlie_delta_cd_busip31.798
Coordenadas: (-33.04, 70.12)
GPS: (-3.12256906, -41.76483427)</description>
        <styleUrl>#node_style</styleUrl>
        <Point>
          <coordinates>-41.76483426548719,-3.1225690590408886,0</coordinates>
        </Point>
      </Placemark>
      <Placemark>
        <name>ef_charlie_delta_cd_busip31.799</name>
        <description>ID: ef_charlie_delta_cd_busip31.799
Coordenadas: (-32.36, 70.12)
GPS: (-3.12256906, -41.76482813)</description>
        <styleUrl>#node_style</styleUrl>
        <Point>
          <coordinates>-41.76482813432635,-3.1225690590408886,0</coordinates>
        </Point>
      </Placemark>
      <Placemark>
        <name>ef_charlie_delta_cd_busip31.801</name>
        <description>ID: ef_charlie_delta_cd_busip31.801
Coordenadas: (-32.36, 75.17)
GPS: (-3.12252372, -41.76482813)</description>
        <styleUrl>#node_style</styleUrl>
        <Point>
          <coordinates>-41.76482813432635,-3.1225237199071683,0</coordinates>
        </Point>
      </Placemark>
      <Placemark>
        <name>ef_charlie_delta_cd_busip30.811</name>
        <description>ID: ef_charlie_delta_cd_busip30.811
Coordenadas: (-32.34, 60.17)
GPS: (-3.12265850, -41.76482798)</description>
        <styleUrl>#node_style</styleUrl>
        <Point>
          <coordinates>-41.764827980485045,-3.122658497626045,0</coordinates>
        </Point>
      </Placemark>
      <Placemark>
        <name>ef_charlie_delta_cd_busip30.810</name>
        <description>ID: ef_charlie_delta_cd_busip30.810
Coordenadas: (-32.34, 63.20)
GPS: (-3.12263128, -41.76482798)</description>
        <styleUrl>#node_style</styleUrl>
        <Point>
          <coordinates>-41.764827980485045,-3.1226312767183955,0</coordinates>
        </Point>
      </Placemark>
      <Placemark>
        <name>ef_charlie_delta_cd_busip30.803</name>
        <description>ID: ef_charlie_delta_cd_busip30.803
Coordenadas: (-32.34, 65.22)
GPS: (-3.12261316, -41.76482798)</description>
        <styleUrl>#node_style</styleUrl>
        <Point>
          <coordinates>-41.764827980485045,-3.122613158492325,0</coordinates>
        </Point>
      </Placemark>
      <Placemark>
        <name>ef_charlie_delta_cd_busip29.814</name>
        <description>ID: ef_charlie_delta_cd_busip29.814
Coordenadas: (-32.33, 50.26)
GPS: (-3.12274748, -41.76482783)</description>
        <styleUrl>#node_style</styleUrl>
        <Point>
          <coordinates>-41.76482782754339,-3.1227474780677493,0</coordinates>
        </Point>
      </Placemark>
      <Placemark>
        <name>ef_charlie_delta_cd_busip29.816</name>
        <description>ID: ef_charlie_delta_cd_busip29.816
Coordenadas: (-32.33, 51.20)
GPS: (-3.12273908, -41.76482783)</description>
        <styleUrl>#node_style</styleUrl>
        <Point>
          <coordinates>-41.76482782754339,-3.122739075177836,0</coordinates>
        </Point>
      </Placemark>
      <Placemark>
        <name>ef_charlie_delta_cd_busip29.821</name>
        <description>ID: ef_charlie_delta_cd_busip29.821
Coordenadas: (-32.33, 54.20)
GPS: (-3.12271213, -41.76482783)</description>
        <styleUrl>#node_style</styleUrl>
        <Point>
          <coordinates>-41.76482782754339,-3.122712125562976,0</coordinates>
        </Point>
      </Placemark>
      <Placemark>
        <name>ef_charlie_delta_cd_busip29.824</name>
        <description>ID: ef_charlie_delta_cd_busip29.824
Coordenadas: (-32.33, 55.31)
GPS: (-3.12270214, -41.76482783)</description>
        <styleUrl>#node_style</styleUrl>
        <Point>
          <coordinates>-41.76482782754339,-3.1227021398323496,0</coordinates>
        </Point>
      </Placemark>
      <Placemark>
        <name>ef_charlie_delta_cd_busip22.825</name>
        <description>ID: ef_charlie_delta_cd_busip22.825
Coordenadas: (-32.29, 21.20)
GPS: (-3.12300857, -41.76482752)</description>
        <styleUrl>#node_style</styleUrl>
        <Point>
          <coordinates>-41.76482751626215,-3.1230085713264373,0</coordinates>
        </Point>
      </Placemark>
      <Placemark>
        <name>ef_charlie_delta_cd_busip16.843</name>
        <description>ID: ef_charlie_delta_cd_busip16.843
Coordenadas: (-32.28, -17.44)
GPS: (-3.12335565, -41.76482745)</description>
        <styleUrl>#node_style</styleUrl>
        <Point>
          <coordinates>-41.76482744968755,-3.123355649127977,0</coordinates>
        </Point>
      </Placemark>
      <Placemark>
        <name>ef_charlie_delta_cd_busip16.842</name>
        <description>ID: ef_charlie_delta_cd_busip16.842
Coordenadas: (-32.28, -14.80)
GPS: (-3.12333197, -41.76482745)</description>
        <styleUrl>#node_style</styleUrl>
        <Point>
          <coordinates>-41.76482744968755,-3.1233319667047583,0</coordinates>
        </Point>
      </Placemark>
      <Placemark>
        <name>ef_charlie_delta_cd_busip16.844</name>
        <description>ID: ef_charlie_delta_cd_busip16.844
Coordenadas: (-32.28, -12.39)
GPS: (-3.12331031, -41.76482745)</description>
        <styleUrl>#node_style</styleUrl>
        <Point>
          <coordinates>-41.76482744968755,-3.123310309994257,0</coordinates>
        </Point>
      </Placemark>
      <Placemark>
        <name>ef_charlie_delta_cabeamento2.3.001.472</name>
        <description>ID: ef_charlie_delta_cabeamento2.3.001.472
Coordenadas: (-30.04, 20.58)
GPS: (-3.12301414, -41.76480728)</description>
        <styleUrl>#node_style</styleUrl>
        <Point>
          <coordinates>-41.76480727578431,-3.12301414450679,0</coordinates>
        </Point>
      </Placemark>
      <Placemark>
        <name>ef_charlie_delta_cabeamento2.3.001.431</name>
        <description>ID: ef_charlie_delta_cabeamento2.3.001.431
Coordenadas: (-30.04, 21.81)
GPS: (-3.12300303, -41.76480728)</description>
        <styleUrl>#node_style</styleUrl>
        <Point>
          <coordinates>-41.76480727578431,-3.123003034078904,0</coordinates>
        </Point>
      </Placemark>
      <Placemark>
        <name>ef_charlie_delta_cd_disjuntor3.471</name>
        <description>ID: ef_charlie_delta_cd_disjuntor3.471
Coordenadas: (-27.04, 20.58)
GPS: (-3.12301414, -41.76478029)</description>
        <styleUrl>#node_style</styleUrl>
        <Point>
          <coordinates>-41.764780286081425,-3.12301414450679,0</coordinates>
        </Point>
      </Placemark>
      <Placemark>
        <name>ef_charlie_delta_cd_disjuntor3.455</name>
        <description>ID: ef_charlie_delta_cd_disjuntor3.455
Coordenadas: (-27.04, 21.81)
GPS: (-3.12300303, -41.76478029)</description>
        <styleUrl>#node_style</styleUrl>
        <Point>
          <coordinates>-41.764780286081425,-3.123003034078904,0</coordinates>
        </Point>
      </Placemark>
      <Placemark>
        <name>ef_charlie_delta_cd_disjuntor6.449</name>
        <description>ID: ef_charlie_delta_cd_disjuntor6.449
Coordenadas: (-26.35, 50.16)
GPS: (-3.12274840, -41.76477406)</description>
        <styleUrl>#node_style</styleUrl>
        <Point>
          <coordinates>-41.76477406405525,-3.1227484033378596,0</coordinates>
        </Point>
      </Placemark>
      <Placemark>
        <name>ef_charlie_delta_cd_disjuntor1.482</name>
        <description>ID: ef_charlie_delta_cd_disjuntor1.482
Coordenadas: (-26.31, -6.04)
GPS: (-3.12325323, -41.76477368)</description>
        <styleUrl>#node_style</styleUrl>
        <Point>
          <coordinates>-41.7647736781025,-3.123253230709983,0</coordinates>
        </Point>
      </Placemark>
      <Placemark>
        <name>ef_charlie_delta_cd_disjuntor3.474</name>
        <description>ID: ef_charlie_delta_cd_disjuntor3.474
Coordenadas: (-24.04, 20.58)
GPS: (-3.12301414, -41.76475330)</description>
        <styleUrl>#node_style</styleUrl>
        <Point>
          <coordinates>-41.764753296378544,-3.12301414450679,0</coordinates>
        </Point>
      </Placemark>
      <Placemark>
        <name>ef_charlie_delta_cd_disjuntor3.436</name>
        <description>ID: ef_charlie_delta_cd_disjuntor3.436
Coordenadas: (-24.04, 21.81)
GPS: (-3.12300303, -41.76475330)</description>
        <styleUrl>#node_style</styleUrl>
        <Point>
          <coordinates>-41.764753296378544,-3.123003034078904,0</coordinates>
        </Point>
      </Placemark>
      <Placemark>
        <name>ef_charlie_delta_cd_tc3.462</name>
        <description>ID: ef_charlie_delta_cd_tc3.462
Coordenadas: (-21.04, 20.58)
GPS: (-3.12301414, -41.76472631)</description>
        <styleUrl>#node_style</styleUrl>
        <Point>
          <coordinates>-41.76472630667566,-3.12301414450679,0</coordinates>
        </Point>
      </Placemark>
      <Placemark>
        <name>ef_charlie_delta_cd_tc3.442</name>
        <description>ID: ef_charlie_delta_cd_tc3.442
Coordenadas: (-21.04, 21.81)
GPS: (-3.12300303, -41.76472631)</description>
        <styleUrl>#node_style</styleUrl>
        <Point>
          <coordinates>-41.76472630667566,-3.123003034078904,0</coordinates>
        </Point>
      </Placemark>
      <Placemark>
        <name>ef_charlie_delta_cd_tc3.437</name>
        <description>ID: ef_charlie_delta_cd_tc3.437
Coordenadas: (-20.64, 21.81)
GPS: (-3.12300303, -41.76472272)</description>
        <styleUrl>#node_style</styleUrl>
        <Point>
          <coordinates>-41.76472271614552,-3.123003034078904,0</coordinates>
        </Point>
      </Placemark>
      <Placemark>
        <name>ef_charlie_delta_cd_tc3.444</name>
        <description>ID: ef_charlie_delta_cd_tc3.444
Coordenadas: (-20.64, 24.20)
GPS: (-3.12298162, -41.76472272)</description>
        <styleUrl>#node_style</styleUrl>
        <Point>
          <coordinates>-41.76472271614552,-3.122981621711577,0</coordinates>
        </Point>
      </Placemark>
      <Placemark>
        <name>ef_charlie_delta_cd_tc4.440</name>
        <description>ID: ef_charlie_delta_cd_tc4.440
Coordenadas: (-20.64, 27.20)
GPS: (-3.12295467, -41.76472272)</description>
        <styleUrl>#node_style</styleUrl>
        <Point>
          <coordinates>-41.76472271614552,-3.122954672096717,0</coordinates>
        </Point>
      </Placemark>
      <Placemark>
        <name>ef_charlie_delta_cd_tc4.446</name>
        <description>ID: ef_charlie_delta_cd_tc4.446
Coordenadas: (-20.64, 30.20)
GPS: (-3.12292772, -41.76472272)</description>
        <styleUrl>#node_style</styleUrl>
        <Point>
          <coordinates>-41.76472271614552,-3.122927722481857,0</coordinates>
        </Point>
      </Placemark>
      <Placemark>
        <name>ef_charlie_delta_cd_tc4.443</name>
        <description>ID: ef_charlie_delta_cd_tc4.443
Coordenadas: (-20.64, 33.20)
GPS: (-3.12290077, -41.76472272)</description>
        <styleUrl>#node_style</styleUrl>
        <Point>
          <coordinates>-41.76472271614552,-3.1229007728669966,0</coordinates>
        </Point>
      </Placemark>
      <Placemark>
        <name>ef_charlie_delta_cd_tc5.434</name>
        <description>ID: ef_charlie_delta_cd_tc5.434
Coordenadas: (-20.64, 36.20)
GPS: (-3.12287382, -41.76472272)</description>
        <styleUrl>#node_style</styleUrl>
        <Point>
          <coordinates>-41.76472271614552,-3.1228738232521365,0</coordinates>
        </Point>
      </Placemark>
      <Placemark>
        <name>ef_charlie_delta_cd_tc5.445</name>
        <description>ID: ef_charlie_delta_cd_tc5.445
Coordenadas: (-20.64, 39.20)
GPS: (-3.12284687, -41.76472272)</description>
        <styleUrl>#node_style</styleUrl>
        <Point>
          <coordinates>-41.76472271614552,-3.1228468736372763,0</coordinates>
        </Point>
      </Placemark>
      <Placemark>
        <name>ef_charlie_delta_cd_tc6.441</name>
        <description>ID: ef_charlie_delta_cd_tc6.441
Coordenadas: (-20.64, 42.20)
GPS: (-3.12281992, -41.76472272)</description>
        <styleUrl>#node_style</styleUrl>
        <Point>
          <coordinates>-41.76472271614552,-3.122819924022416,0</coordinates>
        </Point>
      </Placemark>
      <Placemark>
        <name>ef_charlie_delta_cd_tc6.433</name>
        <description>ID: ef_charlie_delta_cd_tc6.433
Coordenadas: (-20.64, 45.20)
GPS: (-3.12279297, -41.76472272)</description>
        <styleUrl>#node_style</styleUrl>
        <Point>
          <coordinates>-41.76472271614552,-3.122792974407556,0</coordinates>
        </Point>
      </Placemark>
      <Placemark>
        <name>ef_charlie_delta_cd_tc6.448</name>
        <description>ID: ef_charlie_delta_cd_tc6.448
Coordenadas: (-20.64, 48.20)
GPS: (-3.12276602, -41.76472272)</description>
        <styleUrl>#node_style</styleUrl>
        <Point>
          <coordinates>-41.76472271614552,-3.1227660247926963,0</coordinates>
        </Point>
      </Placemark>
      <Placemark>
        <name>ef_charlie_delta_cd_tc6.456</name>
        <description>ID: ef_charlie_delta_cd_tc6.456
Coordenadas: (-20.64, 50.16)
GPS: (-3.12274840, -41.76472272)</description>
        <styleUrl>#node_style</styleUrl>
        <Point>
          <coordinates>-41.76472271614552,-3.1227484033378596,0</coordinates>
        </Point>
      </Placemark>
      <Placemark>
        <name>ef_charlie_delta_cd_tc1.466</name>
        <description>ID: ef_charlie_delta_cd_tc1.466
Coordenadas: (-20.59, -6.04)
GPS: (-3.12325323, -41.76472228)</description>
        <styleUrl>#node_style</styleUrl>
        <Point>
          <coordinates>-41.764722281611306,-3.123253230709983,0</coordinates>
        </Point>
      </Placemark>
      <Placemark>
        <name>ef_charlie_delta_cd_tc1.470</name>
        <description>ID: ef_charlie_delta_cd_tc1.470
Coordenadas: (-20.59, -5.80)
GPS: (-3.12325112, -41.76472228)</description>
        <styleUrl>#node_style</styleUrl>
        <Point>
          <coordinates>-41.764722281611306,-3.123251117860178,0</coordinates>
        </Point>
      </Placemark>
      <Placemark>
        <name>ef_charlie_delta_cd_tc1.468</name>
        <description>ID: ef_charlie_delta_cd_tc1.468
Coordenadas: (-20.59, -2.80)
GPS: (-3.12322417, -41.76472228)</description>
        <styleUrl>#node_style</styleUrl>
        <Point>
          <coordinates>-41.764722281611306,-3.123224168245318,0</coordinates>
        </Point>
      </Placemark>
      <Placemark>
        <name>ef_charlie_delta_cd_tc1.459</name>
        <description>ID: ef_charlie_delta_cd_tc1.459
Coordenadas: (-20.59, 0.20)
GPS: (-3.12319722, -41.76472228)</description>
        <styleUrl>#node_style</styleUrl>
        <Point>
          <coordinates>-41.764722281611306,-3.123197218630458,0</coordinates>
        </Point>
      </Placemark>
      <Placemark>
        <name>ef_charlie_delta_cd_tc1.479</name>
        <description>ID: ef_charlie_delta_cd_tc1.479
Coordenadas: (-20.59, 3.20)
GPS: (-3.12317027, -41.76472228)</description>
        <styleUrl>#node_style</styleUrl>
        <Point>
          <coordinates>-41.764722281611306,-3.123170269015598,0</coordinates>
        </Point>
      </Placemark>
      <Placemark>
        <name>ef_charlie_delta_cd_tc1.477</name>
        <description>ID: ef_charlie_delta_cd_tc1.477
Coordenadas: (-20.59, 6.20)
GPS: (-3.12314332, -41.76472228)</description>
        <styleUrl>#node_style</styleUrl>
        <Point>
          <coordinates>-41.764722281611306,-3.1231433194007376,0</coordinates>
        </Point>
      </Placemark>
      <Placemark>
        <name>ef_charlie_delta_cd_tc2.481</name>
        <description>ID: ef_charlie_delta_cd_tc2.481
Coordenadas: (-20.59, 9.20)
GPS: (-3.12311637, -41.76472228)</description>
        <styleUrl>#node_style</styleUrl>
        <Point>
          <coordinates>-41.764722281611306,-3.1231163697858775,0</coordinates>
        </Point>
      </Placemark>
      <Placemark>
        <name>ef_charlie_delta_cd_tc2.461</name>
        <description>ID: ef_charlie_delta_cd_tc2.461
Coordenadas: (-20.59, 12.20)
GPS: (-3.12308942, -41.76472228)</description>
        <styleUrl>#node_style</styleUrl>
        <Point>
          <coordinates>-41.764722281611306,-3.1230894201710173,0</coordinates>
        </Point>
      </Placemark>
      <Placemark>
        <name>ef_charlie_delta_cd_tc3.480</name>
        <description>ID: ef_charlie_delta_cd_tc3.480
Coordenadas: (-20.59, 15.20)
GPS: (-3.12306247, -41.76472228)</description>
        <styleUrl>#node_style</styleUrl>
        <Point>
          <coordinates>-41.764722281611306,-3.123062470556157,0</coordinates>
        </Point>
      </Placemark>
      <Placemark>
        <name>ef_charlie_delta_cd_tc3.465</name>
        <description>ID: ef_charlie_delta_cd_tc3.465
Coordenadas: (-20.59, 18.20)
GPS: (-3.12303552, -41.76472228)</description>
        <styleUrl>#node_style</styleUrl>
        <Point>
          <coordinates>-41.764722281611306,-3.123035520941297,0</coordinates>
        </Point>
      </Placemark>
      <Placemark>
        <name>ef_charlie_delta_cd_tc3.478</name>
        <description>ID: ef_charlie_delta_cd_tc3.478
Coordenadas: (-20.59, 20.58)
GPS: (-3.12301414, -41.76472228)</description>
        <styleUrl>#node_style</styleUrl>
        <Point>
          <coordinates>-41.764722281611306,-3.12301414450679,0</coordinates>
        </Point>
      </Placemark>
      <Placemark>
        <name>ef_charlie_delta_cd_tc6.52</name>
        <description>ID: ef_charlie_delta_cd_tc6.52
Coordenadas: (-20.53, 43.21)
GPS: (-3.12281084, -41.76472166)</description>
        <styleUrl>#node_style</styleUrl>
        <Point>
          <coordinates>-41.764721659948485,-3.122810839307247,0</coordinates>
        </Point>
      </Placemark>
      <Placemark>
        <name>ef_charlie_delta_cd_tc6.63</name>
        <description>ID: ef_charlie_delta_cd_tc6.63
Coordenadas: (-20.53, 45.20)
GPS: (-3.12279297, -41.76472166)</description>
        <styleUrl>#node_style</styleUrl>
        <Point>
          <coordinates>-41.764721659948485,-3.122792974407556,0</coordinates>
        </Point>
      </Placemark>
      <Placemark>
        <name>ef_charlie_delta_cd_tc6.61</name>
        <description>ID: ef_charlie_delta_cd_tc6.61
Coordenadas: (-20.53, 48.20)
GPS: (-3.12276602, -41.76472166)</description>
        <styleUrl>#node_style</styleUrl>
        <Point>
          <coordinates>-41.764721659948485,-3.1227660247926963,0</coordinates>
        </Point>
      </Placemark>
      <Placemark>
        <name>ef_charlie_delta_cd_tc6.57</name>
        <description>ID: ef_charlie_delta_cd_tc6.57
Coordenadas: (-20.53, 48.62)
GPS: (-3.12276225, -41.76472166)</description>
        <styleUrl>#node_style</styleUrl>
        <Point>
          <coordinates>-41.764721659948485,-3.122762254541577,0</coordinates>
        </Point>
      </Placemark>
      <Placemark>
        <name>ef_charlie_delta_cd_tc5.75</name>
        <description>ID: ef_charlie_delta_cd_tc5.75
Coordenadas: (-20.51, 35.76)
GPS: (-3.12287776, -41.76472155)</description>
        <styleUrl>#node_style</styleUrl>
        <Point>
          <coordinates>-41.764721545692076,-3.122877755200945,0</coordinates>
        </Point>
      </Placemark>
      <Placemark>
        <name>ef_charlie_delta_cd_tc5.71</name>
        <description>ID: ef_charlie_delta_cd_tc5.71
Coordenadas: (-20.51, 36.20)
GPS: (-3.12287382, -41.76472155)</description>
        <styleUrl>#node_style</styleUrl>
        <Point>
          <coordinates>-41.764721545692076,-3.1228738232521365,0</coordinates>
        </Point>
      </Placemark>
      <Placemark>
        <name>ef_charlie_delta_cd_tc5.65</name>
        <description>ID: ef_charlie_delta_cd_tc5.65
Coordenadas: (-20.51, 39.20)
GPS: (-3.12284687, -41.76472155)</description>
        <styleUrl>#node_style</styleUrl>
        <Point>
          <coordinates>-41.764721545692076,-3.1228468736372763,0</coordinates>
        </Point>
      </Placemark>
      <Placemark>
        <name>ef_charlie_delta_cd_tc5.69</name>
        <description>ID: ef_charlie_delta_cd_tc5.69
Coordenadas: (-20.51, 41.17)
GPS: (-3.12282917, -41.76472155)</description>
        <styleUrl>#node_style</styleUrl>
        <Point>
          <coordinates>-41.764721545692076,-3.1228291704352746,0</coordinates>
        </Point>
      </Placemark>
      <Placemark>
        <name>ef_charlie_delta_cd_tc4.93</name>
        <description>ID: ef_charlie_delta_cd_tc4.93
Coordenadas: (-20.50, 28.33)
GPS: (-3.12294449, -41.76472143)</description>
        <styleUrl>#node_style</styleUrl>
        <Point>
          <coordinates>-41.76472143053601,-3.1229444914305433,0</coordinates>
        </Point>
      </Placemark>
      <Placemark>
        <name>ef_charlie_delta_cd_tc4.95</name>
        <description>ID: ef_charlie_delta_cd_tc4.95
Coordenadas: (-20.50, 30.20)
GPS: (-3.12292772, -41.76472143)</description>
        <styleUrl>#node_style</styleUrl>
        <Point>
          <coordinates>-41.76472143053601,-3.122927722481857,0</coordinates>
        </Point>
      </Placemark>
      <Placemark>
        <name>ef_charlie_delta_cd_tc4.97</name>
        <description>ID: ef_charlie_delta_cd_tc4.97
Coordenadas: (-20.50, 33.20)
GPS: (-3.12290077, -41.76472143)</description>
        <styleUrl>#node_style</styleUrl>
        <Point>
          <coordinates>-41.76472143053601,-3.1229007728669966,0</coordinates>
        </Point>
      </Placemark>
      <Placemark>
        <name>ef_charlie_delta_cd_tc4.96</name>
        <description>ID: ef_charlie_delta_cd_tc4.96
Coordenadas: (-20.50, 33.74)
GPS: (-3.12289591, -41.76472143)</description>
        <styleUrl>#node_style</styleUrl>
        <Point>
          <coordinates>-41.76472143053601,-3.122895905766553,0</coordinates>
        </Point>
      </Placemark>
      <Placemark>
        <name>ef_charlie_delta_cd_tc3.116</name>
        <description>ID: ef_charlie_delta_cd_tc3.116
Coordenadas: (-20.48, 15.07)
GPS: (-3.12306365, -41.76472123)</description>
        <styleUrl>#node_style</styleUrl>
        <Point>
          <coordinates>-41.76472122541426,-3.1230636518476085,0</coordinates>
        </Point>
      </Placemark>
      <Placemark>
        <name>ef_charlie_delta_cd_tc3.109</name>
        <description>ID: ef_charlie_delta_cd_tc3.109
Coordenadas: (-20.48, 15.20)
GPS: (-3.12306247, -41.76472123)</description>
        <styleUrl>#node_style</styleUrl>
        <Point>
          <coordinates>-41.76472122541426,-3.123062470556157,0</coordinates>
        </Point>
      </Placemark>
      <Placemark>
        <name>ef_charlie_delta_cd_tc3.103</name>
        <description>ID: ef_charlie_delta_cd_tc3.103
Coordenadas: (-20.48, 18.20)
GPS: (-3.12303552, -41.76472123)</description>
        <styleUrl>#node_style</styleUrl>
        <Point>
          <coordinates>-41.76472122541426,-3.123035520941297,0</coordinates>
        </Point>
      </Placemark>
    </Folder>
    
    <!-- Caminhos Possíveis -->
    <Folder>
      <name>Caminhos Possíveis (Amostra)</name>
      <Placemark>
        <name>ef_charlie_delta_cd_reator6.205 → ef_charlie_delta_paredereator67.001.206</name>
        <description>De: ef_charlie_delta_cd_reator6.205
Para: ef_charlie_delta_paredereator67.001.206
Distância: 5.52m</description>
        <styleUrl>#edge_style</styleUrl>
        <LineString>
          <coordinates>-41.76540104924769,-3.1228293824389115,0 -41.76540104924769,-3.1227797861643642,0</coordinates>
        </LineString>
      </Placemark>
      <Placemark>
        <name>ef_charlie_delta_cd_reator6.205 → ef_charlie_delta_cd_reator6.211</name>
        <description>De: ef_charlie_delta_cd_reator6.205
Para: ef_charlie_delta_cd_reator6.211
Distância: 1.65m</description>
        <styleUrl>#edge_style</styleUrl>
        <LineString>
          <coordinates>-41.76540104924769,-3.1228293824389115,0 -41.76540089360707,-3.1228442217951744,0</coordinates>
        </LineString>
      </Placemark>
      <Placemark>
        <name>ef_charlie_delta_paredereator67.001.206 → ef_charlie_delta_cd_reator7.201</name>
        <description>De: ef_charlie_delta_paredereator67.001.206
Para: ef_charlie_delta_cd_reator7.201
Distância: 5.52m</description>
        <styleUrl>#edge_style</styleUrl>
        <LineString>
          <coordinates>-41.76540104924769,-3.1227797861643642,0 -41.76540104924769,-3.122730188991496,0</coordinates>
        </LineString>
      </Placemark>
      <Placemark>
        <name>ef_charlie_delta_cd_reator7.201 → ef_charlie_delta_cd_reator7.204</name>
        <description>De: ef_charlie_delta_cd_reator7.201
Para: ef_charlie_delta_cd_reator7.204
Distância: 5.52m</description>
        <styleUrl>#edge_style</styleUrl>
        <LineString>
          <coordinates>-41.76540104924769,-3.122730188991496,0 -41.76540104924769,-3.1226805927169488,0</coordinates>
        </LineString>
      </Placemark>
      <Placemark>
        <name>ef_charlie_delta_cd_reator7.204 → ef_charlie_delta_cd_pr7.207</name>
        <description>De: ef_charlie_delta_cd_reator7.204
Para: ef_charlie_delta_cd_pr7.207
Distância: 5.85m</description>
        <styleUrl>#edge_style</styleUrl>
        <LineString>
          <coordinates>-41.76540104924769,-3.1226805927169488,0 -41.765348456213,-3.1226805927169488,0</coordinates>
        </LineString>
      </Placemark>
      <Placemark>
        <name>ef_charlie_delta_cd_reator1.234 → ef_charlie_delta_cd_reator1.238</name>
        <description>De: ef_charlie_delta_cd_reator1.234
Para: ef_charlie_delta_cd_reator1.238
Distância: 5.84m</description>
        <styleUrl>#edge_style</styleUrl>
        <LineString>
          <coordinates>-41.765400908901235,-3.1233162227397573,0 -41.765348386039776,-3.1233162227397573,0</coordinates>
        </LineString>
      </Placemark>
      <Placemark>
        <name>ef_charlie_delta_cd_reator1.234 → ef_charlie_delta_cd_reator1.239</name>
        <description>De: ef_charlie_delta_cd_reator1.234
Para: ef_charlie_delta_cd_reator1.239
Distância: 5.07m</description>
        <styleUrl>#edge_style</styleUrl>
        <LineString>
          <coordinates>-41.765400908901235,-3.1233162227397573,0 -41.765400908901235,-3.123270646449426,0</coordinates>
        </LineString>
      </Placemark>
      <Placemark>
        <name>ef_charlie_delta_cd_reator1.239 → ef_charlie_delta_paredereator12.001.233</name>
        <description>De: ef_charlie_delta_cd_reator1.239
Para: ef_charlie_delta_paredereator12.001.233
Distância: 5.07m</description>
        <styleUrl>#edge_style</styleUrl>
        <LineString>
          <coordinates>-41.765400908901235,-3.123270646449426,0 -41.765400908901235,-3.123225070159095,0</coordinates>
        </LineString>
      </Placemark>
      <Placemark>
        <name>ef_charlie_delta_paredereator12.001.233 → ef_charlie_delta_cd_reator2.236</name>
        <description>De: ef_charlie_delta_paredereator12.001.233
Para: ef_charlie_delta_cd_reator2.236
Distância: 5.07m</description>
        <styleUrl>#edge_style</styleUrl>
        <LineString>
          <coordinates>-41.765400908901235,-3.123225070159095,0 -41.765400908901235,-3.1231794938687645,0</coordinates>
        </LineString>
      </Placemark>
      <Placemark>
        <name>ef_charlie_delta_cd_reator2.236 → ef_charlie_delta_paredereator23.001.229</name>
        <description>De: ef_charlie_delta_cd_reator2.236
Para: ef_charlie_delta_paredereator23.001.229
Distância: 5.07m</description>
        <styleUrl>#edge_style</styleUrl>
        <LineString>
          <coordinates>-41.765400908901235,-3.1231794938687645,0 -41.765400908901235,-3.123133918476754,0</coordinates>
        </LineString>
      </Placemark>
      <Placemark>
        <name>ef_charlie_delta_paredereator23.001.229 → ef_charlie_delta_cd_reator3.225</name>
        <description>De: ef_charlie_delta_paredereator23.001.229
Para: ef_charlie_delta_cd_reator3.225
Distância: 1.72m</description>
        <styleUrl>#edge_style</styleUrl>
        <LineString>
          <coordinates>-41.765400908901235,-3.123133918476754,0 -41.76540058232583,-3.1231184440079014,0</coordinates>
        </LineString>
      </Placemark>
      <Placemark>
        <name>ef_charlie_delta_cd_reator4.215 → ef_charlie_delta_cd_reator5.214</name>
        <description>De: ef_charlie_delta_cd_reator4.215
Para: ef_charlie_delta_cd_reator5.214
Distância: 7.86m</description>
        <styleUrl>#edge_style</styleUrl>
        <LineString>
          <coordinates>-41.76540089360707,-3.123008995333711,0 -41.76540089360707,-3.122938377461252,0</coordinates>
        </LineString>
      </Placemark>
      <Placemark>
        <name>ef_charlie_delta_cd_reator4.215 → ef_charlie_delta_cd_reator4.223</name>
        <description>De: ef_charlie_delta_cd_reator4.215
Para: ef_charlie_delta_cd_reator4.223
Distância: 1.72m</description>
        <styleUrl>#edge_style</styleUrl>
        <LineString>
          <coordinates>-41.76540089360707,-3.123008995333711,0 -41.76540058232583,-3.1230244841756916,0</coordinates>
        </LineString>
      </Placemark>
      <Placemark>
        <name>ef_charlie_delta_cd_reator5.214 → ef_charlie_delta_cd_reator5.217</name>
        <description>De: ef_charlie_delta_cd_reator5.214
Para: ef_charlie_delta_cd_reator5.217
Distância: 5.24m</description>
        <styleUrl>#edge_style</styleUrl>
        <LineString>
          <coordinates>-41.76540089360707,-3.122938377461252,0 -41.76540089360707,-3.1228913000773733,0</coordinates>
        </LineString>
      </Placemark>
      <Placemark>
        <name>ef_charlie_delta_cd_reator5.217 → ef_charlie_delta_cd_reator6.211</name>
        <description>De: ef_charlie_delta_cd_reator5.217
Para: ef_charlie_delta_cd_reator6.211
Distância: 5.24m</description>
        <styleUrl>#edge_style</styleUrl>
        <LineString>
          <coordinates>-41.76540089360707,-3.1228913000773733,0 -41.76540089360707,-3.1228442217951744,0</coordinates>
        </LineString>
      </Placemark>
      <Placemark>
        <name>ef_charlie_delta_cd_reator3.225 → ef_charlie_delta_cd_reator3.224</name>
        <description>De: ef_charlie_delta_cd_reator3.225
Para: ef_charlie_delta_cd_reator3.224
Distância: 5.23m</description>
        <styleUrl>#edge_style</styleUrl>
        <LineString>
          <coordinates>-41.76540058232583,-3.1231184440079014,0 -41.76540058232583,-3.123071463642636,0</coordinates>
        </LineString>
      </Placemark>
      <Placemark>
        <name>ef_charlie_delta_cd_reator3.224 → ef_charlie_delta_cd_reator4.223</name>
        <description>De: ef_charlie_delta_cd_reator3.224
Para: ef_charlie_delta_cd_reator4.223
Distância: 5.23m</description>
        <styleUrl>#edge_style</styleUrl>
        <LineString>
          <coordinates>-41.76540058232583,-3.123071463642636,0 -41.76540058232583,-3.1230244841756916,0</coordinates>
        </LineString>
      </Placemark>
      <Placemark>
        <name>ef_charlie_delta_cd_pr7.207 → ef_charlie_delta_cd_pr7.203</name>
        <description>De: ef_charlie_delta_cd_pr7.207
Para: ef_charlie_delta_cd_pr7.203
Distância: 5.85m</description>
        <styleUrl>#edge_style</styleUrl>
        <LineString>
          <coordinates>-41.765348456213,-3.1226805927169488,0 -41.76529586407796,-3.1226805927169488,0</coordinates>
        </LineString>
      </Placemark>
      <Placemark>
        <name>ef_charlie_delta_cd_reator1.238 → ef_charlie_delta_cd_pr1.231</name>
        <description>De: ef_charlie_delta_cd_reator1.238
Para: ef_charlie_delta_cd_pr1.231
Distância: 5.84m</description>
        <styleUrl>#edge_style</styleUrl>
        <LineString>
          <coordinates>-41.765348386039776,-3.1233162227397573,0 -41.76529586407796,-3.1233162227397573,0</coordinates>
        </LineString>
      </Placemark>
      <Placemark>
        <name>ef_charlie_delta_cd_pr1.231 → ef_charlie_delta_cd_pr1.237</name>
        <description>De: ef_charlie_delta_cd_pr1.231
Para: ef_charlie_delta_cd_pr1.237
Distância: 4.25m</description>
        <styleUrl>#edge_style</styleUrl>
        <LineString>
          <coordinates>-41.76529586407796,-3.1233162227397573,0 -41.76529586407796,-3.123278067475038,0</coordinates>
        </LineString>
      </Placemark>
      <Placemark>
        <name>ef_charlie_delta_cd_pr1.237 → ef_charlie_delta_cd_pr1.235</name>
        <description>De: ef_charlie_delta_cd_pr1.237
Para: ef_charlie_delta_cd_pr1.235
Distância: 3.00m</description>
        <styleUrl>#edge_style</styleUrl>
        <LineString>
          <coordinates>-41.76529586407796,-3.123278067475038,0 -41.76529586407796,-3.123251117860178,0</coordinates>
        </LineString>
      </Placemark>
      <Placemark>
        <name>ef_charlie_delta_cd_pr1.237 → ef_charlie_delta_cd_busip2.830</name>
        <description>De: ef_charlie_delta_cd_pr1.237
Para: ef_charlie_delta_cd_busip2.830
Distância: 38.30m</description>
        <styleUrl>#edge_style</styleUrl>
        <LineString>
          <coordinates>-41.76529586407796,-3.123278067475038,0 -41.76495125145467,-3.123278067475038,0</coordinates>
        </LineString>
      </Placemark>
      <Placemark>
        <name>ef_charlie_delta_cd_pr1.237 → pp_5</name>
        <description>De: ef_charlie_delta_cd_pr1.237
Para: pp_5
Distância: 30.31m</description>
        <styleUrl>#edge_style</styleUrl>
        <LineString>
          <coordinates>-41.76529586407796,-3.123278067475038,0 -41.76502319340735,-3.123278067475038,0</coordinates>
        </LineString>
      </Placemark>
      <Placemark>
        <name>ef_charlie_delta_cd_pr1.237 → pp_6</name>
        <description>De: ef_charlie_delta_cd_pr1.237
Para: pp_6
Distância: 33.31m</description>
        <styleUrl>#edge_style</styleUrl>
        <LineString>
          <coordinates>-41.76529586407796,-3.123278067475038,0 -41.76499620370447,-3.123278067475038,0</coordinates>
        </LineString>
      </Placemark>
      <Placemark>
        <name>ef_charlie_delta_cd_pr1.235 → ef_charlie_delta_cd_buscsb2.944</name>
        <description>De: ef_charlie_delta_cd_pr1.235
Para: ef_charlie_delta_cd_buscsb2.944
Distância: 29.95m</description>
        <styleUrl>#edge_style</styleUrl>
        <LineString>
          <coordinates>-41.76529586407796,-3.123251117860178,0 -41.765026403382684,-3.123251117860178,0</coordinates>
        </LineString>
      </Placemark>
      <Placemark>
        <name>ef_charlie_delta_cd_pr1.235 → ef_charlie_delta_cd_pr1.240</name>
        <description>De: ef_charlie_delta_cd_pr1.235
Para: ef_charlie_delta_cd_pr1.240
Distância: 3.00m</description>
        <styleUrl>#edge_style</styleUrl>
        <LineString>
          <coordinates>-41.76529586407796,-3.123251117860178,0 -41.76529586407796,-3.123224168245318,0</coordinates>
        </LineString>
      </Placemark>
      <Placemark>
        <name>ef_charlie_delta_cd_pr1.240 → ef_charlie_delta_cd_pr2.230</name>
        <description>De: ef_charlie_delta_cd_pr1.240
Para: ef_charlie_delta_cd_pr2.230
Distância: 3.00m</description>
        <styleUrl>#edge_style</styleUrl>
        <LineString>
          <coordinates>-41.76529586407796,-3.123224168245318,0 -41.76529586407796,-3.123197218630458,0</coordinates>
        </LineString>
      </Placemark>
      <Placemark>
        <name>ef_charlie_delta_cd_pr1.240 → ef_charlie_delta_cd_buscsb2.940</name>
        <description>De: ef_charlie_delta_cd_pr1.240
Para: ef_charlie_delta_cd_buscsb2.940
Distância: 29.95m</description>
        <styleUrl>#edge_style</styleUrl>
        <LineString>
          <coordinates>-41.76529586407796,-3.123224168245318,0 -41.765026403382684,-3.123224168245318,0</coordinates>
        </LineString>
      </Placemark>
      <Placemark>
        <name>ef_charlie_delta_cd_pr2.230 → ef_charlie_delta_cd_pr2.232</name>
        <description>De: ef_charlie_delta_cd_pr2.230
Para: ef_charlie_delta_cd_pr2.232
Distância: 7.05m</description>
        <styleUrl>#edge_style</styleUrl>
        <LineString>
          <coordinates>-41.76529586407796,-3.123197218630458,0 -41.76529586407796,-3.123133918476754,0</coordinates>
        </LineString>
      </Placemark>
      <Placemark>
        <name>ef_charlie_delta_cd_pr2.230 → ef_charlie_delta_cd_buscsb3.937</name>
        <description>De: ef_charlie_delta_cd_pr2.230
Para: ef_charlie_delta_cd_buscsb3.937
Distância: 29.95m</description>
        <styleUrl>#edge_style</styleUrl>
        <LineString>
          <coordinates>-41.76529586407796,-3.123197218630458,0 -41.765026403382684,-3.123197218630458,0</coordinates>
        </LineString>
      </Placemark>
      <Placemark>
        <name>ef_charlie_delta_cd_pr2.232 → ef_charlie_delta_cd_pr3.228</name>
        <description>De: ef_charlie_delta_cd_pr2.232
Para: ef_charlie_delta_cd_pr3.228
Distância: 1.95m</description>
        <styleUrl>#edge_style</styleUrl>
        <LineString>
          <coordinates>-41.76529586407796,-3.123133918476754,0 -41.76529586407796,-3.1231163697858775,0</coordinates>
        </LineString>
      </Placemark>
      <Placemark>
        <name>ef_charlie_delta_cd_pr3.228 → ef_charlie_delta_cd_pr3.221</name>
        <description>De: ef_charlie_delta_cd_pr3.228
Para: ef_charlie_delta_cd_pr3.221
Distância: 3.00m</description>
        <styleUrl>#edge_style</styleUrl>
        <LineString>
          <coordinates>-41.76529586407796,-3.1231163697858775,0 -41.76529586407796,-3.1230894201710173,0</coordinates>
        </LineString>
      </Placemark>
      <Placemark>
        <name>ef_charlie_delta_cd_pr3.228 → ef_charlie_delta_cd_ip8.317</name>
        <description>De: ef_charlie_delta_cd_pr3.228
Para: ef_charlie_delta_cd_ip8.317
Distância: 12.17m</description>
        <styleUrl>#edge_style</styleUrl>
        <LineString>
          <coordinates>-41.76529586407796,-3.1231163697858775,0 -41.76518637764926,-3.1231163697858775,0</coordinates>
        </LineString>
      </Placemark>
      <Placemark>
        <name>ef_charlie_delta_cd_pr3.228 → pp_1</name>
        <description>De: ef_charlie_delta_cd_pr3.228
Para: pp_1
Distância: 3.31m</description>
        <styleUrl>#edge_style</styleUrl>
        <LineString>
          <coordinates>-41.76529586407796,-3.1231163697858775,0 -41.765266100733285,-3.1231163697858775,0</coordinates>
        </LineString>
      </Placemark>
      <Placemark>
        <name>ef_charlie_delta_cd_pr3.228 → pp_3</name>
        <description>De: ef_charlie_delta_cd_pr3.228
Para: pp_3
Distância: 6.31m</description>
        <styleUrl>#edge_style</styleUrl>
        <LineString>
          <coordinates>-41.76529586407796,-3.1231163697858775,0 -41.765239111030404,-3.1231163697858775,0</coordinates>
        </LineString>
      </Placemark>
      <Placemark>
        <name>ef_charlie_delta_cd_pr3.221 → ef_charlie_delta_cd_pr4.226</name>
        <description>De: ef_charlie_delta_cd_pr3.221
Para: ef_charlie_delta_cd_pr4.226
Distância: 12.00m</description>
        <styleUrl>#edge_style</styleUrl>
        <LineString>
          <coordinates>-41.76529586407796,-3.1230894201710173,0 -41.76529586407796,-3.122981621711577,0</coordinates>
        </LineString>
      </Placemark>
      <Placemark>
        <name>ef_charlie_delta_cd_pr3.221 → ef_charlie_delta_cd_ip2.251</name>
        <description>De: ef_charlie_delta_cd_pr3.221
Para: ef_charlie_delta_cd_ip2.251
Distância: 1.89m</description>
        <styleUrl>#edge_style</styleUrl>
        <LineString>
          <coordinates>-41.76529586407796,-3.1230894201710173,0 -41.76527887316035,-3.1230894201710173,0</coordinates>
        </LineString>
      </Placemark>
      <Placemark>
        <name>ef_charlie_delta_cd_pr4.226 → ef_charlie_delta_cd_ip3.264</name>
        <description>De: ef_charlie_delta_cd_pr4.226
Para: ef_charlie_delta_cd_ip3.264
Distância: 1.89m</description>
        <styleUrl>#edge_style</styleUrl>
        <LineString>
          <coordinates>-41.76529586407796,-3.122981621711577,0 -41.76527887316035,-3.122981621711577,0</coordinates>
        </LineString>
      </Placemark>
      <Placemark>
        <name>ef_charlie_delta_cd_pr4.226 → ef_charlie_delta_cd_pr4.227</name>
        <description>De: ef_charlie_delta_cd_pr4.226
Para: ef_charlie_delta_cd_pr4.227
Distância: 3.00m</description>
        <styleUrl>#edge_style</styleUrl>
        <LineString>
          <coordinates>-41.76529586407796,-3.122981621711577,0 -41.76529586407796,-3.122954672096717,0</coordinates>
        </LineString>
      </Placemark>
      <Placemark>
        <name>ef_charlie_delta_cd_pr4.227 → ef_charlie_delta_cd_ip10.326</name>
        <description>De: ef_charlie_delta_cd_pr4.227
Para: ef_charlie_delta_cd_ip10.326
Distância: 12.17m</description>
        <styleUrl>#edge_style</styleUrl>
        <LineString>
          <coordinates>-41.76529586407796,-3.122954672096717,0 -41.76518637764926,-3.122954672096717,0</coordinates>
        </LineString>
      </Placemark>
      <Placemark>
        <name>ef_charlie_delta_cd_pr4.227 → ef_charlie_delta_cd_pr4.222</name>
        <description>De: ef_charlie_delta_cd_pr4.227
Para: ef_charlie_delta_cd_pr4.222
Distância: 0.07m</description>
        <styleUrl>#edge_style</styleUrl>
        <LineString>
          <coordinates>-41.76529586407796,-3.122954672096717,0 -41.76529586407796,-3.122954014526114,0</coordinates>
        </LineString>
      </Placemark>
      <Placemark>
        <name>ef_charlie_delta_cd_pr4.222 → ef_charlie_delta_cd_pr5.210</name>
        <description>De: ef_charlie_delta_cd_pr4.222
Para: ef_charlie_delta_cd_pr5.210
Distância: 2.93m</description>
        <styleUrl>#edge_style</styleUrl>
        <LineString>
          <coordinates>-41.76529586407796,-3.122954014526114,0 -41.76529586407796,-3.122927722481857,0</coordinates>
        </LineString>
      </Placemark>
      <Placemark>
        <name>ef_charlie_delta_cd_pr5.210 → ef_charlie_delta_cd_ip10.368</name>
        <description>De: ef_charlie_delta_cd_pr5.210
Para: ef_charlie_delta_cd_ip10.368
Distância: 12.17m</description>
        <styleUrl>#edge_style</styleUrl>
        <LineString>
          <coordinates>-41.76529586407796,-3.122927722481857,0 -41.76518637764926,-3.122927722481857,0</coordinates>
        </LineString>
      </Placemark>
      <Placemark>
        <name>ef_charlie_delta_cd_pr5.210 → ef_charlie_delta_cd_pr5.212</name>
        <description>De: ef_charlie_delta_cd_pr5.210
Para: ef_charlie_delta_cd_pr5.212
Distância: 3.00m</description>
        <styleUrl>#edge_style</styleUrl>
        <LineString>
          <coordinates>-41.76529586407796,-3.122927722481857,0 -41.76529586407796,-3.1229007728669966,0</coordinates>
        </LineString>
      </Placemark>
      <Placemark>
        <name>ef_charlie_delta_cd_pr5.212 → ef_charlie_delta_cd_pr5.220</name>
        <description>De: ef_charlie_delta_cd_pr5.212
Para: ef_charlie_delta_cd_pr5.220
Distância: 3.00m</description>
        <styleUrl>#edge_style</styleUrl>
        <LineString>
          <coordinates>-41.76529586407796,-3.1229007728669966,0 -41.76529586407796,-3.1228738232521365,0</coordinates>
        </LineString>
      </Placemark>
      <Placemark>
        <name>ef_charlie_delta_cd_pr5.212 → ef_charlie_delta_cd_ip4.270</name>
        <description>De: ef_charlie_delta_cd_pr5.212
Para: ef_charlie_delta_cd_ip4.270
Distância: 1.89m</description>
        <styleUrl>#edge_style</styleUrl>
        <LineString>
          <coordinates>-41.76529586407796,-3.1229007728669966,0 -41.76527887316035,-3.1229007728669966,0</coordinates>
        </LineString>
      </Placemark>
      <Placemark>
        <name>ef_charlie_delta_cd_pr5.220 → ef_charlie_delta_cd_pr6.216</name>
        <description>De: ef_charlie_delta_cd_pr5.220
Para: ef_charlie_delta_cd_pr6.216
Distância: 3.00m</description>
        <styleUrl>#edge_style</styleUrl>
        <LineString>
          <coordinates>-41.76529586407796,-3.1228738232521365,0 -41.76529586407796,-3.1228468736372763,0</coordinates>
        </LineString>
      </Placemark>
      <Placemark>
        <name>ef_charlie_delta_cd_pr5.220 → ef_charlie_delta_cd_ip4.271</name>
        <description>De: ef_charlie_delta_cd_pr5.220
Para: ef_charlie_delta_cd_ip4.271
Distância: 1.89m</description>
        <styleUrl>#edge_style</styleUrl>
        <LineString>
          <coordinates>-41.76529586407796,-3.1228738232521365,0 -41.76527887316035,-3.1228738232521365,0</coordinates>
        </LineString>
      </Placemark>
      <Placemark>
        <name>ef_charlie_delta_cd_pr6.216 → ef_charlie_delta_cd_pr6.219</name>
        <description>De: ef_charlie_delta_cd_pr6.216
Para: ef_charlie_delta_cd_pr6.219
Distância: 3.00m</description>
        <styleUrl>#edge_style</styleUrl>
        <LineString>
          <coordinates>-41.76529586407796,-3.1228468736372763,0 -41.76529586407796,-3.122819924022416,0</coordinates>
        </LineString>
      </Placemark>
      <Placemark>
        <name>ef_charlie_delta_cd_pr6.216 → ef_charlie_delta_cd_ip11.359</name>
        <description>De: ef_charlie_delta_cd_pr6.216
Para: ef_charlie_delta_cd_ip11.359
Distância: 12.17m</description>
        <styleUrl>#edge_style</styleUrl>
        <LineString>
          <coordinates>-41.76529586407796,-3.1228468736372763,0 -41.76518637764926,-3.1228468736372763,0</coordinates>
        </LineString>
      </Placemark>
      <Placemark>
        <name>ef_charlie_delta_cd_pr6.216 → pp_2</name>
        <description>De: ef_charlie_delta_cd_pr6.216
Para: pp_2
Distância: 3.31m</description>
        <styleUrl>#edge_style</styleUrl>
        <LineString>
          <coordinates>-41.76529586407796,-3.1228468736372763,0 -41.765266100733285,-3.1228468736372763,0</coordinates>
        </LineString>
      </Placemark>
      <Placemark>
        <name>ef_charlie_delta_cd_pr6.216 → pp_4</name>
        <description>De: ef_charlie_delta_cd_pr6.216
Para: pp_4
Distância: 6.31m</description>
        <styleUrl>#edge_style</styleUrl>
        <LineString>
          <coordinates>-41.76529586407796,-3.1228468736372763,0 -41.765239111030404,-3.1228468736372763,0</coordinates>
        </LineString>
      </Placemark>
      <Placemark>
        <name>ef_charlie_delta_cd_pr6.219 → ef_charlie_delta_cd_ip5.293</name>
        <description>De: ef_charlie_delta_cd_pr6.219
Para: ef_charlie_delta_cd_ip5.293
Distância: 1.89m</description>
        <styleUrl>#edge_style</styleUrl>
        <LineString>
          <coordinates>-41.76529586407796,-3.122819924022416,0 -41.76527887316035,-3.122819924022416,0</coordinates>
        </LineString>
      </Placemark>
      <Placemark>
        <name>ef_charlie_delta_cd_pr6.219 → ef_charlie_delta_cd_pr6.218</name>
        <description>De: ef_charlie_delta_cd_pr6.219
Para: ef_charlie_delta_cd_pr6.218
Distância: 3.00m</description>
        <styleUrl>#edge_style</styleUrl>
        <LineString>
          <coordinates>-41.76529586407796,-3.122819924022416,0 -41.76529586407796,-3.122792974407556,0</coordinates>
        </LineString>
      </Placemark>
      <Placemark>
        <name>ef_charlie_delta_cd_pr6.218 → ef_charlie_delta_cd_pr6.213</name>
        <description>De: ef_charlie_delta_cd_pr6.218
Para: ef_charlie_delta_cd_pr6.213
Distância: 2.16m</description>
        <styleUrl>#edge_style</styleUrl>
        <LineString>
          <coordinates>-41.76529586407796,-3.122792974407556,0 -41.76529586407796,-3.1227736039227154,0</coordinates>
        </LineString>
      </Placemark>
      <Placemark>
        <name>ef_charlie_delta_cd_pr6.218 → ef_charlie_delta_cd_ip5.286</name>
        <description>De: ef_charlie_delta_cd_pr6.218
Para: ef_charlie_delta_cd_ip5.286
Distância: 1.89m</description>
        <styleUrl>#edge_style</styleUrl>
        <LineString>
          <coordinates>-41.76529586407796,-3.122792974407556,0 -41.76527887316035,-3.122792974407556,0</coordinates>
        </LineString>
      </Placemark>
      <Placemark>
        <name>ef_charlie_delta_cd_pr6.213 → ef_charlie_delta_cd_pr6.208</name>
        <description>De: ef_charlie_delta_cd_pr6.213
Para: ef_charlie_delta_cd_pr6.208
Distância: 0.84m</description>
        <styleUrl>#edge_style</styleUrl>
        <LineString>
          <coordinates>-41.76529586407796,-3.1227736039227154,0 -41.76529586407796,-3.1227660247926963,0</coordinates>
        </LineString>
      </Placemark>
      <Placemark>
        <name>ef_charlie_delta_cd_pr6.208 → ef_charlie_delta_cd_pr7.202</name>
        <description>De: ef_charlie_delta_cd_pr6.208
Para: ef_charlie_delta_cd_pr7.202
Distância: 3.00m</description>
        <styleUrl>#edge_style</styleUrl>
        <LineString>
          <coordinates>-41.76529586407796,-3.1227660247926963,0 -41.76529586407796,-3.122739075177836,0</coordinates>
        </LineString>
      </Placemark>
      <Placemark>
        <name>ef_charlie_delta_cd_pr6.208 → ef_charlie_delta_cd_ip12.340</name>
        <description>De: ef_charlie_delta_cd_pr6.208
Para: ef_charlie_delta_cd_ip12.340
Distância: 12.17m</description>
        <styleUrl>#edge_style</styleUrl>
        <LineString>
          <coordinates>-41.76529586407796,-3.1227660247926963,0 -41.76518637764926,-3.1227660247926963,0</coordinates>
        </LineString>
      </Placemark>
      <Placemark>
        <name>ef_charlie_delta_cd_pr7.202 → ef_charlie_delta_cd_pr7.209</name>
        <description>De: ef_charlie_delta_cd_pr7.202
Para: ef_charlie_delta_cd_pr7.209
Distância: 3.00m</description>
        <styleUrl>#edge_style</styleUrl>
        <LineString>
          <coordinates>-41.76529586407796,-3.122739075177836,0 -41.76529586407796,-3.122712125562976,0</coordinates>
        </LineString>
      </Placemark>
      <Placemark>
        <name>ef_charlie_delta_cd_pr7.202 → ef_charlie_delta_cd_buscsb10.1062</name>
        <description>De: ef_charlie_delta_cd_pr7.202
Para: ef_charlie_delta_cd_buscsb10.1062
Distância: 29.87m</description>
        <styleUrl>#edge_style</styleUrl>
        <LineString>
          <coordinates>-41.76529586407796,-3.122739075177836,0 -41.765027124907405,-3.122739075177836,0</coordinates>
        </LineString>
      </Placemark>
      <Placemark>
        <name>ef_charlie_delta_cd_pr7.209 → ef_charlie_delta_cd_ip6.300</name>
        <description>De: ef_charlie_delta_cd_pr7.209
Para: ef_charlie_delta_cd_ip6.300
Distância: 1.89m</description>
        <styleUrl>#edge_style</styleUrl>
        <LineString>
          <coordinates>-41.76529586407796,-3.122712125562976,0 -41.76527887316035,-3.122712125562976,0</coordinates>
        </LineString>
      </Placemark>
      <Placemark>
        <name>ef_charlie_delta_cd_pr7.209 → ef_charlie_delta_cd_pr7.203</name>
        <description>De: ef_charlie_delta_cd_pr7.209
Para: ef_charlie_delta_cd_pr7.203
Distância: 3.51m</description>
        <styleUrl>#edge_style</styleUrl>
        <LineString>
          <coordinates>-41.76529586407796,-3.122712125562976,0 -41.76529586407796,-3.1226805927169488,0</coordinates>
        </LineString>
      </Placemark>
      <Placemark>
        <name>ef_charlie_delta_cd_ip1.248 → ef_charlie_delta_cd_ip1.243</name>
        <description>De: ef_charlie_delta_cd_ip1.248
Para: ef_charlie_delta_cd_ip1.243
Distância: 5.05m</description>
        <styleUrl>#edge_style</styleUrl>
        <LineString>
          <coordinates>-41.76527887316035,-3.1231880503714824,0 -41.76527887316035,-3.1231427121360826,0</coordinates>
        </LineString>
      </Placemark>
      <Placemark>
        <name>ef_charlie_delta_cd_ip1.248 → ef_charlie_delta_cd_ip1.241</name>
        <description>De: ef_charlie_delta_cd_ip1.248
Para: ef_charlie_delta_cd_ip1.241
Distância: 5.45m</description>
        <styleUrl>#edge_style</styleUrl>
        <LineString>
          <coordinates>-41.76527887316035,-3.1231880503714824,0 -41.76522986075957,-3.1231880503714824,0</coordinates>
        </LineString>
      </Placemark>
      <Placemark>
        <name>ef_charlie_delta_cd_ip1.243 → ef_charlie_delta_cd_ip1.245</name>
        <description>De: ef_charlie_delta_cd_ip1.243
Para: ef_charlie_delta_cd_ip1.245
Distância: 1.42m</description>
        <styleUrl>#edge_style</styleUrl>
        <LineString>
          <coordinates>-41.76527887316035,-3.1231427121360826,0 -41.765266100733285,-3.1231427121360826,0</coordinates>
        </LineString>
      </Placemark>
      <Placemark>
        <name>ef_charlie_delta_cd_ip2.256 → ef_charlie_delta_cd_ip2.252</name>
        <description>De: ef_charlie_delta_cd_ip2.256
Para: ef_charlie_delta_cd_ip2.252
Distância: 1.42m</description>
        <styleUrl>#edge_style</styleUrl>
        <LineString>
          <coordinates>-41.76527887316035,-3.1230962213554876,0 -41.765266100733285,-3.1230962213554876,0</coordinates>
        </LineString>
      </Placemark>
      <Placemark>
        <name>ef_charlie_delta_cd_ip2.256 → ef_charlie_delta_cd_ip2.251</name>
        <description>De: ef_charlie_delta_cd_ip2.256
Para: ef_charlie_delta_cd_ip2.251
Distância: 0.76m</description>
        <styleUrl>#edge_style</styleUrl>
        <LineString>
          <coordinates>-41.76527887316035,-3.1230962213554876,0 -41.76527887316035,-3.1230894201710173,0</coordinates>
        </LineString>
      </Placemark>
      <Placemark>
        <name>ef_charlie_delta_cd_ip2.251 → ef_charlie_delta_cd_ip2.250</name>
        <description>De: ef_charlie_delta_cd_ip2.251
Para: ef_charlie_delta_cd_ip2.250
Distância: 4.29m</description>
        <styleUrl>#edge_style</styleUrl>
        <LineString>
          <coordinates>-41.76527887316035,-3.1230894201710173,0 -41.76527887316035,-3.1230508822217673,0</coordinates>
        </LineString>
      </Placemark>
      <Placemark>
        <name>ef_charlie_delta_cd_ip2.250 → ef_charlie_delta_cd_ip2.254</name>
        <description>De: ef_charlie_delta_cd_ip2.250
Para: ef_charlie_delta_cd_ip2.254
Distância: 1.42m</description>
        <styleUrl>#edge_style</styleUrl>
        <LineString>
          <coordinates>-41.76527887316035,-3.1230508822217673,0 -41.765266100733285,-3.1230508822217673,0</coordinates>
        </LineString>
      </Placemark>
      <Placemark>
        <name>ef_charlie_delta_cd_ip3.261 → ef_charlie_delta_cd_ip3.262</name>
        <description>De: ef_charlie_delta_cd_ip3.261
Para: ef_charlie_delta_cd_ip3.262
Distância: 1.42m</description>
        <styleUrl>#edge_style</styleUrl>
        <LineString>
          <coordinates>-41.76527887316035,-3.1230080601820753,0 -41.765266100733285,-3.1230080601820753,0</coordinates>
        </LineString>
      </Placemark>
      <Placemark>
        <name>ef_charlie_delta_cd_ip3.261 → ef_charlie_delta_cd_ip3.264</name>
        <description>De: ef_charlie_delta_cd_ip3.261
Para: ef_charlie_delta_cd_ip3.264
Distância: 2.94m</description>
        <styleUrl>#edge_style</styleUrl>
        <LineString>
          <coordinates>-41.76527887316035,-3.1230080601820753,0 -41.76527887316035,-3.122981621711577,0</coordinates>
        </LineString>
      </Placemark>
      <Placemark>
        <name>ef_charlie_delta_cd_ip3.264 → ef_charlie_delta_cd_ip3.269</name>
        <description>De: ef_charlie_delta_cd_ip3.264
Para: ef_charlie_delta_cd_ip3.269
Distância: 2.10m</description>
        <styleUrl>#edge_style</styleUrl>
        <LineString>
          <coordinates>-41.76527887316035,-3.122981621711577,0 -41.76527887316035,-3.1229627219466756,0</coordinates>
        </LineString>
      </Placemark>
      <Placemark>
        <name>ef_charlie_delta_cd_ip3.269 → ef_charlie_delta_cd_ip3.267</name>
        <description>De: ef_charlie_delta_cd_ip3.269
Para: ef_charlie_delta_cd_ip3.267
Distância: 1.42m</description>
        <styleUrl>#edge_style</styleUrl>
        <LineString>
          <coordinates>-41.76527887316035,-3.1229627219466756,0 -41.765266100733285,-3.1229627219466756,0</coordinates>
        </LineString>
      </Placemark>
      <Placemark>
        <name>ef_charlie_delta_cd_ip4.272 → ef_charlie_delta_cd_ip4.270</name>
        <description>De: ef_charlie_delta_cd_ip4.272
Para: ef_charlie_delta_cd_ip4.270
Distância: 1.94m</description>
        <styleUrl>#edge_style</styleUrl>
        <LineString>
          <coordinates>-41.76527887316035,-3.1229181850131575,0 -41.76527887316035,-3.1229007728669966,0</coordinates>
        </LineString>
      </Placemark>
      <Placemark>
        <name>ef_charlie_delta_cd_ip4.272 → ef_charlie_delta_cd_ip4.273</name>
        <description>De: ef_charlie_delta_cd_ip4.272
Para: ef_charlie_delta_cd_ip4.273
Distância: 1.42m</description>
        <styleUrl>#edge_style</styleUrl>
        <LineString>
          <coordinates>-41.76527887316035,-3.1229181850131575,0 -41.765266100733285,-3.1229181850131575,0</coordinates>
        </LineString>
      </Placemark>
      <Placemark>
        <name>ef_charlie_delta_cd_ip4.270 → ef_charlie_delta_cd_ip4.271</name>
        <description>De: ef_charlie_delta_cd_ip4.270
Para: ef_charlie_delta_cd_ip4.271
Distância: 3.00m</description>
        <styleUrl>#edge_style</styleUrl>
        <LineString>
          <coordinates>-41.76527887316035,-3.1229007728669966,0 -41.76527887316035,-3.1228738232521365,0</coordinates>
        </LineString>
      </Placemark>
      <Placemark>
        <name>ef_charlie_delta_cd_ip4.271 → ef_charlie_delta_cd_ip4.280</name>
        <description>De: ef_charlie_delta_cd_ip4.271
Para: ef_charlie_delta_cd_ip4.280
Distância: 0.11m</description>
        <styleUrl>#edge_style</styleUrl>
        <LineString>
          <coordinates>-41.76527887316035,-3.1228738232521365,0 -41.76527887316035,-3.1228728467777582,0</coordinates>
        </LineString>
      </Placemark>
      <Placemark>
        <name>ef_charlie_delta_cd_ip4.280 → ef_charlie_delta_cd_ip4.279</name>
        <description>De: ef_charlie_delta_cd_ip4.280
Para: ef_charlie_delta_cd_ip4.279
Distância: 1.42m</description>
        <styleUrl>#edge_style</styleUrl>
        <LineString>
          <coordinates>-41.76527887316035,-3.1228728467777582,0 -41.765266100733285,-3.1228728467777582,0</coordinates>
        </LineString>
      </Placemark>
      <Placemark>
        <name>ef_charlie_delta_cd_ip5.292 → ef_charlie_delta_cd_ip5.293</name>
        <description>De: ef_charlie_delta_cd_ip5.292
Para: ef_charlie_delta_cd_ip5.293
Distância: 0.94m</description>
        <styleUrl>#edge_style</styleUrl>
        <LineString>
          <coordinates>-41.76527887316035,-3.12282838170988,0 -41.76527887316035,-3.122819924022416,0</coordinates>
        </LineString>
      </Placemark>
      <Placemark>
        <name>ef_charlie_delta_cd_ip5.292 → ef_charlie_delta_cd_ip5.288</name>
        <description>De: ef_charlie_delta_cd_ip5.292
Para: ef_charlie_delta_cd_ip5.288
Distância: 1.42m</description>
        <styleUrl>#edge_style</styleUrl>
        <LineString>
          <coordinates>-41.76527887316035,-3.12282838170988,0 -41.765266100733285,-3.12282838170988,0</coordinates>
        </LineString>
      </Placemark>
      <Placemark>
        <name>ef_charlie_delta_cd_ip5.293 → ef_charlie_delta_cd_ip5.286</name>
        <description>De: ef_charlie_delta_cd_ip5.293
Para: ef_charlie_delta_cd_ip5.286
Distância: 3.00m</description>
        <styleUrl>#edge_style</styleUrl>
        <LineString>
          <coordinates>-41.76527887316035,-3.122819924022416,0 -41.76527887316035,-3.122792974407556,0</coordinates>
        </LineString>
      </Placemark>
      <Placemark>
        <name>ef_charlie_delta_cd_ip5.286 → ef_charlie_delta_cd_ip5.291</name>
        <description>De: ef_charlie_delta_cd_ip5.286
Para: ef_charlie_delta_cd_ip5.291
Distância: 1.11m</description>
        <styleUrl>#edge_style</styleUrl>
        <LineString>
          <coordinates>-41.76527887316035,-3.122792974407556,0 -41.76527887316035,-3.1227830425761596,0</coordinates>
        </LineString>
      </Placemark>
      <Placemark>
        <name>ef_charlie_delta_cd_ip5.291 → ef_charlie_delta_cd_ip5.282</name>
        <description>De: ef_charlie_delta_cd_ip5.291
Para: ef_charlie_delta_cd_ip5.282
Distância: 1.42m</description>
        <styleUrl>#edge_style</styleUrl>
        <LineString>
          <coordinates>-41.76527887316035,-3.1227830425761596,0 -41.765266100733285,-3.1227830425761596,0</coordinates>
        </LineString>
      </Placemark>
      <Placemark>
        <name>ef_charlie_delta_cd_ip6.296 → ef_charlie_delta_cd_ip6.294</name>
        <description>De: ef_charlie_delta_cd_ip6.296
Para: ef_charlie_delta_cd_ip6.294
Distância: 1.42m</description>
        <styleUrl>#edge_style</styleUrl>
        <LineString>
          <coordinates>-41.76527887316035,-3.1227349761414156,0 -41.765266100733285,-3.1227349761414156,0</coordinates>
        </LineString>
      </Placemark>
      <Placemark>
        <name>ef_charlie_delta_cd_ip6.296 → ef_charlie_delta_cd_ip6.300</name>
        <description>De: ef_charlie_delta_cd_ip6.296
Para: ef_charlie_delta_cd_ip6.300
Distância: 2.54m</description>
        <styleUrl>#edge_style</styleUrl>
        <LineString>
          <coordinates>-41.76527887316035,-3.1227349761414156,0 -41.76527887316035,-3.122712125562976,0</coordinates>
        </LineString>
      </Placemark>
      <Placemark>
        <name>ef_charlie_delta_cd_ip6.300 → ef_charlie_delta_cd_ip6.295</name>
        <description>De: ef_charlie_delta_cd_ip6.300
Para: ef_charlie_delta_cd_ip6.295
Distância: 2.50m</description>
        <styleUrl>#edge_style</styleUrl>
        <LineString>
          <coordinates>-41.76527887316035,-3.122712125562976,0 -41.76527887316035,-3.1226896379060163,0</coordinates>
        </LineString>
      </Placemark>
      <Placemark>
        <name>ef_charlie_delta_cd_ip6.295 → ef_charlie_delta_cd_ip6.298</name>
        <description>De: ef_charlie_delta_cd_ip6.295
Para: ef_charlie_delta_cd_ip6.298
Distância: 5.45m</description>
        <styleUrl>#edge_style</styleUrl>
        <LineString>
          <coordinates>-41.76527887316035,-3.1226896379060163,0 -41.76522986165923,-3.1226896379060163,0</coordinates>
        </LineString>
      </Placemark>
      <Placemark>
        <name>ef_charlie_delta_cd_ip1.245 → ef_charlie_delta_cd_ip2.252</name>
        <description>De: ef_charlie_delta_cd_ip1.245
Para: ef_charlie_delta_cd_ip2.252
Distância: 5.18m</description>
        <styleUrl>#edge_style</styleUrl>
        <LineString>
          <coordinates>-41.765266100733285,-3.1231427121360826,0 -41.765266100733285,-3.1230962213554876,0</coordinates>
        </LineString>
      </Placemark>
      <Placemark>
        <name>ef_charlie_delta_cd_ip1.245 → ef_charlie_delta_cd_ip1.242</name>
        <description>De: ef_charlie_delta_cd_ip1.245
Para: ef_charlie_delta_cd_ip1.242
Distância: 3.00m</description>
        <styleUrl>#edge_style</styleUrl>
        <LineString>
          <coordinates>-41.765266100733285,-3.1231427121360826,0 -41.765239111030404,-3.1231427121360826,0</coordinates>
        </LineString>
      </Placemark>
      <Placemark>
        <name>ef_charlie_delta_cd_ip1.245 → pp_1</name>
        <description>De: ef_charlie_delta_cd_ip1.245
Para: pp_1
Distância: 2.93m</description>
        <styleUrl>#edge_style</styleUrl>
        <LineString>
          <coordinates>-41.765266100733285,-3.1231427121360826,0 -41.765266100733285,-3.1231163697858775,0</coordinates>
        </LineString>
      </Placemark>
      <Placemark>
        <name>pp_1 → ef_charlie_delta_cd_ip8.317</name>
        <description>De: pp_1
Para: ef_charlie_delta_cd_ip8.317
Distância: 8.86m</description>
        <styleUrl>#edge_style</styleUrl>
        <LineString>
          <coordinates>-41.765266100733285,-3.1231163697858775,0 -41.76518637764926,-3.1231163697858775,0</coordinates>
        </LineString>
      </Placemark>
      <Placemark>
        <name>pp_1 → ef_charlie_delta_cd_ip2.252</name>
        <description>De: pp_1
Para: ef_charlie_delta_cd_ip2.252
Distância: 2.24m</description>
        <styleUrl>#edge_style</styleUrl>
        <LineString>
          <coordinates>-41.765266100733285,-3.1231163697858775,0 -41.765266100733285,-3.1230962213554876,0</coordinates>
        </LineString>
      </Placemark>
      <Placemark>
        <name>ef_charlie_delta_cd_ip2.252 → ef_charlie_delta_cd_ip2.249</name>
        <description>De: ef_charlie_delta_cd_ip2.252
Para: ef_charlie_delta_cd_ip2.249
Distância: 3.00m</description>
        <styleUrl>#edge_style</styleUrl>
        <LineString>
          <coordinates>-41.765266100733285,-3.1230962213554876,0 -41.765239111030404,-3.1230962213554876,0</coordinates>
        </LineString>
      </Placemark>
      <Placemark>
        <name>ef_charlie_delta_cd_ip2.254 → ef_charlie_delta_cd_ip2.255</name>
        <description>De: ef_charlie_delta_cd_ip2.254
Para: ef_charlie_delta_cd_ip2.255
Distância: 3.00m</description>
        <styleUrl>#edge_style</styleUrl>
        <LineString>
          <coordinates>-41.765266100733285,-3.1230508822217673,0 -41.765239111030404,-3.1230508822217673,0</coordinates>
        </LineString>
      </Placemark>
      <Placemark>
        <name>ef_charlie_delta_cd_ip2.254 → ef_charlie_delta_cd_ip3.262</name>
        <description>De: ef_charlie_delta_cd_ip2.254
Para: ef_charlie_delta_cd_ip3.262
Distância: 4.77m</description>
        <styleUrl>#edge_style</styleUrl>
        <LineString>
          <coordinates>-41.765266100733285,-3.1230508822217673,0 -41.765266100733285,-3.1230080601820753,0</coordinates>
        </LineString>
      </Placemark>
      <Placemark>
        <name>ef_charlie_delta_cd_ip3.262 → ef_charlie_delta_cd_ip3.268</name>
        <description>De: ef_charlie_delta_cd_ip3.262
Para: ef_charlie_delta_cd_ip3.268
Distância: 3.00m</description>
        <styleUrl>#edge_style</styleUrl>
        <LineString>
          <coordinates>-41.765266100733285,-3.1230080601820753,0 -41.765239111030404,-3.1230080601820753,0</coordinates>
        </LineString>
      </Placemark>
      <Placemark>
        <name>ef_charlie_delta_cd_ip3.267 → ef_charlie_delta_cd_ip4.273</name>
        <description>De: ef_charlie_delta_cd_ip3.267
Para: ef_charlie_delta_cd_ip4.273
Distância: 4.96m</description>
        <styleUrl>#edge_style</styleUrl>
        <LineString>
          <coordinates>-41.765266100733285,-3.1229627219466756,0 -41.765266100733285,-3.1229181850131575,0</coordinates>
        </LineString>
      </Placemark>
      <Placemark>
        <name>ef_charlie_delta_cd_ip3.267 → ef_charlie_delta_cd_ip3.260</name>
        <description>De: ef_charlie_delta_cd_ip3.267
Para: ef_charlie_delta_cd_ip3.260
Distância: 3.00m</description>
        <styleUrl>#edge_style</styleUrl>
        <LineString>
          <coordinates>-41.765266100733285,-3.1229627219466756,0 -41.765239111030404,-3.1229627219466756,0</coordinates>
        </LineString>
      </Placemark>
      <Placemark>
        <name>ef_charlie_delta_cd_ip4.273 → ef_charlie_delta_cd_ip4.274</name>
        <description>De: ef_charlie_delta_cd_ip4.273
Para: ef_charlie_delta_cd_ip4.274
Distância: 3.00m</description>
        <styleUrl>#edge_style</styleUrl>
        <LineString>
          <coordinates>-41.765266100733285,-3.1229181850131575,0 -41.765239111030404,-3.1229181850131575,0</coordinates>
        </LineString>
      </Placemark>
      <Placemark>
        <name>ef_charlie_delta_cd_ip4.279 → ef_charlie_delta_cd_ip5.288</name>
        <description>De: ef_charlie_delta_cd_ip4.279
Para: ef_charlie_delta_cd_ip5.288
Distância: 4.95m</description>
        <styleUrl>#edge_style</styleUrl>
        <LineString>
          <coordinates>-41.765266100733285,-3.1228728467777582,0 -41.765266100733285,-3.12282838170988,0</coordinates>
        </LineString>
      </Placemark>
      <Placemark>
        <name>ef_charlie_delta_cd_ip4.279 → ef_charlie_delta_cd_ip4.276</name>
        <description>De: ef_charlie_delta_cd_ip4.279
Para: ef_charlie_delta_cd_ip4.276
Distância: 3.00m</description>
        <styleUrl>#edge_style</styleUrl>
        <LineString>
          <coordinates>-41.765266100733285,-3.1228728467777582,0 -41.765239111030404,-3.1228728467777582,0</coordinates>
        </LineString>
      </Placemark>
      <Placemark>
        <name>ef_charlie_delta_cd_ip4.279 → pp_2</name>
        <description>De: ef_charlie_delta_cd_ip4.279
Para: pp_2
Distância: 2.89m</description>
        <styleUrl>#edge_style</styleUrl>
        <LineString>
          <coordinates>-41.765266100733285,-3.1228728467777582,0 -41.765266100733285,-3.1228468736372763,0</coordinates>
        </LineString>
      </Placemark>
      <Placemark>
        <name>pp_2 → ef_charlie_delta_cd_ip11.359</name>
        <description>De: pp_2
Para: ef_charlie_delta_cd_ip11.359
Distância: 8.86m</description>
        <styleUrl>#edge_style</styleUrl>
        <LineString>
          <coordinates>-41.765266100733285,-3.1228468736372763,0 -41.76518637764926,-3.1228468736372763,0</coordinates>
        </LineString>
      </Placemark>
      <Placemark>
        <name>pp_2 → ef_charlie_delta_cd_ip5.288</name>
        <description>De: pp_2
Para: ef_charlie_delta_cd_ip5.288
Distância: 2.06m</description>
        <styleUrl>#edge_style</styleUrl>
        <LineString>
          <coordinates>-41.765266100733285,-3.1228468736372763,0 -41.765266100733285,-3.12282838170988,0</coordinates>
        </LineString>
      </Placemark>
      <Placemark>
        <name>ef_charlie_delta_cd_ip5.288 → ef_charlie_delta_cd_ip5.285</name>
        <description>De: ef_charlie_delta_cd_ip5.288
Para: ef_charlie_delta_cd_ip5.285
Distância: 3.00m</description>
        <styleUrl>#edge_style</styleUrl>
        <LineString>
          <coordinates>-41.765266100733285,-3.12282838170988,0 -41.765239111030404,-3.12282838170988,0</coordinates>
        </LineString>
      </Placemark>
      <Placemark>
        <name>ef_charlie_delta_cd_ip5.282 → ef_charlie_delta_cd_ip5.284</name>
        <description>De: ef_charlie_delta_cd_ip5.282
Para: ef_charlie_delta_cd_ip5.284
Distância: 3.00m</description>
        <styleUrl>#edge_style</styleUrl>
        <LineString>
          <coordinates>-41.765266100733285,-3.1227830425761596,0 -41.765239111030404,-3.1227830425761596,0</coordinates>
        </LineString>
      </Placemark>
      <Placemark>
        <name>ef_charlie_delta_cd_ip5.282 → ef_charlie_delta_cd_ip6.294</name>
        <description>De: ef_charlie_delta_cd_ip5.282
Para: ef_charlie_delta_cd_ip6.294
Distância: 5.35m</description>
        <styleUrl>#edge_style</styleUrl>
        <LineString>
          <coordinates>-41.765266100733285,-3.1227830425761596,0 -41.765266100733285,-3.1227349761414156,0</coordinates>
        </LineString>
      </Placemark>
      <Placemark>
        <name>ef_charlie_delta_cd_ip6.294 → ef_charlie_delta_cd_ip6.301</name>
        <description>De: ef_charlie_delta_cd_ip6.294
Para: ef_charlie_delta_cd_ip6.301
Distância: 3.00m</description>
        <styleUrl>#edge_style</styleUrl>
        <LineString>
          <coordinates>-41.765266100733285,-3.1227349761414156,0 -41.765239111030404,-3.1227349761414156,0</coordinates>
        </LineString>
      </Placemark>
      <Placemark>
        <name>ef_charlie_delta_cd_ip1.242 → ef_charlie_delta_cd_ip2.249</name>
        <description>De: ef_charlie_delta_cd_ip1.242
Para: ef_charlie_delta_cd_ip2.249
Distância: 5.18m</description>
        <styleUrl>#edge_style</styleUrl>
        <LineString>
          <coordinates>-41.765239111030404,-3.1231427121360826,0 -41.765239111030404,-3.1230962213554876,0</coordinates>
        </LineString>
      </Placemark>
      <Placemark>
        <name>ef_charlie_delta_cd_ip1.242 → ef_charlie_delta_cd_ip1.247</name>
        <description>De: ef_charlie_delta_cd_ip1.242
Para: ef_charlie_delta_cd_ip1.247
Distância: 1.03m</description>
        <styleUrl>#edge_style</styleUrl>
        <LineString>
          <coordinates>-41.765239111030404,-3.1231427121360826,0 -41.76522986075957,-3.1231427121360826,0</coordinates>
        </LineString>
      </Placemark>
      <Placemark>
        <name>ef_charlie_delta_cd_ip1.242 → pp_3</name>
        <description>De: ef_charlie_delta_cd_ip1.242
Para: pp_3
Distância: 2.93m</description>
        <styleUrl>#edge_style</styleUrl>
        <LineString>
          <coordinates>-41.765239111030404,-3.1231427121360826,0 -41.765239111030404,-3.1231163697858775,0</coordinates>
        </LineString>
      </Placemark>
      <Placemark>
        <name>pp_3 → ef_charlie_delta_cd_ip8.317</name>
        <description>De: pp_3
Para: ef_charlie_delta_cd_ip8.317
Distância: 5.86m</description>
        <styleUrl>#edge_style</styleUrl>
        <LineString>
          <coordinates>-41.765239111030404,-3.1231163697858775,0 -41.76518637764926,-3.1231163697858775,0</coordinates>
        </LineString>
      </Placemark>
      <Placemark>
        <name>pp_3 → ef_charlie_delta_cd_ip2.249</name>
        <description>De: pp_3
Para: ef_charlie_delta_cd_ip2.249
Distância: 2.24m</description>
        <styleUrl>#edge_style</styleUrl>
        <LineString>
          <coordinates>-41.765239111030404,-3.1231163697858775,0 -41.765239111030404,-3.1230962213554876,0</coordinates>
        </LineString>
      </Placemark>
      <Placemark>
        <name>ef_charlie_delta_cd_ip2.249 → ef_charlie_delta_cd_ip2.253</name>
        <description>De: ef_charlie_delta_cd_ip2.249
Para: ef_charlie_delta_cd_ip2.253
Distância: 1.03m</description>
        <styleUrl>#edge_style</styleUrl>
        <LineString>
          <coordinates>-41.765239111030404,-3.1230962213554876,0 -41.76522986165923,-3.1230962213554876,0</coordinates>
        </LineString>
      </Placemark>
      <Placemark>
        <name>ef_charlie_delta_cd_ip2.255 → ef_charlie_delta_cd_ip3.268</name>
        <description>De: ef_charlie_delta_cd_ip2.255
Para: ef_charlie_delta_cd_ip3.268
Distância: 4.77m</description>
        <styleUrl>#edge_style</styleUrl>
        <LineString>
          <coordinates>-41.765239111030404,-3.1230508822217673,0 -41.765239111030404,-3.1230080601820753,0</coordinates>
        </LineString>
      </Placemark>
      <Placemark>
        <name>ef_charlie_delta_cd_ip2.255 → ef_charlie_delta_cd_ip2.258</name>
        <description>De: ef_charlie_delta_cd_ip2.255
Para: ef_charlie_delta_cd_ip2.258
Distância: 1.03m</description>
        <styleUrl>#edge_style</styleUrl>
        <LineString>
          <coordinates>-41.765239111030404,-3.1230508822217673,0 -41.76522986165923,-3.1230508822217673,0</coordinates>
        </LineString>
      </Placemark>
      <Placemark>
        <name>ef_charlie_delta_cd_ip3.268 → ef_charlie_delta_cd_ip3.265</name>
        <description>De: ef_charlie_delta_cd_ip3.268
Para: ef_charlie_delta_cd_ip3.265
Distância: 1.03m</description>
        <styleUrl>#edge_style</styleUrl>
        <LineString>
          <coordinates>-41.765239111030404,-3.1230080601820753,0 -41.76522986165923,-3.1230080601820753,0</coordinates>
        </LineString>
      </Placemark>
      <Placemark>
        <name>ef_charlie_delta_cd_ip3.260 → ef_charlie_delta_cd_ip3.263</name>
        <description>De: ef_charlie_delta_cd_ip3.260
Para: ef_charlie_delta_cd_ip3.263
Distância: 1.03m</description>
        <styleUrl>#edge_style</styleUrl>
        <LineString>
          <coordinates>-41.765239111030404,-3.1229627219466756,0 -41.76522986165923,-3.1229627219466756,0</coordinates>
        </LineString>
      </Placemark>
      <Placemark>
        <name>ef_charlie_delta_cd_ip3.260 → ef_charlie_delta_cd_ip4.274</name>
        <description>De: ef_charlie_delta_cd_ip3.260
Para: ef_charlie_delta_cd_ip4.274
Distância: 4.96m</description>
        <styleUrl>#edge_style</styleUrl>
        <LineString>
          <coordinates>-41.765239111030404,-3.1229627219466756,0 -41.765239111030404,-3.1229181850131575,0</coordinates>
        </LineString>
      </Placemark>
      <Placemark>
        <name>ef_charlie_delta_cd_ip4.274 → ef_charlie_delta_cd_ip4.281</name>
        <description>De: ef_charlie_delta_cd_ip4.274
Para: ef_charlie_delta_cd_ip4.281
Distância: 1.03m</description>
        <styleUrl>#edge_style</styleUrl>
        <LineString>
          <coordinates>-41.765239111030404,-3.1229181850131575,0 -41.76522986165923,-3.1229181850131575,0</coordinates>
        </LineString>
      </Placemark>
      <Placemark>
        <name>ef_charlie_delta_cd_ip4.276 → ef_charlie_delta_cd_ip4.278</name>
        <description>De: ef_charlie_delta_cd_ip4.276
Para: ef_charlie_delta_cd_ip4.278
Distância: 1.03m</description>
        <styleUrl>#edge_style</styleUrl>
        <LineString>
          <coordinates>-41.765239111030404,-3.1228728467777582,0 -41.76522986165923,-3.1228728467777582,0</coordinates>
        </LineString>
      </Placemark>
      <Placemark>
        <name>ef_charlie_delta_cd_ip4.276 → ef_charlie_delta_cd_ip5.285</name>
        <description>De: ef_charlie_delta_cd_ip4.276
Para: ef_charlie_delta_cd_ip5.285
Distância: 4.95m</description>
        <styleUrl>#edge_style</styleUrl>
        <LineString>
          <coordinates>-41.765239111030404,-3.1228728467777582,0 -41.765239111030404,-3.12282838170988,0</coordinates>
        </LineString>
      </Placemark>
      <Placemark>
        <name>ef_charlie_delta_cd_ip4.276 → pp_4</name>
        <description>De: ef_charlie_delta_cd_ip4.276
Para: pp_4
Distância: 2.89m</description>
        <styleUrl>#edge_style</styleUrl>
        <LineString>
          <coordinates>-41.765239111030404,-3.1228728467777582,0 -41.765239111030404,-3.1228468736372763,0</coordinates>
        </LineString>
      </Placemark>
      <Placemark>
        <name>pp_4 → ef_charlie_delta_cd_ip11.359</name>
        <description>De: pp_4
Para: ef_charlie_delta_cd_ip11.359
Distância: 5.86m</description>
        <styleUrl>#edge_style</styleUrl>
        <LineString>
          <coordinates>-41.765239111030404,-3.1228468736372763,0 -41.76518637764926,-3.1228468736372763,0</coordinates>
        </LineString>
      </Placemark>
      <Placemark>
        <name>pp_4 → ef_charlie_delta_cd_ip5.285</name>
        <description>De: pp_4
Para: ef_charlie_delta_cd_ip5.285
Distância: 2.06m</description>
        <styleUrl>#edge_style</styleUrl>
        <LineString>
          <coordinates>-41.765239111030404,-3.1228468736372763,0 -41.765239111030404,-3.12282838170988,0</coordinates>
        </LineString>
      </Placemark>
      <Placemark>
        <name>ef_charlie_delta_cd_ip5.285 → ef_charlie_delta_cd_ip5.290</name>
        <description>De: ef_charlie_delta_cd_ip5.285
Para: ef_charlie_delta_cd_ip5.290
Distância: 1.03m</description>
        <styleUrl>#edge_style</styleUrl>
        <LineString>
          <coordinates>-41.765239111030404,-3.12282838170988,0 -41.76522986165923,-3.12282838170988,0</coordinates>
        </LineString>
      </Placemark>
      <Placemark>
        <name>ef_charlie_delta_cd_ip5.284 → ef_charlie_delta_cd_ip6.301</name>
        <description>De: ef_charlie_delta_cd_ip5.284
Para: ef_charlie_delta_cd_ip6.301
Distância: 5.35m</description>
        <styleUrl>#edge_style</styleUrl>
        <LineString>
          <coordinates>-41.765239111030404,-3.1227830425761596,0 -41.765239111030404,-3.1227349761414156,0</coordinates>
        </LineString>
      </Placemark>
      <Placemark>
        <name>ef_charlie_delta_cd_ip5.284 → ef_charlie_delta_cd_ip5.287</name>
        <description>De: ef_charlie_delta_cd_ip5.284
Para: ef_charlie_delta_cd_ip5.287
Distância: 1.03m</description>
        <styleUrl>#edge_style</styleUrl>
        <LineString>
          <coordinates>-41.765239111030404,-3.1227830425761596,0 -41.76522986165923,-3.1227830425761596,0</coordinates>
        </LineString>
      </Placemark>
      <Placemark>
        <name>ef_charlie_delta_cd_ip6.301 → ef_charlie_delta_cd_ip6.297</name>
        <description>De: ef_charlie_delta_cd_ip6.301
Para: ef_charlie_delta_cd_ip6.297
Distância: 1.03m</description>
        <styleUrl>#edge_style</styleUrl>
        <LineString>
          <coordinates>-41.765239111030404,-3.1227349761414156,0 -41.76522986165923,-3.1227349761414156,0</coordinates>
        </LineString>
      </Placemark>
      <Placemark>
        <name>ef_charlie_delta_cd_ip2.253 → ef_charlie_delta_cd_ip2.257</name>
        <description>De: ef_charlie_delta_cd_ip2.253
Para: ef_charlie_delta_cd_ip2.257
Distância: 0.76m</description>
        <styleUrl>#edge_style</styleUrl>
        <LineString>
          <coordinates>-41.76522986165923,-3.1230962213554876,0 -41.76522986165923,-3.1230894201710173,0</coordinates>
        </LineString>
      </Placemark>
      <Placemark>
        <name>ef_charlie_delta_cd_ip2.257 → ef_charlie_delta_cd_ip8.313</name>
        <description>De: ef_charlie_delta_cd_ip2.257
Para: ef_charlie_delta_cd_ip8.313
Distância: 4.83m</description>
        <styleUrl>#edge_style</styleUrl>
        <LineString>
          <coordinates>-41.76522986165923,-3.1230894201710173,0 -41.76518637764926,-3.1230894201710173,0</coordinates>
        </LineString>
      </Placemark>
      <Placemark>
        <name>ef_charlie_delta_cd_ip2.257 → ef_charlie_delta_cd_ip2.259</name>
        <description>De: ef_charlie_delta_cd_ip2.257
Para: ef_charlie_delta_cd_ip2.259
Distância: 3.00m</description>
        <styleUrl>#edge_style</styleUrl>
        <LineString>
          <coordinates>-41.76522986165923,-3.1230894201710173,0 -41.76522986165923,-3.123062470556157,0</coordinates>
        </LineString>
      </Placemark>
      <Placemark>
        <name>ef_charlie_delta_cd_ip2.259 → ef_charlie_delta_cd_buscsb5.924</name>
        <description>De: ef_charlie_delta_cd_ip2.259
Para: ef_charlie_delta_cd_buscsb5.924
Distância: 22.60m</description>
        <styleUrl>#edge_style</styleUrl>
        <LineString>
          <coordinates>-41.76522986165923,-3.123062470556157,0 -41.76502654282948,-3.123062470556157,0</coordinates>
        </LineString>
      </Placemark>
      <Placemark>
        <name>ef_charlie_delta_cd_ip2.259 → ef_charlie_delta_cd_ip2.258</name>
        <description>De: ef_charlie_delta_cd_ip2.259
Para: ef_charlie_delta_cd_ip2.258
Distância: 1.29m</description>
        <styleUrl>#edge_style</styleUrl>
        <LineString>
          <coordinates>-41.76522986165923,-3.123062470556157,0 -41.76522986165923,-3.1230508822217673,0</coordinates>
        </LineString>
      </Placemark>
      <Placemark>
        <name>ef_charlie_delta_cd_ip3.265 → ef_charlie_delta_cd_ip3.266</name>
        <description>De: ef_charlie_delta_cd_ip3.265
Para: ef_charlie_delta_cd_ip3.266
Distância: 2.94m</description>
        <styleUrl>#edge_style</styleUrl>
        <LineString>
          <coordinates>-41.76522986165923,-3.1230080601820753,0 -41.76522986165923,-3.122981621711577,0</coordinates>
        </LineString>
      </Placemark>
      <Placemark>
        <name>ef_charlie_delta_cd_ip3.266 → ef_charlie_delta_cd_ip3.263</name>
        <description>De: ef_charlie_delta_cd_ip3.266
Para: ef_charlie_delta_cd_ip3.263
Distância: 2.10m</description>
        <styleUrl>#edge_style</styleUrl>
        <LineString>
          <coordinates>-41.76522986165923,-3.122981621711577,0 -41.76522986165923,-3.1229627219466756,0</coordinates>
        </LineString>
      </Placemark>
      <Placemark>
        <name>ef_charlie_delta_cd_ip3.266 → ef_charlie_delta_cd_ip9.325</name>
        <description>De: ef_charlie_delta_cd_ip3.266
Para: ef_charlie_delta_cd_ip9.325
Distância: 4.83m</description>
        <styleUrl>#edge_style</styleUrl>
        <LineString>
          <coordinates>-41.76522986165923,-3.122981621711577,0 -41.76518637764926,-3.122981621711577,0</coordinates>
        </LineString>
      </Placemark>
      <Placemark>
        <name>ef_charlie_delta_cd_ip4.281 → ef_charlie_delta_cd_ip4.275</name>
        <description>De: ef_charlie_delta_cd_ip4.281
Para: ef_charlie_delta_cd_ip4.275
Distância: 1.94m</description>
        <styleUrl>#edge_style</styleUrl>
        <LineString>
          <coordinates>-41.76522986165923,-3.1229181850131575,0 -41.76522986165923,-3.1229007728669966,0</coordinates>
        </LineString>
      </Placemark>
      <Placemark>
        <name>ef_charlie_delta_cd_ip4.275 → ef_charlie_delta_cd_ip10.362</name>
        <description>De: ef_charlie_delta_cd_ip4.275
Para: ef_charlie_delta_cd_ip10.362
Distância: 4.83m</description>
        <styleUrl>#edge_style</styleUrl>
        <LineString>
          <coordinates>-41.76522986165923,-3.1229007728669966,0 -41.76518637764926,-3.1229007728669966,0</coordinates>
        </LineString>
      </Placemark>
      <Placemark>
        <name>ef_charlie_delta_cd_ip4.275 → ef_charlie_delta_cd_ip4.277</name>
        <description>De: ef_charlie_delta_cd_ip4.275
Para: ef_charlie_delta_cd_ip4.277
Distância: 3.00m</description>
        <styleUrl>#edge_style</styleUrl>
        <LineString>
          <coordinates>-41.76522986165923,-3.1229007728669966,0 -41.76522986165923,-3.1228738232521365,0</coordinates>
        </LineString>
      </Placemark>
      <Placemark>
        <name>ef_charlie_delta_cd_ip4.277 → ef_charlie_delta_cd_ip4.278</name>
        <description>De: ef_charlie_delta_cd_ip4.277
Para: ef_charlie_delta_cd_ip4.278
Distância: 0.11m</description>
        <styleUrl>#edge_style</styleUrl>
        <LineString>
          <coordinates>-41.76522986165923,-3.1228738232521365,0 -41.76522986165923,-3.1228728467777582,0</coordinates>
        </LineString>
      </Placemark>
      <Placemark>
        <name>ef_charlie_delta_cd_ip4.277 → ef_charlie_delta_cd_buscsb8.917</name>
        <description>De: ef_charlie_delta_cd_ip4.277
Para: ef_charlie_delta_cd_buscsb8.917
Distância: 22.57m</description>
        <styleUrl>#edge_style</styleUrl>
        <LineString>
          <coordinates>-41.76522986165923,-3.1228738232521365,0 -41.765026836117585,-3.1228738232521365,0</coordinates>
        </LineString>
      </Placemark>
      <Placemark>
        <name>ef_charlie_delta_cd_ip5.290 → ef_charlie_delta_cd_ip5.283</name>
        <description>De: ef_charlie_delta_cd_ip5.290
Para: ef_charlie_delta_cd_ip5.283
Distância: 0.94m</description>
        <styleUrl>#edge_style</styleUrl>
        <LineString>
          <coordinates>-41.76522986165923,-3.12282838170988,0 -41.76522986165923,-3.122819924022416,0</coordinates>
        </LineString>
      </Placemark>
      <Placemark>
        <name>ef_charlie_delta_cd_ip5.283 → ef_charlie_delta_cd_ip11.357</name>
        <description>De: ef_charlie_delta_cd_ip5.283
Para: ef_charlie_delta_cd_ip11.357
Distância: 4.83m</description>
        <styleUrl>#edge_style</styleUrl>
        <LineString>
          <coordinates>-41.76522986165923,-3.122819924022416,0 -41.76518637764926,-3.122819924022416,0</coordinates>
        </LineString>
      </Placemark>
      <Placemark>
        <name>ef_charlie_delta_cd_ip5.283 → ef_charlie_delta_cd_ip5.289</name>
        <description>De: ef_charlie_delta_cd_ip5.283
Para: ef_charlie_delta_cd_ip5.289
Distância: 3.00m</description>
        <styleUrl>#edge_style</styleUrl>
        <LineString>
          <coordinates>-41.76522986165923,-3.122819924022416,0 -41.76522986165923,-3.122792974407556,0</coordinates>
        </LineString>
      </Placemark>
      <Placemark>
        <name>ef_charlie_delta_cd_ip5.289 → ef_charlie_delta_cd_ip5.287</name>
        <description>De: ef_charlie_delta_cd_ip5.289
Para: ef_charlie_delta_cd_ip5.287
Distância: 1.11m</description>
        <styleUrl>#edge_style</styleUrl>
        <LineString>
          <coordinates>-41.76522986165923,-3.122792974407556,0 -41.76522986165923,-3.1227830425761596,0</coordinates>
        </LineString>
      </Placemark>
      <Placemark>
        <name>ef_charlie_delta_cd_ip5.289 → ef_charlie_delta_cd_ip12.345</name>
        <description>De: ef_charlie_delta_cd_ip5.289
Para: ef_charlie_delta_cd_ip12.345
Distância: 4.83m</description>
        <styleUrl>#edge_style</styleUrl>
        <LineString>
          <coordinates>-41.76522986165923,-3.122792974407556,0 -41.76518637764926,-3.122792974407556,0</coordinates>
        </LineString>
      </Placemark>
      <Placemark>
        <name>ef_charlie_delta_cd_ip6.297 → ef_charlie_delta_cd_ip6.299</name>
        <description>De: ef_charlie_delta_cd_ip6.297
Para: ef_charlie_delta_cd_ip6.299
Distância: 2.54m</description>
        <styleUrl>#edge_style</styleUrl>
        <LineString>
          <coordinates>-41.76522986165923,-3.1227349761414156,0 -41.76522986165923,-3.122712125562976,0</coordinates>
        </LineString>
      </Placemark>
      <Placemark>
        <name>ef_charlie_delta_cd_ip6.299 → ef_charlie_delta_cd_ip6.298</name>
        <description>De: ef_charlie_delta_cd_ip6.299
Para: ef_charlie_delta_cd_ip6.298
Distância: 2.50m</description>
        <styleUrl>#edge_style</styleUrl>
        <LineString>
          <coordinates>-41.76522986165923,-3.122712125562976,0 -41.76522986165923,-3.1226896379060163,0</coordinates>
        </LineString>
      </Placemark>
      <Placemark>
        <name>ef_charlie_delta_cd_ip6.299 → ef_charlie_delta_cd_buscsb10.1058</name>
        <description>De: ef_charlie_delta_cd_ip6.299
Para: ef_charlie_delta_cd_buscsb10.1058
Distância: 22.53m</description>
        <styleUrl>#edge_style</styleUrl>
        <LineString>
          <coordinates>-41.76522986165923,-3.122712125562976,0 -41.765027124907405,-3.122712125562976,0</coordinates>
        </LineString>
      </Placemark>
      <Placemark>
        <name>ef_charlie_delta_cd_ip1.241 → ef_charlie_delta_cd_ip1.244</name>
        <description>De: ef_charlie_delta_cd_ip1.241
Para: ef_charlie_delta_cd_ip1.244
Distância: 1.98m</description>
        <styleUrl>#edge_style</styleUrl>
        <LineString>
          <coordinates>-41.76522986075957,-3.1231880503714824,0 -41.76522986075957,-3.123170269015598,0</coordinates>
        </LineString>
      </Placemark>
      <Placemark>
        <name>ef_charlie_delta_cd_ip1.244 → ef_charlie_delta_cd_ip7.302</name>
        <description>De: ef_charlie_delta_cd_ip1.244
Para: ef_charlie_delta_cd_ip7.302
Distância: 4.83m</description>
        <styleUrl>#edge_style</styleUrl>
        <LineString>
          <coordinates>-41.76522986075957,-3.123170269015598,0 -41.76518637764926,-3.123170269015598,0</coordinates>
        </LineString>
      </Placemark>
      <Placemark>
        <name>ef_charlie_delta_cd_ip1.244 → ef_charlie_delta_cd_ip1.246</name>
        <description>De: ef_charlie_delta_cd_ip1.244
Para: ef_charlie_delta_cd_ip1.246
Distância: 3.00m</description>
        <styleUrl>#edge_style</styleUrl>
        <LineString>
          <coordinates>-41.76522986075957,-3.123170269015598,0 -41.76522986075957,-3.1231433194007376,0</coordinates>
        </LineString>
      </Placemark>
      <Placemark>
        <name>ef_charlie_delta_cd_ip1.246 → ef_charlie_delta_cd_ip1.247</name>
        <description>De: ef_charlie_delta_cd_ip1.246
Para: ef_charlie_delta_cd_ip1.247
Distância: 0.07m</description>
        <styleUrl>#edge_style</styleUrl>
        <LineString>
          <coordinates>-41.76522986075957,-3.1231433194007376,0 -41.76522986075957,-3.1231427121360826,0</coordinates>
        </LineString>
      </Placemark>
      <Placemark>
        <name>ef_charlie_delta_cd_ip1.246 → ef_charlie_delta_cd_ip7.310</name>
        <description>De: ef_charlie_delta_cd_ip1.246
Para: ef_charlie_delta_cd_ip7.310
Distância: 4.83m</description>
        <styleUrl>#edge_style</styleUrl>
        <LineString>
          <coordinates>-41.76522986075957,-3.1231433194007376,0 -41.76518637764926,-3.1231433194007376,0</coordinates>
        </LineString>
      </Placemark>
      <Placemark>
        <name>ef_charlie_delta_cd_ip7.307 → ef_charlie_delta_cd_ip7.311</name>
        <description>De: ef_charlie_delta_cd_ip7.307
Para: ef_charlie_delta_cd_ip7.311
Distância: 5.45m</description>
        <styleUrl>#edge_style</styleUrl>
        <LineString>
          <coordinates>-41.76518637764926,-3.1231858521812303,0 -41.76513736614814,-3.1231858521812303,0</coordinates>
        </LineString>
      </Placemark>
      <Placemark>
        <name>ef_charlie_delta_cd_ip7.307 → ef_charlie_delta_cd_ip7.302</name>
        <description>De: ef_charlie_delta_cd_ip7.307
Para: ef_charlie_delta_cd_ip7.302
Distância: 1.73m</description>
        <styleUrl>#edge_style</styleUrl>
        <LineString>
          <coordinates>-41.76518637764926,-3.1231858521812303,0 -41.76518637764926,-3.123170269015598,0</coordinates>
        </LineString>
      </Placemark>
      <Placemark>
        <name>ef_charlie_delta_cd_ip7.302 → ef_charlie_delta_cd_ip7.310</name>
        <description>De: ef_charlie_delta_cd_ip7.302
Para: ef_charlie_delta_cd_ip7.310
Distância: 3.00m</description>
        <styleUrl>#edge_style</styleUrl>
        <LineString>
          <coordinates>-41.76518637764926,-3.123170269015598,0 -41.76518637764926,-3.1231433194007376,0</coordinates>
        </LineString>
      </Placemark>
      <Placemark>
        <name>ef_charlie_delta_cd_ip7.310 → ef_charlie_delta_cd_ip7.304</name>
        <description>De: ef_charlie_delta_cd_ip7.310
Para: ef_charlie_delta_cd_ip7.304
Distância: 0.31m</description>
        <styleUrl>#edge_style</styleUrl>
        <LineString>
          <coordinates>-41.76518637764926,-3.1231433194007376,0 -41.76518637764926,-3.12314051304751,0</coordinates>
        </LineString>
      </Placemark>
      <Placemark>
        <name>ef_charlie_delta_cd_ip7.304 → ef_charlie_delta_cd_ip7.308</name>
        <description>De: ef_charlie_delta_cd_ip7.304
Para: ef_charlie_delta_cd_ip7.308
Distância: 0.14m</description>
        <styleUrl>#edge_style</styleUrl>
        <LineString>
          <coordinates>-41.76518637764926,-3.12314051304751,0 -41.76518513162464,-3.12314051304751,0</coordinates>
        </LineString>
      </Placemark>
      <Placemark>
        <name>ef_charlie_delta_cd_ip8.316 → ef_charlie_delta_cd_ip8.321</name>
        <description>De: ef_charlie_delta_cd_ip8.316
Para: ef_charlie_delta_cd_ip8.321
Distância: 0.14m</description>
        <styleUrl>#edge_style</styleUrl>
        <LineString>
          <coordinates>-41.76518637764926,-3.1231168485907017,0 -41.76518513162464,-3.1231168485907017,0</coordinates>
        </LineString>
      </Placemark>
      <Placemark>
        <name>ef_charlie_delta_cd_ip8.316 → ef_charlie_delta_cd_ip8.317</name>
        <description>De: ef_charlie_delta_cd_ip8.316
Para: ef_charlie_delta_cd_ip8.317
Distância: 0.05m</description>
        <styleUrl>#edge_style</styleUrl>
        <LineString>
          <coordinates>-41.76518637764926,-3.1231168485907017,0 -41.76518637764926,-3.1231163697858775,0</coordinates>
        </LineString>
      </Placemark>
      <Placemark>
        <name>ef_charlie_delta_cd_ip8.317 → ef_charlie_delta_cd_ip8.313</name>
        <description>De: ef_charlie_delta_cd_ip8.317
Para: ef_charlie_delta_cd_ip8.313
Distância: 3.00m</description>
        <styleUrl>#edge_style</styleUrl>
        <LineString>
          <coordinates>-41.76518637764926,-3.1231163697858775,0 -41.76518637764926,-3.1230894201710173,0</coordinates>
        </LineString>
      </Placemark>
      <Placemark>
        <name>ef_charlie_delta_cd_ip8.313 → ef_charlie_delta_cd_ip8.318</name>
        <description>De: ef_charlie_delta_cd_ip8.313
Para: ef_charlie_delta_cd_ip8.318
Distância: 1.99m</description>
        <styleUrl>#edge_style</styleUrl>
        <LineString>
          <coordinates>-41.76518637764926,-3.1230894201710173,0 -41.76518637764926,-3.1230715094569814,0</coordinates>
        </LineString>
      </Placemark>
      <Placemark>
        <name>ef_charlie_delta_cd_ip8.318 → ef_charlie_delta_cd_ip8.315</name>
        <description>De: ef_charlie_delta_cd_ip8.318
Para: ef_charlie_delta_cd_ip8.315
Distância: 0.14m</description>
        <styleUrl>#edge_style</styleUrl>
        <LineString>
          <coordinates>-41.76518637764926,-3.1230715094569814,0 -41.76518513162464,-3.1230715094569814,0</coordinates>
        </LineString>
      </Placemark>
      <Placemark>
        <name>ef_charlie_delta_cd_ip9.330 → ef_charlie_delta_cd_ip9.325</name>
        <description>De: ef_charlie_delta_cd_ip9.330
Para: ef_charlie_delta_cd_ip9.325
Distância: 7.48m</description>
        <styleUrl>#edge_style</styleUrl>
        <LineString>
          <coordinates>-41.76518637764926,-3.1230487837450904,0 -41.76518637764926,-3.122981621711577,0</coordinates>
        </LineString>
      </Placemark>
      <Placemark>
        <name>ef_charlie_delta_cd_ip9.330 → ef_charlie_delta_cd_ip9.335</name>
        <description>De: ef_charlie_delta_cd_ip9.330
Para: ef_charlie_delta_cd_ip9.335
Distância: 0.14m</description>
        <styleUrl>#edge_style</styleUrl>
        <LineString>
          <coordinates>-41.76518637764926,-3.1230487837450904,0 -41.76518513162464,-3.1230487837450904,0</coordinates>
        </LineString>
      </Placemark>
      <Placemark>
        <name>ef_charlie_delta_cd_ip9.325 → ef_charlie_delta_cd_ip10.326</name>
        <description>De: ef_charlie_delta_cd_ip9.325
Para: ef_charlie_delta_cd_ip10.326
Distância: 3.00m</description>
        <styleUrl>#edge_style</styleUrl>
        <LineString>
          <coordinates>-41.76518637764926,-3.122981621711577,0 -41.76518637764926,-3.122954672096717,0</coordinates>
        </LineString>
      </Placemark>
      <Placemark>
        <name>ef_charlie_delta_cd_ip10.326 → ef_charlie_delta_cd_ip10.336</name>
        <description>De: ef_charlie_delta_cd_ip10.326
Para: ef_charlie_delta_cd_ip10.336
Distância: 0.24m</description>
        <styleUrl>#edge_style</styleUrl>
        <LineString>
          <coordinates>-41.76518637764926,-3.122954672096717,0 -41.76518637764926,-3.122952484686311,0</coordinates>
        </LineString>
      </Placemark>
      <Placemark>
        <name>ef_charlie_delta_cd_ip10.336 → ef_charlie_delta_cd_ip10.334</name>
        <description>De: ef_charlie_delta_cd_ip10.336
Para: ef_charlie_delta_cd_ip10.334
Distância: 0.14m</description>
        <styleUrl>#edge_style</styleUrl>
        <LineString>
          <coordinates>-41.76518637764926,-3.122952484686311,0 -41.76518513162464,-3.122952484686311,0</coordinates>
        </LineString>
      </Placemark>
      <Placemark>
        <name>ef_charlie_delta_cd_ip10.371 → ef_charlie_delta_cd_ip10.369</name>
        <description>De: ef_charlie_delta_cd_ip10.371
Para: ef_charlie_delta_cd_ip10.369
Distância: 0.14m</description>
        <styleUrl>#edge_style</styleUrl>
        <LineString>
          <coordinates>-41.76518637764926,-3.1229333890875415,0 -41.76518513162464,-3.1229333890875415,0</coordinates>
        </LineString>
      </Placemark>
      <Placemark>
        <name>ef_charlie_delta_cd_ip10.371 → ef_charlie_delta_cd_ip10.368</name>
        <description>De: ef_charlie_delta_cd_ip10.371
Para: ef_charlie_delta_cd_ip10.368
Distância: 0.63m</description>
        <styleUrl>#edge_style</styleUrl>
        <LineString>
          <coordinates>-41.76518637764926,-3.1229333890875415,0 -41.76518637764926,-3.122927722481857,0</coordinates>
        </LineString>
      </Placemark>
      <Placemark>
        <name>ef_charlie_delta_cd_ip10.368 → ef_charlie_delta_cd_ip10.362</name>
        <description>De: ef_charlie_delta_cd_ip10.368
Para: ef_charlie_delta_cd_ip10.362
Distância: 3.00m</description>
        <styleUrl>#edge_style</styleUrl>
        <LineString>
          <coordinates>-41.76518637764926,-3.122927722481857,0 -41.76518637764926,-3.1229007728669966,0</coordinates>
        </LineString>
      </Placemark>
      <Placemark>
        <name>ef_charlie_delta_cd_ip10.362 → ef_charlie_delta_cd_ip10.361</name>
        <description>De: ef_charlie_delta_cd_ip10.362
Para: ef_charlie_delta_cd_ip10.361
Distância: 1.42m</description>
        <styleUrl>#edge_style</styleUrl>
        <LineString>
          <coordinates>-41.76518637764926,-3.1229007728669966,0 -41.76518637764926,-3.1228880508521417,0</coordinates>
        </LineString>
      </Placemark>
      <Placemark>
        <name>ef_charlie_delta_cd_ip10.361 → ef_charlie_delta_cd_ip10.370</name>
        <description>De: ef_charlie_delta_cd_ip10.361
Para: ef_charlie_delta_cd_ip10.370
Distância: 0.14m</description>
        <styleUrl>#edge_style</styleUrl>
        <LineString>
          <coordinates>-41.76518637764926,-3.1228880508521417,0 -41.76518513162464,-3.1228880508521417,0</coordinates>
        </LineString>
      </Placemark>
      <Placemark>
        <name>ef_charlie_delta_cd_ip11.356 → ef_charlie_delta_cd_ip11.359</name>
        <description>De: ef_charlie_delta_cd_ip11.356
Para: ef_charlie_delta_cd_ip11.359
Distância: 2.02m</description>
        <styleUrl>#edge_style</styleUrl>
        <LineString>
          <coordinates>-41.76518637764926,-3.122865046660897,0 -41.76518637764926,-3.1228468736372763,0</coordinates>
        </LineString>
      </Placemark>
      <Placemark>
        <name>ef_charlie_delta_cd_ip11.356 → ef_charlie_delta_cd_ip11.352</name>
        <description>De: ef_charlie_delta_cd_ip11.356
Para: ef_charlie_delta_cd_ip11.352
Distância: 0.14m</description>
        <styleUrl>#edge_style</styleUrl>
        <LineString>
          <coordinates>-41.76518637764926,-3.122865046660897,0 -41.76518513162464,-3.122865046660897,0</coordinates>
        </LineString>
      </Placemark>
      <Placemark>
        <name>ef_charlie_delta_cd_ip11.359 → ef_charlie_delta_cd_ip11.357</name>
        <description>De: ef_charlie_delta_cd_ip11.359
Para: ef_charlie_delta_cd_ip11.357
Distância: 3.00m</description>
        <styleUrl>#edge_style</styleUrl>
        <LineString>
          <coordinates>-41.76518637764926,-3.1228468736372763,0 -41.76518637764926,-3.122819924022416,0</coordinates>
        </LineString>
      </Placemark>
      <Placemark>
        <name>ef_charlie_delta_cd_ip11.357 → ef_charlie_delta_cd_ip11.350</name>
        <description>De: ef_charlie_delta_cd_ip11.357
Para: ef_charlie_delta_cd_ip11.350
Distância: 0.02m</description>
        <styleUrl>#edge_style</styleUrl>
        <LineString>
          <coordinates>-41.76518637764926,-3.122819924022416,0 -41.76518637764926,-3.1228197084254976,0</coordinates>
        </LineString>
      </Placemark>
      <Placemark>
        <name>ef_charlie_delta_cd_ip11.350 → ef_charlie_delta_cd_ip11.355</name>
        <description>De: ef_charlie_delta_cd_ip11.350
Para: ef_charlie_delta_cd_ip11.355
Distância: 0.14m</description>
        <styleUrl>#edge_style</styleUrl>
        <LineString>
          <coordinates>-41.76518637764926,-3.1228197084254976,0 -41.76518513162464,-3.1228197084254976,0</coordinates>
        </LineString>
      </Placemark>
      <Placemark>
        <name>ef_charlie_delta_cd_ip12.339 → ef_charlie_delta_cd_ip12.345</name>
        <description>De: ef_charlie_delta_cd_ip12.339
Para: ef_charlie_delta_cd_ip12.345
Distância: 0.50m</description>
        <styleUrl>#edge_style</styleUrl>
        <LineString>
          <coordinates>-41.76518637764926,-3.1227974983495708,0 -41.76518637764926,-3.122792974407556,0</coordinates>
        </LineString>
      </Placemark>
      <Placemark>
        <name>ef_charlie_delta_cd_ip12.339 → ef_charlie_delta_cd_ip12.341</name>
        <description>De: ef_charlie_delta_cd_ip12.339
Para: ef_charlie_delta_cd_ip12.341
Distância: 0.14m</description>
        <styleUrl>#edge_style</styleUrl>
        <LineString>
          <coordinates>-41.76518637764926,-3.1227974983495708,0 -41.76518513162464,-3.1227974983495708,0</coordinates>
        </LineString>
      </Placemark>
      <Placemark>
        <name>ef_charlie_delta_cd_ip12.345 → ef_charlie_delta_cd_ip12.340</name>
        <description>De: ef_charlie_delta_cd_ip12.345
Para: ef_charlie_delta_cd_ip12.340
Distância: 3.00m</description>
        <styleUrl>#edge_style</styleUrl>
        <LineString>
          <coordinates>-41.76518637764926,-3.122792974407556,0 -41.76518637764926,-3.1227660247926963,0</coordinates>
        </LineString>
      </Placemark>
      <Placemark>
        <name>ef_charlie_delta_cd_ip12.340 → ef_charlie_delta_cd_ip12.344</name>
        <description>De: ef_charlie_delta_cd_ip12.340
Para: ef_charlie_delta_cd_ip12.344
Distância: 1.54m</description>
        <styleUrl>#edge_style</styleUrl>
        <LineString>
          <coordinates>-41.76518637764926,-3.1227660247926963,0 -41.76518637764926,-3.1227521592158505,0</coordinates>
        </LineString>
      </Placemark>
      <Placemark>
        <name>ef_charlie_delta_cd_ip12.344 → ef_charlie_delta_cd_ip12.347</name>
        <description>De: ef_charlie_delta_cd_ip12.344
Para: ef_charlie_delta_cd_ip12.347
Distância: 5.45m</description>
        <styleUrl>#edge_style</styleUrl>
        <LineString>
          <coordinates>-41.76518637764926,-3.1227521592158505,0 -41.76513736614814,-3.1227521592158505,0</coordinates>
        </LineString>
      </Placemark>
      <Placemark>
        <name>ef_charlie_delta_cd_ip7.308 → ef_charlie_delta_cd_ip8.321</name>
        <description>De: ef_charlie_delta_cd_ip7.308
Para: ef_charlie_delta_cd_ip8.321
Distância: 2.63m</description>
        <styleUrl>#edge_style</styleUrl>
        <LineString>
          <coordinates>-41.76518513162464,-3.12314051304751,0 -41.76518513162464,-3.1231168485907017,0</coordinates>
        </LineString>
      </Placemark>
      <Placemark>
        <name>ef_charlie_delta_cd_ip7.308 → ef_charlie_delta_cd_ip7.306</name>
        <description>De: ef_charlie_delta_cd_ip7.308
Para: ef_charlie_delta_cd_ip7.306
Distância: 3.00m</description>
        <styleUrl>#edge_style</styleUrl>
        <LineString>
          <coordinates>-41.76518513162464,-3.12314051304751,0 -41.76515814192176,-3.12314051304751,0</coordinates>
        </LineString>
      </Placemark>
      <Placemark>
        <name>ef_charlie_delta_cd_ip8.321 → ef_charlie_delta_cd_ip8.314</name>
        <description>De: ef_charlie_delta_cd_ip8.321
Para: ef_charlie_delta_cd_ip8.314
Distância: 3.00m</description>
        <styleUrl>#edge_style</styleUrl>
        <LineString>
          <coordinates>-41.76518513162464,-3.1231168485907017,0 -41.76515814192176,-3.1231168485907017,0</coordinates>
        </LineString>
      </Placemark>
      <Placemark>
        <name>ef_charlie_delta_cd_ip8.315 → ef_charlie_delta_cd_ip9.335</name>
        <description>De: ef_charlie_delta_cd_ip8.315
Para: ef_charlie_delta_cd_ip9.335
Distância: 2.53m</description>
        <styleUrl>#edge_style</styleUrl>
        <LineString>
          <coordinates>-41.76518513162464,-3.1230715094569814,0 -41.76518513162464,-3.1230487837450904,0</coordinates>
        </LineString>
      </Placemark>
      <Placemark>
        <name>ef_charlie_delta_cd_ip8.315 → ef_charlie_delta_cd_ip8.312</name>
        <description>De: ef_charlie_delta_cd_ip8.315
Para: ef_charlie_delta_cd_ip8.312
Distância: 3.00m</description>
        <styleUrl>#edge_style</styleUrl>
        <LineString>
          <coordinates>-41.76518513162464,-3.1230715094569814,0 -41.76515814192176,-3.1230715094569814,0</coordinates>
        </LineString>
      </Placemark>
      <Placemark>
        <name>ef_charlie_delta_cd_ip9.335 → ef_charlie_delta_cd_ip9.327</name>
        <description>De: ef_charlie_delta_cd_ip9.335
Para: ef_charlie_delta_cd_ip9.327
Distância: 3.00m</description>
        <styleUrl>#edge_style</styleUrl>
        <LineString>
          <coordinates>-41.76518513162464,-3.1230487837450904,0 -41.76515814192176,-3.1230487837450904,0</coordinates>
        </LineString>
      </Placemark>
      <Placemark>
        <name>ef_charlie_delta_cd_ip10.334 → ef_charlie_delta_cd_ip10.369</name>
        <description>De: ef_charlie_delta_cd_ip10.334
Para: ef_charlie_delta_cd_ip10.369
Distância: 2.13m</description>
        <styleUrl>#edge_style</styleUrl>
        <LineString>
          <coordinates>-41.76518513162464,-3.122952484686311,0 -41.76518513162464,-3.1229333890875415,0</coordinates>
        </LineString>
      </Placemark>
      <Placemark>
        <name>ef_charlie_delta_cd_ip10.334 → ef_charlie_delta_cd_ip10.337</name>
        <description>De: ef_charlie_delta_cd_ip10.334
Para: ef_charlie_delta_cd_ip10.337
Distância: 3.00m</description>
        <styleUrl>#edge_style</styleUrl>
        <LineString>
          <coordinates>-41.76518513162464,-3.122952484686311,0 -41.76515814192176,-3.122952484686311,0</coordinates>
        </LineString>
      </Placemark>
      <Placemark>
        <name>ef_charlie_delta_cd_ip10.369 → ef_charlie_delta_cd_ip10.365</name>
        <description>De: ef_charlie_delta_cd_ip10.369
Para: ef_charlie_delta_cd_ip10.365
Distância: 3.00m</description>
        <styleUrl>#edge_style</styleUrl>
        <LineString>
          <coordinates>-41.76518513162464,-3.1229333890875415,0 -41.76515814192176,-3.1229333890875415,0</coordinates>
        </LineString>
      </Placemark>
      <Placemark>
        <name>ef_charlie_delta_cd_ip10.370 → ef_charlie_delta_cd_ip11.352</name>
        <description>De: ef_charlie_delta_cd_ip10.370
Para: ef_charlie_delta_cd_ip11.352
Distância: 2.56m</description>
        <styleUrl>#edge_style</styleUrl>
        <LineString>
          <coordinates>-41.76518513162464,-3.1228880508521417,0 -41.76518513162464,-3.122865046660897,0</coordinates>
        </LineString>
      </Placemark>
      <Placemark>
        <name>ef_charlie_delta_cd_ip10.370 → ef_charlie_delta_cd_ip10.366</name>
        <description>De: ef_charlie_delta_cd_ip10.370
Para: ef_charlie_delta_cd_ip10.366
Distância: 3.00m</description>
        <styleUrl>#edge_style</styleUrl>
        <LineString>
          <coordinates>-41.76518513162464,-3.1228880508521417,0 -41.76515814192176,-3.1228880508521417,0</coordinates>
        </LineString>
      </Placemark>
      <Placemark>
        <name>ef_charlie_delta_cd_ip11.352 → ef_charlie_delta_cd_ip11.353</name>
        <description>De: ef_charlie_delta_cd_ip11.352
Para: ef_charlie_delta_cd_ip11.353
Distância: 3.00m</description>
        <styleUrl>#edge_style</styleUrl>
        <LineString>
          <coordinates>-41.76518513162464,-3.122865046660897,0 -41.76515814192176,-3.122865046660897,0</coordinates>
        </LineString>
      </Placemark>
      <Placemark>
        <name>ef_charlie_delta_cd_ip11.355 → ef_charlie_delta_cd_ip12.341</name>
        <description>De: ef_charlie_delta_cd_ip11.355
Para: ef_charlie_delta_cd_ip12.341
Distância: 2.47m</description>
        <styleUrl>#edge_style</styleUrl>
        <LineString>
          <coordinates>-41.76518513162464,-3.1228197084254976,0 -41.76518513162464,-3.1227974983495708,0</coordinates>
        </LineString>
      </Placemark>
      <Placemark>
        <name>ef_charlie_delta_cd_ip11.355 → ef_charlie_delta_cd_ip11.348</name>
        <description>De: ef_charlie_delta_cd_ip11.355
Para: ef_charlie_delta_cd_ip11.348
Distância: 3.00m</description>
        <styleUrl>#edge_style</styleUrl>
        <LineString>
          <coordinates>-41.76518513162464,-3.1228197084254976,0 -41.76515814192176,-3.1228197084254976,0</coordinates>
        </LineString>
      </Placemark>
      <Placemark>
        <name>ef_charlie_delta_cd_ip12.341 → ef_charlie_delta_cd_ip12.342</name>
        <description>De: ef_charlie_delta_cd_ip12.341
Para: ef_charlie_delta_cd_ip12.342
Distância: 3.00m</description>
        <styleUrl>#edge_style</styleUrl>
        <LineString>
          <coordinates>-41.76518513162464,-3.1227974983495708,0 -41.76515814192176,-3.1227974983495708,0</coordinates>
        </LineString>
      </Placemark>
      <Placemark>
        <name>ef_charlie_delta_cd_ip7.306 → ef_charlie_delta_cd_ip8.314</name>
        <description>De: ef_charlie_delta_cd_ip7.306
Para: ef_charlie_delta_cd_ip8.314
Distância: 2.63m</description>
        <styleUrl>#edge_style</styleUrl>
        <LineString>
          <coordinates>-41.76515814192176,-3.12314051304751,0 -41.76515814192176,-3.1231168485907017,0</coordinates>
        </LineString>
      </Placemark>
      <Placemark>
        <name>ef_charlie_delta_cd_ip7.306 → ef_charlie_delta_cd_ip7.303</name>
        <description>De: ef_charlie_delta_cd_ip7.306
Para: ef_charlie_delta_cd_ip7.303
Distância: 2.31m</description>
        <styleUrl>#edge_style</styleUrl>
        <LineString>
          <coordinates>-41.76515814192176,-3.12314051304751,0 -41.76513736614814,-3.12314051304751,0</coordinates>
        </LineString>
      </Placemark>
      <Placemark>
        <name>ef_charlie_delta_cd_ip8.314 → ef_charlie_delta_cd_ip8.320</name>
        <description>De: ef_charlie_delta_cd_ip8.314
Para: ef_charlie_delta_cd_ip8.320
Distância: 2.31m</description>
        <styleUrl>#edge_style</styleUrl>
        <LineString>
          <coordinates>-41.76515814192176,-3.1231168485907017,0 -41.76513736614814,-3.1231168485907017,0</coordinates>
        </LineString>
      </Placemark>
      <Placemark>
        <name>ef_charlie_delta_cd_ip8.312 → ef_charlie_delta_cd_ip8.323</name>
        <description>De: ef_charlie_delta_cd_ip8.312
Para: ef_charlie_delta_cd_ip8.323
Distância: 2.31m</description>
        <styleUrl>#edge_style</styleUrl>
        <LineString>
          <coordinates>-41.76515814192176,-3.1230715094569814,0 -41.76513736614814,-3.1230715094569814,0</coordinates>
        </LineString>
      </Placemark>
      <Placemark>
        <name>ef_charlie_delta_cd_ip8.312 → ef_charlie_delta_cd_ip9.327</name>
        <description>De: ef_charlie_delta_cd_ip8.312
Para: ef_charlie_delta_cd_ip9.327
Distância: 2.53m</description>
        <styleUrl>#edge_style</styleUrl>
        <LineString>
          <coordinates>-41.76515814192176,-3.1230715094569814,0 -41.76515814192176,-3.1230487837450904,0</coordinates>
        </LineString>
      </Placemark>
      <Placemark>
        <name>ef_charlie_delta_cd_ip9.327 → ef_charlie_delta_cd_buscsb5.332</name>
        <description>De: ef_charlie_delta_cd_ip9.327
Para: ef_charlie_delta_cd_buscsb5.332
Distância: 9.92m</description>
        <styleUrl>#edge_style</styleUrl>
        <LineString>
          <coordinates>-41.76515814192176,-3.1230487837450904,0 -41.76506889057296,-3.1230487837450904,0</coordinates>
        </LineString>
      </Placemark>
      <Placemark>
        <name>ef_charlie_delta_cd_ip10.337 → ef_charlie_delta_cd_ip10.365</name>
        <description>De: ef_charlie_delta_cd_ip10.337
Para: ef_charlie_delta_cd_ip10.365
Distância: 2.13m</description>
        <styleUrl>#edge_style</styleUrl>
        <LineString>
          <coordinates>-41.76515814192176,-3.122952484686311,0 -41.76515814192176,-3.1229333890875415,0</coordinates>
        </LineString>
      </Placemark>
      <Placemark>
        <name>ef_charlie_delta_cd_ip10.337 → ef_charlie_delta_estrutura3123.001.328</name>
        <description>De: ef_charlie_delta_cd_ip10.337
Para: ef_charlie_delta_estrutura3123.001.328
Distância: 9.92m</description>
        <styleUrl>#edge_style</styleUrl>
        <LineString>
          <coordinates>-41.76515814192176,-3.122952484686311,0 -41.76506889057296,-3.122952484686311,0</coordinates>
        </LineString>
      </Placemark>
      <Placemark>
        <name>ef_charlie_delta_cd_ip10.365 → ef_charlie_delta_cd_ip10.363</name>
        <description>De: ef_charlie_delta_cd_ip10.365
Para: ef_charlie_delta_cd_ip10.363
Distância: 2.31m</description>
        <styleUrl>#edge_style</styleUrl>
        <LineString>
          <coordinates>-41.76515814192176,-3.1229333890875415,0 -41.76513736614814,-3.1229333890875415,0</coordinates>
        </LineString>
      </Placemark>
      <Placemark>
        <name>ef_charlie_delta_cd_ip10.366 → ef_charlie_delta_cd_ip10.367</name>
        <description>De: ef_charlie_delta_cd_ip10.366
Para: ef_charlie_delta_cd_ip10.367
Distância: 2.31m</description>
        <styleUrl>#edge_style</styleUrl>
        <LineString>
          <coordinates>-41.76515814192176,-3.1228880508521417,0 -41.76513736614814,-3.1228880508521417,0</coordinates>
        </LineString>
      </Placemark>
      <Placemark>
        <name>ef_charlie_delta_cd_ip10.366 → ef_charlie_delta_cd_ip11.353</name>
        <description>De: ef_charlie_delta_cd_ip10.366
Para: ef_charlie_delta_cd_ip11.353
Distância: 2.56m</description>
        <styleUrl>#edge_style</styleUrl>
        <LineString>
          <coordinates>-41.76515814192176,-3.1228880508521417,0 -41.76515814192176,-3.122865046660897,0</coordinates>
        </LineString>
      </Placemark>
      <Placemark>
        <name>ef_charlie_delta_cd_ip11.353 → ef_charlie_delta_cd_ip11.351</name>
        <description>De: ef_charlie_delta_cd_ip11.353
Para: ef_charlie_delta_cd_ip11.351
Distância: 2.31m</description>
        <styleUrl>#edge_style</styleUrl>
        <LineString>
          <coordinates>-41.76515814192176,-3.122865046660897,0 -41.76513736614814,-3.122865046660897,0</coordinates>
        </LineString>
      </Placemark>
      <Placemark>
        <name>ef_charlie_delta_cd_ip11.348 → ef_charlie_delta_cd_ip11.354</name>
        <description>De: ef_charlie_delta_cd_ip11.348
Para: ef_charlie_delta_cd_ip11.354
Distância: 2.31m</description>
        <styleUrl>#edge_style</styleUrl>
        <LineString>
          <coordinates>-41.76515814192176,-3.1228197084254976,0 -41.76513736614814,-3.1228197084254976,0</coordinates>
        </LineString>
      </Placemark>
      <Placemark>
        <name>ef_charlie_delta_cd_ip11.348 → ef_charlie_delta_cd_ip12.342</name>
        <description>De: ef_charlie_delta_cd_ip11.348
Para: ef_charlie_delta_cd_ip12.342
Distância: 2.47m</description>
        <styleUrl>#edge_style</styleUrl>
        <LineString>
          <coordinates>-41.76515814192176,-3.1228197084254976,0 -41.76515814192176,-3.1227974983495708,0</coordinates>
        </LineString>
      </Placemark>
      <Placemark>
        <name>ef_charlie_delta_cd_ip12.342 → ef_charlie_delta_cd_ip12.346</name>
        <description>De: ef_charlie_delta_cd_ip12.342
Para: ef_charlie_delta_cd_ip12.346
Distância: 2.31m</description>
        <styleUrl>#edge_style</styleUrl>
        <LineString>
          <coordinates>-41.76515814192176,-3.1227974983495708,0 -41.76513736614814,-3.1227974983495708,0</coordinates>
        </LineString>
      </Placemark>
      <Placemark>
        <name>ef_charlie_delta_cd_ip7.311 → ef_charlie_delta_cd_ip7.305</name>
        <description>De: ef_charlie_delta_cd_ip7.311
Para: ef_charlie_delta_cd_ip7.305
Distância: 1.73m</description>
        <styleUrl>#edge_style</styleUrl>
        <LineString>
          <coordinates>-41.76513736614814,-3.1231858521812303,0 -41.76513736614814,-3.123170269015598,0</coordinates>
        </LineString>
      </Placemark>
      <Placemark>
        <name>ef_charlie_delta_cd_ip7.305 → ef_charlie_delta_cd_buscsb3.945</name>
        <description>De: ef_charlie_delta_cd_ip7.305
Para: ef_charlie_delta_cd_buscsb3.945
Distância: 12.33m</description>
        <styleUrl>#edge_style</styleUrl>
        <LineString>
          <coordinates>-41.76513736614814,-3.123170269015598,0 -41.765026403382684,-3.123170269015598,0</coordinates>
        </LineString>
      </Placemark>
      <Placemark>
        <name>ef_charlie_delta_cd_ip7.305 → ef_charlie_delta_cd_ip7.309</name>
        <description>De: ef_charlie_delta_cd_ip7.305
Para: ef_charlie_delta_cd_ip7.309
Distância: 3.00m</description>
        <styleUrl>#edge_style</styleUrl>
        <LineString>
          <coordinates>-41.76513736614814,-3.123170269015598,0 -41.76513736614814,-3.1231433194007376,0</coordinates>
        </LineString>
      </Placemark>
      <Placemark>
        <name>ef_charlie_delta_cd_ip7.309 → ef_charlie_delta_cd_ip7.303</name>
        <description>De: ef_charlie_delta_cd_ip7.309
Para: ef_charlie_delta_cd_ip7.303
Distância: 0.31m</description>
        <styleUrl>#edge_style</styleUrl>
        <LineString>
          <coordinates>-41.76513736614814,-3.1231433194007376,0 -41.76513736614814,-3.12314051304751,0</coordinates>
        </LineString>
      </Placemark>
      <Placemark>
        <name>ef_charlie_delta_cd_ip7.309 → ef_charlie_delta_cd_buscsb4.939</name>
        <description>De: ef_charlie_delta_cd_ip7.309
Para: ef_charlie_delta_cd_buscsb4.939
Distância: 12.33m</description>
        <styleUrl>#edge_style</styleUrl>
        <LineString>
          <coordinates>-41.76513736614814,-3.1231433194007376,0 -41.765026403382684,-3.1231433194007376,0</coordinates>
        </LineString>
      </Placemark>
      <Placemark>
        <name>ef_charlie_delta_cd_ip8.320 → ef_charlie_delta_cd_ip8.319</name>
        <description>De: ef_charlie_delta_cd_ip8.320
Para: ef_charlie_delta_cd_ip8.319
Distância: 0.05m</description>
        <styleUrl>#edge_style</styleUrl>
        <LineString>
          <coordinates>-41.76513736614814,-3.1231168485907017,0 -41.76513736614814,-3.1231163697858775,0</coordinates>
        </LineString>
      </Placemark>
      <Placemark>
        <name>ef_charlie_delta_cd_ip8.319 → ef_charlie_delta_cd_busip6.625</name>
        <description>De: ef_charlie_delta_cd_ip8.319
Para: ef_charlie_delta_cd_busip6.625
Distância: 20.65m</description>
        <styleUrl>#edge_style</styleUrl>
        <LineString>
          <coordinates>-41.76513736614814,-3.1231163697858775,0 -41.7649515483414,-3.1231163697858775,0</coordinates>
        </LineString>
      </Placemark>
      <Placemark>
        <name>ef_charlie_delta_cd_ip8.319 → ef_charlie_delta_cd_ip8.322</name>
        <description>De: ef_charlie_delta_cd_ip8.319
Para: ef_charlie_delta_cd_ip8.322
Distância: 3.00m</description>
        <styleUrl>#edge_style</styleUrl>
        <LineString>
          <coordinates>-41.76513736614814,-3.1231163697858775,0 -41.76513736614814,-3.1230894201710173,0</coordinates>
        </LineString>
      </Placemark>
      <Placemark>
        <name>ef_charlie_delta_cd_ip8.322 → ef_charlie_delta_cd_ip8.323</name>
        <description>De: ef_charlie_delta_cd_ip8.322
Para: ef_charlie_delta_cd_ip8.323
Distância: 1.99m</description>
        <styleUrl>#edge_style</styleUrl>
        <LineString>
          <coordinates>-41.76513736614814,-3.1230894201710173,0 -41.76513736614814,-3.1230715094569814,0</coordinates>
        </LineString>
      </Placemark>
      <Placemark>
        <name>ef_charlie_delta_cd_ip8.322 → ef_charlie_delta_cd_busip6.627</name>
        <description>De: ef_charlie_delta_cd_ip8.322
Para: ef_charlie_delta_cd_busip6.627
Distância: 20.65m</description>
        <styleUrl>#edge_style</styleUrl>
        <LineString>
          <coordinates>-41.76513736614814,-3.1230894201710173,0 -41.7649515483414,-3.1230894201710173,0</coordinates>
        </LineString>
      </Placemark>
      <Placemark>
        <name>ef_charlie_delta_cd_ip10.363 → ef_charlie_delta_cd_ip10.360</name>
        <description>De: ef_charlie_delta_cd_ip10.363
Para: ef_charlie_delta_cd_ip10.360
Distância: 0.63m</description>
        <styleUrl>#edge_style</styleUrl>
        <LineString>
          <coordinates>-41.76513736614814,-3.1229333890875415,0 -41.76513736614814,-3.122927722481857,0</coordinates>
        </LineString>
      </Placemark>
      <Placemark>
        <name>ef_charlie_delta_cd_ip10.360 → ef_charlie_delta_cd_ip10.364</name>
        <description>De: ef_charlie_delta_cd_ip10.360
Para: ef_charlie_delta_cd_ip10.364
Distância: 3.00m</description>
        <styleUrl>#edge_style</styleUrl>
        <LineString>
          <coordinates>-41.76513736614814,-3.122927722481857,0 -41.76513736614814,-3.1229007728669966,0</coordinates>
        </LineString>
      </Placemark>
      <Placemark>
        <name>ef_charlie_delta_cd_ip10.360 → ef_charlie_delta_cd_buscsb7.918</name>
        <description>De: ef_charlie_delta_cd_ip10.360
Para: ef_charlie_delta_cd_buscsb7.918
Distância: 12.29m</description>
        <styleUrl>#edge_style</styleUrl>
        <LineString>
          <coordinates>-41.76513736614814,-3.122927722481857,0 -41.765026836117585,-3.122927722481857,0</coordinates>
        </LineString>
      </Placemark>
      <Placemark>
        <name>ef_charlie_delta_cd_ip10.364 → ef_charlie_delta_cd_ip10.367</name>
        <description>De: ef_charlie_delta_cd_ip10.364
Para: ef_charlie_delta_cd_ip10.367
Distância: 1.42m</description>
        <styleUrl>#edge_style</styleUrl>
        <LineString>
          <coordinates>-41.76513736614814,-3.1229007728669966,0 -41.76513736614814,-3.1228880508521417,0</coordinates>
        </LineString>
      </Placemark>
      <Placemark>
        <name>ef_charlie_delta_cd_ip10.364 → ef_charlie_delta_cd_buscsb8.910</name>
        <description>De: ef_charlie_delta_cd_ip10.364
Para: ef_charlie_delta_cd_buscsb8.910
Distância: 12.29m</description>
        <styleUrl>#edge_style</styleUrl>
        <LineString>
          <coordinates>-41.76513736614814,-3.1229007728669966,0 -41.765026836117585,-3.1229007728669966,0</coordinates>
        </LineString>
      </Placemark>
      <Placemark>
        <name>ef_charlie_delta_cd_ip11.351 → ef_charlie_delta_cd_ip11.349</name>
        <description>De: ef_charlie_delta_cd_ip11.351
Para: ef_charlie_delta_cd_ip11.349
Distância: 2.02m</description>
        <styleUrl>#edge_style</styleUrl>
        <LineString>
          <coordinates>-41.76513736614814,-3.122865046660897,0 -41.76513736614814,-3.1228468736372763,0</coordinates>
        </LineString>
      </Placemark>
      <Placemark>
        <name>ef_charlie_delta_cd_ip11.349 → ef_charlie_delta_cd_busip11.874</name>
        <description>De: ef_charlie_delta_cd_ip11.349
Para: ef_charlie_delta_cd_busip11.874
Distância: 20.60m</description>
        <styleUrl>#edge_style</styleUrl>
        <LineString>
          <coordinates>-41.76513736614814,-3.1228468736372763,0 -41.76495205934644,-3.1228468736372763,0</coordinates>
        </LineString>
      </Placemark>
      <Placemark>
        <name>ef_charlie_delta_cd_ip11.349 → ef_charlie_delta_cd_ip11.358</name>
        <description>De: ef_charlie_delta_cd_ip11.349
Para: ef_charlie_delta_cd_ip11.358
Distância: 3.00m</description>
        <styleUrl>#edge_style</styleUrl>
        <LineString>
          <coordinates>-41.76513736614814,-3.1228468736372763,0 -41.76513736614814,-3.122819924022416,0</coordinates>
        </LineString>
      </Placemark>
      <Placemark>
        <name>ef_charlie_delta_cd_ip11.358 → ef_charlie_delta_cd_buscsb9.894</name>
        <description>De: ef_charlie_delta_cd_ip11.358
Para: ef_charlie_delta_cd_buscsb9.894
Distância: 12.27m</description>
        <styleUrl>#edge_style</styleUrl>
        <LineString>
          <coordinates>-41.76513736614814,-3.122819924022416,0 -41.76502697646404,-3.122819924022416,0</coordinates>
        </LineString>
      </Placemark>
      <Placemark>
        <name>ef_charlie_delta_cd_ip11.358 → ef_charlie_delta_cd_ip11.354</name>
        <description>De: ef_charlie_delta_cd_ip11.358
Para: ef_charlie_delta_cd_ip11.354
Distância: 0.02m</description>
        <styleUrl>#edge_style</styleUrl>
        <LineString>
          <coordinates>-41.76513736614814,-3.122819924022416,0 -41.76513736614814,-3.1228197084254976,0</coordinates>
        </LineString>
      </Placemark>
      <Placemark>
        <name>ef_charlie_delta_cd_ip12.346 → ef_charlie_delta_cd_ip12.338</name>
        <description>De: ef_charlie_delta_cd_ip12.346
Para: ef_charlie_delta_cd_ip12.338
Distância: 0.50m</description>
        <styleUrl>#edge_style</styleUrl>
        <LineString>
          <coordinates>-41.76513736614814,-3.1227974983495708,0 -41.76513736614814,-3.122792974407556,0</coordinates>
        </LineString>
      </Placemark>
      <Placemark>
        <name>ef_charlie_delta_cd_ip12.338 → ef_charlie_delta_cd_buscsb9.902</name>
        <description>De: ef_charlie_delta_cd_ip12.338
Para: ef_charlie_delta_cd_buscsb9.902
Distância: 12.27m</description>
        <styleUrl>#edge_style</styleUrl>
        <LineString>
          <coordinates>-41.76513736614814,-3.122792974407556,0 -41.76502697646404,-3.122792974407556,0</coordinates>
        </LineString>
      </Placemark>
      <Placemark>
        <name>ef_charlie_delta_cd_ip12.338 → ef_charlie_delta_cd_ip12.343</name>
        <description>De: ef_charlie_delta_cd_ip12.338
Para: ef_charlie_delta_cd_ip12.343
Distância: 3.00m</description>
        <styleUrl>#edge_style</styleUrl>
        <LineString>
          <coordinates>-41.76513736614814,-3.122792974407556,0 -41.76513736614814,-3.1227660247926963,0</coordinates>
        </LineString>
      </Placemark>
      <Placemark>
        <name>ef_charlie_delta_cd_ip12.343 → ef_charlie_delta_cd_ip12.347</name>
        <description>De: ef_charlie_delta_cd_ip12.343
Para: ef_charlie_delta_cd_ip12.347
Distância: 1.54m</description>
        <styleUrl>#edge_style</styleUrl>
        <LineString>
          <coordinates>-41.76513736614814,-3.1227660247926963,0 -41.76513736614814,-3.1227521592158505,0</coordinates>
        </LineString>
      </Placemark>
      <Placemark>
        <name>ef_charlie_delta_cd_ip12.343 → ef_charlie_delta_cd_busip28.438</name>
        <description>De: ef_charlie_delta_cd_ip12.343
Para: ef_charlie_delta_cd_busip28.438
Distância: 28.97m</description>
        <styleUrl>#edge_style</styleUrl>
        <LineString>
          <coordinates>-41.76513736614814,-3.1227660247926963,0 -41.76487675987472,-3.1227660247926963,0</coordinates>
        </LineString>
      </Placemark>
      <Placemark>
        <name>ef_charlie_delta_cd_ip12.343 → pp_7</name>
        <description>De: ef_charlie_delta_cd_ip12.343
Para: pp_7
Distância: 21.69m</description>
        <styleUrl>#edge_style</styleUrl>
        <LineString>
          <coordinates>-41.76513736614814,-3.1227660247926963,0 -41.764942224298714,-3.1227660247926963,0</coordinates>
        </LineString>
      </Placemark>
      <Placemark>
        <name>ef_charlie_delta_cd_ip12.343 → pp_10</name>
        <description>De: ef_charlie_delta_cd_ip12.343
Para: pp_10
Distância: 24.69m</description>
        <styleUrl>#edge_style</styleUrl>
        <LineString>
          <coordinates>-41.76513736614814,-3.1227660247926963,0 -41.76491523459583,-3.1227660247926963,0</coordinates>
        </LineString>
      </Placemark>
      <Placemark>
        <name>ef_charlie_delta_cd_buscsb5.332 → ef_charlie_delta_estrutura3123.001.324</name>
        <description>De: ef_charlie_delta_cd_buscsb5.332
Para: ef_charlie_delta_estrutura3123.001.324
Distância: 1.48m</description>
        <styleUrl>#edge_style</styleUrl>
        <LineString>
          <coordinates>-41.76506889057296,-3.1230487837450904,0 -41.76506889057296,-3.123035520941297,0</coordinates>
        </LineString>
      </Placemark>
      <Placemark>
        <name>ef_charlie_delta_estrutura3123.001.324 → ef_charlie_delta_cd_busip22.826</name>
        <description>De: ef_charlie_delta_estrutura3123.001.324
Para: ef_charlie_delta_cd_busip22.826
Distância: 21.38m</description>
        <styleUrl>#edge_style</styleUrl>
        <LineString>
          <coordinates>-41.76506889057296,-3.123035520941297,0 -41.76487652776327,-3.123035520941297,0</coordinates>
        </LineString>
      </Placemark>
      <Placemark>
        <name>ef_charlie_delta_estrutura3123.001.324 → ef_charlie_delta_estrutura3123.001.331</name>
        <description>De: ef_charlie_delta_estrutura3123.001.324
Para: ef_charlie_delta_estrutura3123.001.331
Distância: 3.00m</description>
        <styleUrl>#edge_style</styleUrl>
        <LineString>
          <coordinates>-41.76506889057296,-3.123035520941297,0 -41.76506889057296,-3.1230085713264373,0</coordinates>
        </LineString>
      </Placemark>
      <Placemark>
        <name>ef_charlie_delta_estrutura3123.001.331 → ef_charlie_delta_cd_busip22.827</name>
        <description>De: ef_charlie_delta_estrutura3123.001.331
Para: ef_charlie_delta_cd_busip22.827
Distância: 21.38m</description>
        <styleUrl>#edge_style</styleUrl>
        <LineString>
          <coordinates>-41.76506889057296,-3.1230085713264373,0 -41.76487652776327,-3.1230085713264373,0</coordinates>
        </LineString>
      </Placemark>
      <Placemark>
        <name>ef_charlie_delta_estrutura3123.001.331 → ef_charlie_delta_estrutura3123.001.333</name>
        <description>De: ef_charlie_delta_estrutura3123.001.331
Para: ef_charlie_delta_estrutura3123.001.333
Distância: 3.00m</description>
        <styleUrl>#edge_style</styleUrl>
        <LineString>
          <coordinates>-41.76506889057296,-3.1230085713264373,0 -41.76506889057296,-3.122981621711577,0</coordinates>
        </LineString>
      </Placemark>
      <Placemark>
        <name>ef_charlie_delta_estrutura3123.001.333 → ef_charlie_delta_cd_buscsb6.912</name>
        <description>De: ef_charlie_delta_estrutura3123.001.333
Para: ef_charlie_delta_cd_buscsb6.912
Distância: 4.67m</description>
        <styleUrl>#edge_style</styleUrl>
        <LineString>
          <coordinates>-41.76506889057296,-3.122981621711577,0 -41.765026836117585,-3.122981621711577,0</coordinates>
        </LineString>
      </Placemark>
      <Placemark>
        <name>ef_charlie_delta_estrutura3123.001.333 → ef_charlie_delta_estrutura3123.001.329</name>
        <description>De: ef_charlie_delta_estrutura3123.001.333
Para: ef_charlie_delta_estrutura3123.001.329
Distância: 3.00m</description>
        <styleUrl>#edge_style</styleUrl>
        <LineString>
          <coordinates>-41.76506889057296,-3.122981621711577,0 -41.76506889057296,-3.122954672096717,0</coordinates>
        </LineString>
      </Placemark>
      <Placemark>
        <name>ef_charlie_delta_estrutura3123.001.329 → ef_charlie_delta_cd_buscsb7.905</name>
        <description>De: ef_charlie_delta_estrutura3123.001.329
Para: ef_charlie_delta_cd_buscsb7.905
Distância: 4.67m</description>
        <styleUrl>#edge_style</styleUrl>
        <LineString>
          <coordinates>-41.76506889057296,-3.122954672096717,0 -41.765026836117585,-3.122954672096717,0</coordinates>
        </LineString>
      </Placemark>
      <Placemark>
        <name>ef_charlie_delta_estrutura3123.001.329 → ef_charlie_delta_estrutura3123.001.328</name>
        <description>De: ef_charlie_delta_estrutura3123.001.329
Para: ef_charlie_delta_estrutura3123.001.328
Distância: 0.24m</description>
        <styleUrl>#edge_style</styleUrl>
        <LineString>
          <coordinates>-41.76506889057296,-3.122954672096717,0 -41.76506889057296,-3.122952484686311,0</coordinates>
        </LineString>
      </Placemark>
      <Placemark>
        <name>ef_charlie_delta_cd_buscsb12.1039 → ef_charlie_delta_cd_buscsb12.1036</name>
        <description>De: ef_charlie_delta_cd_buscsb12.1039
Para: ef_charlie_delta_cd_buscsb12.1036
Distância: 0.47m</description>
        <styleUrl>#edge_style</styleUrl>
        <LineString>
          <coordinates>-41.76502743438933,-3.1225684257249395,0 -41.76502319340735,-3.1225684257249395,0</coordinates>
        </LineString>
      </Placemark>
      <Placemark>
        <name>ef_charlie_delta_cd_buscsb12.1039 → ef_charlie_delta_cd_buscsb12.1037</name>
        <description>De: ef_charlie_delta_cd_buscsb12.1039
Para: ef_charlie_delta_cd_buscsb12.1037
Distância: 5.10m</description>
        <styleUrl>#edge_style</styleUrl>
        <LineString>
          <coordinates>-41.76502743438933,-3.1225684257249395,0 -41.76502743438933,-3.1225226140746387,0</coordinates>
        </LineString>
      </Placemark>
      <Placemark>
        <name>ef_charlie_delta_cd_buscsb12.1037 → ef_charlie_delta_cd_buscsb12.1040</name>
        <description>De: ef_charlie_delta_cd_buscsb12.1037
Para: ef_charlie_delta_cd_buscsb12.1040
Distância: 5.56m</description>
        <styleUrl>#edge_style</styleUrl>
        <LineString>
          <coordinates>-41.76502743438933,-3.1225226140746387,0 -41.764977403577106,-3.1225226140746387,0</coordinates>
        </LineString>
      </Placemark>
      <Placemark>
        <name>ef_charlie_delta_cd_buscsb11.1043 → ef_charlie_delta_cd_buscsb11.1048</name>
        <description>De: ef_charlie_delta_cd_buscsb11.1043
Para: ef_charlie_delta_cd_buscsb11.1048
Distância: 0.45m</description>
        <styleUrl>#edge_style</styleUrl>
        <LineString>
          <coordinates>-41.76502727964837,-3.1226583691662144,0 -41.76502319340735,-3.1226583691662144,0</coordinates>
        </LineString>
      </Placemark>
      <Placemark>
        <name>ef_charlie_delta_cd_buscsb11.1043 → ef_charlie_delta_cd_buscsb11.1045</name>
        <description>De: ef_charlie_delta_cd_buscsb11.1043
Para: ef_charlie_delta_cd_buscsb11.1045
Distância: 5.10m</description>
        <styleUrl>#edge_style</styleUrl>
        <LineString>
          <coordinates>-41.76502727964837,-3.1226583691662144,0 -41.76502727964837,-3.122612558414234,0</coordinates>
        </LineString>
      </Placemark>
      <Placemark>
        <name>ef_charlie_delta_cd_buscsb11.1045 → ef_charlie_delta_cd_buscsb11.1047</name>
        <description>De: ef_charlie_delta_cd_buscsb11.1045
Para: ef_charlie_delta_cd_buscsb11.1047
Distância: 0.45m</description>
        <styleUrl>#edge_style</styleUrl>
        <LineString>
          <coordinates>-41.76502727964837,-3.122612558414234,0 -41.76502319340735,-3.122612558414234,0</coordinates>
        </LineString>
      </Placemark>
      <Placemark>
        <name>ef_charlie_delta_cd_buscsb10.1060 → ef_charlie_delta_cd_buscsb10.1053</name>
        <description>De: ef_charlie_delta_cd_buscsb10.1060
Para: ef_charlie_delta_cd_buscsb10.1053
Distância: 0.44m</description>
        <styleUrl>#edge_style</styleUrl>
        <LineString>
          <coordinates>-41.765027124907405,-3.1227482712847467,0 -41.76502319340735,-3.1227482712847467,0</coordinates>
        </LineString>
      </Placemark>
      <Placemark>
        <name>ef_charlie_delta_cd_buscsb10.1060 → ef_charlie_delta_cd_buscsb10.1062</name>
        <description>De: ef_charlie_delta_cd_buscsb10.1060
Para: ef_charlie_delta_cd_buscsb10.1062
Distância: 1.02m</description>
        <styleUrl>#edge_style</styleUrl>
        <LineString>
          <coordinates>-41.765027124907405,-3.1227482712847467,0 -41.765027124907405,-3.122739075177836,0</coordinates>
        </LineString>
      </Placemark>
      <Placemark>
        <name>ef_charlie_delta_cd_buscsb10.1062 → ef_charlie_delta_cd_buscsb10.1058</name>
        <description>De: ef_charlie_delta_cd_buscsb10.1062
Para: ef_charlie_delta_cd_buscsb10.1058
Distância: 3.00m</description>
        <styleUrl>#edge_style</styleUrl>
        <LineString>
          <coordinates>-41.765027124907405,-3.122739075177836,0 -41.765027124907405,-3.122712125562976,0</coordinates>
        </LineString>
      </Placemark>
      <Placemark>
        <name>ef_charlie_delta_cd_buscsb10.1058 → ef_charlie_delta_cd_buscsb10.1054</name>
        <description>De: ef_charlie_delta_cd_buscsb10.1058
Para: ef_charlie_delta_cd_buscsb10.1054
Distância: 1.08m</description>
        <styleUrl>#edge_style</styleUrl>
        <LineString>
          <coordinates>-41.765027124907405,-3.122712125562976,0 -41.765027124907405,-3.122702459634446,0</coordinates>
        </LineString>
      </Placemark>
      <Placemark>
        <name>ef_charlie_delta_cd_buscsb10.1054 → ef_charlie_delta_cd_buscsb10.1056</name>
        <description>De: ef_charlie_delta_cd_buscsb10.1054
Para: ef_charlie_delta_cd_buscsb10.1056
Distância: 0.44m</description>
        <styleUrl>#edge_style</styleUrl>
        <LineString>
          <coordinates>-41.765027124907405,-3.122702459634446,0 -41.76502319340735,-3.122702459634446,0</coordinates>
        </LineString>
      </Placemark>
      <Placemark>
        <name>ef_charlie_delta_cd_buscsb9.898 → ef_charlie_delta_cd_buscsb9.894</name>
        <description>De: ef_charlie_delta_cd_buscsb9.898
Para: ef_charlie_delta_cd_buscsb9.894
Distância: 1.67m</description>
        <styleUrl>#edge_style</styleUrl>
        <LineString>
          <coordinates>-41.76502697646404,-3.122834939449496,0 -41.76502697646404,-3.122819924022416,0</coordinates>
        </LineString>
      </Placemark>
      <Placemark>
        <name>ef_charlie_delta_cd_buscsb9.898 → ef_charlie_delta_cd_buscsb9.897</name>
        <description>De: ef_charlie_delta_cd_buscsb9.898
Para: ef_charlie_delta_cd_buscsb9.897
Distância: 0.42m</description>
        <styleUrl>#edge_style</styleUrl>
        <LineString>
          <coordinates>-41.76502697646404,-3.122834939449496,0 -41.76502319340735,-3.122834939449496,0</coordinates>
        </LineString>
      </Placemark>
      <Placemark>
        <name>ef_charlie_delta_cd_buscsb9.894 → ef_charlie_delta_cd_buscsb9.902</name>
        <description>De: ef_charlie_delta_cd_buscsb9.894
Para: ef_charlie_delta_cd_buscsb9.902
Distância: 3.00m</description>
        <styleUrl>#edge_style</styleUrl>
        <LineString>
          <coordinates>-41.76502697646404,-3.122819924022416,0 -41.76502697646404,-3.122792974407556,0</coordinates>
        </LineString>
      </Placemark>
      <Placemark>
        <name>ef_charlie_delta_cd_buscsb9.902 → ef_charlie_delta_cd_buscsb9.899</name>
        <description>De: ef_charlie_delta_cd_buscsb9.902
Para: ef_charlie_delta_cd_buscsb9.899
Distância: 0.43m</description>
        <styleUrl>#edge_style</styleUrl>
        <LineString>
          <coordinates>-41.76502697646404,-3.122792974407556,0 -41.76502697646404,-3.122789128697516,0</coordinates>
        </LineString>
      </Placemark>
      <Placemark>
        <name>ef_charlie_delta_cd_buscsb9.899 → ef_charlie_delta_cd_buscsb9.896</name>
        <description>De: ef_charlie_delta_cd_buscsb9.899
Para: ef_charlie_delta_cd_buscsb9.896
Distância: 0.42m</description>
        <styleUrl>#edge_style</styleUrl>
        <LineString>
          <coordinates>-41.76502697646404,-3.122789128697516,0 -41.76502319340735,-3.122789128697516,0</coordinates>
        </LineString>
      </Placemark>
      <Placemark>
        <name>ef_charlie_delta_cd_buscsb6.914 → ef_charlie_delta_cd_buscsb6.912</name>
        <description>De: ef_charlie_delta_cd_buscsb6.914
Para: ef_charlie_delta_cd_buscsb6.912
Distância: 2.24m</description>
        <styleUrl>#edge_style</styleUrl>
        <LineString>
          <coordinates>-41.765026836117585,-3.123001744988993,0 -41.765026836117585,-3.122981621711577,0</coordinates>
        </LineString>
      </Placemark>
      <Placemark>
        <name>ef_charlie_delta_cd_buscsb6.914 → ef_charlie_delta_cd_buscsb6.906</name>
        <description>De: ef_charlie_delta_cd_buscsb6.914
Para: ef_charlie_delta_cd_buscsb6.906
Distância: 0.40m</description>
        <styleUrl>#edge_style</styleUrl>
        <LineString>
          <coordinates>-41.765026836117585,-3.123001744988993,0 -41.76502319340735,-3.123001744988993,0</coordinates>
        </LineString>
      </Placemark>
      <Placemark>
        <name>ef_charlie_delta_cd_buscsb6.912 → ef_charlie_delta_cd_buscsb7.905</name>
        <description>De: ef_charlie_delta_cd_buscsb6.912
Para: ef_charlie_delta_cd_buscsb7.905
Distância: 3.00m</description>
        <styleUrl>#edge_style</styleUrl>
        <LineString>
          <coordinates>-41.765026836117585,-3.122981621711577,0 -41.765026836117585,-3.122954672096717,0</coordinates>
        </LineString>
      </Placemark>
      <Placemark>
        <name>ef_charlie_delta_cd_buscsb7.905 → ef_charlie_delta_cd_buscsb7.918</name>
        <description>De: ef_charlie_delta_cd_buscsb7.905
Para: ef_charlie_delta_cd_buscsb7.918
Distância: 3.00m</description>
        <styleUrl>#edge_style</styleUrl>
        <LineString>
          <coordinates>-41.765026836117585,-3.122954672096717,0 -41.765026836117585,-3.122927722481857,0</coordinates>
        </LineString>
      </Placemark>
      <Placemark>
        <name>ef_charlie_delta_cd_buscsb7.918 → ef_charlie_delta_cd_buscsb8.910</name>
        <description>De: ef_charlie_delta_cd_buscsb7.918
Para: ef_charlie_delta_cd_buscsb8.910
Distância: 3.00m</description>
        <styleUrl>#edge_style</styleUrl>
        <LineString>
          <coordinates>-41.765026836117585,-3.122927722481857,0 -41.765026836117585,-3.1229007728669966,0</coordinates>
        </LineString>
      </Placemark>
      <Placemark>
        <name>ef_charlie_delta_cd_buscsb8.910 → ef_charlie_delta_cd_buscsb8.917</name>
        <description>De: ef_charlie_delta_cd_buscsb8.910
Para: ef_charlie_delta_cd_buscsb8.917
Distância: 3.00m</description>
        <styleUrl>#edge_style</styleUrl>
        <LineString>
          <coordinates>-41.765026836117585,-3.1229007728669966,0 -41.765026836117585,-3.1228738232521365,0</coordinates>
        </LineString>
      </Placemark>
      <Placemark>
        <name>ef_charlie_delta_cd_buscsb8.917 → ef_charlie_delta_cd_buscsb8.908</name>
        <description>De: ef_charlie_delta_cd_buscsb8.917
Para: ef_charlie_delta_cd_buscsb8.908
Distância: 0.38m</description>
        <styleUrl>#edge_style</styleUrl>
        <LineString>
          <coordinates>-41.765026836117585,-3.1228738232521365,0 -41.765026836117585,-3.1228704051426517,0</coordinates>
        </LineString>
      </Placemark>
      <Placemark>
        <name>ef_charlie_delta_cd_buscsb8.908 → ef_charlie_delta_cd_buscsb8.919</name>
        <description>De: ef_charlie_delta_cd_buscsb8.908
Para: ef_charlie_delta_cd_buscsb8.919
Distância: 0.40m</description>
        <styleUrl>#edge_style</styleUrl>
        <LineString>
          <coordinates>-41.765026836117585,-3.1228704051426517,0 -41.76502319340735,-3.1228704051426517,0</coordinates>
        </LineString>
      </Placemark>
      <Placemark>
        <name>ef_charlie_delta_cd_buscsb5.928 → ef_charlie_delta_cd_buscsb5.924</name>
        <description>De: ef_charlie_delta_cd_buscsb5.928
Para: ef_charlie_delta_cd_buscsb5.924
Distância: 2.71m</description>
        <styleUrl>#edge_style</styleUrl>
        <LineString>
          <coordinates>-41.76502654282948,-3.1230868383979136,0 -41.76502654282948,-3.123062470556157,0</coordinates>
        </LineString>
      </Placemark>
      <Placemark>
        <name>ef_charlie_delta_cd_buscsb5.928 → ef_charlie_delta_cd_buscsb5.925</name>
        <description>De: ef_charlie_delta_cd_buscsb5.928
Para: ef_charlie_delta_cd_buscsb5.925
Distância: 0.37m</description>
        <styleUrl>#edge_style</styleUrl>
        <LineString>
          <coordinates>-41.76502654282948,-3.1230868383979136,0 -41.76502319340735,-3.1230868383979136,0</coordinates>
        </LineString>
      </Placemark>
      <Placemark>
        <name>ef_charlie_delta_cd_buscsb5.924 → ef_charlie_delta_cd_buscsb5.926</name>
        <description>De: ef_charlie_delta_cd_buscsb5.924
Para: ef_charlie_delta_cd_buscsb5.926
Distância: 2.39m</description>
        <styleUrl>#edge_style</styleUrl>
        <LineString>
          <coordinates>-41.76502654282948,-3.123062470556157,0 -41.76502654282948,-3.1230410276459337,0</coordinates>
        </LineString>
      </Placemark>
      <Placemark>
        <name>ef_charlie_delta_cd_buscsb5.926 → ef_charlie_delta_cd_buscsb5.930</name>
        <description>De: ef_charlie_delta_cd_buscsb5.926
Para: ef_charlie_delta_cd_buscsb5.930
Distância: 0.37m</description>
        <styleUrl>#edge_style</styleUrl>
        <LineString>
          <coordinates>-41.76502654282948,-3.1230410276459337,0 -41.76502319340735,-3.1230410276459337,0</coordinates>
        </LineString>
      </Placemark>
      <Placemark>
        <name>ef_charlie_delta_cd_buscsb2.943 → ef_charlie_delta_cd_buscsb2.944</name>
        <description>De: ef_charlie_delta_cd_buscsb2.943
Para: ef_charlie_delta_cd_buscsb2.944
Distância: 0.59m</description>
        <styleUrl>#edge_style</styleUrl>
        <LineString>
          <coordinates>-41.765026403382684,-3.123256391899806,0 -41.765026403382684,-3.123251117860178,0</coordinates>
        </LineString>
      </Placemark>
      <Placemark>
        <name>ef_charlie_delta_cd_buscsb2.943 → ef_charlie_delta_cd_buscsb2.934</name>
        <description>De: ef_charlie_delta_cd_buscsb2.943
Para: ef_charlie_delta_cd_buscsb2.934
Distância: 0.36m</description>
        <styleUrl>#edge_style</styleUrl>
        <LineString>
          <coordinates>-41.765026403382684,-3.123256391899806,0 -41.76502319340735,-3.123256391899806,0</coordinates>
        </LineString>
      </Placemark>
      <Placemark>
        <name>ef_charlie_delta_cd_buscsb2.944 → ef_charlie_delta_cd_buscsb2.940</name>
        <description>De: ef_charlie_delta_cd_buscsb2.944
Para: ef_charlie_delta_cd_buscsb2.940
Distância: 3.00m</description>
        <styleUrl>#edge_style</styleUrl>
        <LineString>
          <coordinates>-41.765026403382684,-3.123251117860178,0 -41.765026403382684,-3.123224168245318,0</coordinates>
        </LineString>
      </Placemark>
      <Placemark>
        <name>ef_charlie_delta_cd_buscsb2.940 → ef_charlie_delta_cd_buscsb3.937</name>
        <description>De: ef_charlie_delta_cd_buscsb2.940
Para: ef_charlie_delta_cd_buscsb3.937
Distância: 3.00m</description>
        <styleUrl>#edge_style</styleUrl>
        <LineString>
          <coordinates>-41.765026403382684,-3.123224168245318,0 -41.765026403382684,-3.123197218630458,0</coordinates>
        </LineString>
      </Placemark>
      <Placemark>
        <name>ef_charlie_delta_cd_buscsb3.937 → ef_charlie_delta_cd_buscsb3.945</name>
        <description>De: ef_charlie_delta_cd_buscsb3.937
Para: ef_charlie_delta_cd_buscsb3.945
Distância: 3.00m</description>
        <styleUrl>#edge_style</styleUrl>
        <LineString>
          <coordinates>-41.765026403382684,-3.123197218630458,0 -41.765026403382684,-3.123170269015598,0</coordinates>
        </LineString>
      </Placemark>
      <Placemark>
        <name>ef_charlie_delta_cd_buscsb3.945 → ef_charlie_delta_cd_buscsb4.939</name>
        <description>De: ef_charlie_delta_cd_buscsb3.945
Para: ef_charlie_delta_cd_buscsb4.939
Distância: 3.00m</description>
        <styleUrl>#edge_style</styleUrl>
        <LineString>
          <coordinates>-41.765026403382684,-3.123170269015598,0 -41.765026403382684,-3.1231433194007376,0</coordinates>
        </LineString>
      </Placemark>
      <Placemark>
        <name>ef_charlie_delta_cd_buscsb4.939 → ef_charlie_delta_cd_buscsb4.932</name>
        <description>De: ef_charlie_delta_cd_buscsb4.939
Para: ef_charlie_delta_cd_buscsb4.932
Distância: 2.30m</description>
        <styleUrl>#edge_style</styleUrl>
        <LineString>
          <coordinates>-41.765026403382684,-3.1231433194007376,0 -41.765026403382684,-3.1231226319780503,0</coordinates>
        </LineString>
      </Placemark>
      <Placemark>
        <name>ef_charlie_delta_cd_buscsb4.932 → ef_charlie_delta_cd_buscsb4.931</name>
        <description>De: ef_charlie_delta_cd_buscsb4.932
Para: ef_charlie_delta_cd_buscsb4.931
Distância: 0.36m</description>
        <styleUrl>#edge_style</styleUrl>
        <LineString>
          <coordinates>-41.765026403382684,-3.1231226319780503,0 -41.76502319340735,-3.1231226319780503,0</coordinates>
        </LineString>
      </Placemark>
      <Placemark>
        <name>ef_charlie_delta_cd_buscsb1.1068 → ef_charlie_delta_cd_buscsb1.1067</name>
        <description>De: ef_charlie_delta_cd_buscsb1.1068
Para: ef_charlie_delta_cd_buscsb1.1067
Distância: 5.10m</description>
        <styleUrl>#edge_style</styleUrl>
        <LineString>
          <coordinates>-41.76502607590762,-3.1233589163196185,0 -41.76502607590762,-3.123313105567638,0</coordinates>
        </LineString>
      </Placemark>
      <Placemark>
        <name>ef_charlie_delta_cd_buscsb1.1068 → ef_charlie_delta_cd_buscsb1.1065</name>
        <description>De: ef_charlie_delta_cd_buscsb1.1068
Para: ef_charlie_delta_cd_buscsb1.1065
Distância: 5.56m</description>
        <styleUrl>#edge_style</styleUrl>
        <LineString>
          <coordinates>-41.76502607590762,-3.1233589163196185,0 -41.764976045095395,-3.1233589163196185,0</coordinates>
        </LineString>
      </Placemark>
      <Placemark>
        <name>ef_charlie_delta_cd_buscsb1.1067 → ef_charlie_delta_cd_buscsb1.1066</name>
        <description>De: ef_charlie_delta_cd_buscsb1.1067
Para: ef_charlie_delta_cd_buscsb1.1066
Distância: 0.32m</description>
        <styleUrl>#edge_style</styleUrl>
        <LineString>
          <coordinates>-41.76502607590762,-3.123313105567638,0 -41.76502319340735,-3.123313105567638,0</coordinates>
        </LineString>
      </Placemark>
      <Placemark>
        <name>ef_charlie_delta_cd_buscsb1.1066 → ef_charlie_delta_cd_buscsb2.934</name>
        <description>De: ef_charlie_delta_cd_buscsb1.1066
Para: ef_charlie_delta_cd_buscsb2.934
Distância: 6.31m</description>
        <styleUrl>#edge_style</styleUrl>
        <LineString>
          <coordinates>-41.76502319340735,-3.123313105567638,0 -41.76502319340735,-3.123256391899806,0</coordinates>
        </LineString>
      </Placemark>
      <Placemark>
        <name>ef_charlie_delta_cd_buscsb1.1066 → ef_charlie_delta_cd_buscsb1.1070</name>
        <description>De: ef_charlie_delta_cd_buscsb1.1066
Para: ef_charlie_delta_cd_buscsb1.1070
Distância: 3.00m</description>
        <styleUrl>#edge_style</styleUrl>
        <LineString>
          <coordinates>-41.76502319340735,-3.123313105567638,0 -41.76499620370447,-3.123313105567638,0</coordinates>
        </LineString>
      </Placemark>
      <Placemark>
        <name>ef_charlie_delta_cd_buscsb1.1066 → pp_5</name>
        <description>De: ef_charlie_delta_cd_buscsb1.1066
Para: pp_5
Distância: 3.90m</description>
        <styleUrl>#edge_style</styleUrl>
        <LineString>
          <coordinates>-41.76502319340735,-3.123313105567638,0 -41.76502319340735,-3.123278067475038,0</coordinates>
        </LineString>
      </Placemark>
      <Placemark>
        <name>pp_5 → ef_charlie_delta_cd_busip2.830</name>
        <description>De: pp_5
Para: ef_charlie_delta_cd_busip2.830
Distância: 8.00m</description>
        <styleUrl>#edge_style</styleUrl>
        <LineString>
          <coordinates>-41.76502319340735,-3.123278067475038,0 -41.76495125145467,-3.123278067475038,0</coordinates>
        </LineString>
      </Placemark>
      <Placemark>
        <name>pp_5 → ef_charlie_delta_cd_buscsb2.934</name>
        <description>De: pp_5
Para: ef_charlie_delta_cd_buscsb2.934
Distância: 2.41m</description>
        <styleUrl>#edge_style</styleUrl>
        <LineString>
          <coordinates>-41.76502319340735,-3.123278067475038,0 -41.76502319340735,-3.123256391899806,0</coordinates>
        </LineString>
      </Placemark>
      <Placemark>
        <name>ef_charlie_delta_cd_buscsb2.934 → ef_charlie_delta_cd_buscsb2.947</name>
        <description>De: ef_charlie_delta_cd_buscsb2.934
Para: ef_charlie_delta_cd_buscsb2.947
Distância: 3.00m</description>
        <styleUrl>#edge_style</styleUrl>
        <LineString>
          <coordinates>-41.76502319340735,-3.123256391899806,0 -41.76499620370447,-3.123256391899806,0</coordinates>
        </LineString>
      </Placemark>
      <Placemark>
        <name>ef_charlie_delta_cd_buscsb4.931 → ef_charlie_delta_cd_buscsb5.925</name>
        <description>De: ef_charlie_delta_cd_buscsb4.931
Para: ef_charlie_delta_cd_buscsb5.925
Distância: 3.98m</description>
        <styleUrl>#edge_style</styleUrl>
        <LineString>
          <coordinates>-41.76502319340735,-3.1231226319780503,0 -41.76502319340735,-3.1230868383979136,0</coordinates>
        </LineString>
      </Placemark>
      <Placemark>
        <name>ef_charlie_delta_cd_buscsb4.931 → ef_charlie_delta_cd_buscsb4.941</name>
        <description>De: ef_charlie_delta_cd_buscsb4.931
Para: ef_charlie_delta_cd_buscsb4.941
Distância: 3.00m</description>
        <styleUrl>#edge_style</styleUrl>
        <LineString>
          <coordinates>-41.76502319340735,-3.1231226319780503,0 -41.76499620370447,-3.1231226319780503,0</coordinates>
        </LineString>
      </Placemark>
      <Placemark>
        <name>ef_charlie_delta_cd_buscsb5.925 → ef_charlie_delta_cd_buscsb5.929</name>
        <description>De: ef_charlie_delta_cd_buscsb5.925
Para: ef_charlie_delta_cd_buscsb5.929
Distância: 3.00m</description>
        <styleUrl>#edge_style</styleUrl>
        <LineString>
          <coordinates>-41.76502319340735,-3.1230868383979136,0 -41.76499620370447,-3.1230868383979136,0</coordinates>
        </LineString>
      </Placemark>
      <Placemark>
        <name>ef_charlie_delta_cd_buscsb5.930 → ef_charlie_delta_cd_buscsb6.906</name>
        <description>De: ef_charlie_delta_cd_buscsb5.930
Para: ef_charlie_delta_cd_buscsb6.906
Distância: 4.37m</description>
        <styleUrl>#edge_style</styleUrl>
        <LineString>
          <coordinates>-41.76502319340735,-3.1230410276459337,0 -41.76502319340735,-3.123001744988993,0</coordinates>
        </LineString>
      </Placemark>
      <Placemark>
        <name>ef_charlie_delta_cd_buscsb5.930 → ef_charlie_delta_cd_buscsb5.922</name>
        <description>De: ef_charlie_delta_cd_buscsb5.930
Para: ef_charlie_delta_cd_buscsb5.922
Distância: 3.00m</description>
        <styleUrl>#edge_style</styleUrl>
        <LineString>
          <coordinates>-41.76502319340735,-3.1230410276459337,0 -41.76499620370447,-3.1230410276459337,0</coordinates>
        </LineString>
      </Placemark>
      <Placemark>
        <name>ef_charlie_delta_cd_buscsb6.906 → ef_charlie_delta_cd_buscsb6.915</name>
        <description>De: ef_charlie_delta_cd_buscsb6.906
Para: ef_charlie_delta_cd_buscsb6.915
Distância: 3.00m</description>
        <styleUrl>#edge_style</styleUrl>
        <LineString>
          <coordinates>-41.76502319340735,-3.123001744988993,0 -41.76499620370447,-3.123001744988993,0</coordinates>
        </LineString>
      </Placemark>
      <Placemark>
        <name>ef_charlie_delta_cd_buscsb8.919 → ef_charlie_delta_cd_buscsb9.897</name>
        <description>De: ef_charlie_delta_cd_buscsb8.919
Para: ef_charlie_delta_cd_buscsb9.897
Distância: 3.95m</description>
        <styleUrl>#edge_style</styleUrl>
        <LineString>
          <coordinates>-41.76502319340735,-3.1228704051426517,0 -41.76502319340735,-3.122834939449496,0</coordinates>
        </LineString>
      </Placemark>
      <Placemark>
        <name>ef_charlie_delta_cd_buscsb8.919 → ef_charlie_delta_cd_buscsb8.907</name>
        <description>De: ef_charlie_delta_cd_buscsb8.919
Para: ef_charlie_delta_cd_buscsb8.907
Distância: 3.00m</description>
        <styleUrl>#edge_style</styleUrl>
        <LineString>
          <coordinates>-41.76502319340735,-3.1228704051426517,0 -41.76499620370447,-3.1228704051426517,0</coordinates>
        </LineString>
      </Placemark>
      <Placemark>
        <name>ef_charlie_delta_cd_buscsb9.897 → ef_charlie_delta_cd_buscsb9.901</name>
        <description>De: ef_charlie_delta_cd_buscsb9.897
Para: ef_charlie_delta_cd_buscsb9.901
Distância: 3.00m</description>
        <styleUrl>#edge_style</styleUrl>
        <LineString>
          <coordinates>-41.76502319340735,-3.122834939449496,0 -41.76499620370447,-3.122834939449496,0</coordinates>
        </LineString>
      </Placemark>
      <Placemark>
        <name>ef_charlie_delta_cd_buscsb9.896 → ef_charlie_delta_cd_buscsb9.900</name>
        <description>De: ef_charlie_delta_cd_buscsb9.896
Para: ef_charlie_delta_cd_buscsb9.900
Distância: 3.00m</description>
        <styleUrl>#edge_style</styleUrl>
        <LineString>
          <coordinates>-41.76502319340735,-3.122789128697516,0 -41.76499620370447,-3.122789128697516,0</coordinates>
        </LineString>
      </Placemark>
      <Placemark>
        <name>ef_charlie_delta_cd_buscsb9.896 → ef_charlie_delta_cd_buscsb10.1053</name>
        <description>De: ef_charlie_delta_cd_buscsb9.896
Para: ef_charlie_delta_cd_buscsb10.1053
Distância: 4.55m</description>
        <styleUrl>#edge_style</styleUrl>
        <LineString>
          <coordinates>-41.76502319340735,-3.122789128697516,0 -41.76502319340735,-3.1227482712847467,0</coordinates>
        </LineString>
      </Placemark>
      <Placemark>
        <name>ef_charlie_delta_cd_buscsb10.1053 → ef_charlie_delta_cd_buscsb10.1063</name>
        <description>De: ef_charlie_delta_cd_buscsb10.1053
Para: ef_charlie_delta_cd_buscsb10.1063
Distância: 3.00m</description>
        <styleUrl>#edge_style</styleUrl>
        <LineString>
          <coordinates>-41.76502319340735,-3.1227482712847467,0 -41.76499620370447,-3.1227482712847467,0</coordinates>
        </LineString>
      </Placemark>
      <Placemark>
        <name>ef_charlie_delta_cd_buscsb10.1056 → ef_charlie_delta_cd_buscsb11.1048</name>
        <description>De: ef_charlie_delta_cd_buscsb10.1056
Para: ef_charlie_delta_cd_buscsb11.1048
Distância: 4.91m</description>
        <styleUrl>#edge_style</styleUrl>
        <LineString>
          <coordinates>-41.76502319340735,-3.122702459634446,0 -41.76502319340735,-3.1226583691662144,0</coordinates>
        </LineString>
      </Placemark>
      <Placemark>
        <name>ef_charlie_delta_cd_buscsb10.1056 → ef_charlie_delta_cd_buscsb10.1052</name>
        <description>De: ef_charlie_delta_cd_buscsb10.1056
Para: ef_charlie_delta_cd_buscsb10.1052
Distância: 3.00m</description>
        <styleUrl>#edge_style</styleUrl>
        <LineString>
          <coordinates>-41.76502319340735,-3.122702459634446,0 -41.76499620370447,-3.122702459634446,0</coordinates>
        </LineString>
      </Placemark>
      <Placemark>
        <name>ef_charlie_delta_cd_buscsb11.1048 → ef_charlie_delta_cd_buscsb11.1050</name>
        <description>De: ef_charlie_delta_cd_buscsb11.1048
Para: ef_charlie_delta_cd_buscsb11.1050
Distância: 3.00m</description>
        <styleUrl>#edge_style</styleUrl>
        <LineString>
          <coordinates>-41.76502319340735,-3.1226583691662144,0 -41.76499620370447,-3.1226583691662144,0</coordinates>
        </LineString>
      </Placemark>
      <Placemark>
        <name>ef_charlie_delta_cd_buscsb11.1047 → ef_charlie_delta_cd_buscsb12.1036</name>
        <description>De: ef_charlie_delta_cd_buscsb11.1047
Para: ef_charlie_delta_cd_buscsb12.1036
Distância: 4.91m</description>
        <styleUrl>#edge_style</styleUrl>
        <LineString>
          <coordinates>-41.76502319340735,-3.122612558414234,0 -41.76502319340735,-3.1225684257249395,0</coordinates>
        </LineString>
      </Placemark>
      <Placemark>
        <name>ef_charlie_delta_cd_buscsb11.1047 → ef_charlie_delta_cd_buscsb11.1051</name>
        <description>De: ef_charlie_delta_cd_buscsb11.1047
Para: ef_charlie_delta_cd_buscsb11.1051
Distância: 3.00m</description>
        <styleUrl>#edge_style</styleUrl>
        <LineString>
          <coordinates>-41.76502319340735,-3.122612558414234,0 -41.76499620370447,-3.122612558414234,0</coordinates>
        </LineString>
      </Placemark>
      <Placemark>
        <name>ef_charlie_delta_cd_buscsb12.1036 → ef_charlie_delta_cd_buscsb12.1041</name>
        <description>De: ef_charlie_delta_cd_buscsb12.1036
Para: ef_charlie_delta_cd_buscsb12.1041
Distância: 3.00m</description>
        <styleUrl>#edge_style</styleUrl>
        <LineString>
          <coordinates>-41.76502319340735,-3.1225684257249395,0 -41.76499620370447,-3.1225684257249395,0</coordinates>
        </LineString>
      </Placemark>
      <Placemark>
        <name>ef_charlie_delta_cd_buscsb1.1070 → ef_charlie_delta_cd_buscsb2.947</name>
        <description>De: ef_charlie_delta_cd_buscsb1.1070
Para: ef_charlie_delta_cd_buscsb2.947
Distância: 6.31m</description>
        <styleUrl>#edge_style</styleUrl>
        <LineString>
          <coordinates>-41.76499620370447,-3.123313105567638,0 -41.76499620370447,-3.123256391899806,0</coordinates>
        </LineString>
      </Placemark>
      <Placemark>
        <name>ef_charlie_delta_cd_buscsb1.1070 → ef_charlie_delta_cd_buscsb1.1069</name>
        <description>De: ef_charlie_delta_cd_buscsb1.1070
Para: ef_charlie_delta_cd_buscsb1.1069
Distância: 2.24m</description>
        <styleUrl>#edge_style</styleUrl>
        <LineString>
          <coordinates>-41.76499620370447,-3.123313105567638,0 -41.764976045095395,-3.123313105567638,0</coordinates>
        </LineString>
      </Placemark>
      <Placemark>
        <name>ef_charlie_delta_cd_buscsb1.1070 → pp_6</name>
        <description>De: ef_charlie_delta_cd_buscsb1.1070
Para: pp_6
Distância: 3.90m</description>
        <styleUrl>#edge_style</styleUrl>
        <LineString>
          <coordinates>-41.76499620370447,-3.123313105567638,0 -41.76499620370447,-3.123278067475038,0</coordinates>
        </LineString>
      </Placemark>
      <Placemark>
        <name>pp_6 → ef_charlie_delta_cd_busip2.830</name>
        <description>De: pp_6
Para: ef_charlie_delta_cd_busip2.830
Distância: 5.00m</description>
        <styleUrl>#edge_style</styleUrl>
        <LineString>
          <coordinates>-41.76499620370447,-3.123278067475038,0 -41.76495125145467,-3.123278067475038,0</coordinates>
        </LineString>
      </Placemark>
      <Placemark>
        <name>pp_6 → ef_charlie_delta_cd_buscsb2.947</name>
        <description>De: pp_6
Para: ef_charlie_delta_cd_buscsb2.947
Distância: 2.41m</description>
        <styleUrl>#edge_style</styleUrl>
        <LineString>
          <coordinates>-41.76499620370447,-3.123278067475038,0 -41.76499620370447,-3.123256391899806,0</coordinates>
        </LineString>
      </Placemark>
      <Placemark>
        <name>ef_charlie_delta_cd_buscsb2.947 → ef_charlie_delta_cd_buscsb2.948</name>
        <description>De: ef_charlie_delta_cd_buscsb2.947
Para: ef_charlie_delta_cd_buscsb2.948
Distância: 2.22m</description>
        <styleUrl>#edge_style</styleUrl>
        <LineString>
          <coordinates>-41.76499620370447,-3.123256391899806,0 -41.764976221428114,-3.123256391899806,0</coordinates>
        </LineString>
      </Placemark>
      <Placemark>
        <name>ef_charlie_delta_cd_buscsb4.941 → ef_charlie_delta_cd_buscsb4.938</name>
        <description>De: ef_charlie_delta_cd_buscsb4.941
Para: ef_charlie_delta_cd_buscsb4.938
Distância: 2.22m</description>
        <styleUrl>#edge_style</styleUrl>
        <LineString>
          <coordinates>-41.76499620370447,-3.1231226319780503,0 -41.764976221428114,-3.1231226319780503,0</coordinates>
        </LineString>
      </Placemark>
      <Placemark>
        <name>ef_charlie_delta_cd_buscsb4.941 → ef_charlie_delta_cd_buscsb5.929</name>
        <description>De: ef_charlie_delta_cd_buscsb4.941
Para: ef_charlie_delta_cd_buscsb5.929
Distância: 3.98m</description>
        <styleUrl>#edge_style</styleUrl>
        <LineString>
          <coordinates>-41.76499620370447,-3.1231226319780503,0 -41.76499620370447,-3.1230868383979136,0</coordinates>
        </LineString>
      </Placemark>
      <Placemark>
        <name>ef_charlie_delta_cd_buscsb5.929 → ef_charlie_delta_cd_buscsb5.923</name>
        <description>De: ef_charlie_delta_cd_buscsb5.929
Para: ef_charlie_delta_cd_buscsb5.923
Distância: 2.19m</description>
        <styleUrl>#edge_style</styleUrl>
        <LineString>
          <coordinates>-41.76499620370447,-3.1230868383979136,0 -41.76497651201725,-3.1230868383979136,0</coordinates>
        </LineString>
      </Placemark>
      <Placemark>
        <name>ef_charlie_delta_cd_buscsb5.922 → ef_charlie_delta_cd_buscsb6.915</name>
        <description>De: ef_charlie_delta_cd_buscsb5.922
Para: ef_charlie_delta_cd_buscsb6.915
Distância: 4.37m</description>
        <styleUrl>#edge_style</styleUrl>
        <LineString>
          <coordinates>-41.76499620370447,-3.1230410276459337,0 -41.76499620370447,-3.123001744988993,0</coordinates>
        </LineString>
      </Placemark>
      <Placemark>
        <name>ef_charlie_delta_cd_buscsb5.922 → ef_charlie_delta_cd_buscsb5.927</name>
        <description>De: ef_charlie_delta_cd_buscsb5.922
Para: ef_charlie_delta_cd_buscsb5.927
Distância: 2.19m</description>
        <styleUrl>#edge_style</styleUrl>
        <LineString>
          <coordinates>-41.76499620370447,-3.1230410276459337,0 -41.76497651201725,-3.1230410276459337,0</coordinates>
        </LineString>
      </Placemark>
      <Placemark>
        <name>ef_charlie_delta_cd_buscsb6.915 → ef_charlie_delta_cd_buscsb6.916</name>
        <description>De: ef_charlie_delta_cd_buscsb6.915
Para: ef_charlie_delta_cd_buscsb6.916
Distância: 2.17m</description>
        <styleUrl>#edge_style</styleUrl>
        <LineString>
          <coordinates>-41.76499620370447,-3.123001744988993,0 -41.764976658661304,-3.123001744988993,0</coordinates>
        </LineString>
      </Placemark>
      <Placemark>
        <name>ef_charlie_delta_cd_buscsb8.907 → ef_charlie_delta_cd_buscsb8.920</name>
        <description>De: ef_charlie_delta_cd_buscsb8.907
Para: ef_charlie_delta_cd_buscsb8.920
Distância: 2.17m</description>
        <styleUrl>#edge_style</styleUrl>
        <LineString>
          <coordinates>-41.76499620370447,-3.1228704051426517,0 -41.764976658661304,-3.1228704051426517,0</coordinates>
        </LineString>
      </Placemark>
      <Placemark>
        <name>ef_charlie_delta_cd_buscsb8.907 → ef_charlie_delta_cd_buscsb9.901</name>
        <description>De: ef_charlie_delta_cd_buscsb8.907
Para: ef_charlie_delta_cd_buscsb9.901
Distância: 3.95m</description>
        <styleUrl>#edge_style</styleUrl>
        <LineString>
          <coordinates>-41.76499620370447,-3.1228704051426517,0 -41.76499620370447,-3.122834939449496,0</coordinates>
        </LineString>
      </Placemark>
      <Placemark>
        <name>ef_charlie_delta_cd_buscsb9.901 → ef_charlie_delta_cd_buscsb9.891</name>
        <description>De: ef_charlie_delta_cd_buscsb9.901
Para: ef_charlie_delta_cd_buscsb9.891
Distância: 2.14m</description>
        <styleUrl>#edge_style</styleUrl>
        <LineString>
          <coordinates>-41.76499620370447,-3.122834939449496,0 -41.76497694565181,-3.122834939449496,0</coordinates>
        </LineString>
      </Placemark>
      <Placemark>
        <name>ef_charlie_delta_cd_buscsb9.900 → ef_charlie_delta_cd_buscsb10.1063</name>
        <description>De: ef_charlie_delta_cd_buscsb9.900
Para: ef_charlie_delta_cd_buscsb10.1063
Distância: 4.55m</description>
        <styleUrl>#edge_style</styleUrl>
        <LineString>
          <coordinates>-41.76499620370447,-3.122789128697516,0 -41.76499620370447,-3.1227482712847467,0</coordinates>
        </LineString>
      </Placemark>
      <Placemark>
        <name>ef_charlie_delta_cd_buscsb9.900 → ef_charlie_delta_cd_buscsb9.893</name>
        <description>De: ef_charlie_delta_cd_buscsb9.900
Para: ef_charlie_delta_cd_buscsb9.893
Distância: 2.14m</description>
        <styleUrl>#edge_style</styleUrl>
        <LineString>
          <coordinates>-41.76499620370447,-3.122789128697516,0 -41.76497694565181,-3.122789128697516,0</coordinates>
        </LineString>
      </Placemark>
      <Placemark>
        <name>ef_charlie_delta_cd_buscsb10.1063 → ef_charlie_delta_cd_buscsb10.1057</name>
        <description>De: ef_charlie_delta_cd_buscsb10.1063
Para: ef_charlie_delta_cd_buscsb10.1057
Distância: 2.12m</description>
        <styleUrl>#edge_style</styleUrl>
        <LineString>
          <coordinates>-41.76499620370447,-3.1227482712847467,0 -41.76497709409518,-3.1227482712847467,0</coordinates>
        </LineString>
      </Placemark>
      <Placemark>
        <name>ef_charlie_delta_cd_buscsb10.1052 → ef_charlie_delta_cd_buscsb10.1061</name>
        <description>De: ef_charlie_delta_cd_buscsb10.1052
Para: ef_charlie_delta_cd_buscsb10.1061
Distância: 2.12m</description>
        <styleUrl>#edge_style</styleUrl>
        <LineString>
          <coordinates>-41.76499620370447,-3.122702459634446,0 -41.76497709409518,-3.122702459634446,0</coordinates>
        </LineString>
      </Placemark>
      <Placemark>
        <name>ef_charlie_delta_cd_buscsb10.1052 → ef_charlie_delta_cd_buscsb11.1050</name>
        <description>De: ef_charlie_delta_cd_buscsb10.1052
Para: ef_charlie_delta_cd_buscsb11.1050
Distância: 4.91m</description>
        <styleUrl>#edge_style</styleUrl>
        <LineString>
          <coordinates>-41.76499620370447,-3.122702459634446,0 -41.76499620370447,-3.1226583691662144,0</coordinates>
        </LineString>
      </Placemark>
      <Placemark>
        <name>ef_charlie_delta_cd_buscsb11.1050 → ef_charlie_delta_cd_buscsb11.1042</name>
        <description>De: ef_charlie_delta_cd_buscsb11.1050
Para: ef_charlie_delta_cd_buscsb11.1042
Distância: 2.11m</description>
        <styleUrl>#edge_style</styleUrl>
        <LineString>
          <coordinates>-41.76499620370447,-3.1226583691662144,0 -41.76497724883614,-3.1226583691662144,0</coordinates>
        </LineString>
      </Placemark>
      <Placemark>
        <name>ef_charlie_delta_cd_buscsb11.1051 → ef_charlie_delta_cd_buscsb11.1046</name>
        <description>De: ef_charlie_delta_cd_buscsb11.1051
Para: ef_charlie_delta_cd_buscsb11.1046
Distância: 2.11m</description>
        <styleUrl>#edge_style</styleUrl>
        <LineString>
          <coordinates>-41.76499620370447,-3.122612558414234,0 -41.76497724883614,-3.122612558414234,0</coordinates>
        </LineString>
      </Placemark>
      <Placemark>
        <name>ef_charlie_delta_cd_buscsb11.1051 → ef_charlie_delta_cd_buscsb12.1041</name>
        <description>De: ef_charlie_delta_cd_buscsb11.1051
Para: ef_charlie_delta_cd_buscsb12.1041
Distância: 4.91m</description>
        <styleUrl>#edge_style</styleUrl>
        <LineString>
          <coordinates>-41.76499620370447,-3.122612558414234,0 -41.76499620370447,-3.1225684257249395,0</coordinates>
        </LineString>
      </Placemark>
      <Placemark>
        <name>ef_charlie_delta_cd_buscsb12.1041 → ef_charlie_delta_cd_buscsb12.1035</name>
        <description>De: ef_charlie_delta_cd_buscsb12.1041
Para: ef_charlie_delta_cd_buscsb12.1035
Distância: 2.09m</description>
        <styleUrl>#edge_style</styleUrl>
        <LineString>
          <coordinates>-41.76499620370447,-3.1225684257249395,0 -41.764977403577106,-3.1225684257249395,0</coordinates>
        </LineString>
      </Placemark>
      <Placemark>
        <name>ef_charlie_delta_cd_buscsb12.1035 → ef_charlie_delta_cd_buscsb12.1038</name>
        <description>De: ef_charlie_delta_cd_buscsb12.1035
Para: ef_charlie_delta_cd_buscsb12.1038
Distância: 2.00m</description>
        <styleUrl>#edge_style</styleUrl>
        <LineString>
          <coordinates>-41.764977403577106,-3.1225684257249395,0 -41.764977403577106,-3.1225504278738154,0</coordinates>
        </LineString>
      </Placemark>
      <Placemark>
        <name>ef_charlie_delta_cd_buscsb12.1038 → ef_charlie_delta_cd_buscsb12.1040</name>
        <description>De: ef_charlie_delta_cd_buscsb12.1038
Para: ef_charlie_delta_cd_buscsb12.1040
Distância: 3.10m</description>
        <styleUrl>#edge_style</styleUrl>
        <LineString>
          <coordinates>-41.764977403577106,-3.1225504278738154,0 -41.764977403577106,-3.1225226140746387,0</coordinates>
        </LineString>
      </Placemark>
      <Placemark>
        <name>ef_charlie_delta_cd_buscsb12.1038 → ef_charlie_delta_cd_busip15.850</name>
        <description>De: ef_charlie_delta_cd_buscsb12.1038
Para: ef_charlie_delta_cd_busip15.850
Distância: 2.77m</description>
        <styleUrl>#edge_style</styleUrl>
        <LineString>
          <coordinates>-41.764977403577106,-3.1225504278738154,0 -41.76495251547242,-3.1225504278738154,0</coordinates>
        </LineString>
      </Placemark>
      <Placemark>
        <name>ef_charlie_delta_cd_buscsb11.1042 → ef_charlie_delta_cd_buscsb11.1044</name>
        <description>De: ef_charlie_delta_cd_buscsb11.1042
Para: ef_charlie_delta_cd_buscsb11.1044
Distância: 0.02m</description>
        <styleUrl>#edge_style</styleUrl>
        <LineString>
          <coordinates>-41.76497724883614,-3.1226583691662144,0 -41.76497724883614,-3.1226582263332556,0</coordinates>
        </LineString>
      </Placemark>
      <Placemark>
        <name>ef_charlie_delta_cd_buscsb11.1044 → ef_charlie_delta_cd_busip14.859</name>
        <description>De: ef_charlie_delta_cd_buscsb11.1044
Para: ef_charlie_delta_cd_busip14.859
Distância: 2.77m</description>
        <styleUrl>#edge_style</styleUrl>
        <LineString>
          <coordinates>-41.76497724883614,-3.1226582263332556,0 -41.76495236163111,-3.1226582263332556,0</coordinates>
        </LineString>
      </Placemark>
      <Placemark>
        <name>ef_charlie_delta_cd_buscsb11.1044 → ef_charlie_delta_cd_buscsb11.1049</name>
        <description>De: ef_charlie_delta_cd_buscsb11.1044
Para: ef_charlie_delta_cd_buscsb11.1049
Distância: 3.00m</description>
        <styleUrl>#edge_style</styleUrl>
        <LineString>
          <coordinates>-41.76497724883614,-3.1226582263332556,0 -41.76497724883614,-3.1226312767183955,0</coordinates>
        </LineString>
      </Placemark>
      <Placemark>
        <name>ef_charlie_delta_cd_buscsb11.1049 → ef_charlie_delta_cd_busip14.864</name>
        <description>De: ef_charlie_delta_cd_buscsb11.1049
Para: ef_charlie_delta_cd_busip14.864
Distância: 2.77m</description>
        <styleUrl>#edge_style</styleUrl>
        <LineString>
          <coordinates>-41.76497724883614,-3.1226312767183955,0 -41.76495236163111,-3.1226312767183955,0</coordinates>
        </LineString>
      </Placemark>
      <Placemark>
        <name>ef_charlie_delta_cd_buscsb11.1049 → ef_charlie_delta_cd_buscsb11.1046</name>
        <description>De: ef_charlie_delta_cd_buscsb11.1049
Para: ef_charlie_delta_cd_buscsb11.1046
Distância: 2.08m</description>
        <styleUrl>#edge_style</styleUrl>
        <LineString>
          <coordinates>-41.76497724883614,-3.1226312767183955,0 -41.76497724883614,-3.122612558414234,0</coordinates>
        </LineString>
      </Placemark>
      <Placemark>
        <name>ef_charlie_delta_cd_buscsb10.1057 → ef_charlie_delta_cd_buscsb10.1059</name>
        <description>De: ef_charlie_delta_cd_buscsb10.1057
Para: ef_charlie_delta_cd_buscsb10.1059
Distância: 1.02m</description>
        <styleUrl>#edge_style</styleUrl>
        <LineString>
          <coordinates>-41.76497709409518,-3.1227482712847467,0 -41.76497709409518,-3.122739075177836,0</coordinates>
        </LineString>
      </Placemark>
      <Placemark>
        <name>ef_charlie_delta_cd_buscsb10.1059 → ef_charlie_delta_cd_buscsb10.1055</name>
        <description>De: ef_charlie_delta_cd_buscsb10.1059
Para: ef_charlie_delta_cd_buscsb10.1055
Distância: 3.00m</description>
        <styleUrl>#edge_style</styleUrl>
        <LineString>
          <coordinates>-41.76497709409518,-3.122739075177836,0 -41.76497709409518,-3.122712125562976,0</coordinates>
        </LineString>
      </Placemark>
      <Placemark>
        <name>ef_charlie_delta_cd_buscsb10.1059 → ef_charlie_delta_cd_busip29.819</name>
        <description>De: ef_charlie_delta_cd_buscsb10.1059
Para: ef_charlie_delta_cd_busip29.819
Distância: 11.14m</description>
        <styleUrl>#edge_style</styleUrl>
        <LineString>
          <coordinates>-41.76497709409518,-3.122739075177836,0 -41.764876839944165,-3.122739075177836,0</coordinates>
        </LineString>
      </Placemark>
      <Placemark>
        <name>ef_charlie_delta_cd_buscsb10.1059 → pp_8</name>
        <description>De: ef_charlie_delta_cd_buscsb10.1059
Para: pp_8
Distância: 3.88m</description>
        <styleUrl>#edge_style</styleUrl>
        <LineString>
          <coordinates>-41.76497709409518,-3.122739075177836,0 -41.764942224298714,-3.122739075177836,0</coordinates>
        </LineString>
      </Placemark>
      <Placemark>
        <name>ef_charlie_delta_cd_buscsb10.1059 → pp_11</name>
        <description>De: ef_charlie_delta_cd_buscsb10.1059
Para: pp_11
Distância: 6.88m</description>
        <styleUrl>#edge_style</styleUrl>
        <LineString>
          <coordinates>-41.76497709409518,-3.122739075177836,0 -41.76491523459583,-3.122739075177836,0</coordinates>
        </LineString>
      </Placemark>
      <Placemark>
        <name>ef_charlie_delta_cd_buscsb10.1055 → ef_charlie_delta_cd_buscsb10.1061</name>
        <description>De: ef_charlie_delta_cd_buscsb10.1055
Para: ef_charlie_delta_cd_buscsb10.1061
Distância: 1.08m</description>
        <styleUrl>#edge_style</styleUrl>
        <LineString>
          <coordinates>-41.76497709409518,-3.122712125562976,0 -41.76497709409518,-3.122702459634446,0</coordinates>
        </LineString>
      </Placemark>
      <Placemark>
        <name>ef_charlie_delta_cd_buscsb10.1055 → ef_charlie_delta_cd_busip29.815</name>
        <description>De: ef_charlie_delta_cd_buscsb10.1055
Para: ef_charlie_delta_cd_busip29.815
Distância: 11.14m</description>
        <styleUrl>#edge_style</styleUrl>
        <LineString>
          <coordinates>-41.76497709409518,-3.122712125562976,0 -41.764876839944165,-3.122712125562976,0</coordinates>
        </LineString>
      </Placemark>
      <Placemark>
        <name>ef_charlie_delta_cd_buscsb10.1055 → pp_9</name>
        <description>De: ef_charlie_delta_cd_buscsb10.1055
Para: pp_9
Distância: 3.88m</description>
        <styleUrl>#edge_style</styleUrl>
        <LineString>
          <coordinates>-41.76497709409518,-3.122712125562976,0 -41.764942224298714,-3.122712125562976,0</coordinates>
        </LineString>
      </Placemark>
      <Placemark>
        <name>ef_charlie_delta_cd_buscsb10.1055 → pp_12</name>
        <description>De: ef_charlie_delta_cd_buscsb10.1055
Para: pp_12
Distância: 6.88m</description>
        <styleUrl>#edge_style</styleUrl>
        <LineString>
          <coordinates>-41.76497709409518,-3.122712125562976,0 -41.76491523459583,-3.122712125562976,0</coordinates>
        </LineString>
      </Placemark>
      <Placemark>
        <name>ef_charlie_delta_cd_buscsb9.891 → ef_charlie_delta_cd_buscsb9.892</name>
        <description>De: ef_charlie_delta_cd_buscsb9.891
Para: ef_charlie_delta_cd_buscsb9.892
Distância: 1.67m</description>
        <styleUrl>#edge_style</styleUrl>
        <LineString>
          <coordinates>-41.76497694565181,-3.122834939449496,0 -41.76497694565181,-3.122819924022416,0</coordinates>
        </LineString>
      </Placemark>
      <Placemark>
        <name>ef_charlie_delta_cd_buscsb9.892 → ef_charlie_delta_cd_buscsb9.895</name>
        <description>De: ef_charlie_delta_cd_buscsb9.892
Para: ef_charlie_delta_cd_buscsb9.895
Distância: 3.00m</description>
        <styleUrl>#edge_style</styleUrl>
        <LineString>
          <coordinates>-41.76497694565181,-3.122819924022416,0 -41.76497694565181,-3.122792974407556,0</coordinates>
        </LineString>
      </Placemark>
      <Placemark>
        <name>ef_charlie_delta_cd_buscsb9.892 → ef_charlie_delta_cd_busip12.870</name>
        <description>De: ef_charlie_delta_cd_buscsb9.892
Para: ef_charlie_delta_cd_busip12.870
Distância: 2.77m</description>
        <styleUrl>#edge_style</styleUrl>
        <LineString>
          <coordinates>-41.76497694565181,-3.122819924022416,0 -41.76495205934644,-3.122819924022416,0</coordinates>
        </LineString>
      </Placemark>
      <Placemark>
        <name>ef_charlie_delta_cd_buscsb9.895 → ef_charlie_delta_cd_busip12.867</name>
        <description>De: ef_charlie_delta_cd_buscsb9.895
Para: ef_charlie_delta_cd_busip12.867
Distância: 2.77m</description>
        <styleUrl>#edge_style</styleUrl>
        <LineString>
          <coordinates>-41.76497694565181,-3.122792974407556,0 -41.76495205934644,-3.122792974407556,0</coordinates>
        </LineString>
      </Placemark>
      <Placemark>
        <name>ef_charlie_delta_cd_buscsb9.895 → ef_charlie_delta_cd_buscsb9.893</name>
        <description>De: ef_charlie_delta_cd_buscsb9.895
Para: ef_charlie_delta_cd_buscsb9.893
Distância: 0.43m</description>
        <styleUrl>#edge_style</styleUrl>
        <LineString>
          <coordinates>-41.76497694565181,-3.122792974407556,0 -41.76497694565181,-3.122789128697516,0</coordinates>
        </LineString>
      </Placemark>
      <Placemark>
        <name>ef_charlie_delta_cd_buscsb6.916 → ef_charlie_delta_cd_buscsb6.903</name>
        <description>De: ef_charlie_delta_cd_buscsb6.916
Para: ef_charlie_delta_cd_buscsb6.903
Distância: 2.24m</description>
        <styleUrl>#edge_style</styleUrl>
        <LineString>
          <coordinates>-41.764976658661304,-3.123001744988993,0 -41.764976658661304,-3.122981621711577,0</coordinates>
        </LineString>
      </Placemark>
      <Placemark>
        <name>ef_charlie_delta_cd_buscsb6.903 → ef_charlie_delta_cd_busip8.600</name>
        <description>De: ef_charlie_delta_cd_buscsb6.903
Para: ef_charlie_delta_cd_busip8.600
Distância: 2.75m</description>
        <styleUrl>#edge_style</styleUrl>
        <LineString>
          <coordinates>-41.764976658661304,-3.122981621711577,0 -41.76495191000342,-3.122981621711577,0</coordinates>
        </LineString>
      </Placemark>
      <Placemark>
        <name>ef_charlie_delta_cd_buscsb6.903 → ef_charlie_delta_cd_buscsb7.911</name>
        <description>De: ef_charlie_delta_cd_buscsb6.903
Para: ef_charlie_delta_cd_buscsb7.911
Distância: 3.00m</description>
        <styleUrl>#edge_style</styleUrl>
        <LineString>
          <coordinates>-41.764976658661304,-3.122981621711577,0 -41.764976658661304,-3.122954672096717,0</coordinates>
        </LineString>
      </Placemark>
      <Placemark>
        <name>ef_charlie_delta_cd_buscsb7.911 → ef_charlie_delta_cd_busip9.589</name>
        <description>De: ef_charlie_delta_cd_buscsb7.911
Para: ef_charlie_delta_cd_busip9.589
Distância: 2.75m</description>
        <styleUrl>#edge_style</styleUrl>
        <LineString>
          <coordinates>-41.764976658661304,-3.122954672096717,0 -41.76495191000342,-3.122954672096717,0</coordinates>
        </LineString>
      </Placemark>
      <Placemark>
        <name>ef_charlie_delta_cd_buscsb7.911 → ef_charlie_delta_cd_buscsb7.904</name>
        <description>De: ef_charlie_delta_cd_buscsb7.911
Para: ef_charlie_delta_cd_buscsb7.904
Distância: 3.00m</description>
        <styleUrl>#edge_style</styleUrl>
        <LineString>
          <coordinates>-41.764976658661304,-3.122954672096717,0 -41.764976658661304,-3.122927722481857,0</coordinates>
        </LineString>
      </Placemark>
      <Placemark>
        <name>ef_charlie_delta_cd_buscsb7.904 → ef_charlie_delta_cd_buscsb8.909</name>
        <description>De: ef_charlie_delta_cd_buscsb7.904
Para: ef_charlie_delta_cd_buscsb8.909
Distância: 3.00m</description>
        <styleUrl>#edge_style</styleUrl>
        <LineString>
          <coordinates>-41.764976658661304,-3.122927722481857,0 -41.764976658661304,-3.1229007728669966,0</coordinates>
        </LineString>
      </Placemark>
      <Placemark>
        <name>ef_charlie_delta_cd_buscsb7.904 → ef_charlie_delta_cd_busip9.594</name>
        <description>De: ef_charlie_delta_cd_buscsb7.904
Para: ef_charlie_delta_cd_busip9.594
Distância: 2.75m</description>
        <styleUrl>#edge_style</styleUrl>
        <LineString>
          <coordinates>-41.764976658661304,-3.122927722481857,0 -41.76495191000342,-3.122927722481857,0</coordinates>
        </LineString>
      </Placemark>
      <Placemark>
        <name>ef_charlie_delta_cd_buscsb8.909 → ef_charlie_delta_cd_busip10.592</name>
        <description>De: ef_charlie_delta_cd_buscsb8.909
Para: ef_charlie_delta_cd_busip10.592
Distância: 2.75m</description>
        <styleUrl>#edge_style</styleUrl>
        <LineString>
          <coordinates>-41.764976658661304,-3.1229007728669966,0 -41.76495191000342,-3.1229007728669966,0</coordinates>
        </LineString>
      </Placemark>
      <Placemark>
        <name>ef_charlie_delta_cd_buscsb8.909 → ef_charlie_delta_cd_buscsb8.913</name>
        <description>De: ef_charlie_delta_cd_buscsb8.909
Para: ef_charlie_delta_cd_buscsb8.913
Distância: 3.00m</description>
        <styleUrl>#edge_style</styleUrl>
        <LineString>
          <coordinates>-41.764976658661304,-3.1229007728669966,0 -41.764976658661304,-3.1228738232521365,0</coordinates>
        </LineString>
      </Placemark>
      <Placemark>
        <name>ef_charlie_delta_cd_buscsb8.913 → ef_charlie_delta_cd_buscsb8.920</name>
        <description>De: ef_charlie_delta_cd_buscsb8.913
Para: ef_charlie_delta_cd_buscsb8.920
Distância: 0.38m</description>
        <styleUrl>#edge_style</styleUrl>
        <LineString>
          <coordinates>-41.764976658661304,-3.1228738232521365,0 -41.764976658661304,-3.1228704051426517,0</coordinates>
        </LineString>
      </Placemark>
      <Placemark>
        <name>ef_charlie_delta_cd_buscsb8.913 → ef_charlie_delta_cd_busip11.873</name>
        <description>De: ef_charlie_delta_cd_buscsb8.913
Para: ef_charlie_delta_cd_busip11.873
Distância: 2.73m</description>
        <styleUrl>#edge_style</styleUrl>
        <LineString>
          <coordinates>-41.764976658661304,-3.1228738232521365,0 -41.76495205934644,-3.1228738232521365,0</coordinates>
        </LineString>
      </Placemark>
      <Placemark>
        <name>ef_charlie_delta_cd_buscsb5.923 → ef_charlie_delta_cd_buscsb5.921</name>
        <description>De: ef_charlie_delta_cd_buscsb5.923
Para: ef_charlie_delta_cd_buscsb5.921
Distância: 2.71m</description>
        <styleUrl>#edge_style</styleUrl>
        <LineString>
          <coordinates>-41.76497651201725,-3.1230868383979136,0 -41.76497651201725,-3.123062470556157,0</coordinates>
        </LineString>
      </Placemark>
      <Placemark>
        <name>ef_charlie_delta_cd_buscsb5.921 → ef_charlie_delta_cd_busip7.611</name>
        <description>De: ef_charlie_delta_cd_buscsb5.921
Para: ef_charlie_delta_cd_busip7.611
Distância: 2.77m</description>
        <styleUrl>#edge_style</styleUrl>
        <LineString>
          <coordinates>-41.76497651201725,-3.123062470556157,0 -41.76495162661154,-3.123062470556157,0</coordinates>
        </LineString>
      </Placemark>
      <Placemark>
        <name>ef_charlie_delta_cd_buscsb5.921 → ef_charlie_delta_cd_buscsb5.927</name>
        <description>De: ef_charlie_delta_cd_buscsb5.921
Para: ef_charlie_delta_cd_buscsb5.927
Distância: 2.39m</description>
        <styleUrl>#edge_style</styleUrl>
        <LineString>
          <coordinates>-41.76497651201725,-3.123062470556157,0 -41.76497651201725,-3.1230410276459337,0</coordinates>
        </LineString>
      </Placemark>
      <Placemark>
        <name>ef_charlie_delta_cd_buscsb2.948 → ef_charlie_delta_cd_buscsb2.942</name>
        <description>De: ef_charlie_delta_cd_buscsb2.948
Para: ef_charlie_delta_cd_buscsb2.942
Distância: 0.59m</description>
        <styleUrl>#edge_style</styleUrl>
        <LineString>
          <coordinates>-41.764976221428114,-3.123256391899806,0 -41.764976221428114,-3.123251117860178,0</coordinates>
        </LineString>
      </Placemark>
      <Placemark>
        <name>ef_charlie_delta_cd_buscsb2.942 → ef_charlie_delta_cd_buscsb2.933</name>
        <description>De: ef_charlie_delta_cd_buscsb2.942
Para: ef_charlie_delta_cd_buscsb2.933
Distância: 3.00m</description>
        <styleUrl>#edge_style</styleUrl>
        <LineString>
          <coordinates>-41.764976221428114,-3.123251117860178,0 -41.764976221428114,-3.123224168245318,0</coordinates>
        </LineString>
      </Placemark>
      <Placemark>
        <name>ef_charlie_delta_cd_buscsb2.942 → ef_charlie_delta_cd_busip3.751</name>
        <description>De: ef_charlie_delta_cd_buscsb2.942
Para: ef_charlie_delta_cd_busip3.751
Distância: 2.76m</description>
        <styleUrl>#edge_style</styleUrl>
        <LineString>
          <coordinates>-41.764976221428114,-3.123251117860178,0 -41.76495140799494,-3.123251117860178,0</coordinates>
        </LineString>
      </Placemark>
      <Placemark>
        <name>ef_charlie_delta_cd_buscsb2.933 → ef_charlie_delta_cd_buscsb3.936</name>
        <description>De: ef_charlie_delta_cd_buscsb2.933
Para: ef_charlie_delta_cd_buscsb3.936
Distância: 3.00m</description>
        <styleUrl>#edge_style</styleUrl>
        <LineString>
          <coordinates>-41.764976221428114,-3.123224168245318,0 -41.764976221428114,-3.123197218630458,0</coordinates>
        </LineString>
      </Placemark>
      <Placemark>
        <name>ef_charlie_delta_cd_buscsb2.933 → ef_charlie_delta_cd_busip3.749</name>
        <description>De: ef_charlie_delta_cd_buscsb2.933
Para: ef_charlie_delta_cd_busip3.749
Distância: 2.76m</description>
        <styleUrl>#edge_style</styleUrl>
        <LineString>
          <coordinates>-41.764976221428114,-3.123224168245318,0 -41.76495140799494,-3.123224168245318,0</coordinates>
        </LineString>
      </Placemark>
      <Placemark>
        <name>ef_charlie_delta_cd_buscsb3.936 → ef_charlie_delta_cd_busip4.745</name>
        <description>De: ef_charlie_delta_cd_buscsb3.936
Para: ef_charlie_delta_cd_busip4.745
Distância: 2.76m</description>
        <styleUrl>#edge_style</styleUrl>
        <LineString>
          <coordinates>-41.764976221428114,-3.123197218630458,0 -41.76495140799494,-3.123197218630458,0</coordinates>
        </LineString>
      </Placemark>
      <Placemark>
        <name>ef_charlie_delta_cd_buscsb3.936 → ef_charlie_delta_cd_buscsb3.946</name>
        <description>De: ef_charlie_delta_cd_buscsb3.936
Para: ef_charlie_delta_cd_buscsb3.946
Distância: 3.00m</description>
        <styleUrl>#edge_style</styleUrl>
        <LineString>
          <coordinates>-41.764976221428114,-3.123197218630458,0 -41.764976221428114,-3.123170269015598,0</coordinates>
        </LineString>
      </Placemark>
      <Placemark>
        <name>ef_charlie_delta_cd_buscsb3.946 → ef_charlie_delta_cd_buscsb4.935</name>
        <description>De: ef_charlie_delta_cd_buscsb3.946
Para: ef_charlie_delta_cd_buscsb4.935
Distância: 3.00m</description>
        <styleUrl>#edge_style</styleUrl>
        <LineString>
          <coordinates>-41.764976221428114,-3.123170269015598,0 -41.764976221428114,-3.1231433194007376,0</coordinates>
        </LineString>
      </Placemark>
      <Placemark>
        <name>ef_charlie_delta_cd_buscsb3.946 → ef_charlie_delta_cd_busip4.753</name>
        <description>De: ef_charlie_delta_cd_buscsb3.946
Para: ef_charlie_delta_cd_busip4.753
Distância: 2.76m</description>
        <styleUrl>#edge_style</styleUrl>
        <LineString>
          <coordinates>-41.764976221428114,-3.123170269015598,0 -41.76495140799494,-3.123170269015598,0</coordinates>
        </LineString>
      </Placemark>
      <Placemark>
        <name>ef_charlie_delta_cd_buscsb4.935 → ef_charlie_delta_cd_buscsb4.938</name>
        <description>De: ef_charlie_delta_cd_buscsb4.935
Para: ef_charlie_delta_cd_buscsb4.938
Distância: 2.30m</description>
        <styleUrl>#edge_style</styleUrl>
        <LineString>
          <coordinates>-41.764976221428114,-3.1231433194007376,0 -41.764976221428114,-3.1231226319780503,0</coordinates>
        </LineString>
      </Placemark>
      <Placemark>
        <name>ef_charlie_delta_cd_buscsb4.935 → ef_charlie_delta_cd_busip19.484</name>
        <description>De: ef_charlie_delta_cd_buscsb4.935
Para: ef_charlie_delta_cd_busip19.484
Distância: 11.09m</description>
        <styleUrl>#edge_style</styleUrl>
        <LineString>
          <coordinates>-41.764976221428114,-3.1231433194007376,0 -41.7648764710849,-3.1231433194007376,0</coordinates>
        </LineString>
      </Placemark>
      <Placemark>
        <name>ef_charlie_delta_cd_buscsb1.1065 → ef_charlie_delta_cd_buscsb1.1064</name>
        <description>De: ef_charlie_delta_cd_buscsb1.1065
Para: ef_charlie_delta_cd_buscsb1.1064
Distância: 3.00m</description>
        <styleUrl>#edge_style</styleUrl>
        <LineString>
          <coordinates>-41.764976045095395,-3.1233589163196185,0 -41.764976045095395,-3.1233319667047583,0</coordinates>
        </LineString>
      </Placemark>
      <Placemark>
        <name>ef_charlie_delta_cd_buscsb1.1064 → ef_charlie_delta_cd_buscsb1.1069</name>
        <description>De: ef_charlie_delta_cd_buscsb1.1064
Para: ef_charlie_delta_cd_buscsb1.1069
Distância: 2.10m</description>
        <styleUrl>#edge_style</styleUrl>
        <LineString>
          <coordinates>-41.764976045095395,-3.1233319667047583,0 -41.764976045095395,-3.123313105567638,0</coordinates>
        </LineString>
      </Placemark>
      <Placemark>
        <name>ef_charlie_delta_cd_buscsb1.1064 → ef_charlie_delta_cd_busip1.888</name>
        <description>De: ef_charlie_delta_cd_buscsb1.1064
Para: ef_charlie_delta_cd_busip1.888
Distância: 2.77m</description>
        <styleUrl>#edge_style</styleUrl>
        <LineString>
          <coordinates>-41.764976045095395,-3.1233319667047583,0 -41.76495116418796,-3.1233319667047583,0</coordinates>
        </LineString>
      </Placemark>
      <Placemark>
        <name>ef_charlie_delta_cd_busip15.852 → ef_charlie_delta_cd_busip15.849</name>
        <description>De: ef_charlie_delta_cd_busip15.852
Para: ef_charlie_delta_cd_busip15.849
Distância: 1.14m</description>
        <styleUrl>#edge_style</styleUrl>
        <LineString>
          <coordinates>-41.76495251547242,-3.122569598931506,0 -41.764942224298714,-3.122569598931506,0</coordinates>
        </LineString>
      </Placemark>
      <Placemark>
        <name>ef_charlie_delta_cd_busip15.852 → ef_charlie_delta_cd_busip15.850</name>
        <description>De: ef_charlie_delta_cd_busip15.852
Para: ef_charlie_delta_cd_busip15.850
Distância: 2.13m</description>
        <styleUrl>#edge_style</styleUrl>
        <LineString>
          <coordinates>-41.76495251547242,-3.122569598931506,0 -41.76495251547242,-3.1225504278738154,0</coordinates>
        </LineString>
      </Placemark>
      <Placemark>
        <name>ef_charlie_delta_cd_busip15.850 → ef_charlie_delta_cd_busip15.853</name>
        <description>De: ef_charlie_delta_cd_busip15.850
Para: ef_charlie_delta_cd_busip15.853
Distância: 2.91m</description>
        <styleUrl>#edge_style</styleUrl>
        <LineString>
          <coordinates>-41.76495251547242,-3.1225504278738154,0 -41.76495251547242,-3.1225242597977863,0</coordinates>
        </LineString>
      </Placemark>
      <Placemark>
        <name>ef_charlie_delta_cd_busip15.853 → ef_charlie_delta_cd_busip15.848</name>
        <description>De: ef_charlie_delta_cd_busip15.853
Para: ef_charlie_delta_cd_busip15.848
Distância: 5.45m</description>
        <styleUrl>#edge_style</styleUrl>
        <LineString>
          <coordinates>-41.76495251547242,-3.1225242597977863,0 -41.764903503971304,-3.1225242597977863,0</coordinates>
        </LineString>
      </Placemark>
      <Placemark>
        <name>ef_charlie_delta_cd_busip14.862 → ef_charlie_delta_cd_busip14.861</name>
        <description>De: ef_charlie_delta_cd_busip14.862
Para: ef_charlie_delta_cd_busip14.861
Distância: 1.13m</description>
        <styleUrl>#edge_style</styleUrl>
        <LineString>
          <coordinates>-41.76495236163111,-3.1226589261249216,0 -41.764942224298714,-3.1226589261249216,0</coordinates>
        </LineString>
      </Placemark>
      <Placemark>
        <name>ef_charlie_delta_cd_busip14.862 → ef_charlie_delta_cd_busip14.859</name>
        <description>De: ef_charlie_delta_cd_busip14.862
Para: ef_charlie_delta_cd_busip14.859
Distância: 0.08m</description>
        <styleUrl>#edge_style</styleUrl>
        <LineString>
          <coordinates>-41.76495236163111,-3.1226589261249216,0 -41.76495236163111,-3.1226582263332556,0</coordinates>
        </LineString>
      </Placemark>
      <Placemark>
        <name>ef_charlie_delta_cd_busip14.859 → ef_charlie_delta_cd_busip14.864</name>
        <description>De: ef_charlie_delta_cd_busip14.859
Para: ef_charlie_delta_cd_busip14.864
Distância: 3.00m</description>
        <styleUrl>#edge_style</styleUrl>
        <LineString>
          <coordinates>-41.76495236163111,-3.1226582263332556,0 -41.76495236163111,-3.1226312767183955,0</coordinates>
        </LineString>
      </Placemark>
      <Placemark>
        <name>ef_charlie_delta_cd_busip14.864 → ef_charlie_delta_cd_busip14.863</name>
        <description>De: ef_charlie_delta_cd_busip14.864
Para: ef_charlie_delta_cd_busip14.863
Distância: 1.97m</description>
        <styleUrl>#edge_style</styleUrl>
        <LineString>
          <coordinates>-41.76495236163111,-3.1226312767183955,0 -41.76495236163111,-3.1226135869912013,0</coordinates>
        </LineString>
      </Placemark>
      <Placemark>
        <name>ef_charlie_delta_cd_busip14.863 → ef_charlie_delta_cd_busip14.866</name>
        <description>De: ef_charlie_delta_cd_busip14.863
Para: ef_charlie_delta_cd_busip14.866
Distância: 1.13m</description>
        <styleUrl>#edge_style</styleUrl>
        <LineString>
          <coordinates>-41.76495236163111,-3.1226135869912013,0 -41.764942224298714,-3.1226135869912013,0</coordinates>
        </LineString>
      </Placemark>
      <Placemark>
        <name>ef_charlie_delta_cd_busip11.875 → ef_charlie_delta_cd_busip11.878</name>
        <description>De: ef_charlie_delta_cd_busip11.875
Para: ef_charlie_delta_cd_busip11.878
Distância: 1.09m</description>
        <styleUrl>#edge_style</styleUrl>
        <LineString>
          <coordinates>-41.76495205934644,-3.1228761885300007,0 -41.764942224298714,-3.1228761885300007,0</coordinates>
        </LineString>
      </Placemark>
      <Placemark>
        <name>ef_charlie_delta_cd_busip11.875 → ef_charlie_delta_cd_busip11.873</name>
        <description>De: ef_charlie_delta_cd_busip11.875
Para: ef_charlie_delta_cd_busip11.873
Distância: 0.26m</description>
        <styleUrl>#edge_style</styleUrl>
        <LineString>
          <coordinates>-41.76495205934644,-3.1228761885300007,0 -41.76495205934644,-3.1228738232521365,0</coordinates>
        </LineString>
      </Placemark>
      <Placemark>
        <name>ef_charlie_delta_cd_busip11.873 → ef_charlie_delta_cd_busip11.874</name>
        <description>De: ef_charlie_delta_cd_busip11.873
Para: ef_charlie_delta_cd_busip11.874
Distância: 3.00m</description>
        <styleUrl>#edge_style</styleUrl>
        <LineString>
          <coordinates>-41.76495205934644,-3.1228738232521365,0 -41.76495205934644,-3.1228468736372763,0</coordinates>
        </LineString>
      </Placemark>
      <Placemark>
        <name>ef_charlie_delta_cd_busip11.874 → ef_charlie_delta_cd_busip12.870</name>
        <description>De: ef_charlie_delta_cd_busip11.874
Para: ef_charlie_delta_cd_busip12.870
Distância: 3.00m</description>
        <styleUrl>#edge_style</styleUrl>
        <LineString>
          <coordinates>-41.76495205934644,-3.1228468736372763,0 -41.76495205934644,-3.122819924022416,0</coordinates>
        </LineString>
      </Placemark>
      <Placemark>
        <name>ef_charlie_delta_cd_busip12.870 → ef_charlie_delta_cd_busip12.867</name>
        <description>De: ef_charlie_delta_cd_busip12.870
Para: ef_charlie_delta_cd_busip12.867
Distância: 3.00m</description>
        <styleUrl>#edge_style</styleUrl>
        <LineString>
          <coordinates>-41.76495205934644,-3.122819924022416,0 -41.76495205934644,-3.122792974407556,0</coordinates>
        </LineString>
      </Placemark>
      <Placemark>
        <name>ef_charlie_delta_cd_busip12.867 → ef_charlie_delta_cd_busip12.881</name>
        <description>De: ef_charlie_delta_cd_busip12.867
Para: ef_charlie_delta_cd_busip12.881
Distância: 0.38m</description>
        <styleUrl>#edge_style</styleUrl>
        <LineString>
          <coordinates>-41.76495205934644,-3.122792974407556,0 -41.76495205934644,-3.122789597620814,0</coordinates>
        </LineString>
      </Placemark>
      <Placemark>
        <name>ef_charlie_delta_cd_busip12.881 → ef_charlie_delta_cd_busip12.869</name>
        <description>De: ef_charlie_delta_cd_busip12.881
Para: ef_charlie_delta_cd_busip12.869
Distância: 1.09m</description>
        <styleUrl>#edge_style</styleUrl>
        <LineString>
          <coordinates>-41.76495205934644,-3.122789597620814,0 -41.764942224298714,-3.122789597620814,0</coordinates>
        </LineString>
      </Placemark>
      <Placemark>
        <name>ef_charlie_delta_cd_busip8.595 → ef_charlie_delta_cd_busip8.600</name>
        <description>De: ef_charlie_delta_cd_busip8.595
Para: ef_charlie_delta_cd_busip8.600
Distância: 2.25m</description>
        <styleUrl>#edge_style</styleUrl>
        <LineString>
          <coordinates>-41.76495191000342,-3.1230017934983,0 -41.76495191000342,-3.122981621711577,0</coordinates>
        </LineString>
      </Placemark>
      <Placemark>
        <name>ef_charlie_delta_cd_busip8.595 → ef_charlie_delta_cd_busip8.597</name>
        <description>De: ef_charlie_delta_cd_busip8.595
Para: ef_charlie_delta_cd_busip8.597
Distância: 1.08m</description>
        <styleUrl>#edge_style</styleUrl>
        <LineString>
          <coordinates>-41.76495191000342,-3.1230017934983,0 -41.764942224298714,-3.1230017934983,0</coordinates>
        </LineString>
      </Placemark>
      <Placemark>
        <name>ef_charlie_delta_cd_busip8.600 → ef_charlie_delta_cd_busip9.589</name>
        <description>De: ef_charlie_delta_cd_busip8.600
Para: ef_charlie_delta_cd_busip9.589
Distância: 3.00m</description>
        <styleUrl>#edge_style</styleUrl>
        <LineString>
          <coordinates>-41.76495191000342,-3.122981621711577,0 -41.76495191000342,-3.122954672096717,0</coordinates>
        </LineString>
      </Placemark>
      <Placemark>
        <name>ef_charlie_delta_cd_busip9.589 → ef_charlie_delta_cd_busip9.594</name>
        <description>De: ef_charlie_delta_cd_busip9.589
Para: ef_charlie_delta_cd_busip9.594
Distância: 3.00m</description>
        <styleUrl>#edge_style</styleUrl>
        <LineString>
          <coordinates>-41.76495191000342,-3.122954672096717,0 -41.76495191000342,-3.122927722481857,0</coordinates>
        </LineString>
      </Placemark>
      <Placemark>
        <name>ef_charlie_delta_cd_busip9.594 → ef_charlie_delta_cd_busip10.592</name>
        <description>De: ef_charlie_delta_cd_busip9.594
Para: ef_charlie_delta_cd_busip10.592
Distância: 3.00m</description>
        <styleUrl>#edge_style</styleUrl>
        <LineString>
          <coordinates>-41.76495191000342,-3.122927722481857,0 -41.76495191000342,-3.1229007728669966,0</coordinates>
        </LineString>
      </Placemark>
      <Placemark>
        <name>ef_charlie_delta_cd_busip10.592 → ef_charlie_delta_cd_busip10.593</name>
        <description>De: ef_charlie_delta_cd_busip10.592
Para: ef_charlie_delta_cd_busip10.593
Distância: 2.71m</description>
        <styleUrl>#edge_style</styleUrl>
        <LineString>
          <coordinates>-41.76495191000342,-3.1229007728669966,0 -41.76495191000342,-3.1228764113134835,0</coordinates>
        </LineString>
      </Placemark>
      <Placemark>
        <name>ef_charlie_delta_cd_busip10.593 → ef_charlie_delta_cd_busip10.598</name>
        <description>De: ef_charlie_delta_cd_busip10.593
Para: ef_charlie_delta_cd_busip10.598
Distância: 1.08m</description>
        <styleUrl>#edge_style</styleUrl>
        <LineString>
          <coordinates>-41.76495191000342,-3.1228764113134835,0 -41.764942224298714,-3.1228764113134835,0</coordinates>
        </LineString>
      </Placemark>
      <Placemark>
        <name>ef_charlie_delta_cd_busip7.613 → ef_charlie_delta_cd_busip7.612</name>
        <description>De: ef_charlie_delta_cd_busip7.613
Para: ef_charlie_delta_cd_busip7.612
Distância: 1.05m</description>
        <styleUrl>#edge_style</styleUrl>
        <LineString>
          <coordinates>-41.76495162661154,-3.123086715328006,0 -41.764942224298714,-3.123086715328006,0</coordinates>
        </LineString>
      </Placemark>
      <Placemark>
        <name>ef_charlie_delta_cd_busip7.613 → ef_charlie_delta_cd_busip7.611</name>
        <description>De: ef_charlie_delta_cd_busip7.613
Para: ef_charlie_delta_cd_busip7.611
Distância: 2.70m</description>
        <styleUrl>#edge_style</styleUrl>
        <LineString>
          <coordinates>-41.76495162661154,-3.123086715328006,0 -41.76495162661154,-3.123062470556157,0</coordinates>
        </LineString>
      </Placemark>
      <Placemark>
        <name>ef_charlie_delta_cd_busip7.611 → ef_charlie_delta_cd_busip7.604</name>
        <description>De: ef_charlie_delta_cd_busip7.611
Para: ef_charlie_delta_cd_busip7.604
Distância: 2.35m</description>
        <styleUrl>#edge_style</styleUrl>
        <LineString>
          <coordinates>-41.76495162661154,-3.123062470556157,0 -41.76495162661154,-3.1230413761942857,0</coordinates>
        </LineString>
      </Placemark>
      <Placemark>
        <name>ef_charlie_delta_cd_busip7.604 → ef_charlie_delta_cd_busip7.606</name>
        <description>De: ef_charlie_delta_cd_busip7.604
Para: ef_charlie_delta_cd_busip7.606
Distância: 1.05m</description>
        <styleUrl>#edge_style</styleUrl>
        <LineString>
          <coordinates>-41.76495162661154,-3.1230413761942857,0 -41.764942224298714,-3.1230413761942857,0</coordinates>
        </LineString>
      </Placemark>
      <Placemark>
        <name>ef_charlie_delta_cd_busip6.632 → ef_charlie_delta_cd_busip6.625</name>
        <description>De: ef_charlie_delta_cd_busip6.632
Para: ef_charlie_delta_cd_busip6.625
Distância: 1.76m</description>
        <styleUrl>#edge_style</styleUrl>
        <LineString>
          <coordinates>-41.7649515483414,-3.123132190108121,0 -41.7649515483414,-3.1231163697858775,0</coordinates>
        </LineString>
      </Placemark>
      <Placemark>
        <name>ef_charlie_delta_cd_busip6.632 → ef_charlie_delta_cd_busip6.624</name>
        <description>De: ef_charlie_delta_cd_busip6.632
Para: ef_charlie_delta_cd_busip6.624
Distância: 1.04m</description>
        <styleUrl>#edge_style</styleUrl>
        <LineString>
          <coordinates>-41.7649515483414,-3.123132190108121,0 -41.764942224298714,-3.123132190108121,0</coordinates>
        </LineString>
      </Placemark>
      <Placemark>
        <name>ef_charlie_delta_cd_busip6.625 → ef_charlie_delta_cd_busip6.627</name>
        <description>De: ef_charlie_delta_cd_busip6.625
Para: ef_charlie_delta_cd_busip6.627
Distância: 3.00m</description>
        <styleUrl>#edge_style</styleUrl>
        <LineString>
          <coordinates>-41.7649515483414,-3.1231163697858775,0 -41.7649515483414,-3.1230894201710173,0</coordinates>
        </LineString>
      </Placemark>
      <Placemark>
        <name>ef_charlie_delta_cd_busip6.627 → ef_charlie_delta_cd_busip6.623</name>
        <description>De: ef_charlie_delta_cd_busip6.627
Para: ef_charlie_delta_cd_busip6.623
Distância: 0.29m</description>
        <styleUrl>#edge_style</styleUrl>
        <LineString>
          <coordinates>-41.7649515483414,-3.1230894201710173,0 -41.7649515483414,-3.123086851872721,0</coordinates>
        </LineString>
      </Placemark>
      <Placemark>
        <name>ef_charlie_delta_cd_busip6.623 → ef_charlie_delta_cd_busip6.629</name>
        <description>De: ef_charlie_delta_cd_busip6.623
Para: ef_charlie_delta_cd_busip6.629
Distância: 1.04m</description>
        <styleUrl>#edge_style</styleUrl>
        <LineString>
          <coordinates>-41.7649515483414,-3.123086851872721,0 -41.764942224298714,-3.123086851872721,0</coordinates>
        </LineString>
      </Placemark>
      <Placemark>
        <name>ef_charlie_delta_cd_busip3.755 → ef_charlie_delta_cd_busip3.751</name>
        <description>De: ef_charlie_delta_cd_busip3.755
Para: ef_charlie_delta_cd_busip3.751
Distância: 0.58m</description>
        <styleUrl>#edge_style</styleUrl>
        <LineString>
          <coordinates>-41.76495140799494,-3.123256324525769,0 -41.76495140799494,-3.123251117860178,0</coordinates>
        </LineString>
      </Placemark>
      <Placemark>
        <name>ef_charlie_delta_cd_busip3.755 → ef_charlie_delta_cd_busip3.754</name>
        <description>De: ef_charlie_delta_cd_busip3.755
Para: ef_charlie_delta_cd_busip3.754
Distância: 1.02m</description>
        <styleUrl>#edge_style</styleUrl>
        <LineString>
          <coordinates>-41.76495140799494,-3.123256324525769,0 -41.764942224298714,-3.123256324525769,0</coordinates>
        </LineString>
      </Placemark>
      <Placemark>
        <name>ef_charlie_delta_cd_busip3.751 → ef_charlie_delta_cd_busip3.749</name>
        <description>De: ef_charlie_delta_cd_busip3.751
Para: ef_charlie_delta_cd_busip3.749
Distância: 3.00m</description>
        <styleUrl>#edge_style</styleUrl>
        <LineString>
          <coordinates>-41.76495140799494,-3.123251117860178,0 -41.76495140799494,-3.123224168245318,0</coordinates>
        </LineString>
      </Placemark>
      <Placemark>
        <name>ef_charlie_delta_cd_busip3.749 → ef_charlie_delta_cd_busip4.745</name>
        <description>De: ef_charlie_delta_cd_busip3.749
Para: ef_charlie_delta_cd_busip4.745
Distância: 3.00m</description>
        <styleUrl>#edge_style</styleUrl>
        <LineString>
          <coordinates>-41.76495140799494,-3.123224168245318,0 -41.76495140799494,-3.123197218630458,0</coordinates>
        </LineString>
      </Placemark>
      <Placemark>
        <name>ef_charlie_delta_cd_busip4.745 → ef_charlie_delta_cd_busip4.753</name>
        <description>De: ef_charlie_delta_cd_busip4.745
Para: ef_charlie_delta_cd_busip4.753
Distância: 3.00m</description>
        <styleUrl>#edge_style</styleUrl>
        <LineString>
          <coordinates>-41.76495140799494,-3.123197218630458,0 -41.76495140799494,-3.123170269015598,0</coordinates>
        </LineString>
      </Placemark>
      <Placemark>
        <name>ef_charlie_delta_cd_busip4.753 → ef_charlie_delta_cd_busip4.747</name>
        <description>De: ef_charlie_delta_cd_busip4.753
Para: ef_charlie_delta_cd_busip4.747
Distância: 0.17m</description>
        <styleUrl>#edge_style</styleUrl>
        <LineString>
          <coordinates>-41.76495140799494,-3.123170269015598,0 -41.76495140799494,-3.123168758938845,0</coordinates>
        </LineString>
      </Placemark>
      <Placemark>
        <name>ef_charlie_delta_cd_busip4.747 → ef_charlie_delta_cd_busip4.750</name>
        <description>De: ef_charlie_delta_cd_busip4.747
Para: ef_charlie_delta_cd_busip4.750
Distância: 1.02m</description>
        <styleUrl>#edge_style</styleUrl>
        <LineString>
          <coordinates>-41.76495140799494,-3.123168758938845,0 -41.764942224298714,-3.123168758938845,0</coordinates>
        </LineString>
      </Placemark>
      <Placemark>
        <name>ef_charlie_delta_cd_busip2.835 → ef_charlie_delta_cd_busip2.830</name>
        <description>De: ef_charlie_delta_cd_busip2.835
Para: ef_charlie_delta_cd_busip2.830
Distância: 2.99m</description>
        <styleUrl>#edge_style</styleUrl>
        <LineString>
          <coordinates>-41.76495125145467,-3.1233048868334263,0 -41.76495125145467,-3.123278067475038,0</coordinates>
        </LineString>
      </Placemark>
      <Placemark>
        <name>ef_charlie_delta_cd_busip2.835 → ef_charlie_delta_cd_busip2.832</name>
        <description>De: ef_charlie_delta_cd_busip2.835
Para: ef_charlie_delta_cd_busip2.832
Distância: 1.00m</description>
        <styleUrl>#edge_style</styleUrl>
        <LineString>
          <coordinates>-41.76495125145467,-3.1233048868334263,0 -41.764942224298714,-3.1233048868334263,0</coordinates>
        </LineString>
      </Placemark>
      <Placemark>
        <name>ef_charlie_delta_cd_busip2.830 → ef_charlie_delta_cd_busip2.834</name>
        <description>De: ef_charlie_delta_cd_busip2.830
Para: ef_charlie_delta_cd_busip2.834
Distância: 2.06m</description>
        <styleUrl>#edge_style</styleUrl>
        <LineString>
          <coordinates>-41.76495125145467,-3.123278067475038,0 -41.76495125145467,-3.1232595485980266,0</coordinates>
        </LineString>
      </Placemark>
      <Placemark>
        <name>ef_charlie_delta_cd_busip2.834 → ef_charlie_delta_cd_busip2.833</name>
        <description>De: ef_charlie_delta_cd_busip2.834
Para: ef_charlie_delta_cd_busip2.833
Distância: 1.00m</description>
        <styleUrl>#edge_style</styleUrl>
        <LineString>
          <coordinates>-41.76495125145467,-3.1232595485980266,0 -41.764942224298714,-3.1232595485980266,0</coordinates>
        </LineString>
      </Placemark>
      <Placemark>
        <name>ef_charlie_delta_cd_busip1.889 → ef_charlie_delta_cd_busip1.888</name>
        <description>De: ef_charlie_delta_cd_busip1.889
Para: ef_charlie_delta_cd_busip1.888
Distância: 2.65m</description>
        <styleUrl>#edge_style</styleUrl>
        <LineString>
          <coordinates>-41.76495116418796,-3.123355794655897,0 -41.76495116418796,-3.1233319667047583,0</coordinates>
        </LineString>
      </Placemark>
      <Placemark>
        <name>ef_charlie_delta_cd_busip1.889 → ef_charlie_delta_cd_busip1.890</name>
        <description>De: ef_charlie_delta_cd_busip1.889
Para: ef_charlie_delta_cd_busip1.890
Distância: 5.45m</description>
        <styleUrl>#edge_style</styleUrl>
        <LineString>
          <coordinates>-41.76495116418796,-3.123355794655897,0 -41.764902152686844,-3.123355794655897,0</coordinates>
        </LineString>
      </Placemark>
      <Placemark>
        <name>ef_charlie_delta_cd_busip1.888 → ef_charlie_delta_cd_busip1.884</name>
        <description>De: ef_charlie_delta_cd_busip1.888
Para: ef_charlie_delta_cd_busip1.884
Distância: 2.39m</description>
        <styleUrl>#edge_style</styleUrl>
        <LineString>
          <coordinates>-41.76495116418796,-3.1233319667047583,0 -41.76495116418796,-3.123310455522177,0</coordinates>
        </LineString>
      </Placemark>
      <Placemark>
        <name>ef_charlie_delta_cd_busip1.884 → ef_charlie_delta_cd_busip1.886</name>
        <description>De: ef_charlie_delta_cd_busip1.884
Para: ef_charlie_delta_cd_busip1.886
Distância: 0.99m</description>
        <styleUrl>#edge_style</styleUrl>
        <LineString>
          <coordinates>-41.76495116418796,-3.123310455522177,0 -41.764942224298714,-3.123310455522177,0</coordinates>
        </LineString>
      </Placemark>
      <Placemark>
        <name>ef_charlie_delta_cd_busip1.886 → ef_charlie_delta_cd_busip2.832</name>
        <description>De: ef_charlie_delta_cd_busip1.886
Para: ef_charlie_delta_cd_busip2.832
Distância: 0.62m</description>
        <styleUrl>#edge_style</styleUrl>
        <LineString>
          <coordinates>-41.764942224298714,-3.123310455522177,0 -41.764942224298714,-3.1233048868334263,0</coordinates>
        </LineString>
      </Placemark>
      <Placemark>
        <name>ef_charlie_delta_cd_busip1.886 → ef_charlie_delta_cd_busip1.885</name>
        <description>De: ef_charlie_delta_cd_busip1.886
Para: ef_charlie_delta_cd_busip1.885
Distância: 3.00m</description>
        <styleUrl>#edge_style</styleUrl>
        <LineString>
          <coordinates>-41.764942224298714,-3.123310455522177,0 -41.76491523459583,-3.123310455522177,0</coordinates>
        </LineString>
      </Placemark>
      <Placemark>
        <name>ef_charlie_delta_cd_busip2.832 → ef_charlie_delta_cd_busip2.838</name>
        <description>De: ef_charlie_delta_cd_busip2.832
Para: ef_charlie_delta_cd_busip2.838
Distância: 3.00m</description>
        <styleUrl>#edge_style</styleUrl>
        <LineString>
          <coordinates>-41.764942224298714,-3.1233048868334263,0 -41.76491523459583,-3.1233048868334263,0</coordinates>
        </LineString>
      </Placemark>
      <Placemark>
        <name>ef_charlie_delta_cd_busip2.833 → ef_charlie_delta_cd_busip3.754</name>
        <description>De: ef_charlie_delta_cd_busip2.833
Para: ef_charlie_delta_cd_busip3.754
Distância: 0.36m</description>
        <styleUrl>#edge_style</styleUrl>
        <LineString>
          <coordinates>-41.764942224298714,-3.1232595485980266,0 -41.764942224298714,-3.123256324525769,0</coordinates>
        </LineString>
      </Placemark>
      <Placemark>
        <name>ef_charlie_delta_cd_busip2.833 → ef_charlie_delta_cd_busip2.837</name>
        <description>De: ef_charlie_delta_cd_busip2.833
Para: ef_charlie_delta_cd_busip2.837
Distância: 3.00m</description>
        <styleUrl>#edge_style</styleUrl>
        <LineString>
          <coordinates>-41.764942224298714,-3.1232595485980266,0 -41.76491523459583,-3.1232595485980266,0</coordinates>
        </LineString>
      </Placemark>
      <Placemark>
        <name>ef_charlie_delta_cd_busip3.754 → ef_charlie_delta_cd_busip3.756</name>
        <description>De: ef_charlie_delta_cd_busip3.754
Para: ef_charlie_delta_cd_busip3.756
Distância: 3.00m</description>
        <styleUrl>#edge_style</styleUrl>
        <LineString>
          <coordinates>-41.764942224298714,-3.123256324525769,0 -41.76491523459583,-3.123256324525769,0</coordinates>
        </LineString>
      </Placemark>
      <Placemark>
        <name>ef_charlie_delta_cd_busip4.750 → ef_charlie_delta_cd_busip4.752</name>
        <description>De: ef_charlie_delta_cd_busip4.750
Para: ef_charlie_delta_cd_busip4.752
Distância: 3.00m</description>
        <styleUrl>#edge_style</styleUrl>
        <LineString>
          <coordinates>-41.764942224298714,-3.123168758938845,0 -41.76491523459583,-3.123168758938845,0</coordinates>
        </LineString>
      </Placemark>
      <Placemark>
        <name>ef_charlie_delta_cd_busip4.750 → ef_charlie_delta_cd_busip6.624</name>
        <description>De: ef_charlie_delta_cd_busip4.750
Para: ef_charlie_delta_cd_busip6.624
Distância: 4.07m</description>
        <styleUrl>#edge_style</styleUrl>
        <LineString>
          <coordinates>-41.764942224298714,-3.123168758938845,0 -41.764942224298714,-3.123132190108121,0</coordinates>
        </LineString>
      </Placemark>
      <Placemark>
        <name>ef_charlie_delta_cd_busip6.624 → ef_charlie_delta_cd_busip6.626</name>
        <description>De: ef_charlie_delta_cd_busip6.624
Para: ef_charlie_delta_cd_busip6.626
Distância: 3.00m</description>
        <styleUrl>#edge_style</styleUrl>
        <LineString>
          <coordinates>-41.764942224298714,-3.123132190108121,0 -41.76491523459583,-3.123132190108121,0</coordinates>
        </LineString>
      </Placemark>
      <Placemark>
        <name>ef_charlie_delta_cd_busip6.629 → ef_charlie_delta_cd_busip7.612</name>
        <description>De: ef_charlie_delta_cd_busip6.629
Para: ef_charlie_delta_cd_busip7.612
Distância: 0.02m</description>
        <styleUrl>#edge_style</styleUrl>
        <LineString>
          <coordinates>-41.764942224298714,-3.123086851872721,0 -41.764942224298714,-3.123086715328006,0</coordinates>
        </LineString>
      </Placemark>
      <Placemark>
        <name>ef_charlie_delta_cd_busip6.629 → ef_charlie_delta_cd_busip6.628</name>
        <description>De: ef_charlie_delta_cd_busip6.629
Para: ef_charlie_delta_cd_busip6.628
Distância: 3.00m</description>
        <styleUrl>#edge_style</styleUrl>
        <LineString>
          <coordinates>-41.764942224298714,-3.123086851872721,0 -41.76491523459583,-3.123086851872721,0</coordinates>
        </LineString>
      </Placemark>
      <Placemark>
        <name>ef_charlie_delta_cd_busip7.612 → ef_charlie_delta_cd_busip7.605</name>
        <description>De: ef_charlie_delta_cd_busip7.612
Para: ef_charlie_delta_cd_busip7.605
Distância: 3.00m</description>
        <styleUrl>#edge_style</styleUrl>
        <LineString>
          <coordinates>-41.764942224298714,-3.123086715328006,0 -41.76491523459583,-3.123086715328006,0</coordinates>
        </LineString>
      </Placemark>
      <Placemark>
        <name>ef_charlie_delta_cd_busip7.606 → ef_charlie_delta_cd_busip8.597</name>
        <description>De: ef_charlie_delta_cd_busip7.606
Para: ef_charlie_delta_cd_busip8.597
Distância: 4.41m</description>
        <styleUrl>#edge_style</styleUrl>
        <LineString>
          <coordinates>-41.764942224298714,-3.1230413761942857,0 -41.764942224298714,-3.1230017934983,0</coordinates>
        </LineString>
      </Placemark>
      <Placemark>
        <name>ef_charlie_delta_cd_busip7.606 → ef_charlie_delta_cd_busip7.610</name>
        <description>De: ef_charlie_delta_cd_busip7.606
Para: ef_charlie_delta_cd_busip7.610
Distância: 3.00m</description>
        <styleUrl>#edge_style</styleUrl>
        <LineString>
          <coordinates>-41.764942224298714,-3.1230413761942857,0 -41.76491523459583,-3.1230413761942857,0</coordinates>
        </LineString>
      </Placemark>
      <Placemark>
        <name>ef_charlie_delta_cd_busip8.597 → ef_charlie_delta_cd_busip8.591</name>
        <description>De: ef_charlie_delta_cd_busip8.597
Para: ef_charlie_delta_cd_busip8.591
Distância: 3.00m</description>
        <styleUrl>#edge_style</styleUrl>
        <LineString>
          <coordinates>-41.764942224298714,-3.1230017934983,0 -41.76491523459583,-3.1230017934983,0</coordinates>
        </LineString>
      </Placemark>
      <Placemark>
        <name>ef_charlie_delta_cd_busip10.598 → ef_charlie_delta_cd_busip10.602</name>
        <description>De: ef_charlie_delta_cd_busip10.598
Para: ef_charlie_delta_cd_busip10.602
Distância: 3.00m</description>
        <styleUrl>#edge_style</styleUrl>
        <LineString>
          <coordinates>-41.764942224298714,-3.1228764113134835,0 -41.76491523459583,-3.1228764113134835,0</coordinates>
        </LineString>
      </Placemark>
      <Placemark>
        <name>ef_charlie_delta_cd_busip10.598 → ef_charlie_delta_cd_busip11.878</name>
        <description>De: ef_charlie_delta_cd_busip10.598
Para: ef_charlie_delta_cd_busip11.878
Distância: 0.02m</description>
        <styleUrl>#edge_style</styleUrl>
        <LineString>
          <coordinates>-41.764942224298714,-3.1228764113134835,0 -41.764942224298714,-3.1228761885300007,0</coordinates>
        </LineString>
      </Placemark>
      <Placemark>
        <name>ef_charlie_delta_cd_busip11.878 → ef_charlie_delta_cd_busip11.879</name>
        <description>De: ef_charlie_delta_cd_busip11.878
Para: ef_charlie_delta_cd_busip11.879
Distância: 3.00m</description>
        <styleUrl>#edge_style</styleUrl>
        <LineString>
          <coordinates>-41.764942224298714,-3.1228761885300007,0 -41.76491523459583,-3.1228761885300007,0</coordinates>
        </LineString>
      </Placemark>
      <Placemark>
        <name>ef_charlie_delta_cd_busip12.869 → ef_charlie_delta_cd_busip12.880</name>
        <description>De: ef_charlie_delta_cd_busip12.869
Para: ef_charlie_delta_cd_busip12.880
Distância: 3.00m</description>
        <styleUrl>#edge_style</styleUrl>
        <LineString>
          <coordinates>-41.764942224298714,-3.122789597620814,0 -41.76491523459583,-3.122789597620814,0</coordinates>
        </LineString>
      </Placemark>
      <Placemark>
        <name>ef_charlie_delta_cd_busip12.869 → ef_charlie_delta_cd_busip14.861</name>
        <description>De: ef_charlie_delta_cd_busip12.869
Para: ef_charlie_delta_cd_busip14.861
Distância: 14.55m</description>
        <styleUrl>#edge_style</styleUrl>
        <LineString>
          <coordinates>-41.764942224298714,-3.122789597620814,0 -41.764942224298714,-3.1226589261249216,0</coordinates>
        </LineString>
      </Placemark>
      <Placemark>
        <name>ef_charlie_delta_cd_busip12.869 → pp_7</name>
        <description>De: ef_charlie_delta_cd_busip12.869
Para: pp_7
Distância: 2.62m</description>
        <styleUrl>#edge_style</styleUrl>
        <LineString>
          <coordinates>-41.764942224298714,-3.122789597620814,0 -41.764942224298714,-3.1227660247926963,0</coordinates>
        </LineString>
      </Placemark>
      <Placemark>
        <name>ef_charlie_delta_cd_busip12.869 → pp_8</name>
        <description>De: ef_charlie_delta_cd_busip12.869
Para: pp_8
Distância: 5.62m</description>
        <styleUrl>#edge_style</styleUrl>
        <LineString>
          <coordinates>-41.764942224298714,-3.122789597620814,0 -41.764942224298714,-3.122739075177836,0</coordinates>
        </LineString>
      </Placemark>
      <Placemark>
        <name>ef_charlie_delta_cd_busip12.869 → pp_9</name>
        <description>De: ef_charlie_delta_cd_busip12.869
Para: pp_9
Distância: 8.62m</description>
        <styleUrl>#edge_style</styleUrl>
        <LineString>
          <coordinates>-41.764942224298714,-3.122789597620814,0 -41.764942224298714,-3.122712125562976,0</coordinates>
        </LineString>
      </Placemark>
      <Placemark>
        <name>pp_7 → ef_charlie_delta_cd_busip28.438</name>
        <description>De: pp_7
Para: ef_charlie_delta_cd_busip28.438
Distância: 7.28m</description>
        <styleUrl>#edge_style</styleUrl>
        <LineString>
          <coordinates>-41.764942224298714,-3.1227660247926963,0 -41.76487675987472,-3.1227660247926963,0</coordinates>
        </LineString>
      </Placemark>
      <Placemark>
        <name>pp_7 → ef_charlie_delta_cd_busip14.861</name>
        <description>De: pp_7
Para: ef_charlie_delta_cd_busip14.861
Distância: 11.92m</description>
        <styleUrl>#edge_style</styleUrl>
        <LineString>
          <coordinates>-41.764942224298714,-3.1227660247926963,0 -41.764942224298714,-3.1226589261249216,0</coordinates>
        </LineString>
      </Placemark>
      <Placemark>
        <name>pp_8 → ef_charlie_delta_cd_busip29.819</name>
        <description>De: pp_8
Para: ef_charlie_delta_cd_busip29.819
Distância: 7.27m</description>
        <styleUrl>#edge_style</styleUrl>
        <LineString>
          <coordinates>-41.764942224298714,-3.122739075177836,0 -41.764876839944165,-3.122739075177836,0</coordinates>
        </LineString>
      </Placemark>
      <Placemark>
        <name>pp_8 → ef_charlie_delta_cd_busip14.861</name>
        <description>De: pp_8
Para: ef_charlie_delta_cd_busip14.861
Distância: 8.92m</description>
        <styleUrl>#edge_style</styleUrl>
        <LineString>
          <coordinates>-41.764942224298714,-3.122739075177836,0 -41.764942224298714,-3.1226589261249216,0</coordinates>
        </LineString>
      </Placemark>
      <Placemark>
        <name>pp_9 → ef_charlie_delta_cd_busip29.815</name>
        <description>De: pp_9
Para: ef_charlie_delta_cd_busip29.815
Distância: 7.27m</description>
        <styleUrl>#edge_style</styleUrl>
        <LineString>
          <coordinates>-41.764942224298714,-3.122712125562976,0 -41.764876839944165,-3.122712125562976,0</coordinates>
        </LineString>
      </Placemark>
      <Placemark>
        <name>pp_9 → ef_charlie_delta_cd_busip14.861</name>
        <description>De: pp_9
Para: ef_charlie_delta_cd_busip14.861
Distância: 5.92m</description>
        <styleUrl>#edge_style</styleUrl>
        <LineString>
          <coordinates>-41.764942224298714,-3.122712125562976,0 -41.764942224298714,-3.1226589261249216,0</coordinates>
        </LineString>
      </Placemark>
      <Placemark>
        <name>ef_charlie_delta_cd_busip14.861 → ef_charlie_delta_cd_busip14.855</name>
        <description>De: ef_charlie_delta_cd_busip14.861
Para: ef_charlie_delta_cd_busip14.855
Distância: 3.00m</description>
        <styleUrl>#edge_style</styleUrl>
        <LineString>
          <coordinates>-41.764942224298714,-3.1226589261249216,0 -41.76491523459583,-3.1226589261249216,0</coordinates>
        </LineString>
      </Placemark>
      <Placemark>
        <name>ef_charlie_delta_cd_busip14.866 → ef_charlie_delta_cd_busip14.865</name>
        <description>De: ef_charlie_delta_cd_busip14.866
Para: ef_charlie_delta_cd_busip14.865
Distância: 3.00m</description>
        <styleUrl>#edge_style</styleUrl>
        <LineString>
          <coordinates>-41.764942224298714,-3.1226135869912013,0 -41.76491523459583,-3.1226135869912013,0</coordinates>
        </LineString>
      </Placemark>
      <Placemark>
        <name>ef_charlie_delta_cd_busip14.866 → ef_charlie_delta_cd_busip15.849</name>
        <description>De: ef_charlie_delta_cd_busip14.866
Para: ef_charlie_delta_cd_busip15.849
Distância: 4.90m</description>
        <styleUrl>#edge_style</styleUrl>
        <LineString>
          <coordinates>-41.764942224298714,-3.1226135869912013,0 -41.764942224298714,-3.122569598931506,0</coordinates>
        </LineString>
      </Placemark>
      <Placemark>
        <name>ef_charlie_delta_cd_busip15.849 → ef_charlie_delta_cd_busip15.851</name>
        <description>De: ef_charlie_delta_cd_busip15.849
Para: ef_charlie_delta_cd_busip15.851
Distância: 3.00m</description>
        <styleUrl>#edge_style</styleUrl>
        <LineString>
          <coordinates>-41.764942224298714,-3.122569598931506,0 -41.76491523459583,-3.122569598931506,0</coordinates>
        </LineString>
      </Placemark>
      <Placemark>
        <name>ef_charlie_delta_cd_busip1.885 → ef_charlie_delta_cd_busip1.883</name>
        <description>De: ef_charlie_delta_cd_busip1.885
Para: ef_charlie_delta_cd_busip1.883
Distância: 1.45m</description>
        <styleUrl>#edge_style</styleUrl>
        <LineString>
          <coordinates>-41.76491523459583,-3.123310455522177,0 -41.764902152686844,-3.123310455522177,0</coordinates>
        </LineString>
      </Placemark>
      <Placemark>
        <name>ef_charlie_delta_cd_busip1.885 → ef_charlie_delta_cd_busip2.838</name>
        <description>De: ef_charlie_delta_cd_busip1.885
Para: ef_charlie_delta_cd_busip2.838
Distância: 0.62m</description>
        <styleUrl>#edge_style</styleUrl>
        <LineString>
          <coordinates>-41.76491523459583,-3.123310455522177,0 -41.76491523459583,-3.1233048868334263,0</coordinates>
        </LineString>
      </Placemark>
      <Placemark>
        <name>ef_charlie_delta_cd_busip2.838 → ef_charlie_delta_cd_busip2.831</name>
        <description>De: ef_charlie_delta_cd_busip2.838
Para: ef_charlie_delta_cd_busip2.831
Distância: 1.44m</description>
        <styleUrl>#edge_style</styleUrl>
        <LineString>
          <coordinates>-41.76491523459583,-3.1233048868334263,0 -41.76490223995355,-3.1233048868334263,0</coordinates>
        </LineString>
      </Placemark>
      <Placemark>
        <name>ef_charlie_delta_cd_busip2.837 → ef_charlie_delta_cd_busip2.836</name>
        <description>De: ef_charlie_delta_cd_busip2.837
Para: ef_charlie_delta_cd_busip2.836
Distância: 1.44m</description>
        <styleUrl>#edge_style</styleUrl>
        <LineString>
          <coordinates>-41.76491523459583,-3.1232595485980266,0 -41.76490223995355,-3.1232595485980266,0</coordinates>
        </LineString>
      </Placemark>
      <Placemark>
        <name>ef_charlie_delta_cd_busip2.837 → ef_charlie_delta_cd_busip3.756</name>
        <description>De: ef_charlie_delta_cd_busip2.837
Para: ef_charlie_delta_cd_busip3.756
Distância: 0.36m</description>
        <styleUrl>#edge_style</styleUrl>
        <LineString>
          <coordinates>-41.76491523459583,-3.1232595485980266,0 -41.76491523459583,-3.123256324525769,0</coordinates>
        </LineString>
      </Placemark>
      <Placemark>
        <name>ef_charlie_delta_cd_busip3.756 → ef_charlie_delta_cd_busip3.744</name>
        <description>De: ef_charlie_delta_cd_busip3.756
Para: ef_charlie_delta_cd_busip3.744
Distância: 1.44m</description>
        <styleUrl>#edge_style</styleUrl>
        <LineString>
          <coordinates>-41.76491523459583,-3.123256324525769,0 -41.76490232362163,-3.123256324525769,0</coordinates>
        </LineString>
      </Placemark>
      <Placemark>
        <name>ef_charlie_delta_cd_busip4.752 → ef_charlie_delta_cd_busip4.758</name>
        <description>De: ef_charlie_delta_cd_busip4.752
Para: ef_charlie_delta_cd_busip4.758
Distância: 1.44m</description>
        <styleUrl>#edge_style</styleUrl>
        <LineString>
          <coordinates>-41.76491523459583,-3.123168758938845,0 -41.76490232362163,-3.123168758938845,0</coordinates>
        </LineString>
      </Placemark>
      <Placemark>
        <name>ef_charlie_delta_cd_busip4.752 → ef_charlie_delta_cd_busip6.626</name>
        <description>De: ef_charlie_delta_cd_busip4.752
Para: ef_charlie_delta_cd_busip6.626
Distância: 4.07m</description>
        <styleUrl>#edge_style</styleUrl>
        <LineString>
          <coordinates>-41.76491523459583,-3.123168758938845,0 -41.76491523459583,-3.123132190108121,0</coordinates>
        </LineString>
      </Placemark>
      <Placemark>
        <name>ef_charlie_delta_cd_busip6.626 → ef_charlie_delta_cd_busip6.621</name>
        <description>De: ef_charlie_delta_cd_busip6.626
Para: ef_charlie_delta_cd_busip6.621
Distância: 1.41m</description>
        <styleUrl>#edge_style</styleUrl>
        <LineString>
          <coordinates>-41.76491523459583,-3.123132190108121,0 -41.76490253684028,-3.123132190108121,0</coordinates>
        </LineString>
      </Placemark>
      <Placemark>
        <name>ef_charlie_delta_cd_busip6.628 → ef_charlie_delta_cd_busip7.605</name>
        <description>De: ef_charlie_delta_cd_busip6.628
Para: ef_charlie_delta_cd_busip7.605
Distância: 0.02m</description>
        <styleUrl>#edge_style</styleUrl>
        <LineString>
          <coordinates>-41.76491523459583,-3.123086851872721,0 -41.76491523459583,-3.123086715328006,0</coordinates>
        </LineString>
      </Placemark>
      <Placemark>
        <name>ef_charlie_delta_cd_busip6.628 → ef_charlie_delta_cd_busip6.631</name>
        <description>De: ef_charlie_delta_cd_busip6.628
Para: ef_charlie_delta_cd_busip6.631
Distância: 1.41m</description>
        <styleUrl>#edge_style</styleUrl>
        <LineString>
          <coordinates>-41.76491523459583,-3.123086851872721,0 -41.76490253684028,-3.123086851872721,0</coordinates>
        </LineString>
      </Placemark>
      <Placemark>
        <name>ef_charlie_delta_cd_busip7.605 → ef_charlie_delta_cd_busip7.607</name>
        <description>De: ef_charlie_delta_cd_busip7.605
Para: ef_charlie_delta_cd_busip7.607
Distância: 1.40m</description>
        <styleUrl>#edge_style</styleUrl>
        <LineString>
          <coordinates>-41.76491523459583,-3.123086715328006,0 -41.76490261511042,-3.123086715328006,0</coordinates>
        </LineString>
      </Placemark>
      <Placemark>
        <name>ef_charlie_delta_cd_busip7.610 → ef_charlie_delta_cd_busip8.591</name>
        <description>De: ef_charlie_delta_cd_busip7.610
Para: ef_charlie_delta_cd_busip8.591
Distância: 4.41m</description>
        <styleUrl>#edge_style</styleUrl>
        <LineString>
          <coordinates>-41.76491523459583,-3.1230413761942857,0 -41.76491523459583,-3.1230017934983,0</coordinates>
        </LineString>
      </Placemark>
      <Placemark>
        <name>ef_charlie_delta_cd_busip7.610 → ef_charlie_delta_cd_busip7.608</name>
        <description>De: ef_charlie_delta_cd_busip7.610
Para: ef_charlie_delta_cd_busip7.608
Distância: 1.40m</description>
        <styleUrl>#edge_style</styleUrl>
        <LineString>
          <coordinates>-41.76491523459583,-3.1230413761942857,0 -41.76490261511042,-3.1230413761942857,0</coordinates>
        </LineString>
      </Placemark>
      <Placemark>
        <name>ef_charlie_delta_cd_busip8.591 → ef_charlie_delta_cd_busip8.596</name>
        <description>De: ef_charlie_delta_cd_busip8.591
Para: ef_charlie_delta_cd_busip8.596
Distância: 1.39m</description>
        <styleUrl>#edge_style</styleUrl>
        <LineString>
          <coordinates>-41.76491523459583,-3.1230017934983,0 -41.76490276085482,-3.1230017934983,0</coordinates>
        </LineString>
      </Placemark>
      <Placemark>
        <name>ef_charlie_delta_cd_busip10.602 → ef_charlie_delta_cd_busip11.879</name>
        <description>De: ef_charlie_delta_cd_busip10.602
Para: ef_charlie_delta_cd_busip11.879
Distância: 0.02m</description>
        <styleUrl>#edge_style</styleUrl>
        <LineString>
          <coordinates>-41.76491523459583,-3.1228764113134835,0 -41.76491523459583,-3.1228761885300007,0</coordinates>
        </LineString>
      </Placemark>
      <Placemark>
        <name>ef_charlie_delta_cd_busip10.602 → ef_charlie_delta_cd_busip10.599</name>
        <description>De: ef_charlie_delta_cd_busip10.602
Para: ef_charlie_delta_cd_busip10.599
Distância: 1.39m</description>
        <styleUrl>#edge_style</styleUrl>
        <LineString>
          <coordinates>-41.76491523459583,-3.1228764113134835,0 -41.76490276085482,-3.1228764113134835,0</coordinates>
        </LineString>
      </Placemark>
      <Placemark>
        <name>ef_charlie_delta_cd_busip11.879 → ef_charlie_delta_cd_busip11.868</name>
        <description>De: ef_charlie_delta_cd_busip11.879
Para: ef_charlie_delta_cd_busip11.868
Distância: 1.36m</description>
        <styleUrl>#edge_style</styleUrl>
        <LineString>
          <coordinates>-41.76491523459583,-3.1228761885300007,0 -41.76490297677244,-3.1228761885300007,0</coordinates>
        </LineString>
      </Placemark>
      <Placemark>
        <name>ef_charlie_delta_cd_busip12.880 → ef_charlie_delta_cd_busip12.882</name>
        <description>De: ef_charlie_delta_cd_busip12.880
Para: ef_charlie_delta_cd_busip12.882
Distância: 1.36m</description>
        <styleUrl>#edge_style</styleUrl>
        <LineString>
          <coordinates>-41.76491523459583,-3.122789597620814,0 -41.76490297677244,-3.122789597620814,0</coordinates>
        </LineString>
      </Placemark>
      <Placemark>
        <name>ef_charlie_delta_cd_busip12.880 → ef_charlie_delta_cd_busip14.855</name>
        <description>De: ef_charlie_delta_cd_busip12.880
Para: ef_charlie_delta_cd_busip14.855
Distância: 14.55m</description>
        <styleUrl>#edge_style</styleUrl>
        <LineString>
          <coordinates>-41.76491523459583,-3.122789597620814,0 -41.76491523459583,-3.1226589261249216,0</coordinates>
        </LineString>
      </Placemark>
      <Placemark>
        <name>ef_charlie_delta_cd_busip12.880 → pp_10</name>
        <description>De: ef_charlie_delta_cd_busip12.880
Para: pp_10
Distância: 2.62m</description>
        <styleUrl>#edge_style</styleUrl>
        <LineString>
          <coordinates>-41.76491523459583,-3.122789597620814,0 -41.76491523459583,-3.1227660247926963,0</coordinates>
        </LineString>
      </Placemark>
      <Placemark>
        <name>ef_charlie_delta_cd_busip12.880 → pp_11</name>
        <description>De: ef_charlie_delta_cd_busip12.880
Para: pp_11
Distância: 5.62m</description>
        <styleUrl>#edge_style</styleUrl>
        <LineString>
          <coordinates>-41.76491523459583,-3.122789597620814,0 -41.76491523459583,-3.122739075177836,0</coordinates>
        </LineString>
      </Placemark>
      <Placemark>
        <name>ef_charlie_delta_cd_busip12.880 → pp_12</name>
        <description>De: ef_charlie_delta_cd_busip12.880
Para: pp_12
Distância: 8.62m</description>
        <styleUrl>#edge_style</styleUrl>
        <LineString>
          <coordinates>-41.76491523459583,-3.122789597620814,0 -41.76491523459583,-3.122712125562976,0</coordinates>
        </LineString>
      </Placemark>
      <Placemark>
        <name>pp_10 → ef_charlie_delta_cd_busip28.438</name>
        <description>De: pp_10
Para: ef_charlie_delta_cd_busip28.438
Distância: 4.28m</description>
        <styleUrl>#edge_style</styleUrl>
        <LineString>
          <coordinates>-41.76491523459583,-3.1227660247926963,0 -41.76487675987472,-3.1227660247926963,0</coordinates>
        </LineString>
      </Placemark>
      <Placemark>
        <name>pp_10 → ef_charlie_delta_cd_busip14.855</name>
        <description>De: pp_10
Para: ef_charlie_delta_cd_busip14.855
Distância: 11.92m</description>
        <styleUrl>#edge_style</styleUrl>
        <LineString>
          <coordinates>-41.76491523459583,-3.1227660247926963,0 -41.76491523459583,-3.1226589261249216,0</coordinates>
        </LineString>
      </Placemark>
      <Placemark>
        <name>pp_11 → ef_charlie_delta_cd_busip29.819</name>
        <description>De: pp_11
Para: ef_charlie_delta_cd_busip29.819
Distância: 4.27m</description>
        <styleUrl>#edge_style</styleUrl>
        <LineString>
          <coordinates>-41.76491523459583,-3.122739075177836,0 -41.764876839944165,-3.122739075177836,0</coordinates>
        </LineString>
      </Placemark>
      <Placemark>
        <name>pp_11 → ef_charlie_delta_cd_busip14.855</name>
        <description>De: pp_11
Para: ef_charlie_delta_cd_busip14.855
Distância: 8.92m</description>
        <styleUrl>#edge_style</styleUrl>
        <LineString>
          <coordinates>-41.76491523459583,-3.122739075177836,0 -41.76491523459583,-3.1226589261249216,0</coordinates>
        </LineString>
      </Placemark>
      <Placemark>
        <name>pp_12 → ef_charlie_delta_cd_busip29.815</name>
        <description>De: pp_12
Para: ef_charlie_delta_cd_busip29.815
Distância: 4.27m</description>
        <styleUrl>#edge_style</styleUrl>
        <LineString>
          <coordinates>-41.76491523459583,-3.122712125562976,0 -41.764876839944165,-3.122712125562976,0</coordinates>
        </LineString>
      </Placemark>
      <Placemark>
        <name>pp_12 → ef_charlie_delta_cd_busip14.855</name>
        <description>De: pp_12
Para: ef_charlie_delta_cd_busip14.855
Distância: 5.92m</description>
        <styleUrl>#edge_style</styleUrl>
        <LineString>
          <coordinates>-41.76491523459583,-3.122712125562976,0 -41.76491523459583,-3.1226589261249216,0</coordinates>
        </LineString>
      </Placemark>
      <Placemark>
        <name>ef_charlie_delta_cd_busip14.855 → ef_charlie_delta_cd_busip14.860</name>
        <description>De: ef_charlie_delta_cd_busip14.855
Para: ef_charlie_delta_cd_busip14.860
Distância: 1.32m</description>
        <styleUrl>#edge_style</styleUrl>
        <LineString>
          <coordinates>-41.76491523459583,-3.1226589261249216,0 -41.76490335013,-3.1226589261249216,0</coordinates>
        </LineString>
      </Placemark>
      <Placemark>
        <name>ef_charlie_delta_cd_busip14.865 → ef_charlie_delta_cd_busip14.857</name>
        <description>De: ef_charlie_delta_cd_busip14.865
Para: ef_charlie_delta_cd_busip14.857
Distância: 1.32m</description>
        <styleUrl>#edge_style</styleUrl>
        <LineString>
          <coordinates>-41.76491523459583,-3.1226135869912013,0 -41.76490335013,-3.1226135869912013,0</coordinates>
        </LineString>
      </Placemark>
      <Placemark>
        <name>ef_charlie_delta_cd_busip14.865 → ef_charlie_delta_cd_busip15.851</name>
        <description>De: ef_charlie_delta_cd_busip14.865
Para: ef_charlie_delta_cd_busip15.851
Distância: 4.90m</description>
        <styleUrl>#edge_style</styleUrl>
        <LineString>
          <coordinates>-41.76491523459583,-3.1226135869912013,0 -41.76491523459583,-3.122569598931506,0</coordinates>
        </LineString>
      </Placemark>
      <Placemark>
        <name>ef_charlie_delta_cd_busip15.851 → ef_charlie_delta_cd_busip15.847</name>
        <description>De: ef_charlie_delta_cd_busip15.851
Para: ef_charlie_delta_cd_busip15.847
Distância: 1.30m</description>
        <styleUrl>#edge_style</styleUrl>
        <LineString>
          <coordinates>-41.76491523459583,-3.122569598931506,0 -41.764903503971304,-3.122569598931506,0</coordinates>
        </LineString>
      </Placemark>
      <Placemark>
        <name>ef_charlie_delta_cd_busip15.847 → ef_charlie_delta_cd_busip15.854</name>
        <description>De: ef_charlie_delta_cd_busip15.847
Para: ef_charlie_delta_cd_busip15.854
Distância: 2.13m</description>
        <styleUrl>#edge_style</styleUrl>
        <LineString>
          <coordinates>-41.764903503971304,-3.122569598931506,0 -41.764903503971304,-3.1225504278738154,0</coordinates>
        </LineString>
      </Placemark>
      <Placemark>
        <name>ef_charlie_delta_cd_busip15.854 → ef_charlie_delta_cd_busip15.848</name>
        <description>De: ef_charlie_delta_cd_busip15.854
Para: ef_charlie_delta_cd_busip15.848
Distância: 2.91m</description>
        <styleUrl>#edge_style</styleUrl>
        <LineString>
          <coordinates>-41.764903503971304,-3.1225504278738154,0 -41.764903503971304,-3.1225242597977863,0</coordinates>
        </LineString>
      </Placemark>
      <Placemark>
        <name>ef_charlie_delta_cd_busip15.854 → ef_charlie_delta_cd_busip31.800</name>
        <description>De: ef_charlie_delta_cd_busip15.854
Para: ef_charlie_delta_cd_busip31.800
Distância: 2.93m</description>
        <styleUrl>#edge_style</styleUrl>
        <LineString>
          <coordinates>-41.764903503971304,-3.1225504278738154,0 -41.76487714582747,-3.1225504278738154,0</coordinates>
        </LineString>
      </Placemark>
      <Placemark>
        <name>ef_charlie_delta_cd_busip14.860 → ef_charlie_delta_cd_busip14.856</name>
        <description>De: ef_charlie_delta_cd_busip14.860
Para: ef_charlie_delta_cd_busip14.856
Distância: 0.08m</description>
        <styleUrl>#edge_style</styleUrl>
        <LineString>
          <coordinates>-41.76490335013,-3.1226589261249216,0 -41.76490335013,-3.1226582263332556,0</coordinates>
        </LineString>
      </Placemark>
      <Placemark>
        <name>ef_charlie_delta_cd_busip14.856 → ef_charlie_delta_cd_busip14.858</name>
        <description>De: ef_charlie_delta_cd_busip14.856
Para: ef_charlie_delta_cd_busip14.858
Distância: 3.00m</description>
        <styleUrl>#edge_style</styleUrl>
        <LineString>
          <coordinates>-41.76490335013,-3.1226582263332556,0 -41.76490335013,-3.1226312767183955,0</coordinates>
        </LineString>
      </Placemark>
      <Placemark>
        <name>ef_charlie_delta_cd_busip14.856 → ef_charlie_delta_cd_busip30.807</name>
        <description>De: ef_charlie_delta_cd_busip14.856
Para: ef_charlie_delta_cd_busip30.807
Distância: 2.93m</description>
        <styleUrl>#edge_style</styleUrl>
        <LineString>
          <coordinates>-41.76490335013,-3.1226582263332556,0 -41.76487699288582,-3.1226582263332556,0</coordinates>
        </LineString>
      </Placemark>
      <Placemark>
        <name>ef_charlie_delta_cd_busip14.858 → ef_charlie_delta_cd_busip14.857</name>
        <description>De: ef_charlie_delta_cd_busip14.858
Para: ef_charlie_delta_cd_busip14.857
Distância: 1.97m</description>
        <styleUrl>#edge_style</styleUrl>
        <LineString>
          <coordinates>-41.76490335013,-3.1226312767183955,0 -41.76490335013,-3.1226135869912013,0</coordinates>
        </LineString>
      </Placemark>
      <Placemark>
        <name>ef_charlie_delta_cd_busip14.858 → ef_charlie_delta_cd_busip30.809</name>
        <description>De: ef_charlie_delta_cd_busip14.858
Para: ef_charlie_delta_cd_busip30.809
Distância: 2.93m</description>
        <styleUrl>#edge_style</styleUrl>
        <LineString>
          <coordinates>-41.76490335013,-3.1226312767183955,0 -41.76487699288582,-3.1226312767183955,0</coordinates>
        </LineString>
      </Placemark>
      <Placemark>
        <name>ef_charlie_delta_cd_busip11.868 → ef_charlie_delta_cd_busip11.876</name>
        <description>De: ef_charlie_delta_cd_busip11.868
Para: ef_charlie_delta_cd_busip11.876
Distância: 0.26m</description>
        <styleUrl>#edge_style</styleUrl>
        <LineString>
          <coordinates>-41.76490297677244,-3.1228761885300007,0 -41.76490297677244,-3.1228738232521365,0</coordinates>
        </LineString>
      </Placemark>
      <Placemark>
        <name>ef_charlie_delta_cd_busip11.876 → ef_charlie_delta_cd_busip26.453</name>
        <description>De: ef_charlie_delta_cd_busip11.876
Para: ef_charlie_delta_cd_busip26.453
Distância: 2.91m</description>
        <styleUrl>#edge_style</styleUrl>
        <LineString>
          <coordinates>-41.76490297677244,-3.1228738232521365,0 -41.76487675987472,-3.1228738232521365,0</coordinates>
        </LineString>
      </Placemark>
      <Placemark>
        <name>ef_charlie_delta_cd_busip11.876 → ef_charlie_delta_cd_busip11.871</name>
        <description>De: ef_charlie_delta_cd_busip11.876
Para: ef_charlie_delta_cd_busip11.871
Distância: 3.00m</description>
        <styleUrl>#edge_style</styleUrl>
        <LineString>
          <coordinates>-41.76490297677244,-3.1228738232521365,0 -41.76490297677244,-3.1228468736372763,0</coordinates>
        </LineString>
      </Placemark>
      <Placemark>
        <name>ef_charlie_delta_cd_busip11.871 → ef_charlie_delta_cd_busip26.439</name>
        <description>De: ef_charlie_delta_cd_busip11.871
Para: ef_charlie_delta_cd_busip26.439
Distância: 2.91m</description>
        <styleUrl>#edge_style</styleUrl>
        <LineString>
          <coordinates>-41.76490297677244,-3.1228468736372763,0 -41.76487675987472,-3.1228468736372763,0</coordinates>
        </LineString>
      </Placemark>
      <Placemark>
        <name>ef_charlie_delta_cd_busip11.871 → ef_charlie_delta_cd_busip12.872</name>
        <description>De: ef_charlie_delta_cd_busip11.871
Para: ef_charlie_delta_cd_busip12.872
Distância: 3.00m</description>
        <styleUrl>#edge_style</styleUrl>
        <LineString>
          <coordinates>-41.76490297677244,-3.1228468736372763,0 -41.76490297677244,-3.122819924022416,0</coordinates>
        </LineString>
      </Placemark>
      <Placemark>
        <name>ef_charlie_delta_cd_busip12.872 → ef_charlie_delta_cd_busip27.447</name>
        <description>De: ef_charlie_delta_cd_busip12.872
Para: ef_charlie_delta_cd_busip27.447
Distância: 2.91m</description>
        <styleUrl>#edge_style</styleUrl>
        <LineString>
          <coordinates>-41.76490297677244,-3.122819924022416,0 -41.76487675987472,-3.122819924022416,0</coordinates>
        </LineString>
      </Placemark>
      <Placemark>
        <name>ef_charlie_delta_cd_busip12.872 → ef_charlie_delta_cd_busip12.877</name>
        <description>De: ef_charlie_delta_cd_busip12.872
Para: ef_charlie_delta_cd_busip12.877
Distância: 3.00m</description>
        <styleUrl>#edge_style</styleUrl>
        <LineString>
          <coordinates>-41.76490297677244,-3.122819924022416,0 -41.76490297677244,-3.122792974407556,0</coordinates>
        </LineString>
      </Placemark>
      <Placemark>
        <name>ef_charlie_delta_cd_busip12.877 → ef_charlie_delta_cd_busip12.882</name>
        <description>De: ef_charlie_delta_cd_busip12.877
Para: ef_charlie_delta_cd_busip12.882
Distância: 0.38m</description>
        <styleUrl>#edge_style</styleUrl>
        <LineString>
          <coordinates>-41.76490297677244,-3.122792974407556,0 -41.76490297677244,-3.122789597620814,0</coordinates>
        </LineString>
      </Placemark>
      <Placemark>
        <name>ef_charlie_delta_cd_busip12.877 → ef_charlie_delta_cd_busip27.457</name>
        <description>De: ef_charlie_delta_cd_busip12.877
Para: ef_charlie_delta_cd_busip27.457
Distância: 2.91m</description>
        <styleUrl>#edge_style</styleUrl>
        <LineString>
          <coordinates>-41.76490297677244,-3.122792974407556,0 -41.76487675987472,-3.122792974407556,0</coordinates>
        </LineString>
      </Placemark>
      <Placemark>
        <name>ef_charlie_delta_cd_busip8.596 → ef_charlie_delta_cd_busip8.590</name>
        <description>De: ef_charlie_delta_cd_busip8.596
Para: ef_charlie_delta_cd_busip8.590
Distância: 2.25m</description>
        <styleUrl>#edge_style</styleUrl>
        <LineString>
          <coordinates>-41.76490276085482,-3.1230017934983,0 -41.76490276085482,-3.122981621711577,0</coordinates>
        </LineString>
      </Placemark>
      <Placemark>
        <name>ef_charlie_delta_cd_busip8.590 → ef_charlie_delta_cd_busip9.603</name>
        <description>De: ef_charlie_delta_cd_busip8.590
Para: ef_charlie_delta_cd_busip9.603
Distância: 3.00m</description>
        <styleUrl>#edge_style</styleUrl>
        <LineString>
          <coordinates>-41.76490276085482,-3.122981621711577,0 -41.76490276085482,-3.122954672096717,0</coordinates>
        </LineString>
      </Placemark>
      <Placemark>
        <name>ef_charlie_delta_cd_busip8.590 → ef_charlie_delta_cd_busip23.430</name>
        <description>De: ef_charlie_delta_cd_busip8.590
Para: ef_charlie_delta_cd_busip23.430
Distância: 2.89m</description>
        <styleUrl>#edge_style</styleUrl>
        <LineString>
          <coordinates>-41.76490276085482,-3.122981621711577,0 -41.76487675987472,-3.122981621711577,0</coordinates>
        </LineString>
      </Placemark>
      <Placemark>
        <name>ef_charlie_delta_cd_busip9.603 → ef_charlie_delta_cd_busip24.454</name>
        <description>De: ef_charlie_delta_cd_busip9.603
Para: ef_charlie_delta_cd_busip24.454
Distância: 2.89m</description>
        <styleUrl>#edge_style</styleUrl>
        <LineString>
          <coordinates>-41.76490276085482,-3.122954672096717,0 -41.76487675987472,-3.122954672096717,0</coordinates>
        </LineString>
      </Placemark>
      <Placemark>
        <name>ef_charlie_delta_cd_busip9.603 → ef_charlie_delta_cd_busip9.588</name>
        <description>De: ef_charlie_delta_cd_busip9.603
Para: ef_charlie_delta_cd_busip9.588
Distância: 3.00m</description>
        <styleUrl>#edge_style</styleUrl>
        <LineString>
          <coordinates>-41.76490276085482,-3.122954672096717,0 -41.76490276085482,-3.122927722481857,0</coordinates>
        </LineString>
      </Placemark>
      <Placemark>
        <name>ef_charlie_delta_cd_busip9.588 → ef_charlie_delta_cd_busip24.429</name>
        <description>De: ef_charlie_delta_cd_busip9.588
Para: ef_charlie_delta_cd_busip24.429
Distância: 2.89m</description>
        <styleUrl>#edge_style</styleUrl>
        <LineString>
          <coordinates>-41.76490276085482,-3.122927722481857,0 -41.76487675987472,-3.122927722481857,0</coordinates>
        </LineString>
      </Placemark>
      <Placemark>
        <name>ef_charlie_delta_cd_busip9.588 → ef_charlie_delta_cd_busip10.601</name>
        <description>De: ef_charlie_delta_cd_busip9.588
Para: ef_charlie_delta_cd_busip10.601
Distância: 3.00m</description>
        <styleUrl>#edge_style</styleUrl>
        <LineString>
          <coordinates>-41.76490276085482,-3.122927722481857,0 -41.76490276085482,-3.1229007728669966,0</coordinates>
        </LineString>
      </Placemark>
      <Placemark>
        <name>ef_charlie_delta_cd_busip10.601 → ef_charlie_delta_cd_busip25.450</name>
        <description>De: ef_charlie_delta_cd_busip10.601
Para: ef_charlie_delta_cd_busip25.450
Distância: 2.89m</description>
        <styleUrl>#edge_style</styleUrl>
        <LineString>
          <coordinates>-41.76490276085482,-3.1229007728669966,0 -41.76487675987472,-3.1229007728669966,0</coordinates>
        </LineString>
      </Placemark>
      <Placemark>
        <name>ef_charlie_delta_cd_busip10.601 → ef_charlie_delta_cd_busip10.599</name>
        <description>De: ef_charlie_delta_cd_busip10.601
Para: ef_charlie_delta_cd_busip10.599
Distância: 2.71m</description>
        <styleUrl>#edge_style</styleUrl>
        <LineString>
          <coordinates>-41.76490276085482,-3.1229007728669966,0 -41.76490276085482,-3.1228764113134835,0</coordinates>
        </LineString>
      </Placemark>
      <Placemark>
        <name>ef_charlie_delta_cd_busip7.607 → ef_charlie_delta_cd_busip7.609</name>
        <description>De: ef_charlie_delta_cd_busip7.607
Para: ef_charlie_delta_cd_busip7.609
Distância: 2.70m</description>
        <styleUrl>#edge_style</styleUrl>
        <LineString>
          <coordinates>-41.76490261511042,-3.123086715328006,0 -41.76490261511042,-3.123062470556157,0</coordinates>
        </LineString>
      </Placemark>
      <Placemark>
        <name>ef_charlie_delta_cd_busip7.609 → ef_charlie_delta_cd_busip21.483</name>
        <description>De: ef_charlie_delta_cd_busip7.609
Para: ef_charlie_delta_cd_busip21.483
Distância: 2.91m</description>
        <styleUrl>#edge_style</styleUrl>
        <LineString>
          <coordinates>-41.76490261511042,-3.123062470556157,0 -41.7648764710849,-3.123062470556157,0</coordinates>
        </LineString>
      </Placemark>
      <Placemark>
        <name>ef_charlie_delta_cd_busip7.609 → ef_charlie_delta_cd_busip7.608</name>
        <description>De: ef_charlie_delta_cd_busip7.609
Para: ef_charlie_delta_cd_busip7.608
Distância: 2.35m</description>
        <styleUrl>#edge_style</styleUrl>
        <LineString>
          <coordinates>-41.76490261511042,-3.123062470556157,0 -41.76490261511042,-3.1230413761942857,0</coordinates>
        </LineString>
      </Placemark>
      <Placemark>
        <name>ef_charlie_delta_cd_busip6.621 → ef_charlie_delta_cd_busip6.630</name>
        <description>De: ef_charlie_delta_cd_busip6.621
Para: ef_charlie_delta_cd_busip6.630
Distância: 1.76m</description>
        <styleUrl>#edge_style</styleUrl>
        <LineString>
          <coordinates>-41.76490253684028,-3.123132190108121,0 -41.76490253684028,-3.1231163697858775,0</coordinates>
        </LineString>
      </Placemark>
      <Placemark>
        <name>ef_charlie_delta_cd_busip6.630 → ef_charlie_delta_cd_busip6.622</name>
        <description>De: ef_charlie_delta_cd_busip6.630
Para: ef_charlie_delta_cd_busip6.622
Distância: 3.00m</description>
        <styleUrl>#edge_style</styleUrl>
        <LineString>
          <coordinates>-41.76490253684028,-3.1231163697858775,0 -41.76490253684028,-3.1230894201710173,0</coordinates>
        </LineString>
      </Placemark>
      <Placemark>
        <name>ef_charlie_delta_cd_busip6.630 → ef_charlie_delta_cd_busip20.463</name>
        <description>De: ef_charlie_delta_cd_busip6.630
Para: ef_charlie_delta_cd_busip20.463
Distância: 2.90m</description>
        <styleUrl>#edge_style</styleUrl>
        <LineString>
          <coordinates>-41.76490253684028,-3.1231163697858775,0 -41.7648764710849,-3.1231163697858775,0</coordinates>
        </LineString>
      </Placemark>
      <Placemark>
        <name>ef_charlie_delta_cd_busip6.622 → ef_charlie_delta_cd_busip20.469</name>
        <description>De: ef_charlie_delta_cd_busip6.622
Para: ef_charlie_delta_cd_busip20.469
Distância: 2.90m</description>
        <styleUrl>#edge_style</styleUrl>
        <LineString>
          <coordinates>-41.76490253684028,-3.1230894201710173,0 -41.7648764710849,-3.1230894201710173,0</coordinates>
        </LineString>
      </Placemark>
      <Placemark>
        <name>ef_charlie_delta_cd_busip6.622 → ef_charlie_delta_cd_busip6.631</name>
        <description>De: ef_charlie_delta_cd_busip6.622
Para: ef_charlie_delta_cd_busip6.631
Distância: 0.29m</description>
        <styleUrl>#edge_style</styleUrl>
        <LineString>
          <coordinates>-41.76490253684028,-3.1230894201710173,0 -41.76490253684028,-3.123086851872721,0</coordinates>
        </LineString>
      </Placemark>
      <Placemark>
        <name>ef_charlie_delta_cd_busip3.744 → ef_charlie_delta_cd_busip3.743</name>
        <description>De: ef_charlie_delta_cd_busip3.744
Para: ef_charlie_delta_cd_busip3.743
Distância: 0.58m</description>
        <styleUrl>#edge_style</styleUrl>
        <LineString>
          <coordinates>-41.76490232362163,-3.123256324525769,0 -41.76490232362163,-3.123251117860178,0</coordinates>
        </LineString>
      </Placemark>
      <Placemark>
        <name>ef_charlie_delta_cd_busip3.743 → ef_charlie_delta_cd_busip3.746</name>
        <description>De: ef_charlie_delta_cd_busip3.743
Para: ef_charlie_delta_cd_busip3.746
Distância: 3.00m</description>
        <styleUrl>#edge_style</styleUrl>
        <LineString>
          <coordinates>-41.76490232362163,-3.123251117860178,0 -41.76490232362163,-3.123224168245318,0</coordinates>
        </LineString>
      </Placemark>
      <Placemark>
        <name>ef_charlie_delta_cd_busip3.743 → ef_charlie_delta_cd_busip17.460</name>
        <description>De: ef_charlie_delta_cd_busip3.743
Para: ef_charlie_delta_cd_busip17.460
Distância: 2.87m</description>
        <styleUrl>#edge_style</styleUrl>
        <LineString>
          <coordinates>-41.76490232362163,-3.123251117860178,0 -41.7648764710849,-3.123251117860178,0</coordinates>
        </LineString>
      </Placemark>
      <Placemark>
        <name>ef_charlie_delta_cd_busip3.746 → ef_charlie_delta_cd_busip17.464</name>
        <description>De: ef_charlie_delta_cd_busip3.746
Para: ef_charlie_delta_cd_busip17.464
Distância: 2.87m</description>
        <styleUrl>#edge_style</styleUrl>
        <LineString>
          <coordinates>-41.76490232362163,-3.123224168245318,0 -41.7648764710849,-3.123224168245318,0</coordinates>
        </LineString>
      </Placemark>
      <Placemark>
        <name>ef_charlie_delta_cd_busip3.746 → ef_charlie_delta_cd_busip4.757</name>
        <description>De: ef_charlie_delta_cd_busip3.746
Para: ef_charlie_delta_cd_busip4.757
Distância: 3.00m</description>
        <styleUrl>#edge_style</styleUrl>
        <LineString>
          <coordinates>-41.76490232362163,-3.123224168245318,0 -41.76490232362163,-3.123197218630458,0</coordinates>
        </LineString>
      </Placemark>
      <Placemark>
        <name>ef_charlie_delta_cd_busip4.757 → ef_charlie_delta_cd_busip18.476</name>
        <description>De: ef_charlie_delta_cd_busip4.757
Para: ef_charlie_delta_cd_busip18.476
Distância: 2.87m</description>
        <styleUrl>#edge_style</styleUrl>
        <LineString>
          <coordinates>-41.76490232362163,-3.123197218630458,0 -41.7648764710849,-3.123197218630458,0</coordinates>
        </LineString>
      </Placemark>
      <Placemark>
        <name>ef_charlie_delta_cd_busip4.757 → ef_charlie_delta_cd_busip4.748</name>
        <description>De: ef_charlie_delta_cd_busip4.757
Para: ef_charlie_delta_cd_busip4.748
Distância: 3.00m</description>
        <styleUrl>#edge_style</styleUrl>
        <LineString>
          <coordinates>-41.76490232362163,-3.123197218630458,0 -41.76490232362163,-3.123170269015598,0</coordinates>
        </LineString>
      </Placemark>
      <Placemark>
        <name>ef_charlie_delta_cd_busip4.748 → ef_charlie_delta_cd_busip4.758</name>
        <description>De: ef_charlie_delta_cd_busip4.748
Para: ef_charlie_delta_cd_busip4.758
Distância: 0.17m</description>
        <styleUrl>#edge_style</styleUrl>
        <LineString>
          <coordinates>-41.76490232362163,-3.123170269015598,0 -41.76490232362163,-3.123168758938845,0</coordinates>
        </LineString>
      </Placemark>
      <Placemark>
        <name>ef_charlie_delta_cd_busip4.748 → ef_charlie_delta_cd_busip18.473</name>
        <description>De: ef_charlie_delta_cd_busip4.748
Para: ef_charlie_delta_cd_busip18.473
Distância: 2.87m</description>
        <styleUrl>#edge_style</styleUrl>
        <LineString>
          <coordinates>-41.76490232362163,-3.123170269015598,0 -41.7648764710849,-3.123170269015598,0</coordinates>
        </LineString>
      </Placemark>
      <Placemark>
        <name>ef_charlie_delta_cd_busip2.831 → ef_charlie_delta_cd_busip2.829</name>
        <description>De: ef_charlie_delta_cd_busip2.831
Para: ef_charlie_delta_cd_busip2.829
Distância: 2.99m</description>
        <styleUrl>#edge_style</styleUrl>
        <LineString>
          <coordinates>-41.76490223995355,-3.1233048868334263,0 -41.76490223995355,-3.123278067475038,0</coordinates>
        </LineString>
      </Placemark>
      <Placemark>
        <name>ef_charlie_delta_cd_busip2.829 → ef_charlie_delta_cd_busip2.836</name>
        <description>De: ef_charlie_delta_cd_busip2.829
Para: ef_charlie_delta_cd_busip2.836
Distância: 2.06m</description>
        <styleUrl>#edge_style</styleUrl>
        <LineString>
          <coordinates>-41.76490223995355,-3.123278067475038,0 -41.76490223995355,-3.1232595485980266,0</coordinates>
        </LineString>
      </Placemark>
      <Placemark>
        <name>ef_charlie_delta_cd_busip2.829 → ef_charlie_delta_cd_busip33.1079</name>
        <description>De: ef_charlie_delta_cd_busip2.829
Para: ef_charlie_delta_cd_busip33.1079
Distância: 108.52m</description>
        <styleUrl>#edge_style</styleUrl>
        <LineString>
          <coordinates>-41.76490223995355,-3.123278067475038,0 -41.76392594323055,-3.123278067475038,0</coordinates>
        </LineString>
      </Placemark>
      <Placemark>
        <name>ef_charlie_delta_cd_busip2.829 → pp_13</name>
        <description>De: ef_charlie_delta_cd_busip2.829
Para: pp_13
Distância: 4.56m</description>
        <styleUrl>#edge_style</styleUrl>
        <LineString>
          <coordinates>-41.76490223995355,-3.123278067475038,0 -41.76486125519007,-3.123278067475038,0</coordinates>
        </LineString>
      </Placemark>
      <Placemark>
        <name>ef_charlie_delta_cd_busip2.829 → pp_14</name>
        <description>De: ef_charlie_delta_cd_busip2.829
Para: pp_14
Distância: 7.56m</description>
        <styleUrl>#edge_style</styleUrl>
        <LineString>
          <coordinates>-41.76490223995355,-3.123278067475038,0 -41.76483426548719,-3.123278067475038,0</coordinates>
        </LineString>
      </Placemark>
      <Placemark>
        <name>ef_charlie_delta_cd_busip2.829 → pp_34</name>
        <description>De: ef_charlie_delta_cd_busip2.829
Para: pp_34
Distância: 100.56m</description>
        <styleUrl>#edge_style</styleUrl>
        <LineString>
          <coordinates>-41.76490223995355,-3.123278067475038,0 -41.76399758469787,-3.123278067475038,0</coordinates>
        </LineString>
      </Placemark>
      <Placemark>
        <name>ef_charlie_delta_cd_busip2.829 → pp_36</name>
        <description>De: ef_charlie_delta_cd_busip2.829
Para: pp_36
Distância: 103.56m</description>
        <styleUrl>#edge_style</styleUrl>
        <LineString>
          <coordinates>-41.76490223995355,-3.123278067475038,0 -41.76397059499499,-3.123278067475038,0</coordinates>
        </LineString>
      </Placemark>
      <Placemark>
        <name>ef_charlie_delta_cd_busip1.890 → ef_charlie_delta_cd_busip1.887</name>
        <description>De: ef_charlie_delta_cd_busip1.890
Para: ef_charlie_delta_cd_busip1.887
Distância: 2.65m</description>
        <styleUrl>#edge_style</styleUrl>
        <LineString>
          <coordinates>-41.764902152686844,-3.123355794655897,0 -41.764902152686844,-3.1233319667047583,0</coordinates>
        </LineString>
      </Placemark>
      <Placemark>
        <name>ef_charlie_delta_cd_busip1.887 → ef_charlie_delta_cd_busip1.883</name>
        <description>De: ef_charlie_delta_cd_busip1.887
Para: ef_charlie_delta_cd_busip1.883
Distância: 2.39m</description>
        <styleUrl>#edge_style</styleUrl>
        <LineString>
          <coordinates>-41.764902152686844,-3.1233319667047583,0 -41.764902152686844,-3.123310455522177,0</coordinates>
        </LineString>
      </Placemark>
      <Placemark>
        <name>ef_charlie_delta_cd_busip1.887 → ef_charlie_delta_cd_busip16.845</name>
        <description>De: ef_charlie_delta_cd_busip1.887
Para: ef_charlie_delta_cd_busip16.845
Distância: 2.86m</description>
        <styleUrl>#edge_style</styleUrl>
        <LineString>
          <coordinates>-41.764902152686844,-3.1233319667047583,0 -41.76487646118867,-3.1233319667047583,0</coordinates>
        </LineString>
      </Placemark>
      <Placemark>
        <name>ef_charlie_delta_cd_busip31.795 → ef_charlie_delta_cd_busip31.796</name>
        <description>De: ef_charlie_delta_cd_busip31.795
Para: ef_charlie_delta_cd_busip31.796
Distância: 1.77m</description>
        <styleUrl>#edge_style</styleUrl>
        <LineString>
          <coordinates>-41.76487714582747,-3.1225690590408886,0 -41.76486125519007,-3.1225690590408886,0</coordinates>
        </LineString>
      </Placemark>
      <Placemark>
        <name>ef_charlie_delta_cd_busip31.795 → ef_charlie_delta_cd_busip31.800</name>
        <description>De: ef_charlie_delta_cd_busip31.795
Para: ef_charlie_delta_cd_busip31.800
Distância: 2.07m</description>
        <styleUrl>#edge_style</styleUrl>
        <LineString>
          <coordinates>-41.76487714582747,-3.1225690590408886,0 -41.76487714582747,-3.1225504278738154,0</coordinates>
        </LineString>
      </Placemark>
      <Placemark>
        <name>ef_charlie_delta_cd_busip31.800 → ef_charlie_delta_cd_busip31.797</name>
        <description>De: ef_charlie_delta_cd_busip31.800
Para: ef_charlie_delta_cd_busip31.797
Distância: 2.97m</description>
        <styleUrl>#edge_style</styleUrl>
        <LineString>
          <coordinates>-41.76487714582747,-3.1225504278738154,0 -41.76487714582747,-3.1225237199071683,0</coordinates>
        </LineString>
      </Placemark>
      <Placemark>
        <name>ef_charlie_delta_cd_busip31.797 → ef_charlie_delta_cd_busip31.801</name>
        <description>De: ef_charlie_delta_cd_busip31.797
Para: ef_charlie_delta_cd_busip31.801
Distância: 5.45m</description>
        <styleUrl>#edge_style</styleUrl>
        <LineString>
          <coordinates>-41.76487714582747,-3.1225237199071683,0 -41.76482813432635,-3.1225237199071683,0</coordinates>
        </LineString>
      </Placemark>
      <Placemark>
        <name>ef_charlie_delta_cd_busip30.806 → ef_charlie_delta_cd_busip30.807</name>
        <description>De: ef_charlie_delta_cd_busip30.806
Para: ef_charlie_delta_cd_busip30.807
Distância: 0.03m</description>
        <styleUrl>#edge_style</styleUrl>
        <LineString>
          <coordinates>-41.76487699288582,-3.122658497626045,0 -41.76487699288582,-3.1226582263332556,0</coordinates>
        </LineString>
      </Placemark>
      <Placemark>
        <name>ef_charlie_delta_cd_busip30.806 → ef_charlie_delta_cd_busip30.812</name>
        <description>De: ef_charlie_delta_cd_busip30.806
Para: ef_charlie_delta_cd_busip30.812
Distância: 1.75m</description>
        <styleUrl>#edge_style</styleUrl>
        <LineString>
          <coordinates>-41.76487699288582,-3.122658497626045,0 -41.76486125519007,-3.122658497626045,0</coordinates>
        </LineString>
      </Placemark>
      <Placemark>
        <name>ef_charlie_delta_cd_busip30.807 → ef_charlie_delta_cd_busip30.809</name>
        <description>De: ef_charlie_delta_cd_busip30.807
Para: ef_charlie_delta_cd_busip30.809
Distância: 3.00m</description>
        <styleUrl>#edge_style</styleUrl>
        <LineString>
          <coordinates>-41.76487699288582,-3.1226582263332556,0 -41.76487699288582,-3.1226312767183955,0</coordinates>
        </LineString>
      </Placemark>
      <Placemark>
        <name>ef_charlie_delta_cd_busip30.809 → ef_charlie_delta_cd_busip30.808</name>
        <description>De: ef_charlie_delta_cd_busip30.809
Para: ef_charlie_delta_cd_busip30.808
Distância: 2.02m</description>
        <styleUrl>#edge_style</styleUrl>
        <LineString>
          <coordinates>-41.76487699288582,-3.1226312767183955,0 -41.76487699288582,-3.122613158492325,0</coordinates>
        </LineString>
      </Placemark>
      <Placemark>
        <name>ef_charlie_delta_cd_busip30.808 → ef_charlie_delta_cd_busip30.802</name>
        <description>De: ef_charlie_delta_cd_busip30.808
Para: ef_charlie_delta_cd_busip30.802
Distância: 1.75m</description>
        <styleUrl>#edge_style</styleUrl>
        <LineString>
          <coordinates>-41.76487699288582,-3.122613158492325,0 -41.76486125519007,-3.122613158492325,0</coordinates>
        </LineString>
      </Placemark>
      <Placemark>
        <name>ef_charlie_delta_cd_busip29.818 → ef_charlie_delta_cd_busip29.819</name>
        <description>De: ef_charlie_delta_cd_busip29.818
Para: ef_charlie_delta_cd_busip29.819
Distância: 0.94m</description>
        <styleUrl>#edge_style</styleUrl>
        <LineString>
          <coordinates>-41.764876839944165,-3.1227474780677493,0 -41.764876839944165,-3.122739075177836,0</coordinates>
        </LineString>
      </Placemark>
      <Placemark>
        <name>ef_charlie_delta_cd_busip29.818 → ef_charlie_delta_cd_busip29.823</name>
        <description>De: ef_charlie_delta_cd_busip29.818
Para: ef_charlie_delta_cd_busip29.823
Distância: 1.73m</description>
        <styleUrl>#edge_style</styleUrl>
        <LineString>
          <coordinates>-41.764876839944165,-3.1227474780677493,0 -41.76486125519007,-3.1227474780677493,0</coordinates>
        </LineString>
      </Placemark>
      <Placemark>
        <name>ef_charlie_delta_cd_busip29.819 → ef_charlie_delta_cd_busip29.815</name>
        <description>De: ef_charlie_delta_cd_busip29.819
Para: ef_charlie_delta_cd_busip29.815
Distância: 3.00m</description>
        <styleUrl>#edge_style</styleUrl>
        <LineString>
          <coordinates>-41.764876839944165,-3.122739075177836,0 -41.764876839944165,-3.122712125562976,0</coordinates>
        </LineString>
      </Placemark>
      <Placemark>
        <name>ef_charlie_delta_cd_busip29.815 → ef_charlie_delta_cd_busip29.813</name>
        <description>De: ef_charlie_delta_cd_busip29.815
Para: ef_charlie_delta_cd_busip29.813
Distância: 1.11m</description>
        <styleUrl>#edge_style</styleUrl>
        <LineString>
          <coordinates>-41.764876839944165,-3.122712125562976,0 -41.764876839944165,-3.1227021398323496,0</coordinates>
        </LineString>
      </Placemark>
      <Placemark>
        <name>ef_charlie_delta_cd_busip29.813 → ef_charlie_delta_cd_busip29.822</name>
        <description>De: ef_charlie_delta_cd_busip29.813
Para: ef_charlie_delta_cd_busip29.822
Distância: 1.73m</description>
        <styleUrl>#edge_style</styleUrl>
        <LineString>
          <coordinates>-41.764876839944165,-3.1227021398323496,0 -41.76486125519007,-3.1227021398323496,0</coordinates>
        </LineString>
      </Placemark>
      <Placemark>
        <name>ef_charlie_delta_cd_busip22.452 → ef_charlie_delta_cd_busip23.430</name>
        <description>De: ef_charlie_delta_cd_busip22.452
Para: ef_charlie_delta_cd_busip23.430
Distância: 2.38m</description>
        <styleUrl>#edge_style</styleUrl>
        <LineString>
          <coordinates>-41.76487675987472,-3.123003034078904,0 -41.76487675987472,-3.122981621711577,0</coordinates>
        </LineString>
      </Placemark>
      <Placemark>
        <name>ef_charlie_delta_cd_busip22.452 → ef_charlie_delta_cd_busip22.827</name>
        <description>De: ef_charlie_delta_cd_busip22.452
Para: ef_charlie_delta_cd_busip22.827
Distância: 0.62m</description>
        <styleUrl>#edge_style</styleUrl>
        <LineString>
          <coordinates>-41.76487675987472,-3.123003034078904,0 -41.76487652776327,-3.1230085713264373,0</coordinates>
        </LineString>
      </Placemark>
      <Placemark>
        <name>ef_charlie_delta_cd_busip23.430 → ef_charlie_delta_cd_busip24.454</name>
        <description>De: ef_charlie_delta_cd_busip23.430
Para: ef_charlie_delta_cd_busip24.454
Distância: 3.00m</description>
        <styleUrl>#edge_style</styleUrl>
        <LineString>
          <coordinates>-41.76487675987472,-3.122981621711577,0 -41.76487675987472,-3.122954672096717,0</coordinates>
        </LineString>
      </Placemark>
      <Placemark>
        <name>ef_charlie_delta_cd_busip24.454 → ef_charlie_delta_cd_busip24.429</name>
        <description>De: ef_charlie_delta_cd_busip24.454
Para: ef_charlie_delta_cd_busip24.429
Distância: 3.00m</description>
        <styleUrl>#edge_style</styleUrl>
        <LineString>
          <coordinates>-41.76487675987472,-3.122954672096717,0 -41.76487675987472,-3.122927722481857,0</coordinates>
        </LineString>
      </Placemark>
      <Placemark>
        <name>ef_charlie_delta_cd_busip24.429 → ef_charlie_delta_cd_busip25.450</name>
        <description>De: ef_charlie_delta_cd_busip24.429
Para: ef_charlie_delta_cd_busip25.450
Distância: 3.00m</description>
        <styleUrl>#edge_style</styleUrl>
        <LineString>
          <coordinates>-41.76487675987472,-3.122927722481857,0 -41.76487675987472,-3.1229007728669966,0</coordinates>
        </LineString>
      </Placemark>
      <Placemark>
        <name>ef_charlie_delta_cd_busip25.450 → ef_charlie_delta_cd_busip26.453</name>
        <description>De: ef_charlie_delta_cd_busip25.450
Para: ef_charlie_delta_cd_busip26.453
Distância: 3.00m</description>
        <styleUrl>#edge_style</styleUrl>
        <LineString>
          <coordinates>-41.76487675987472,-3.1229007728669966,0 -41.76487675987472,-3.1228738232521365,0</coordinates>
        </LineString>
      </Placemark>
      <Placemark>
        <name>ef_charlie_delta_cd_busip26.453 → ef_charlie_delta_cd_busip26.439</name>
        <description>De: ef_charlie_delta_cd_busip26.453
Para: ef_charlie_delta_cd_busip26.439
Distância: 3.00m</description>
        <styleUrl>#edge_style</styleUrl>
        <LineString>
          <coordinates>-41.76487675987472,-3.1228738232521365,0 -41.76487675987472,-3.1228468736372763,0</coordinates>
        </LineString>
      </Placemark>
      <Placemark>
        <name>ef_charlie_delta_cd_busip26.439 → ef_charlie_delta_cd_busip27.447</name>
        <description>De: ef_charlie_delta_cd_busip26.439
Para: ef_charlie_delta_cd_busip27.447
Distância: 3.00m</description>
        <styleUrl>#edge_style</styleUrl>
        <LineString>
          <coordinates>-41.76487675987472,-3.1228468736372763,0 -41.76487675987472,-3.122819924022416,0</coordinates>
        </LineString>
      </Placemark>
      <Placemark>
        <name>ef_charlie_delta_cd_busip27.447 → ef_charlie_delta_cd_busip27.457</name>
        <description>De: ef_charlie_delta_cd_busip27.447
Para: ef_charlie_delta_cd_busip27.457
Distância: 3.00m</description>
        <styleUrl>#edge_style</styleUrl>
        <LineString>
          <coordinates>-41.76487675987472,-3.122819924022416,0 -41.76487675987472,-3.122792974407556,0</coordinates>
        </LineString>
      </Placemark>
      <Placemark>
        <name>ef_charlie_delta_cd_busip27.457 → ef_charlie_delta_cd_busip28.438</name>
        <description>De: ef_charlie_delta_cd_busip27.457
Para: ef_charlie_delta_cd_busip28.438
Distância: 3.00m</description>
        <styleUrl>#edge_style</styleUrl>
        <LineString>
          <coordinates>-41.76487675987472,-3.122792974407556,0 -41.76487675987472,-3.1227660247926963,0</coordinates>
        </LineString>
      </Placemark>
      <Placemark>
        <name>ef_charlie_delta_cd_busip28.438 → ef_charlie_delta_cd_busip28.432</name>
        <description>De: ef_charlie_delta_cd_busip28.438
Para: ef_charlie_delta_cd_busip28.432
Distância: 1.96m</description>
        <styleUrl>#edge_style</styleUrl>
        <LineString>
          <coordinates>-41.76487675987472,-3.1227660247926963,0 -41.76487675987472,-3.1227484033378596,0</coordinates>
        </LineString>
      </Placemark>
      <Placemark>
        <name>ef_charlie_delta_cd_busip28.432 → ef_charlie_delta_cd_busip28.451</name>
        <description>De: ef_charlie_delta_cd_busip28.432
Para: ef_charlie_delta_cd_busip28.451
Distância: 1.72m</description>
        <styleUrl>#edge_style</styleUrl>
        <LineString>
          <coordinates>-41.76487675987472,-3.1227484033378596,0 -41.76486125519007,-3.1227484033378596,0</coordinates>
        </LineString>
      </Placemark>
      <Placemark>
        <name>ef_charlie_delta_cd_busip21.828 → ef_charlie_delta_cd_busip22.826</name>
        <description>De: ef_charlie_delta_cd_busip21.828
Para: ef_charlie_delta_cd_busip22.826
Distância: 1.09m</description>
        <styleUrl>#edge_style</styleUrl>
        <LineString>
          <coordinates>-41.76487652776327,-3.1230452856850817,0 -41.76487652776327,-3.123035520941297,0</coordinates>
        </LineString>
      </Placemark>
      <Placemark>
        <name>ef_charlie_delta_cd_busip21.828 → ef_charlie_delta_cd_busip21.483</name>
        <description>De: ef_charlie_delta_cd_busip21.828
Para: ef_charlie_delta_cd_busip21.483
Distância: 1.91m</description>
        <styleUrl>#edge_style</styleUrl>
        <LineString>
          <coordinates>-41.76487652776327,-3.1230452856850817,0 -41.7648764710849,-3.123062470556157,0</coordinates>
        </LineString>
      </Placemark>
      <Placemark>
        <name>ef_charlie_delta_cd_busip22.826 → ef_charlie_delta_cd_busip22.827</name>
        <description>De: ef_charlie_delta_cd_busip22.826
Para: ef_charlie_delta_cd_busip22.827
Distância: 3.00m</description>
        <styleUrl>#edge_style</styleUrl>
        <LineString>
          <coordinates>-41.76487652776327,-3.123035520941297,0 -41.76487652776327,-3.1230085713264373,0</coordinates>
        </LineString>
      </Placemark>
      <Placemark>
        <name>ef_charlie_delta_cd_busip17.467 → ef_charlie_delta_cd_busip17.458</name>
        <description>De: ef_charlie_delta_cd_busip17.467
Para: ef_charlie_delta_cd_busip17.458
Distância: 1.69m</description>
        <styleUrl>#edge_style</styleUrl>
        <LineString>
          <coordinates>-41.7648764710849,-3.123253230709983,0 -41.76486125519007,-3.123253230709983,0</coordinates>
        </LineString>
      </Placemark>
      <Placemark>
        <name>ef_charlie_delta_cd_busip17.467 → ef_charlie_delta_cd_busip17.460</name>
        <description>De: ef_charlie_delta_cd_busip17.467
Para: ef_charlie_delta_cd_busip17.460
Distância: 0.24m</description>
        <styleUrl>#edge_style</styleUrl>
        <LineString>
          <coordinates>-41.7648764710849,-3.123253230709983,0 -41.7648764710849,-3.123251117860178,0</coordinates>
        </LineString>
      </Placemark>
      <Placemark>
        <name>ef_charlie_delta_cd_busip17.460 → ef_charlie_delta_cd_busip17.464</name>
        <description>De: ef_charlie_delta_cd_busip17.460
Para: ef_charlie_delta_cd_busip17.464
Distância: 3.00m</description>
        <styleUrl>#edge_style</styleUrl>
        <LineString>
          <coordinates>-41.7648764710849,-3.123251117860178,0 -41.7648764710849,-3.123224168245318,0</coordinates>
        </LineString>
      </Placemark>
      <Placemark>
        <name>ef_charlie_delta_cd_busip17.464 → ef_charlie_delta_cd_busip18.476</name>
        <description>De: ef_charlie_delta_cd_busip17.464
Para: ef_charlie_delta_cd_busip18.476
Distância: 3.00m</description>
        <styleUrl>#edge_style</styleUrl>
        <LineString>
          <coordinates>-41.7648764710849,-3.123224168245318,0 -41.7648764710849,-3.123197218630458,0</coordinates>
        </LineString>
      </Placemark>
      <Placemark>
        <name>ef_charlie_delta_cd_busip18.476 → ef_charlie_delta_cd_busip18.473</name>
        <description>De: ef_charlie_delta_cd_busip18.476
Para: ef_charlie_delta_cd_busip18.473
Distância: 3.00m</description>
        <styleUrl>#edge_style</styleUrl>
        <LineString>
          <coordinates>-41.7648764710849,-3.123197218630458,0 -41.7648764710849,-3.123170269015598,0</coordinates>
        </LineString>
      </Placemark>
      <Placemark>
        <name>ef_charlie_delta_cd_busip18.473 → ef_charlie_delta_cd_busip19.484</name>
        <description>De: ef_charlie_delta_cd_busip18.473
Para: ef_charlie_delta_cd_busip19.484
Distância: 3.00m</description>
        <styleUrl>#edge_style</styleUrl>
        <LineString>
          <coordinates>-41.7648764710849,-3.123170269015598,0 -41.7648764710849,-3.1231433194007376,0</coordinates>
        </LineString>
      </Placemark>
      <Placemark>
        <name>ef_charlie_delta_cd_busip19.484 → ef_charlie_delta_cd_busip20.463</name>
        <description>De: ef_charlie_delta_cd_busip19.484
Para: ef_charlie_delta_cd_busip20.463
Distância: 3.00m</description>
        <styleUrl>#edge_style</styleUrl>
        <LineString>
          <coordinates>-41.7648764710849,-3.1231433194007376,0 -41.7648764710849,-3.1231163697858775,0</coordinates>
        </LineString>
      </Placemark>
      <Placemark>
        <name>ef_charlie_delta_cd_busip20.463 → ef_charlie_delta_cd_busip20.469</name>
        <description>De: ef_charlie_delta_cd_busip20.463
Para: ef_charlie_delta_cd_busip20.469
Distância: 3.00m</description>
        <styleUrl>#edge_style</styleUrl>
        <LineString>
          <coordinates>-41.7648764710849,-3.1231163697858775,0 -41.7648764710849,-3.1230894201710173,0</coordinates>
        </LineString>
      </Placemark>
      <Placemark>
        <name>ef_charlie_delta_cd_busip20.469 → ef_charlie_delta_cd_busip21.483</name>
        <description>De: ef_charlie_delta_cd_busip20.469
Para: ef_charlie_delta_cd_busip21.483
Distância: 3.00m</description>
        <styleUrl>#edge_style</styleUrl>
        <LineString>
          <coordinates>-41.7648764710849,-3.1230894201710173,0 -41.7648764710849,-3.123062470556157,0</coordinates>
        </LineString>
      </Placemark>
      <Placemark>
        <name>ef_charlie_delta_cd_busip16.839 → ef_charlie_delta_cd_busip16.845</name>
        <description>De: ef_charlie_delta_cd_busip16.839
Para: ef_charlie_delta_cd_busip16.845
Distância: 2.64m</description>
        <styleUrl>#edge_style</styleUrl>
        <LineString>
          <coordinates>-41.76487646118867,-3.123355649127977,0 -41.76487646118867,-3.1233319667047583,0</coordinates>
        </LineString>
      </Placemark>
      <Placemark>
        <name>ef_charlie_delta_cd_busip16.839 → ef_charlie_delta_cd_busip16.843</name>
        <description>De: ef_charlie_delta_cd_busip16.839
Para: ef_charlie_delta_cd_busip16.843
Distância: 5.45m</description>
        <styleUrl>#edge_style</styleUrl>
        <LineString>
          <coordinates>-41.76487646118867,-3.123355649127977,0 -41.76482744968755,-3.123355649127977,0</coordinates>
        </LineString>
      </Placemark>
      <Placemark>
        <name>ef_charlie_delta_cd_busip16.845 → ef_charlie_delta_cd_busip16.840</name>
        <description>De: ef_charlie_delta_cd_busip16.845
Para: ef_charlie_delta_cd_busip16.840
Distância: 2.41m</description>
        <styleUrl>#edge_style</styleUrl>
        <LineString>
          <coordinates>-41.76487646118867,-3.1233319667047583,0 -41.76487646118867,-3.123310309994257,0</coordinates>
        </LineString>
      </Placemark>
      <Placemark>
        <name>ef_charlie_delta_cd_busip16.840 → ef_charlie_delta_cd_busip16.846</name>
        <description>De: ef_charlie_delta_cd_busip16.840
Para: ef_charlie_delta_cd_busip16.846
Distância: 1.69m</description>
        <styleUrl>#edge_style</styleUrl>
        <LineString>
          <coordinates>-41.76487646118867,-3.123310309994257,0 -41.76486125519007,-3.123310309994257,0</coordinates>
        </LineString>
      </Placemark>
      <Placemark>
        <name>ef_charlie_delta_cd_busip16.846 → ef_charlie_delta_cd_busip16.841</name>
        <description>De: ef_charlie_delta_cd_busip16.846
Para: ef_charlie_delta_cd_busip16.841
Distância: 3.00m</description>
        <styleUrl>#edge_style</styleUrl>
        <LineString>
          <coordinates>-41.76486125519007,-3.123310309994257,0 -41.76483426548719,-3.123310309994257,0</coordinates>
        </LineString>
      </Placemark>
      <Placemark>
        <name>ef_charlie_delta_cd_busip16.846 → ef_charlie_delta_cd_busip17.458</name>
        <description>De: ef_charlie_delta_cd_busip16.846
Para: ef_charlie_delta_cd_busip17.458
Distância: 6.35m</description>
        <styleUrl>#edge_style</styleUrl>
        <LineString>
          <coordinates>-41.76486125519007,-3.123310309994257,0 -41.76486125519007,-3.123253230709983,0</coordinates>
        </LineString>
      </Placemark>
      <Placemark>
        <name>ef_charlie_delta_cd_busip16.846 → pp_13</name>
        <description>De: ef_charlie_delta_cd_busip16.846
Para: pp_13
Distância: 3.59m</description>
        <styleUrl>#edge_style</styleUrl>
        <LineString>
          <coordinates>-41.76486125519007,-3.123310309994257,0 -41.76486125519007,-3.123278067475038,0</coordinates>
        </LineString>
      </Placemark>
      <Placemark>
        <name>pp_13 → ef_charlie_delta_cd_busip33.1079</name>
        <description>De: pp_13
Para: ef_charlie_delta_cd_busip33.1079
Distância: 103.96m</description>
        <styleUrl>#edge_style</styleUrl>
        <LineString>
          <coordinates>-41.76486125519007,-3.123278067475038,0 -41.76392594323055,-3.123278067475038,0</coordinates>
        </LineString>
      </Placemark>
      <Placemark>
        <name>pp_13 → ef_charlie_delta_cd_busip17.458</name>
        <description>De: pp_13
Para: ef_charlie_delta_cd_busip17.458
Distância: 2.76m</description>
        <styleUrl>#edge_style</styleUrl>
        <LineString>
          <coordinates>-41.76486125519007,-3.123278067475038,0 -41.76486125519007,-3.123253230709983,0</coordinates>
        </LineString>
      </Placemark>
      <Placemark>
        <name>ef_charlie_delta_cd_busip17.458 → ef_charlie_delta_cd_busip17.475</name>
        <description>De: ef_charlie_delta_cd_busip17.458
Para: ef_charlie_delta_cd_busip17.475
Distância: 3.00m</description>
        <styleUrl>#edge_style</styleUrl>
        <LineString>
          <coordinates>-41.76486125519007,-3.123253230709983,0 -41.76483426548719,-3.123253230709983,0</coordinates>
        </LineString>
      </Placemark>
      <Placemark>
        <name>ef_charlie_delta_cd_busip28.451 → ef_charlie_delta_cd_busip28.435</name>
        <description>De: ef_charlie_delta_cd_busip28.451
Para: ef_charlie_delta_cd_busip28.435
Distância: 3.00m</description>
        <styleUrl>#edge_style</styleUrl>
        <LineString>
          <coordinates>-41.76486125519007,-3.1227484033378596,0 -41.76483426548719,-3.1227484033378596,0</coordinates>
        </LineString>
      </Placemark>
      <Placemark>
        <name>ef_charlie_delta_cd_busip28.451 → ef_charlie_delta_cd_busip29.823</name>
        <description>De: ef_charlie_delta_cd_busip28.451
Para: ef_charlie_delta_cd_busip29.823
Distância: 0.10m</description>
        <styleUrl>#edge_style</styleUrl>
        <LineString>
          <coordinates>-41.76486125519007,-3.1227484033378596,0 -41.76486125519007,-3.1227474780677493,0</coordinates>
        </LineString>
      </Placemark>
      <Placemark>
        <name>ef_charlie_delta_cd_busip29.823 → ef_charlie_delta_cd_busip29.817</name>
        <description>De: ef_charlie_delta_cd_busip29.823
Para: ef_charlie_delta_cd_busip29.817
Distância: 3.00m</description>
        <styleUrl>#edge_style</styleUrl>
        <LineString>
          <coordinates>-41.76486125519007,-3.1227474780677493,0 -41.76483426548719,-3.1227474780677493,0</coordinates>
        </LineString>
      </Placemark>
      <Placemark>
        <name>ef_charlie_delta_cd_busip29.822 → ef_charlie_delta_cd_busip29.820</name>
        <description>De: ef_charlie_delta_cd_busip29.822
Para: ef_charlie_delta_cd_busip29.820
Distância: 3.00m</description>
        <styleUrl>#edge_style</styleUrl>
        <LineString>
          <coordinates>-41.76486125519007,-3.1227021398323496,0 -41.76483426548719,-3.1227021398323496,0</coordinates>
        </LineString>
      </Placemark>
      <Placemark>
        <name>ef_charlie_delta_cd_busip29.822 → ef_charlie_delta_cd_busip30.812</name>
        <description>De: ef_charlie_delta_cd_busip29.822
Para: ef_charlie_delta_cd_busip30.812
Distância: 4.86m</description>
        <styleUrl>#edge_style</styleUrl>
        <LineString>
          <coordinates>-41.76486125519007,-3.1227021398323496,0 -41.76486125519007,-3.122658497626045,0</coordinates>
        </LineString>
      </Placemark>
      <Placemark>
        <name>ef_charlie_delta_cd_busip30.812 → ef_charlie_delta_cd_busip30.804</name>
        <description>De: ef_charlie_delta_cd_busip30.812
Para: ef_charlie_delta_cd_busip30.804
Distância: 3.00m</description>
        <styleUrl>#edge_style</styleUrl>
        <LineString>
          <coordinates>-41.76486125519007,-3.122658497626045,0 -41.76483426548719,-3.122658497626045,0</coordinates>
        </LineString>
      </Placemark>
      <Placemark>
        <name>ef_charlie_delta_cd_busip30.802 → ef_charlie_delta_cd_busip30.805</name>
        <description>De: ef_charlie_delta_cd_busip30.802
Para: ef_charlie_delta_cd_busip30.805
Distância: 3.00m</description>
        <styleUrl>#edge_style</styleUrl>
        <LineString>
          <coordinates>-41.76486125519007,-3.122613158492325,0 -41.76483426548719,-3.122613158492325,0</coordinates>
        </LineString>
      </Placemark>
      <Placemark>
        <name>ef_charlie_delta_cd_busip30.802 → ef_charlie_delta_cd_busip31.796</name>
        <description>De: ef_charlie_delta_cd_busip30.802
Para: ef_charlie_delta_cd_busip31.796
Distância: 4.91m</description>
        <styleUrl>#edge_style</styleUrl>
        <LineString>
          <coordinates>-41.76486125519007,-3.122613158492325,0 -41.76486125519007,-3.1225690590408886,0</coordinates>
        </LineString>
      </Placemark>
      <Placemark>
        <name>ef_charlie_delta_cd_busip31.796 → ef_charlie_delta_cd_busip31.798</name>
        <description>De: ef_charlie_delta_cd_busip31.796
Para: ef_charlie_delta_cd_busip31.798
Distância: 3.00m</description>
        <styleUrl>#edge_style</styleUrl>
        <LineString>
          <coordinates>-41.76486125519007,-3.1225690590408886,0 -41.76483426548719,-3.1225690590408886,0</coordinates>
        </LineString>
      </Placemark>
      <Placemark>
        <name>ef_charlie_delta_cd_busip16.841 → ef_charlie_delta_cd_busip16.844</name>
        <description>De: ef_charlie_delta_cd_busip16.841
Para: ef_charlie_delta_cd_busip16.844
Distância: 0.76m</description>
        <styleUrl>#edge_style</styleUrl>
        <LineString>
          <coordinates>-41.76483426548719,-3.123310309994257,0 -41.76482744968755,-3.123310309994257,0</coordinates>
        </LineString>
      </Placemark>
      <Placemark>
        <name>ef_charlie_delta_cd_busip16.841 → ef_charlie_delta_cd_busip17.475</name>
        <description>De: ef_charlie_delta_cd_busip16.841
Para: ef_charlie_delta_cd_busip17.475
Distância: 6.35m</description>
        <styleUrl>#edge_style</styleUrl>
        <LineString>
          <coordinates>-41.76483426548719,-3.123310309994257,0 -41.76483426548719,-3.123253230709983,0</coordinates>
        </LineString>
      </Placemark>
      <Placemark>
        <name>ef_charlie_delta_cd_busip16.841 → pp_14</name>
        <description>De: ef_charlie_delta_cd_busip16.841
Para: pp_14
Distância: 3.59m</description>
        <styleUrl>#edge_style</styleUrl>
        <LineString>
          <coordinates>-41.76483426548719,-3.123310309994257,0 -41.76483426548719,-3.123278067475038,0</coordinates>
        </LineString>
      </Placemark>
      <Placemark>
        <name>pp_14 → ef_charlie_delta_cd_busip33.1079</name>
        <description>De: pp_14
Para: ef_charlie_delta_cd_busip33.1079
Distância: 100.96m</description>
        <styleUrl>#edge_style</styleUrl>
        <LineString>
          <coordinates>-41.76483426548719,-3.123278067475038,0 -41.76392594323055,-3.123278067475038,0</coordinates>
        </LineString>
      </Placemark>
      <Placemark>
        <name>pp_14 → ef_charlie_delta_cd_busip17.475</name>
        <description>De: pp_14
Para: ef_charlie_delta_cd_busip17.475
Distância: 2.76m</description>
        <styleUrl>#edge_style</styleUrl>
        <LineString>
          <coordinates>-41.76483426548719,-3.123278067475038,0 -41.76483426548719,-3.123253230709983,0</coordinates>
        </LineString>
      </Placemark>
      <Placemark>
        <name>ef_charlie_delta_cd_busip17.475 → ef_charlie_delta_cd_disjuntor1.482</name>
        <description>De: ef_charlie_delta_cd_busip17.475
Para: ef_charlie_delta_cd_disjuntor1.482
Distância: 6.73m</description>
        <styleUrl>#edge_style</styleUrl>
        <LineString>
          <coordinates>-41.76483426548719,-3.123253230709983,0 -41.7647736781025,-3.123253230709983,0</coordinates>
        </LineString>
      </Placemark>
      <Placemark>
        <name>ef_charlie_delta_cd_busip28.435 → ef_charlie_delta_cd_disjuntor6.449</name>
        <description>De: ef_charlie_delta_cd_busip28.435
Para: ef_charlie_delta_cd_disjuntor6.449
Distância: 6.69m</description>
        <styleUrl>#edge_style</styleUrl>
        <LineString>
          <coordinates>-41.76483426548719,-3.1227484033378596,0 -41.76477406405525,-3.1227484033378596,0</coordinates>
        </LineString>
      </Placemark>
      <Placemark>
        <name>ef_charlie_delta_cd_busip28.435 → ef_charlie_delta_cd_busip29.817</name>
        <description>De: ef_charlie_delta_cd_busip28.435
Para: ef_charlie_delta_cd_busip29.817
Distância: 0.10m</description>
        <styleUrl>#edge_style</styleUrl>
        <LineString>
          <coordinates>-41.76483426548719,-3.1227484033378596,0 -41.76483426548719,-3.1227474780677493,0</coordinates>
        </LineString>
      </Placemark>
      <Placemark>
        <name>ef_charlie_delta_cd_busip29.817 → ef_charlie_delta_cd_busip29.814</name>
        <description>De: ef_charlie_delta_cd_busip29.817
Para: ef_charlie_delta_cd_busip29.814
Distância: 0.72m</description>
        <styleUrl>#edge_style</styleUrl>
        <LineString>
          <coordinates>-41.76483426548719,-3.1227474780677493,0 -41.76482782754339,-3.1227474780677493,0</coordinates>
        </LineString>
      </Placemark>
      <Placemark>
        <name>ef_charlie_delta_cd_busip29.820 → ef_charlie_delta_cd_busip30.804</name>
        <description>De: ef_charlie_delta_cd_busip29.820
Para: ef_charlie_delta_cd_busip30.804
Distância: 4.86m</description>
        <styleUrl>#edge_style</styleUrl>
        <LineString>
          <coordinates>-41.76483426548719,-3.1227021398323496,0 -41.76483426548719,-3.122658497626045,0</coordinates>
        </LineString>
      </Placemark>
      <Placemark>
        <name>ef_charlie_delta_cd_busip29.820 → ef_charlie_delta_cd_busip29.824</name>
        <description>De: ef_charlie_delta_cd_busip29.820
Para: ef_charlie_delta_cd_busip29.824
Distância: 0.72m</description>
        <styleUrl>#edge_style</styleUrl>
        <LineString>
          <coordinates>-41.76483426548719,-3.1227021398323496,0 -41.76482782754339,-3.1227021398323496,0</coordinates>
        </LineString>
      </Placemark>
      <Placemark>
        <name>ef_charlie_delta_cd_busip30.804 → ef_charlie_delta_cd_busip30.811</name>
        <description>De: ef_charlie_delta_cd_busip30.804
Para: ef_charlie_delta_cd_busip30.811
Distância: 0.70m</description>
        <styleUrl>#edge_style</styleUrl>
        <LineString>
          <coordinates>-41.76483426548719,-3.122658497626045,0 -41.764827980485045,-3.122658497626045,0</coordinates>
        </LineString>
      </Placemark>
      <Placemark>
        <name>ef_charlie_delta_cd_busip30.805 → ef_charlie_delta_cd_busip30.803</name>
        <description>De: ef_charlie_delta_cd_busip30.805
Para: ef_charlie_delta_cd_busip30.803
Distância: 0.70m</description>
        <styleUrl>#edge_style</styleUrl>
        <LineString>
          <coordinates>-41.76483426548719,-3.122613158492325,0 -41.764827980485045,-3.122613158492325,0</coordinates>
        </LineString>
      </Placemark>
      <Placemark>
        <name>ef_charlie_delta_cd_busip30.805 → ef_charlie_delta_cd_busip31.798</name>
        <description>De: ef_charlie_delta_cd_busip30.805
Para: ef_charlie_delta_cd_busip31.798
Distância: 4.91m</description>
        <styleUrl>#edge_style</styleUrl>
        <LineString>
          <coordinates>-41.76483426548719,-3.122613158492325,0 -41.76483426548719,-3.1225690590408886,0</coordinates>
        </LineString>
      </Placemark>
      <Placemark>
        <name>ef_charlie_delta_cd_busip31.798 → ef_charlie_delta_cd_busip31.799</name>
        <description>De: ef_charlie_delta_cd_busip31.798
Para: ef_charlie_delta_cd_busip31.799
Distância: 0.68m</description>
        <styleUrl>#edge_style</styleUrl>
        <LineString>
          <coordinates>-41.76483426548719,-3.1225690590408886,0 -41.76482813432635,-3.1225690590408886,0</coordinates>
        </LineString>
      </Placemark>
      <Placemark>
        <name>ef_charlie_delta_cd_busip31.799 → ef_charlie_delta_cd_busip31.801</name>
        <description>De: ef_charlie_delta_cd_busip31.799
Para: ef_charlie_delta_cd_busip31.801
Distância: 5.05m</description>
        <styleUrl>#edge_style</styleUrl>
        <LineString>
          <coordinates>-41.76482813432635,-3.1225690590408886,0 -41.76482813432635,-3.1225237199071683,0</coordinates>
        </LineString>
      </Placemark>
      <Placemark>
        <name>ef_charlie_delta_cd_busip30.811 → ef_charlie_delta_cd_busip30.810</name>
        <description>De: ef_charlie_delta_cd_busip30.811
Para: ef_charlie_delta_cd_busip30.810
Distância: 3.03m</description>
        <styleUrl>#edge_style</styleUrl>
        <LineString>
          <coordinates>-41.764827980485045,-3.122658497626045,0 -41.764827980485045,-3.1226312767183955,0</coordinates>
        </LineString>
      </Placemark>
      <Placemark>
        <name>ef_charlie_delta_cd_busip30.810 → ef_charlie_delta_cd_busip30.803</name>
        <description>De: ef_charlie_delta_cd_busip30.810
Para: ef_charlie_delta_cd_busip30.803
Distância: 2.02m</description>
        <styleUrl>#edge_style</styleUrl>
        <LineString>
          <coordinates>-41.764827980485045,-3.1226312767183955,0 -41.764827980485045,-3.122613158492325,0</coordinates>
        </LineString>
      </Placemark>
      <Placemark>
        <name>ef_charlie_delta_cd_busip30.810 → ef_charlie_delta_cd_buscsb25.950</name>
        <description>De: ef_charlie_delta_cd_busip30.810
Para: ef_charlie_delta_cd_buscsb25.950
Distância: 91.55m</description>
        <styleUrl>#edge_style</styleUrl>
        <LineString>
          <coordinates>-41.764827980485045,-3.1226312767183955,0 -41.764004330324276,-3.1226312767183955,0</coordinates>
        </LineString>
      </Placemark>
      <Placemark>
        <name>ef_charlie_delta_cd_busip29.814 → ef_charlie_delta_cd_busip29.816</name>
        <description>De: ef_charlie_delta_cd_busip29.814
Para: ef_charlie_delta_cd_busip29.816
Distância: 0.94m</description>
        <styleUrl>#edge_style</styleUrl>
        <LineString>
          <coordinates>-41.76482782754339,-3.1227474780677493,0 -41.76482782754339,-3.122739075177836,0</coordinates>
        </LineString>
      </Placemark>
      <Placemark>
        <name>ef_charlie_delta_cd_busip29.816 → ef_charlie_delta_cd_buscsb24.957</name>
        <description>De: ef_charlie_delta_cd_busip29.816
Para: ef_charlie_delta_cd_buscsb24.957
Distância: 91.55m</description>
        <styleUrl>#edge_style</styleUrl>
        <LineString>
          <coordinates>-41.76482782754339,-3.122739075177836,0 -41.76400417198469,-3.122739075177836,0</coordinates>
        </LineString>
      </Placemark>
      <Placemark>
        <name>ef_charlie_delta_cd_busip29.816 → ef_charlie_delta_cd_busip29.821</name>
        <description>De: ef_charlie_delta_cd_busip29.816
Para: ef_charlie_delta_cd_busip29.821
Distância: 3.00m</description>
        <styleUrl>#edge_style</styleUrl>
        <LineString>
          <coordinates>-41.76482782754339,-3.122739075177836,0 -41.76482782754339,-3.122712125562976,0</coordinates>
        </LineString>
      </Placemark>
      <Placemark>
        <name>ef_charlie_delta_cd_busip29.821 → ef_charlie_delta_cd_buscsb24.964</name>
        <description>De: ef_charlie_delta_cd_busip29.821
Para: ef_charlie_delta_cd_buscsb24.964
Distância: 91.55m</description>
        <styleUrl>#edge_style</styleUrl>
        <LineString>
          <coordinates>-41.76482782754339,-3.122712125562976,0 -41.76400417198469,-3.122712125562976,0</coordinates>
        </LineString>
      </Placemark>
      <Placemark>
        <name>ef_charlie_delta_cd_busip29.821 → ef_charlie_delta_cd_busip29.824</name>
        <description>De: ef_charlie_delta_cd_busip29.821
Para: ef_charlie_delta_cd_busip29.824
Distância: 1.11m</description>
        <styleUrl>#edge_style</styleUrl>
        <LineString>
          <coordinates>-41.76482782754339,-3.122712125562976,0 -41.76482782754339,-3.1227021398323496,0</coordinates>
        </LineString>
      </Placemark>
      <Placemark>
        <name>ef_charlie_delta_cd_busip22.825 → ef_charlie_delta_estrutura3456.001.390</name>
        <description>De: ef_charlie_delta_cd_busip22.825
Para: ef_charlie_delta_estrutura3456.001.390
Distância: 29.69m</description>
        <styleUrl>#edge_style</styleUrl>
        <LineString>
          <coordinates>-41.76482751626215,-3.1230085713264373,0 -41.764560383878575,-3.1230085713264373,0</coordinates>
        </LineString>
      </Placemark>
      <Placemark>
        <name>ef_charlie_delta_cd_busip22.825 → ef_charlie_delta_cabeamento2.3.001.472</name>
        <description>De: ef_charlie_delta_cd_busip22.825
Para: ef_charlie_delta_cabeamento2.3.001.472
Distância: 2.33m</description>
        <styleUrl>#edge_style</styleUrl>
        <LineString>
          <coordinates>-41.76482751626215,-3.1230085713264373,0 -41.76480727578431,-3.12301414450679,0</coordinates>
        </LineString>
      </Placemark>
      <Placemark>
        <name>ef_charlie_delta_cd_busip22.825 → ef_charlie_delta_cabeamento2.3.001.431</name>
        <description>De: ef_charlie_delta_cd_busip22.825
Para: ef_charlie_delta_cabeamento2.3.001.431
Distância: 2.33m</description>
        <styleUrl>#edge_style</styleUrl>
        <LineString>
          <coordinates>-41.76482751626215,-3.1230085713264373,0 -41.76480727578431,-3.123003034078904,0</coordinates>
        </LineString>
      </Placemark>
      <Placemark>
        <name>ef_charlie_delta_cd_busip16.843 → ef_charlie_delta_cd_busip16.842</name>
        <description>De: ef_charlie_delta_cd_busip16.843
Para: ef_charlie_delta_cd_busip16.842
Distância: 2.64m</description>
        <styleUrl>#edge_style</styleUrl>
        <LineString>
          <coordinates>-41.76482744968755,-3.123355649127977,0 -41.76482744968755,-3.1233319667047583,0</coordinates>
        </LineString>
      </Placemark>
      <Placemark>
        <name>ef_charlie_delta_cd_busip16.842 → ef_charlie_delta_cd_buscsb13.1029</name>
        <description>De: ef_charlie_delta_cd_busip16.842
Para: ef_charlie_delta_cd_buscsb13.1029
Distância: 91.63m</description>
        <styleUrl>#edge_style</styleUrl>
        <LineString>
          <coordinates>-41.76482744968755,-3.1233319667047583,0 -41.764003127483186,-3.1233319667047583,0</coordinates>
        </LineString>
      </Placemark>
      <Placemark>
        <name>ef_charlie_delta_cd_busip16.842 → ef_charlie_delta_cd_busip16.844</name>
        <description>De: ef_charlie_delta_cd_busip16.842
Para: ef_charlie_delta_cd_busip16.844
Distância: 2.41m</description>
        <styleUrl>#edge_style</styleUrl>
        <LineString>
          <coordinates>-41.76482744968755,-3.1233319667047583,0 -41.76482744968755,-3.123310309994257,0</coordinates>
        </LineString>
      </Placemark>
      <Placemark>
        <name>ef_charlie_delta_cabeamento2.3.001.472 → ef_charlie_delta_cabeamento2.3.001.431</name>
        <description>De: ef_charlie_delta_cabeamento2.3.001.472
Para: ef_charlie_delta_cabeamento2.3.001.431
Distância: 1.24m</description>
        <styleUrl>#edge_style</styleUrl>
        <LineString>
          <coordinates>-41.76480727578431,-3.12301414450679,0 -41.76480727578431,-3.123003034078904,0</coordinates>
        </LineString>
      </Placemark>
      <Placemark>
        <name>ef_charlie_delta_cabeamento2.3.001.472 → ef_charlie_delta_cd_disjuntor3.471</name>
        <description>De: ef_charlie_delta_cabeamento2.3.001.472
Para: ef_charlie_delta_cd_disjuntor3.471
Distância: 3.00m</description>
        <styleUrl>#edge_style</styleUrl>
        <LineString>
          <coordinates>-41.76480727578431,-3.12301414450679,0 -41.764780286081425,-3.12301414450679,0</coordinates>
        </LineString>
      </Placemark>
      <Placemark>
        <name>ef_charlie_delta_cabeamento2.3.001.431 → ef_charlie_delta_cd_disjuntor3.455</name>
        <description>De: ef_charlie_delta_cabeamento2.3.001.431
Para: ef_charlie_delta_cd_disjuntor3.455
Distância: 3.00m</description>
        <styleUrl>#edge_style</styleUrl>
        <LineString>
          <coordinates>-41.76480727578431,-3.123003034078904,0 -41.764780286081425,-3.123003034078904,0</coordinates>
        </LineString>
      </Placemark>
      <Placemark>
        <name>ef_charlie_delta_cd_disjuntor3.471 → ef_charlie_delta_cd_disjuntor3.455</name>
        <description>De: ef_charlie_delta_cd_disjuntor3.471
Para: ef_charlie_delta_cd_disjuntor3.455
Distância: 1.24m</description>
        <styleUrl>#edge_style</styleUrl>
        <LineString>
          <coordinates>-41.764780286081425,-3.12301414450679,0 -41.764780286081425,-3.123003034078904,0</coordinates>
        </LineString>
      </Placemark>
      <Placemark>
        <name>ef_charlie_delta_cd_disjuntor3.471 → ef_charlie_delta_cd_disjuntor3.474</name>
        <description>De: ef_charlie_delta_cd_disjuntor3.471
Para: ef_charlie_delta_cd_disjuntor3.474
Distância: 3.00m</description>
        <styleUrl>#edge_style</styleUrl>
        <LineString>
          <coordinates>-41.764780286081425,-3.12301414450679,0 -41.764753296378544,-3.12301414450679,0</coordinates>
        </LineString>
      </Placemark>
      <Placemark>
        <name>ef_charlie_delta_cd_disjuntor3.455 → ef_charlie_delta_cd_disjuntor3.436</name>
        <description>De: ef_charlie_delta_cd_disjuntor3.455
Para: ef_charlie_delta_cd_disjuntor3.436
Distância: 3.00m</description>
        <styleUrl>#edge_style</styleUrl>
        <LineString>
          <coordinates>-41.764780286081425,-3.123003034078904,0 -41.764753296378544,-3.123003034078904,0</coordinates>
        </LineString>
      </Placemark>
      <Placemark>
        <name>ef_charlie_delta_cd_disjuntor6.449 → ef_charlie_delta_cd_tc6.456</name>
        <description>De: ef_charlie_delta_cd_disjuntor6.449
Para: ef_charlie_delta_cd_tc6.456
Distância: 5.71m</description>
        <styleUrl>#edge_style</styleUrl>
        <LineString>
          <coordinates>-41.76477406405525,-3.1227484033378596,0 -41.76472271614552,-3.1227484033378596,0</coordinates>
        </LineString>
      </Placemark>
      <Placemark>
        <name>ef_charlie_delta_cd_disjuntor1.482 → ef_charlie_delta_cd_tc1.466</name>
        <description>De: ef_charlie_delta_cd_disjuntor1.482
Para: ef_charlie_delta_cd_tc1.466
Distância: 5.71m</description>
        <styleUrl>#edge_style</styleUrl>
        <LineString>
          <coordinates>-41.7647736781025,-3.123253230709983,0 -41.764722281611306,-3.123253230709983,0</coordinates>
        </LineString>
      </Placemark>
      <Placemark>
        <name>ef_charlie_delta_cd_disjuntor3.474 → ef_charlie_delta_cd_tc3.462</name>
        <description>De: ef_charlie_delta_cd_disjuntor3.474
Para: ef_charlie_delta_cd_tc3.462
Distância: 3.00m</description>
        <styleUrl>#edge_style</styleUrl>
        <LineString>
          <coordinates>-41.764753296378544,-3.12301414450679,0 -41.76472630667566,-3.12301414450679,0</coordinates>
        </LineString>
      </Placemark>
      <Placemark>
        <name>ef_charlie_delta_cd_disjuntor3.474 → ef_charlie_delta_cd_disjuntor3.436</name>
        <description>De: ef_charlie_delta_cd_disjuntor3.474
Para: ef_charlie_delta_cd_disjuntor3.436
Distância: 1.24m</description>
        <styleUrl>#edge_style</styleUrl>
        <LineString>
          <coordinates>-41.764753296378544,-3.12301414450679,0 -41.764753296378544,-3.123003034078904,0</coordinates>
        </LineString>
      </Placemark>
      <Placemark>
        <name>ef_charlie_delta_cd_disjuntor3.436 → ef_charlie_delta_cd_tc3.442</name>
        <description>De: ef_charlie_delta_cd_disjuntor3.436
Para: ef_charlie_delta_cd_tc3.442
Distância: 3.00m</description>
        <styleUrl>#edge_style</styleUrl>
        <LineString>
          <coordinates>-41.764753296378544,-3.123003034078904,0 -41.76472630667566,-3.123003034078904,0</coordinates>
        </LineString>
      </Placemark>
      <Placemark>
        <name>ef_charlie_delta_cd_tc3.462 → ef_charlie_delta_cd_tc3.478</name>
        <description>De: ef_charlie_delta_cd_tc3.462
Para: ef_charlie_delta_cd_tc3.478
Distância: 0.45m</description>
        <styleUrl>#edge_style</styleUrl>
        <LineString>
          <coordinates>-41.76472630667566,-3.12301414450679,0 -41.764722281611306,-3.12301414450679,0</coordinates>
        </LineString>
      </Placemark>
      <Placemark>
        <name>ef_charlie_delta_cd_tc3.462 → ef_charlie_delta_cd_tc3.442</name>
        <description>De: ef_charlie_delta_cd_tc3.462
Para: ef_charlie_delta_cd_tc3.442
Distância: 1.24m</description>
        <styleUrl>#edge_style</styleUrl>
        <LineString>
          <coordinates>-41.76472630667566,-3.12301414450679,0 -41.76472630667566,-3.123003034078904,0</coordinates>
        </LineString>
      </Placemark>
      <Placemark>
        <name>ef_charlie_delta_cd_tc3.442 → ef_charlie_delta_cd_tc3.437</name>
        <description>De: ef_charlie_delta_cd_tc3.442
Para: ef_charlie_delta_cd_tc3.437
Distância: 0.40m</description>
        <styleUrl>#edge_style</styleUrl>
        <LineString>
          <coordinates>-41.76472630667566,-3.123003034078904,0 -41.76472271614552,-3.123003034078904,0</coordinates>
        </LineString>
      </Placemark>
      <Placemark>
        <name>ef_charlie_delta_cd_tc3.437 → ef_charlie_delta_cd_tc3.444</name>
        <description>De: ef_charlie_delta_cd_tc3.437
Para: ef_charlie_delta_cd_tc3.444
Distância: 2.38m</description>
        <styleUrl>#edge_style</styleUrl>
        <LineString>
          <coordinates>-41.76472271614552,-3.123003034078904,0 -41.76472271614552,-3.122981621711577,0</coordinates>
        </LineString>
      </Placemark>
      <Placemark>
        <name>ef_charlie_delta_cd_tc3.444 → ef_charlie_delta_estrutura3456.001.379</name>
        <description>De: ef_charlie_delta_cd_tc3.444
Para: ef_charlie_delta_estrutura3456.001.379
Distância: 18.04m</description>
        <styleUrl>#edge_style</styleUrl>
        <LineString>
          <coordinates>-41.76472271614552,-3.122981621711577,0 -41.764560383878575,-3.122981621711577,0</coordinates>
        </LineString>
      </Placemark>
      <Placemark>
        <name>ef_charlie_delta_cd_tc3.444 → ef_charlie_delta_cd_tc4.440</name>
        <description>De: ef_charlie_delta_cd_tc3.444
Para: ef_charlie_delta_cd_tc4.440
Distância: 3.00m</description>
        <styleUrl>#edge_style</styleUrl>
        <LineString>
          <coordinates>-41.76472271614552,-3.122981621711577,0 -41.76472271614552,-3.122954672096717,0</coordinates>
        </LineString>
      </Placemark>
      <Placemark>
        <name>ef_charlie_delta_cd_tc3.444 → pp_15</name>
        <description>De: ef_charlie_delta_cd_tc3.444
Para: pp_15
Distância: 2.60m</description>
        <styleUrl>#edge_style</styleUrl>
        <LineString>
          <coordinates>-41.76472271614552,-3.122981621711577,0 -41.76469931697278,-3.122981621711577,0</coordinates>
        </LineString>
      </Placemark>
      <Placemark>
        <name>ef_charlie_delta_cd_tc3.444 → pp_16</name>
        <description>De: ef_charlie_delta_cd_tc3.444
Para: pp_16
Distância: 5.60m</description>
        <styleUrl>#edge_style</styleUrl>
        <LineString>
          <coordinates>-41.76472271614552,-3.122981621711577,0 -41.7646723272699,-3.122981621711577,0</coordinates>
        </LineString>
      </Placemark>
      <Placemark>
        <name>ef_charlie_delta_cd_tc3.444 → pp_17</name>
        <description>De: ef_charlie_delta_cd_tc3.444
Para: pp_17
Distância: 8.60m</description>
        <styleUrl>#edge_style</styleUrl>
        <LineString>
          <coordinates>-41.76472271614552,-3.122981621711577,0 -41.76464533756702,-3.122981621711577,0</coordinates>
        </LineString>
      </Placemark>
      <Placemark>
        <name>ef_charlie_delta_cd_tc3.444 → pp_18</name>
        <description>De: ef_charlie_delta_cd_tc3.444
Para: pp_18
Distância: 11.60m</description>
        <styleUrl>#edge_style</styleUrl>
        <LineString>
          <coordinates>-41.76472271614552,-3.122981621711577,0 -41.764618347864136,-3.122981621711577,0</coordinates>
        </LineString>
      </Placemark>
      <Placemark>
        <name>ef_charlie_delta_cd_tc3.444 → pp_19</name>
        <description>De: ef_charlie_delta_cd_tc3.444
Para: pp_19
Distância: 14.60m</description>
        <styleUrl>#edge_style</styleUrl>
        <LineString>
          <coordinates>-41.76472271614552,-3.122981621711577,0 -41.764591358161255,-3.122981621711577,0</coordinates>
        </LineString>
      </Placemark>
      <Placemark>
        <name>ef_charlie_delta_cd_tc4.440 → ef_charlie_delta_cd_tc4.446</name>
        <description>De: ef_charlie_delta_cd_tc4.440
Para: ef_charlie_delta_cd_tc4.446
Distância: 3.00m</description>
        <styleUrl>#edge_style</styleUrl>
        <LineString>
          <coordinates>-41.76472271614552,-3.122954672096717,0 -41.76472271614552,-3.122927722481857,0</coordinates>
        </LineString>
      </Placemark>
      <Placemark>
        <name>ef_charlie_delta_cd_tc4.440 → ef_charlie_delta_estrutura3456.001.380</name>
        <description>De: ef_charlie_delta_cd_tc4.440
Para: ef_charlie_delta_estrutura3456.001.380
Distância: 18.04m</description>
        <styleUrl>#edge_style</styleUrl>
        <LineString>
          <coordinates>-41.76472271614552,-3.122954672096717,0 -41.764560383878575,-3.122954672096717,0</coordinates>
        </LineString>
      </Placemark>
      <Placemark>
        <name>ef_charlie_delta_cd_tc4.446 → ef_charlie_delta_cd_tc4.95</name>
        <description>De: ef_charlie_delta_cd_tc4.446
Para: ef_charlie_delta_cd_tc4.95
Distância: 0.14m</description>
        <styleUrl>#edge_style</styleUrl>
        <LineString>
          <coordinates>-41.76472271614552,-3.122927722481857,0 -41.76472143053601,-3.122927722481857,0</coordinates>
        </LineString>
      </Placemark>
      <Placemark>
        <name>ef_charlie_delta_cd_tc4.446 → ef_charlie_delta_cd_tc4.443</name>
        <description>De: ef_charlie_delta_cd_tc4.446
Para: ef_charlie_delta_cd_tc4.443
Distância: 3.00m</description>
        <styleUrl>#edge_style</styleUrl>
        <LineString>
          <coordinates>-41.76472271614552,-3.122927722481857,0 -41.76472271614552,-3.1229007728669966,0</coordinates>
        </LineString>
      </Placemark>
      <Placemark>
        <name>ef_charlie_delta_cd_tc4.443 → ef_charlie_delta_cd_tc4.97</name>
        <description>De: ef_charlie_delta_cd_tc4.443
Para: ef_charlie_delta_cd_tc4.97
Distância: 0.14m</description>
        <styleUrl>#edge_style</styleUrl>
        <LineString>
          <coordinates>-41.76472271614552,-3.1229007728669966,0 -41.76472143053601,-3.1229007728669966,0</coordinates>
        </LineString>
      </Placemark>
      <Placemark>
        <name>ef_charlie_delta_cd_tc4.443 → ef_charlie_delta_cd_tc5.434</name>
        <description>De: ef_charlie_delta_cd_tc4.443
Para: ef_charlie_delta_cd_tc5.434
Distância: 3.00m</description>
        <styleUrl>#edge_style</styleUrl>
        <LineString>
          <coordinates>-41.76472271614552,-3.1229007728669966,0 -41.76472271614552,-3.1228738232521365,0</coordinates>
        </LineString>
      </Placemark>
      <Placemark>
        <name>ef_charlie_delta_cd_tc5.434 → ef_charlie_delta_cd_tc5.445</name>
        <description>De: ef_charlie_delta_cd_tc5.434
Para: ef_charlie_delta_cd_tc5.445
Distância: 3.00m</description>
        <styleUrl>#edge_style</styleUrl>
        <LineString>
          <coordinates>-41.76472271614552,-3.1228738232521365,0 -41.76472271614552,-3.1228468736372763,0</coordinates>
        </LineString>
      </Placemark>
      <Placemark>
        <name>ef_charlie_delta_cd_tc5.434 → ef_charlie_delta_cd_tc5.71</name>
        <description>De: ef_charlie_delta_cd_tc5.434
Para: ef_charlie_delta_cd_tc5.71
Distância: 0.13m</description>
        <styleUrl>#edge_style</styleUrl>
        <LineString>
          <coordinates>-41.76472271614552,-3.1228738232521365,0 -41.764721545692076,-3.1228738232521365,0</coordinates>
        </LineString>
      </Placemark>
      <Placemark>
        <name>ef_charlie_delta_cd_tc5.445 → ef_charlie_delta_cd_tc5.65</name>
        <description>De: ef_charlie_delta_cd_tc5.445
Para: ef_charlie_delta_cd_tc5.65
Distância: 0.13m</description>
        <styleUrl>#edge_style</styleUrl>
        <LineString>
          <coordinates>-41.76472271614552,-3.1228468736372763,0 -41.764721545692076,-3.1228468736372763,0</coordinates>
        </LineString>
      </Placemark>
      <Placemark>
        <name>ef_charlie_delta_cd_tc5.445 → ef_charlie_delta_cd_tc6.441</name>
        <description>De: ef_charlie_delta_cd_tc5.445
Para: ef_charlie_delta_cd_tc6.441
Distância: 3.00m</description>
        <styleUrl>#edge_style</styleUrl>
        <LineString>
          <coordinates>-41.76472271614552,-3.1228468736372763,0 -41.76472271614552,-3.122819924022416,0</coordinates>
        </LineString>
      </Placemark>
      <Placemark>
        <name>ef_charlie_delta_cd_tc6.441 → ef_charlie_delta_cd_tc6.433</name>
        <description>De: ef_charlie_delta_cd_tc6.441
Para: ef_charlie_delta_cd_tc6.433
Distância: 3.00m</description>
        <styleUrl>#edge_style</styleUrl>
        <LineString>
          <coordinates>-41.76472271614552,-3.122819924022416,0 -41.76472271614552,-3.122792974407556,0</coordinates>
        </LineString>
      </Placemark>
      <Placemark>
        <name>ef_charlie_delta_cd_tc6.441 → ef_charlie_delta_cd_buscsb22.988</name>
        <description>De: ef_charlie_delta_cd_tc6.441
Para: ef_charlie_delta_cd_buscsb22.988
Distância: 79.88m</description>
        <styleUrl>#edge_style</styleUrl>
        <LineString>
          <coordinates>-41.76472271614552,-3.122819924022416,0 -41.76400409191523,-3.122819924022416,0</coordinates>
        </LineString>
      </Placemark>
      <Placemark>
        <name>ef_charlie_delta_cd_tc6.433 → ef_charlie_delta_cd_tc6.63</name>
        <description>De: ef_charlie_delta_cd_tc6.433
Para: ef_charlie_delta_cd_tc6.63
Distância: 0.12m</description>
        <styleUrl>#edge_style</styleUrl>
        <LineString>
          <coordinates>-41.76472271614552,-3.122792974407556,0 -41.764721659948485,-3.122792974407556,0</coordinates>
        </LineString>
      </Placemark>
      <Placemark>
        <name>ef_charlie_delta_cd_tc6.433 → ef_charlie_delta_cd_tc6.448</name>
        <description>De: ef_charlie_delta_cd_tc6.433
Para: ef_charlie_delta_cd_tc6.448
Distância: 3.00m</description>
        <styleUrl>#edge_style</styleUrl>
        <LineString>
          <coordinates>-41.76472271614552,-3.122792974407556,0 -41.76472271614552,-3.1227660247926963,0</coordinates>
        </LineString>
      </Placemark>
      <Placemark>
        <name>ef_charlie_delta_cd_tc6.448 → ef_charlie_delta_cd_tc6.456</name>
        <description>De: ef_charlie_delta_cd_tc6.448
Para: ef_charlie_delta_cd_tc6.456
Distância: 1.96m</description>
        <styleUrl>#edge_style</styleUrl>
        <LineString>
          <coordinates>-41.76472271614552,-3.1227660247926963,0 -41.76472271614552,-3.1227484033378596,0</coordinates>
        </LineString>
      </Placemark>
      <Placemark>
        <name>ef_charlie_delta_cd_tc6.448 → ef_charlie_delta_cd_tc6.61</name>
        <description>De: ef_charlie_delta_cd_tc6.448
Para: ef_charlie_delta_cd_tc6.61
Distância: 0.12m</description>
        <styleUrl>#edge_style</styleUrl>
        <LineString>
          <coordinates>-41.76472271614552,-3.1227660247926963,0 -41.764721659948485,-3.1227660247926963,0</coordinates>
        </LineString>
      </Placemark>
      <Placemark>
        <name>ef_charlie_delta_cd_tc1.466 → ef_charlie_delta_cd_tc1.470</name>
        <description>De: ef_charlie_delta_cd_tc1.466
Para: ef_charlie_delta_cd_tc1.470
Distância: 0.24m</description>
        <styleUrl>#edge_style</styleUrl>
        <LineString>
          <coordinates>-41.764722281611306,-3.123253230709983,0 -41.764722281611306,-3.123251117860178,0</coordinates>
        </LineString>
      </Placemark>
      <Placemark>
        <name>ef_charlie_delta_cd_tc1.470 → ef_charlie_delta_cd_tc1.468</name>
        <description>De: ef_charlie_delta_cd_tc1.470
Para: ef_charlie_delta_cd_tc1.468
Distância: 3.00m</description>
        <styleUrl>#edge_style</styleUrl>
        <LineString>
          <coordinates>-41.764722281611306,-3.123251117860178,0 -41.764722281611306,-3.123224168245318,0</coordinates>
        </LineString>
      </Placemark>
      <Placemark>
        <name>ef_charlie_delta_cd_tc1.470 → ef_charlie_delta_cd_busip34.773</name>
        <description>De: ef_charlie_delta_cd_tc1.470
Para: ef_charlie_delta_cd_busip34.773
Distância: 88.19m</description>
        <styleUrl>#edge_style</styleUrl>
        <LineString>
          <coordinates>-41.764722281611306,-3.123251117860178,0 -41.763928884208504,-3.123251117860178,0</coordinates>
        </LineString>
      </Placemark>
      <Placemark>
        <name>ef_charlie_delta_cd_tc1.470 → pp_35</name>
        <description>De: ef_charlie_delta_cd_tc1.470
Para: pp_35
Distância: 80.55m</description>
        <styleUrl>#edge_style</styleUrl>
        <LineString>
          <coordinates>-41.764722281611306,-3.123251117860178,0 -41.76399758469787,-3.123251117860178,0</coordinates>
        </LineString>
      </Placemark>
      <Placemark>
        <name>ef_charlie_delta_cd_tc1.470 → pp_37</name>
        <description>De: ef_charlie_delta_cd_tc1.470
Para: pp_37
Distância: 83.55m</description>
        <styleUrl>#edge_style</styleUrl>
        <LineString>
          <coordinates>-41.764722281611306,-3.123251117860178,0 -41.76397059499499,-3.123251117860178,0</coordinates>
        </LineString>
      </Placemark>
      <Placemark>
        <name>ef_charlie_delta_cd_tc1.468 → ef_charlie_delta_cd_busip34.774</name>
        <description>De: ef_charlie_delta_cd_tc1.468
Para: ef_charlie_delta_cd_busip34.774
Distância: 88.19m</description>
        <styleUrl>#edge_style</styleUrl>
        <LineString>
          <coordinates>-41.764722281611306,-3.123224168245318,0 -41.763928884208504,-3.123224168245318,0</coordinates>
        </LineString>
      </Placemark>
      <Placemark>
        <name>ef_charlie_delta_cd_tc1.468 → ef_charlie_delta_cd_tc1.459</name>
        <description>De: ef_charlie_delta_cd_tc1.468
Para: ef_charlie_delta_cd_tc1.459
Distância: 3.00m</description>
        <styleUrl>#edge_style</styleUrl>
        <LineString>
          <coordinates>-41.764722281611306,-3.123224168245318,0 -41.764722281611306,-3.123197218630458,0</coordinates>
        </LineString>
      </Placemark>
      <Placemark>
        <name>ef_charlie_delta_cd_tc1.459 → ef_charlie_delta_cd_tc1.479</name>
        <description>De: ef_charlie_delta_cd_tc1.459
Para: ef_charlie_delta_cd_tc1.479
Distância: 3.00m</description>
        <styleUrl>#edge_style</styleUrl>
        <LineString>
          <coordinates>-41.764722281611306,-3.123197218630458,0 -41.764722281611306,-3.123170269015598,0</coordinates>
        </LineString>
      </Placemark>
      <Placemark>
        <name>ef_charlie_delta_cd_tc1.459 → ef_charlie_delta_cd_tc1.187</name>
        <description>De: ef_charlie_delta_cd_tc1.459
Para: ef_charlie_delta_cd_tc1.187
Distância: 0.14m</description>
        <styleUrl>#edge_style</styleUrl>
        <LineString>
          <coordinates>-41.764722281611306,-3.123197218630458,0 -41.764720993302824,-3.123197218630458,0</coordinates>
        </LineString>
      </Placemark>
      <Placemark>
        <name>ef_charlie_delta_cd_tc1.479 → ef_charlie_delta_cd_tc1.477</name>
        <description>De: ef_charlie_delta_cd_tc1.479
Para: ef_charlie_delta_cd_tc1.477
Distância: 3.00m</description>
        <styleUrl>#edge_style</styleUrl>
        <LineString>
          <coordinates>-41.764722281611306,-3.123170269015598,0 -41.764722281611306,-3.1231433194007376,0</coordinates>
        </LineString>
      </Placemark>
      <Placemark>
        <name>ef_charlie_delta_cd_tc1.479 → ef_charlie_delta_cd_tc1.195</name>
        <description>De: ef_charlie_delta_cd_tc1.479
Para: ef_charlie_delta_cd_tc1.195
Distância: 0.14m</description>
        <styleUrl>#edge_style</styleUrl>
        <LineString>
          <coordinates>-41.764722281611306,-3.123170269015598,0 -41.764720993302824,-3.123170269015598,0</coordinates>
        </LineString>
      </Placemark>
      <Placemark>
        <name>ef_charlie_delta_cd_tc1.477 → ef_charlie_delta_cd_buscsb15.1013</name>
        <description>De: ef_charlie_delta_cd_tc1.477
Para: ef_charlie_delta_cd_buscsb15.1013
Distância: 79.90m</description>
        <styleUrl>#edge_style</styleUrl>
        <LineString>
          <coordinates>-41.764722281611306,-3.1231433194007376,0 -41.76400345045997,-3.1231433194007376,0</coordinates>
        </LineString>
      </Placemark>
      <Placemark>
        <name>ef_charlie_delta_cd_tc1.477 → ef_charlie_delta_cd_tc2.481</name>
        <description>De: ef_charlie_delta_cd_tc1.477
Para: ef_charlie_delta_cd_tc2.481
Distância: 3.00m</description>
        <styleUrl>#edge_style</styleUrl>
        <LineString>
          <coordinates>-41.764722281611306,-3.1231433194007376,0 -41.764722281611306,-3.1231163697858775,0</coordinates>
        </LineString>
      </Placemark>
      <Placemark>
        <name>ef_charlie_delta_cd_tc1.477 → pp_20</name>
        <description>De: ef_charlie_delta_cd_tc1.477
Para: pp_20
Distância: 20.55m</description>
        <styleUrl>#edge_style</styleUrl>
        <LineString>
          <coordinates>-41.764722281611306,-3.1231433194007376,0 -41.76453737875549,-3.1231433194007376,0</coordinates>
        </LineString>
      </Placemark>
      <Placemark>
        <name>ef_charlie_delta_cd_tc2.481 → ef_charlie_delta_cd_tc2.134</name>
        <description>De: ef_charlie_delta_cd_tc2.481
Para: ef_charlie_delta_cd_tc2.134
Distância: 0.13m</description>
        <styleUrl>#edge_style</styleUrl>
        <LineString>
          <coordinates>-41.764722281611306,-3.1231163697858775,0 -41.76472110755923,-3.1231163697858775,0</coordinates>
        </LineString>
      </Placemark>
      <Placemark>
        <name>ef_charlie_delta_cd_tc2.481 → ef_charlie_delta_cd_tc2.461</name>
        <description>De: ef_charlie_delta_cd_tc2.481
Para: ef_charlie_delta_cd_tc2.461
Distância: 3.00m</description>
        <styleUrl>#edge_style</styleUrl>
        <LineString>
          <coordinates>-41.764722281611306,-3.1231163697858775,0 -41.764722281611306,-3.1230894201710173,0</coordinates>
        </LineString>
      </Placemark>
      <Placemark>
        <name>ef_charlie_delta_cd_tc2.461 → ef_charlie_delta_cd_tc3.480</name>
        <description>De: ef_charlie_delta_cd_tc2.461
Para: ef_charlie_delta_cd_tc3.480
Distância: 3.00m</description>
        <styleUrl>#edge_style</styleUrl>
        <LineString>
          <coordinates>-41.764722281611306,-3.1230894201710173,0 -41.764722281611306,-3.123062470556157,0</coordinates>
        </LineString>
      </Placemark>
      <Placemark>
        <name>ef_charlie_delta_cd_tc2.461 → ef_charlie_delta_cd_tc2.131</name>
        <description>De: ef_charlie_delta_cd_tc2.461
Para: ef_charlie_delta_cd_tc2.131
Distância: 0.13m</description>
        <styleUrl>#edge_style</styleUrl>
        <LineString>
          <coordinates>-41.764722281611306,-3.1230894201710173,0 -41.76472110755923,-3.1230894201710173,0</coordinates>
        </LineString>
      </Placemark>
      <Placemark>
        <name>ef_charlie_delta_cd_tc3.480 → ef_charlie_delta_cd_tc3.109</name>
        <description>De: ef_charlie_delta_cd_tc3.480
Para: ef_charlie_delta_cd_tc3.109
Distância: 0.12m</description>
        <styleUrl>#edge_style</styleUrl>
        <LineString>
          <coordinates>-41.764722281611306,-3.123062470556157,0 -41.76472122541426,-3.123062470556157,0</coordinates>
        </LineString>
      </Placemark>
      <Placemark>
        <name>ef_charlie_delta_cd_tc3.480 → ef_charlie_delta_cd_tc3.465</name>
        <description>De: ef_charlie_delta_cd_tc3.480
Para: ef_charlie_delta_cd_tc3.465
Distância: 3.00m</description>
        <styleUrl>#edge_style</styleUrl>
        <LineString>
          <coordinates>-41.764722281611306,-3.123062470556157,0 -41.764722281611306,-3.123035520941297,0</coordinates>
        </LineString>
      </Placemark>
      <Placemark>
        <name>ef_charlie_delta_cd_tc3.465 → ef_charlie_delta_cd_tc3.103</name>
        <description>De: ef_charlie_delta_cd_tc3.465
Para: ef_charlie_delta_cd_tc3.103
Distância: 0.12m</description>
        <styleUrl>#edge_style</styleUrl>
        <LineString>
          <coordinates>-41.764722281611306,-3.123035520941297,0 -41.76472122541426,-3.123035520941297,0</coordinates>
        </LineString>
      </Placemark>
      <Placemark>
        <name>ef_charlie_delta_cd_tc3.465 → ef_charlie_delta_cd_tc3.478</name>
        <description>De: ef_charlie_delta_cd_tc3.465
Para: ef_charlie_delta_cd_tc3.478
Distância: 2.38m</description>
        <styleUrl>#edge_style</styleUrl>
        <LineString>
          <coordinates>-41.764722281611306,-3.123035520941297,0 -41.764722281611306,-3.12301414450679,0</coordinates>
        </LineString>
      </Placemark>
      <Placemark>
        <name>ef_charlie_delta_cd_tc6.52 → ef_charlie_delta_cd_tc6.63</name>
        <description>De: ef_charlie_delta_cd_tc6.52
Para: ef_charlie_delta_cd_tc6.63
Distância: 1.99m</description>
        <styleUrl>#edge_style</styleUrl>
        <LineString>
          <coordinates>-41.764721659948485,-3.122810839307247,0 -41.764721659948485,-3.122792974407556,0</coordinates>
        </LineString>
      </Placemark>
      <Placemark>
        <name>ef_charlie_delta_cd_tc6.52 → ef_charlie_delta_cd_tc6.59</name>
        <description>De: ef_charlie_delta_cd_tc6.52
Para: ef_charlie_delta_cd_tc6.59
Distância: 2.48m</description>
        <styleUrl>#edge_style</styleUrl>
        <LineString>
          <coordinates>-41.764721659948485,-3.122810839307247,0 -41.76469931697278,-3.122810839307247,0</coordinates>
        </LineString>
      </Placemark>
      <Placemark>
        <name>ef_charlie_delta_cd_tc6.63 → ef_charlie_delta_cd_tc6.61</name>
        <description>De: ef_charlie_delta_cd_tc6.63
Para: ef_charlie_delta_cd_tc6.61
Distância: 3.00m</description>
        <styleUrl>#edge_style</styleUrl>
        <LineString>
          <coordinates>-41.764721659948485,-3.122792974407556,0 -41.764721659948485,-3.1227660247926963,0</coordinates>
        </LineString>
      </Placemark>
      <Placemark>
        <name>ef_charlie_delta_cd_tc6.61 → ef_charlie_delta_cd_tc6.57</name>
        <description>De: ef_charlie_delta_cd_tc6.61
Para: ef_charlie_delta_cd_tc6.57
Distância: 0.42m</description>
        <styleUrl>#edge_style</styleUrl>
        <LineString>
          <coordinates>-41.764721659948485,-3.1227660247926963,0 -41.764721659948485,-3.122762254541577,0</coordinates>
        </LineString>
      </Placemark>
      <Placemark>
        <name>ef_charlie_delta_cd_tc6.57 → ef_charlie_delta_cd_sech6.56</name>
        <description>De: ef_charlie_delta_cd_tc6.57
Para: ef_charlie_delta_cd_sech6.56
Distância: 8.81m</description>
        <styleUrl>#edge_style</styleUrl>
        <LineString>
          <coordinates>-41.764721659948485,-3.122762254541577,0 -41.76464242897671,-3.122762254541577,0</coordinates>
        </LineString>
      </Placemark>
      <Placemark>
        <name>ef_charlie_delta_cd_tc5.75 → ef_charlie_delta_cd_tc5.71</name>
        <description>De: ef_charlie_delta_cd_tc5.75
Para: ef_charlie_delta_cd_tc5.71
Distância: 0.44m</description>
        <styleUrl>#edge_style</styleUrl>
        <LineString>
          <coordinates>-41.764721545692076,-3.122877755200945,0 -41.764721545692076,-3.1228738232521365,0</coordinates>
        </LineString>
      </Placemark>
      <Placemark>
        <name>ef_charlie_delta_cd_tc5.75 → ef_charlie_delta_cd_tc5.80</name>
        <description>De: ef_charlie_delta_cd_tc5.75
Para: ef_charlie_delta_cd_tc5.80
Distância: 2.47m</description>
        <styleUrl>#edge_style</styleUrl>
        <LineString>
          <coordinates>-41.764721545692076,-3.122877755200945,0 -41.76469931697278,-3.122877755200945,0</coordinates>
        </LineString>
      </Placemark>
      <Placemark>
        <name>ef_charlie_delta_cd_tc5.71 → ef_charlie_delta_cd_tc5.65</name>
        <description>De: ef_charlie_delta_cd_tc5.71
Para: ef_charlie_delta_cd_tc5.65
Distância: 3.00m</description>
        <styleUrl>#edge_style</styleUrl>
        <LineString>
          <coordinates>-41.764721545692076,-3.1228738232521365,0 -41.764721545692076,-3.1228468736372763,0</coordinates>
        </LineString>
      </Placemark>
      <Placemark>
        <name>ef_charlie_delta_cd_tc5.65 → ef_charlie_delta_cd_tc5.69</name>
        <description>De: ef_charlie_delta_cd_tc5.65
Para: ef_charlie_delta_cd_tc5.69
Distância: 1.97m</description>
        <styleUrl>#edge_style</styleUrl>
        <LineString>
          <coordinates>-41.764721545692076,-3.1228468736372763,0 -41.764721545692076,-3.1228291704352746,0</coordinates>
        </LineString>
      </Placemark>
      <Placemark>
        <name>ef_charlie_delta_cd_tc5.69 → ef_charlie_delta_cd_tc5.77</name>
        <description>De: ef_charlie_delta_cd_tc5.69
Para: ef_charlie_delta_cd_tc5.77
Distância: 2.47m</description>
        <styleUrl>#edge_style</styleUrl>
        <LineString>
          <coordinates>-41.764721545692076,-3.1228291704352746,0 -41.76469931697278,-3.1228291704352746,0</coordinates>
        </LineString>
      </Placemark>
      <Placemark>
        <name>ef_charlie_delta_cd_tc4.93 → ef_charlie_delta_cd_tc4.86</name>
        <description>De: ef_charlie_delta_cd_tc4.93
Para: ef_charlie_delta_cd_tc4.86
Distância: 2.46m</description>
        <styleUrl>#edge_style</styleUrl>
        <LineString>
          <coordinates>-41.76472143053601,-3.1229444914305433,0 -41.76469931697278,-3.1229444914305433,0</coordinates>
        </LineString>
      </Placemark>
      <Placemark>
        <name>ef_charlie_delta_cd_tc4.93 → ef_charlie_delta_cd_tc4.95</name>
        <description>De: ef_charlie_delta_cd_tc4.93
Para: ef_charlie_delta_cd_tc4.95
Distância: 1.87m</description>
        <styleUrl>#edge_style</styleUrl>
        <LineString>
          <coordinates>-41.76472143053601,-3.1229444914305433,0 -41.76472143053601,-3.122927722481857,0</coordinates>
        </LineString>
      </Placemark>
      <Placemark>
        <name>ef_charlie_delta_cd_tc4.95 → ef_charlie_delta_cd_tc4.97</name>
        <description>De: ef_charlie_delta_cd_tc4.95
Para: ef_charlie_delta_cd_tc4.97
Distância: 3.00m</description>
        <styleUrl>#edge_style</styleUrl>
        <LineString>
          <coordinates>-41.76472143053601,-3.122927722481857,0 -41.76472143053601,-3.1229007728669966,0</coordinates>
        </LineString>
      </Placemark>
      <Placemark>
        <name>ef_charlie_delta_cd_tc4.97 → ef_charlie_delta_cd_tc4.96</name>
        <description>De: ef_charlie_delta_cd_tc4.97
Para: ef_charlie_delta_cd_tc4.96
Distância: 0.54m</description>
        <styleUrl>#edge_style</styleUrl>
        <LineString>
          <coordinates>-41.76472143053601,-3.1229007728669966,0 -41.76472143053601,-3.122895905766553,0</coordinates>
        </LineString>
      </Placemark>
      <Placemark>
        <name>ef_charlie_delta_cd_tc4.96 → ef_charlie_delta_cd_tc4.92</name>
        <description>De: ef_charlie_delta_cd_tc4.96
Para: ef_charlie_delta_cd_tc4.92
Distância: 2.46m</description>
        <styleUrl>#edge_style</styleUrl>
        <LineString>
          <coordinates>-41.76472143053601,-3.122895905766553,0 -41.76469931697278,-3.122895905766553,0</coordinates>
        </LineString>
      </Placemark>
      <Placemark>
        <name>ef_charlie_delta_cd_tc3.116 → ef_charlie_delta_cd_tc3.109</name>
        <description>De: ef_charlie_delta_cd_tc3.116
Para: ef_charlie_delta_cd_tc3.109
Distância: 0.13m</description>
        <styleUrl>#edge_style</styleUrl>
        <LineString>
          <coordinates>-41.76472122541426,-3.1230636518476085,0 -41.76472122541426,-3.123062470556157,0</coordinates>
        </LineString>
      </Placemark>
      <Placemark>
        <name>ef_charlie_delta_cd_tc3.116 → ef_charlie_delta_cd_tc3.101</name>
        <description>De: ef_charlie_delta_cd_tc3.116
Para: ef_charlie_delta_cd_tc3.101
Distância: 2.44m</description>
        <styleUrl>#edge_style</styleUrl>
        <LineString>
          <coordinates>-41.76472122541426,-3.1230636518476085,0 -41.76469931697278,-3.1230636518476085,0</coordinates>
        </LineString>
      </Placemark>
      <Placemark>
        <name>ef_charlie_delta_cd_tc3.109 → ef_charlie_delta_cd_tc3.103</name>
        <description>De: ef_charlie_delta_cd_tc3.109
Para: ef_charlie_delta_cd_tc3.103
Distância: 3.00m</description>
        <styleUrl>#edge_style</styleUrl>
        <LineString>
          <coordinates>-41.76472122541426,-3.123062470556157,0 -41.76472122541426,-3.123035520941297,0</coordinates>
        </LineString>
      </Placemark>
      <Placemark>
        <name>ef_charlie_delta_cd_tc3.103 → ef_charlie_delta_cd_tc3.114</name>
        <description>De: ef_charlie_delta_cd_tc3.103
Para: ef_charlie_delta_cd_tc3.114
Distância: 2.34m</description>
        <styleUrl>#edge_style</styleUrl>
        <LineString>
          <coordinates>-41.76472122541426,-3.123035520941297,0 -41.76472122541426,-3.1230144679021685,0</coordinates>
        </LineString>
      </Placemark>
      <Placemark>
        <name>ef_charlie_delta_cd_tc3.114 → ef_charlie_delta_cd_tc3.112</name>
        <description>De: ef_charlie_delta_cd_tc3.114
Para: ef_charlie_delta_cd_tc3.112
Distância: 2.44m</description>
        <styleUrl>#edge_style</styleUrl>
        <LineString>
          <coordinates>-41.76472122541426,-3.1230144679021685,0 -41.76469931697278,-3.1230144679021685,0</coordinates>
        </LineString>
      </Placemark>
      <Placemark>
        <name>ef_charlie_delta_cd_tc2.119 → ef_charlie_delta_cd_tc2.134</name>
        <description>De: ef_charlie_delta_cd_tc2.119
Para: ef_charlie_delta_cd_tc2.134
Distância: 1.80m</description>
        <styleUrl>#edge_style</styleUrl>
        <LineString>
          <coordinates>-41.76472110755923,-3.1231325665044083,0 -41.76472110755923,-3.1231163697858775,0</coordinates>
        </LineString>
      </Placemark>
      <Placemark>
        <name>ef_charlie_delta_cd_tc2.119 → ef_charlie_delta_cd_tc2.123</name>
        <description>De: ef_charlie_delta_cd_tc2.119
Para: ef_charlie_delta_cd_tc2.123
Distância: 2.42m</description>
        <styleUrl>#edge_style</styleUrl>
        <LineString>
          <coordinates>-41.76472110755923,-3.1231325665044083,0 -41.76469931697278,-3.1231325665044083,0</coordinates>
        </LineString>
      </Placemark>
      <Placemark>
        <name>ef_charlie_delta_cd_tc2.134 → ef_charlie_delta_cd_tc2.131</name>
        <description>De: ef_charlie_delta_cd_tc2.134
Para: ef_charlie_delta_cd_tc2.131
Distância: 3.00m</description>
        <styleUrl>#edge_style</styleUrl>
        <LineString>
          <coordinates>-41.76472110755923,-3.1231163697858775,0 -41.76472110755923,-3.1230894201710173,0</coordinates>
        </LineString>
      </Placemark>
      <Placemark>
        <name>ef_charlie_delta_cd_tc2.131 → ef_charlie_delta_cd_tc2.127</name>
        <description>De: ef_charlie_delta_cd_tc2.131
Para: ef_charlie_delta_cd_tc2.127
Distância: 0.70m</description>
        <styleUrl>#edge_style</styleUrl>
        <LineString>
          <coordinates>-41.76472110755923,-3.1230894201710173,0 -41.76472110755923,-3.123083144504037,0</coordinates>
        </LineString>
      </Placemark>
      <Placemark>
        <name>ef_charlie_delta_cd_tc2.127 → ef_charlie_delta_cd_tc2.135</name>
        <description>De: ef_charlie_delta_cd_tc2.127
Para: ef_charlie_delta_cd_tc2.135
Distância: 2.42m</description>
        <styleUrl>#edge_style</styleUrl>
        <LineString>
          <coordinates>-41.76472110755923,-3.123083144504037,0 -41.76469931697278,-3.123083144504037,0</coordinates>
        </LineString>
      </Placemark>
      <Placemark>
        <name>ef_charlie_delta_cd_tc1.198 → ef_charlie_delta_cd_tc1.200</name>
        <description>De: ef_charlie_delta_cd_tc1.198
Para: ef_charlie_delta_cd_tc1.200
Distância: 5.87m</description>
        <styleUrl>#edge_style</styleUrl>
        <LineString>
          <coordinates>-41.764720993302824,-3.1231989029813865,0 -41.764668173554625,-3.1231989029813865,0</coordinates>
        </LineString>
      </Placemark>
      <Placemark>
        <name>ef_charlie_delta_cd_tc1.198 → ef_charlie_delta_cd_tc1.187</name>
        <description>De: ef_charlie_delta_cd_tc1.198
Para: ef_charlie_delta_cd_tc1.187
Distância: 0.19m</description>
        <styleUrl>#edge_style</styleUrl>
        <LineString>
          <coordinates>-41.764720993302824,-3.1231989029813865,0 -41.764720993302824,-3.123197218630458,0</coordinates>
        </LineString>
      </Placemark>
      <Placemark>
        <name>ef_charlie_delta_cd_tc1.187 → ef_charlie_delta_cd_tc1.195</name>
        <description>De: ef_charlie_delta_cd_tc1.187
Para: ef_charlie_delta_cd_tc1.195
Distância: 3.00m</description>
        <styleUrl>#edge_style</styleUrl>
        <LineString>
          <coordinates>-41.764720993302824,-3.123197218630458,0 -41.764720993302824,-3.123170269015598,0</coordinates>
        </LineString>
      </Placemark>
      <Placemark>
        <name>ef_charlie_delta_cd_tc1.195 → ef_charlie_delta_cd_tc1.193</name>
        <description>De: ef_charlie_delta_cd_tc1.195
Para: ef_charlie_delta_cd_tc1.193
Distância: 2.29m</description>
        <styleUrl>#edge_style</styleUrl>
        <LineString>
          <coordinates>-41.764720993302824,-3.123170269015598,0 -41.764720993302824,-3.1231496588484733,0</coordinates>
        </LineString>
      </Placemark>
      <Placemark>
        <name>ef_charlie_delta_cd_tc1.193 → ef_charlie_delta_cd_tc1.188</name>
        <description>De: ef_charlie_delta_cd_tc1.193
Para: ef_charlie_delta_cd_tc1.188
Distância: 2.41m</description>
        <styleUrl>#edge_style</styleUrl>
        <LineString>
          <coordinates>-41.764720993302824,-3.1231496588484733,0 -41.76469931697278,-3.1231496588484733,0</coordinates>
        </LineString>
      </Placemark>
      <Placemark>
        <name>ef_charlie_delta_cd_tc1.188 → ef_charlie_delta_cd_tc2.123</name>
        <description>De: ef_charlie_delta_cd_tc1.188
Para: ef_charlie_delta_cd_tc2.123
Distância: 1.90m</description>
        <styleUrl>#edge_style</styleUrl>
        <LineString>
          <coordinates>-41.76469931697278,-3.1231496588484733,0 -41.76469931697278,-3.1231325665044083,0</coordinates>
        </LineString>
      </Placemark>
      <Placemark>
        <name>ef_charlie_delta_cd_tc1.188 → ef_charlie_delta_cd_tc1.196</name>
        <description>De: ef_charlie_delta_cd_tc1.188
Para: ef_charlie_delta_cd_tc1.196
Distância: 3.00m</description>
        <styleUrl>#edge_style</styleUrl>
        <LineString>
          <coordinates>-41.76469931697278,-3.1231496588484733,0 -41.7646723272699,-3.1231496588484733,0</coordinates>
        </LineString>
      </Placemark>
      <Placemark>
        <name>ef_charlie_delta_cd_tc2.123 → ef_charlie_delta_cd_tc2.120</name>
        <description>De: ef_charlie_delta_cd_tc2.123
Para: ef_charlie_delta_cd_tc2.120
Distância: 3.00m</description>
        <styleUrl>#edge_style</styleUrl>
        <LineString>
          <coordinates>-41.76469931697278,-3.1231325665044083,0 -41.7646723272699,-3.1231325665044083,0</coordinates>
        </LineString>
      </Placemark>
      <Placemark>
        <name>ef_charlie_delta_cd_tc2.135 → ef_charlie_delta_cd_tc2.121</name>
        <description>De: ef_charlie_delta_cd_tc2.135
Para: ef_charlie_delta_cd_tc2.121
Distância: 3.00m</description>
        <styleUrl>#edge_style</styleUrl>
        <LineString>
          <coordinates>-41.76469931697278,-3.123083144504037,0 -41.7646723272699,-3.123083144504037,0</coordinates>
        </LineString>
      </Placemark>
      <Placemark>
        <name>ef_charlie_delta_cd_tc2.135 → ef_charlie_delta_cd_tc3.101</name>
        <description>De: ef_charlie_delta_cd_tc2.135
Para: ef_charlie_delta_cd_tc3.101
Distância: 2.17m</description>
        <styleUrl>#edge_style</styleUrl>
        <LineString>
          <coordinates>-41.76469931697278,-3.123083144504037,0 -41.76469931697278,-3.1230636518476085,0</coordinates>
        </LineString>
      </Placemark>
      <Placemark>
        <name>ef_charlie_delta_cd_tc3.101 → ef_charlie_delta_cd_tc3.107</name>
        <description>De: ef_charlie_delta_cd_tc3.101
Para: ef_charlie_delta_cd_tc3.107
Distância: 3.00m</description>
        <styleUrl>#edge_style</styleUrl>
        <LineString>
          <coordinates>-41.76469931697278,-3.1230636518476085,0 -41.7646723272699,-3.1230636518476085,0</coordinates>
        </LineString>
      </Placemark>
      <Placemark>
        <name>ef_charlie_delta_cd_tc3.112 → ef_charlie_delta_cd_tc4.86</name>
        <description>De: ef_charlie_delta_cd_tc3.112
Para: ef_charlie_delta_cd_tc4.86
Distância: 7.79m</description>
        <styleUrl>#edge_style</styleUrl>
        <LineString>
          <coordinates>-41.76469931697278,-3.1230144679021685,0 -41.76469931697278,-3.1229444914305433,0</coordinates>
        </LineString>
      </Placemark>
      <Placemark>
        <name>ef_charlie_delta_cd_tc3.112 → ef_charlie_delta_cd_tc3.106</name>
        <description>De: ef_charlie_delta_cd_tc3.112
Para: ef_charlie_delta_cd_tc3.106
Distância: 3.00m</description>
        <styleUrl>#edge_style</styleUrl>
        <LineString>
          <coordinates>-41.76469931697278,-3.1230144679021685,0 -41.7646723272699,-3.1230144679021685,0</coordinates>
        </LineString>
      </Placemark>
      <Placemark>
        <name>ef_charlie_delta_cd_tc3.112 → pp_15</name>
        <description>De: ef_charlie_delta_cd_tc3.112
Para: pp_15
Distância: 3.66m</description>
        <styleUrl>#edge_style</styleUrl>
        <LineString>
          <coordinates>-41.76469931697278,-3.1230144679021685,0 -41.76469931697278,-3.122981621711577,0</coordinates>
        </LineString>
      </Placemark>
      <Placemark>
        <name>pp_15 → ef_charlie_delta_estrutura3456.001.379</name>
        <description>De: pp_15
Para: ef_charlie_delta_estrutura3456.001.379
Distância: 15.44m</description>
        <styleUrl>#edge_style</styleUrl>
        <LineString>
          <coordinates>-41.76469931697278,-3.122981621711577,0 -41.764560383878575,-3.122981621711577,0</coordinates>
        </LineString>
      </Placemark>
      <Placemark>
        <name>pp_15 → ef_charlie_delta_cd_tc4.86</name>
        <description>De: pp_15
Para: ef_charlie_delta_cd_tc4.86
Distância: 4.13m</description>
        <styleUrl>#edge_style</styleUrl>
        <LineString>
          <coordinates>-41.76469931697278,-3.122981621711577,0 -41.76469931697278,-3.1229444914305433,0</coordinates>
        </LineString>
      </Placemark>
      <Placemark>
        <name>ef_charlie_delta_cd_tc4.86 → ef_charlie_delta_cd_tc4.85</name>
        <description>De: ef_charlie_delta_cd_tc4.86
Para: ef_charlie_delta_cd_tc4.85
Distância: 3.00m</description>
        <styleUrl>#edge_style</styleUrl>
        <LineString>
          <coordinates>-41.76469931697278,-3.1229444914305433,0 -41.7646723272699,-3.1229444914305433,0</coordinates>
        </LineString>
      </Placemark>
      <Placemark>
        <name>ef_charlie_delta_cd_tc4.92 → ef_charlie_delta_cd_tc5.80</name>
        <description>De: ef_charlie_delta_cd_tc4.92
Para: ef_charlie_delta_cd_tc5.80
Distância: 2.02m</description>
        <styleUrl>#edge_style</styleUrl>
        <LineString>
          <coordinates>-41.76469931697278,-3.122895905766553,0 -41.76469931697278,-3.122877755200945,0</coordinates>
        </LineString>
      </Placemark>
      <Placemark>
        <name>ef_charlie_delta_cd_tc4.92 → ef_charlie_delta_cd_tc4.89</name>
        <description>De: ef_charlie_delta_cd_tc4.92
Para: ef_charlie_delta_cd_tc4.89
Distância: 3.00m</description>
        <styleUrl>#edge_style</styleUrl>
        <LineString>
          <coordinates>-41.76469931697278,-3.122895905766553,0 -41.7646723272699,-3.122895905766553,0</coordinates>
        </LineString>
      </Placemark>
      <Placemark>
        <name>ef_charlie_delta_cd_tc5.80 → ef_charlie_delta_cd_tc5.81</name>
        <description>De: ef_charlie_delta_cd_tc5.80
Para: ef_charlie_delta_cd_tc5.81
Distância: 3.00m</description>
        <styleUrl>#edge_style</styleUrl>
        <LineString>
          <coordinates>-41.76469931697278,-3.122877755200945,0 -41.7646723272699,-3.122877755200945,0</coordinates>
        </LineString>
      </Placemark>
      <Placemark>
        <name>ef_charlie_delta_cd_tc5.77 → ef_charlie_delta_cd_tc6.59</name>
        <description>De: ef_charlie_delta_cd_tc5.77
Para: ef_charlie_delta_cd_tc6.59
Distância: 2.04m</description>
        <styleUrl>#edge_style</styleUrl>
        <LineString>
          <coordinates>-41.76469931697278,-3.1228291704352746,0 -41.76469931697278,-3.122810839307247,0</coordinates>
        </LineString>
      </Placemark>
      <Placemark>
        <name>ef_charlie_delta_cd_tc5.77 → ef_charlie_delta_cd_tc5.67</name>
        <description>De: ef_charlie_delta_cd_tc5.77
Para: ef_charlie_delta_cd_tc5.67
Distância: 3.00m</description>
        <styleUrl>#edge_style</styleUrl>
        <LineString>
          <coordinates>-41.76469931697278,-3.1228291704352746,0 -41.7646723272699,-3.1228291704352746,0</coordinates>
        </LineString>
      </Placemark>
      <Placemark>
        <name>ef_charlie_delta_cd_tc6.59 → ef_charlie_delta_cd_tc6.54</name>
        <description>De: ef_charlie_delta_cd_tc6.59
Para: ef_charlie_delta_cd_tc6.54
Distância: 3.00m</description>
        <styleUrl>#edge_style</styleUrl>
        <LineString>
          <coordinates>-41.76469931697278,-3.122810839307247,0 -41.7646723272699,-3.122810839307247,0</coordinates>
        </LineString>
      </Placemark>
      <Placemark>
        <name>ef_charlie_delta_cd_tc1.196 → ef_charlie_delta_cd_tc2.120</name>
        <description>De: ef_charlie_delta_cd_tc1.196
Para: ef_charlie_delta_cd_tc2.120
Distância: 1.90m</description>
        <styleUrl>#edge_style</styleUrl>
        <LineString>
          <coordinates>-41.7646723272699,-3.1231496588484733,0 -41.7646723272699,-3.1231325665044083,0</coordinates>
        </LineString>
      </Placemark>
      <Placemark>
        <name>ef_charlie_delta_cd_tc1.196 → ef_charlie_delta_cd_sech1.197</name>
        <description>De: ef_charlie_delta_cd_tc1.196
Para: ef_charlie_delta_cd_sech1.197
Distância: 3.00m</description>
        <styleUrl>#edge_style</styleUrl>
        <LineString>
          <coordinates>-41.7646723272699,-3.1231496588484733,0 -41.76464533756702,-3.1231496588484733,0</coordinates>
        </LineString>
      </Placemark>
      <Placemark>
        <name>ef_charlie_delta_cd_tc2.120 → ef_charlie_delta_cd_sech2.132</name>
        <description>De: ef_charlie_delta_cd_tc2.120
Para: ef_charlie_delta_cd_sech2.132
Distância: 3.00m</description>
        <styleUrl>#edge_style</styleUrl>
        <LineString>
          <coordinates>-41.7646723272699,-3.1231325665044083,0 -41.76464533756702,-3.1231325665044083,0</coordinates>
        </LineString>
      </Placemark>
      <Placemark>
        <name>ef_charlie_delta_cd_tc2.121 → ef_charlie_delta_cd_sech2.136</name>
        <description>De: ef_charlie_delta_cd_tc2.121
Para: ef_charlie_delta_cd_sech2.136
Distância: 3.00m</description>
        <styleUrl>#edge_style</styleUrl>
        <LineString>
          <coordinates>-41.7646723272699,-3.123083144504037,0 -41.76464533756702,-3.123083144504037,0</coordinates>
        </LineString>
      </Placemark>
      <Placemark>
        <name>ef_charlie_delta_cd_tc2.121 → ef_charlie_delta_cd_tc3.107</name>
        <description>De: ef_charlie_delta_cd_tc2.121
Para: ef_charlie_delta_cd_tc3.107
Distância: 2.17m</description>
        <styleUrl>#edge_style</styleUrl>
        <LineString>
          <coordinates>-41.7646723272699,-3.123083144504037,0 -41.7646723272699,-3.1230636518476085,0</coordinates>
        </LineString>
      </Placemark>
      <Placemark>
        <name>ef_charlie_delta_cd_tc3.107 → ef_charlie_delta_cd_sech3.108</name>
        <description>De: ef_charlie_delta_cd_tc3.107
Para: ef_charlie_delta_cd_sech3.108
Distância: 3.00m</description>
        <styleUrl>#edge_style</styleUrl>
        <LineString>
          <coordinates>-41.7646723272699,-3.1230636518476085,0 -41.76464533756702,-3.1230636518476085,0</coordinates>
        </LineString>
      </Placemark>
      <Placemark>
        <name>ef_charlie_delta_cd_tc3.106 → ef_charlie_delta_cd_sech3.111</name>
        <description>De: ef_charlie_delta_cd_tc3.106
Para: ef_charlie_delta_cd_sech3.111
Distância: 3.00m</description>
        <styleUrl>#edge_style</styleUrl>
        <LineString>
          <coordinates>-41.7646723272699,-3.1230144679021685,0 -41.76464533756702,-3.1230144679021685,0</coordinates>
        </LineString>
      </Placemark>
      <Placemark>
        <name>ef_charlie_delta_cd_tc3.106 → ef_charlie_delta_cd_tc4.85</name>
        <description>De: ef_charlie_delta_cd_tc3.106
Para: ef_charlie_delta_cd_tc4.85
Distância: 7.79m</description>
        <styleUrl>#edge_style</styleUrl>
        <LineString>
          <coordinates>-41.7646723272699,-3.1230144679021685,0 -41.7646723272699,-3.1229444914305433,0</coordinates>
        </LineString>
      </Placemark>
      <Placemark>
        <name>ef_charlie_delta_cd_tc3.106 → pp_16</name>
        <description>De: ef_charlie_delta_cd_tc3.106
Para: pp_16
Distância: 3.66m</description>
        <styleUrl>#edge_style</styleUrl>
        <LineString>
          <coordinates>-41.7646723272699,-3.1230144679021685,0 -41.7646723272699,-3.122981621711577,0</coordinates>
        </LineString>
      </Placemark>
      <Placemark>
        <name>pp_16 → ef_charlie_delta_estrutura3456.001.379</name>
        <description>De: pp_16
Para: ef_charlie_delta_estrutura3456.001.379
Distância: 12.44m</description>
        <styleUrl>#edge_style</styleUrl>
        <LineString>
          <coordinates>-41.7646723272699,-3.122981621711577,0 -41.764560383878575,-3.122981621711577,0</coordinates>
        </LineString>
      </Placemark>
      <Placemark>
        <name>pp_16 → ef_charlie_delta_cd_tc4.85</name>
        <description>De: pp_16
Para: ef_charlie_delta_cd_tc4.85
Distância: 4.13m</description>
        <styleUrl>#edge_style</styleUrl>
        <LineString>
          <coordinates>-41.7646723272699,-3.122981621711577,0 -41.7646723272699,-3.1229444914305433,0</coordinates>
        </LineString>
      </Placemark>
      <Placemark>
        <name>ef_charlie_delta_cd_tc4.85 → ef_charlie_delta_cd_sech4.87</name>
        <description>De: ef_charlie_delta_cd_tc4.85
Para: ef_charlie_delta_cd_sech4.87
Distância: 3.00m</description>
        <styleUrl>#edge_style</styleUrl>
        <LineString>
          <coordinates>-41.7646723272699,-3.1229444914305433,0 -41.76464533756702,-3.1229444914305433,0</coordinates>
        </LineString>
      </Placemark>
      <Placemark>
        <name>ef_charlie_delta_cd_tc4.89 → ef_charlie_delta_cd_tc5.81</name>
        <description>De: ef_charlie_delta_cd_tc4.89
Para: ef_charlie_delta_cd_tc5.81
Distância: 2.02m</description>
        <styleUrl>#edge_style</styleUrl>
        <LineString>
          <coordinates>-41.7646723272699,-3.122895905766553,0 -41.7646723272699,-3.122877755200945,0</coordinates>
        </LineString>
      </Placemark>
      <Placemark>
        <name>ef_charlie_delta_cd_tc4.89 → ef_charlie_delta_cd_sech4.83</name>
        <description>De: ef_charlie_delta_cd_tc4.89
Para: ef_charlie_delta_cd_sech4.83
Distância: 3.00m</description>
        <styleUrl>#edge_style</styleUrl>
        <LineString>
          <coordinates>-41.7646723272699,-3.122895905766553,0 -41.76464533756702,-3.122895905766553,0</coordinates>
        </LineString>
      </Placemark>
      <Placemark>
        <name>ef_charlie_delta_cd_tc5.81 → ef_charlie_delta_cd_sech5.79</name>
        <description>De: ef_charlie_delta_cd_tc5.81
Para: ef_charlie_delta_cd_sech5.79
Distância: 3.00m</description>
        <styleUrl>#edge_style</styleUrl>
        <LineString>
          <coordinates>-41.7646723272699,-3.122877755200945,0 -41.76464533756702,-3.122877755200945,0</coordinates>
        </LineString>
      </Placemark>
      <Placemark>
        <name>ef_charlie_delta_cd_tc5.67 → ef_charlie_delta_cd_sech5.78</name>
        <description>De: ef_charlie_delta_cd_tc5.67
Para: ef_charlie_delta_cd_sech5.78
Distância: 3.00m</description>
        <styleUrl>#edge_style</styleUrl>
        <LineString>
          <coordinates>-41.7646723272699,-3.1228291704352746,0 -41.76464533756702,-3.1228291704352746,0</coordinates>
        </LineString>
      </Placemark>
      <Placemark>
        <name>ef_charlie_delta_cd_tc5.67 → ef_charlie_delta_cd_tc6.54</name>
        <description>De: ef_charlie_delta_cd_tc5.67
Para: ef_charlie_delta_cd_tc6.54
Distância: 2.04m</description>
        <styleUrl>#edge_style</styleUrl>
        <LineString>
          <coordinates>-41.7646723272699,-3.1228291704352746,0 -41.7646723272699,-3.122810839307247,0</coordinates>
        </LineString>
      </Placemark>
      <Placemark>
        <name>ef_charlie_delta_cd_tc6.54 → ef_charlie_delta_cd_sech6.58</name>
        <description>De: ef_charlie_delta_cd_tc6.54
Para: ef_charlie_delta_cd_sech6.58
Distância: 3.00m</description>
        <styleUrl>#edge_style</styleUrl>
        <LineString>
          <coordinates>-41.7646723272699,-3.122810839307247,0 -41.76464533756702,-3.122810839307247,0</coordinates>
        </LineString>
      </Placemark>
      <Placemark>
        <name>ef_charlie_delta_cd_tc1.200 → ef_gravel_plane_link.191</name>
        <description>De: ef_charlie_delta_cd_tc1.200
Para: ef_gravel_plane_link.191
Distância: 8.81m</description>
        <styleUrl>#edge_style</styleUrl>
        <LineString>
          <coordinates>-41.764668173554625,-3.1231989029813865,0 -41.76458894348251,-3.1231989029813865,0</coordinates>
        </LineString>
      </Placemark>
      <Placemark>
        <name>ef_charlie_delta_cd_sech1.197 → ef_charlie_delta_cd_sech1.194</name>
        <description>De: ef_charlie_delta_cd_sech1.197
Para: ef_charlie_delta_cd_sech1.194
Distância: 3.00m</description>
        <styleUrl>#edge_style</styleUrl>
        <LineString>
          <coordinates>-41.76464533756702,-3.1231496588484733,0 -41.764618347864136,-3.1231496588484733,0</coordinates>
        </LineString>
      </Placemark>
      <Placemark>
        <name>ef_charlie_delta_cd_sech1.197 → ef_charlie_delta_cd_sech2.132</name>
        <description>De: ef_charlie_delta_cd_sech1.197
Para: ef_charlie_delta_cd_sech2.132
Distância: 1.90m</description>
        <styleUrl>#edge_style</styleUrl>
        <LineString>
          <coordinates>-41.76464533756702,-3.1231496588484733,0 -41.76464533756702,-3.1231325665044083,0</coordinates>
        </LineString>
      </Placemark>
      <Placemark>
        <name>ef_charlie_delta_cd_sech2.132 → ef_charlie_delta_cd_sech2.122</name>
        <description>De: ef_charlie_delta_cd_sech2.132
Para: ef_charlie_delta_cd_sech2.122
Distância: 3.00m</description>
        <styleUrl>#edge_style</styleUrl>
        <LineString>
          <coordinates>-41.76464533756702,-3.1231325665044083,0 -41.764618347864136,-3.1231325665044083,0</coordinates>
        </LineString>
      </Placemark>
      <Placemark>
        <name>ef_charlie_delta_cd_sech2.136 → ef_charlie_delta_cd_sech3.108</name>
        <description>De: ef_charlie_delta_cd_sech2.136
Para: ef_charlie_delta_cd_sech3.108
Distância: 2.17m</description>
        <styleUrl>#edge_style</styleUrl>
        <LineString>
          <coordinates>-41.76464533756702,-3.123083144504037,0 -41.76464533756702,-3.1230636518476085,0</coordinates>
        </LineString>
      </Placemark>
      <Placemark>
        <name>ef_charlie_delta_cd_sech2.136 → ef_charlie_delta_cd_sech2.128</name>
        <description>De: ef_charlie_delta_cd_sech2.136
Para: ef_charlie_delta_cd_sech2.128
Distância: 3.00m</description>
        <styleUrl>#edge_style</styleUrl>
        <LineString>
          <coordinates>-41.76464533756702,-3.123083144504037,0 -41.764618347864136,-3.123083144504037,0</coordinates>
        </LineString>
      </Placemark>
      <Placemark>
        <name>ef_charlie_delta_cd_sech3.108 → ef_charlie_delta_cd_sech3.104</name>
        <description>De: ef_charlie_delta_cd_sech3.108
Para: ef_charlie_delta_cd_sech3.104
Distância: 3.00m</description>
        <styleUrl>#edge_style</styleUrl>
        <LineString>
          <coordinates>-41.76464533756702,-3.1230636518476085,0 -41.764618347864136,-3.1230636518476085,0</coordinates>
        </LineString>
      </Placemark>
      <Placemark>
        <name>ef_charlie_delta_cd_sech3.111 → ef_charlie_delta_cd_sech4.87</name>
        <description>De: ef_charlie_delta_cd_sech3.111
Para: ef_charlie_delta_cd_sech4.87
Distância: 7.79m</description>
        <styleUrl>#edge_style</styleUrl>
        <LineString>
          <coordinates>-41.76464533756702,-3.1230144679021685,0 -41.76464533756702,-3.1229444914305433,0</coordinates>
        </LineString>
      </Placemark>
      <Placemark>
        <name>ef_charlie_delta_cd_sech3.111 → ef_charlie_delta_cd_sech3.110</name>
        <description>De: ef_charlie_delta_cd_sech3.111
Para: ef_charlie_delta_cd_sech3.110
Distância: 3.00m</description>
        <styleUrl>#edge_style</styleUrl>
        <LineString>
          <coordinates>-41.76464533756702,-3.1230144679021685,0 -41.764618347864136,-3.1230144679021685,0</coordinates>
        </LineString>
      </Placemark>
      <Placemark>
        <name>ef_charlie_delta_cd_sech3.111 → pp_17</name>
        <description>De: ef_charlie_delta_cd_sech3.111
Para: pp_17
Distância: 3.66m</description>
        <styleUrl>#edge_style</styleUrl>
        <LineString>
          <coordinates>-41.76464533756702,-3.1230144679021685,0 -41.76464533756702,-3.122981621711577,0</coordinates>
        </LineString>
      </Placemark>
      <Placemark>
        <name>pp_17 → ef_charlie_delta_estrutura3456.001.379</name>
        <description>De: pp_17
Para: ef_charlie_delta_estrutura3456.001.379
Distância: 9.44m</description>
        <styleUrl>#edge_style</styleUrl>
        <LineString>
          <coordinates>-41.76464533756702,-3.122981621711577,0 -41.764560383878575,-3.122981621711577,0</coordinates>
        </LineString>
      </Placemark>
      <Placemark>
        <name>pp_17 → ef_charlie_delta_cd_sech4.87</name>
        <description>De: pp_17
Para: ef_charlie_delta_cd_sech4.87
Distância: 4.13m</description>
        <styleUrl>#edge_style</styleUrl>
        <LineString>
          <coordinates>-41.76464533756702,-3.122981621711577,0 -41.76464533756702,-3.1229444914305433,0</coordinates>
        </LineString>
      </Placemark>
      <Placemark>
        <name>ef_charlie_delta_cd_sech4.87 → ef_charlie_delta_cd_sech4.88</name>
        <description>De: ef_charlie_delta_cd_sech4.87
Para: ef_charlie_delta_cd_sech4.88
Distância: 3.00m</description>
        <styleUrl>#edge_style</styleUrl>
        <LineString>
          <coordinates>-41.76464533756702,-3.1229444914305433,0 -41.764618347864136,-3.1229444914305433,0</coordinates>
        </LineString>
      </Placemark>
      <Placemark>
        <name>ef_charlie_delta_cd_sech4.83 → ef_charlie_delta_cd_sech5.79</name>
        <description>De: ef_charlie_delta_cd_sech4.83
Para: ef_charlie_delta_cd_sech5.79
Distância: 2.02m</description>
        <styleUrl>#edge_style</styleUrl>
        <LineString>
          <coordinates>-41.76464533756702,-3.122895905766553,0 -41.76464533756702,-3.122877755200945,0</coordinates>
        </LineString>
      </Placemark>
      <Placemark>
        <name>ef_charlie_delta_cd_sech4.83 → ef_charlie_delta_cd_sech4.84</name>
        <description>De: ef_charlie_delta_cd_sech4.83
Para: ef_charlie_delta_cd_sech4.84
Distância: 3.00m</description>
        <styleUrl>#edge_style</styleUrl>
        <LineString>
          <coordinates>-41.76464533756702,-3.122895905766553,0 -41.764618347864136,-3.122895905766553,0</coordinates>
        </LineString>
      </Placemark>
      <Placemark>
        <name>ef_charlie_delta_cd_sech5.79 → ef_charlie_delta_cd_sech5.70</name>
        <description>De: ef_charlie_delta_cd_sech5.79
Para: ef_charlie_delta_cd_sech5.70
Distância: 3.00m</description>
        <styleUrl>#edge_style</styleUrl>
        <LineString>
          <coordinates>-41.76464533756702,-3.122877755200945,0 -41.764618347864136,-3.122877755200945,0</coordinates>
        </LineString>
      </Placemark>
      <Placemark>
        <name>ef_charlie_delta_cd_sech5.78 → ef_charlie_delta_cd_sech5.66</name>
        <description>De: ef_charlie_delta_cd_sech5.78
Para: ef_charlie_delta_cd_sech5.66
Distância: 3.00m</description>
        <styleUrl>#edge_style</styleUrl>
        <LineString>
          <coordinates>-41.76464533756702,-3.1228291704352746,0 -41.764618347864136,-3.1228291704352746,0</coordinates>
        </LineString>
      </Placemark>
      <Placemark>
        <name>ef_charlie_delta_cd_sech5.78 → ef_charlie_delta_cd_sech6.58</name>
        <description>De: ef_charlie_delta_cd_sech5.78
Para: ef_charlie_delta_cd_sech6.58
Distância: 2.04m</description>
        <styleUrl>#edge_style</styleUrl>
        <LineString>
          <coordinates>-41.76464533756702,-3.1228291704352746,0 -41.76464533756702,-3.122810839307247,0</coordinates>
        </LineString>
      </Placemark>
      <Placemark>
        <name>ef_charlie_delta_cd_sech6.58 → ef_charlie_delta_cd_sech6.51</name>
        <description>De: ef_charlie_delta_cd_sech6.58
Para: ef_charlie_delta_cd_sech6.51
Distância: 3.00m</description>
        <styleUrl>#edge_style</styleUrl>
        <LineString>
          <coordinates>-41.76464533756702,-3.122810839307247,0 -41.764618347864136,-3.122810839307247,0</coordinates>
        </LineString>
      </Placemark>
      <Placemark>
        <name>ef_charlie_delta_cd_sech6.56 → ef_charlie_delta_cd_sech6.55</name>
        <description>De: ef_charlie_delta_cd_sech6.56
Para: ef_charlie_delta_cd_sech6.55
Distância: 5.87m</description>
        <styleUrl>#edge_style</styleUrl>
        <LineString>
          <coordinates>-41.76464242897671,-3.122762254541577,0 -41.764589608328855,-3.122762254541577,0</coordinates>
        </LineString>
      </Placemark>
      <Placemark>
        <name>ef_charlie_delta_cd_sech1.194 → ef_charlie_delta_cd_sech2.122</name>
        <description>De: ef_charlie_delta_cd_sech1.194
Para: ef_charlie_delta_cd_sech2.122
Distância: 1.90m</description>
        <styleUrl>#edge_style</styleUrl>
        <LineString>
          <coordinates>-41.764618347864136,-3.1231496588484733,0 -41.764618347864136,-3.1231325665044083,0</coordinates>
        </LineString>
      </Placemark>
      <Placemark>
        <name>ef_charlie_delta_cd_sech1.194 → ef_charlie_delta_cd_sech1.192</name>
        <description>De: ef_charlie_delta_cd_sech1.194
Para: ef_charlie_delta_cd_sech1.192
Distância: 3.00m</description>
        <styleUrl>#edge_style</styleUrl>
        <LineString>
          <coordinates>-41.764618347864136,-3.1231496588484733,0 -41.764591358161255,-3.1231496588484733,0</coordinates>
        </LineString>
      </Placemark>
      <Placemark>
        <name>ef_charlie_delta_cd_sech2.122 → ef_charlie_delta_cd_sech2.129</name>
        <description>De: ef_charlie_delta_cd_sech2.122
Para: ef_charlie_delta_cd_sech2.129
Distância: 3.00m</description>
        <styleUrl>#edge_style</styleUrl>
        <LineString>
          <coordinates>-41.764618347864136,-3.1231325665044083,0 -41.764591358161255,-3.1231325665044083,0</coordinates>
        </LineString>
      </Placemark>
      <Placemark>
        <name>ef_charlie_delta_cd_sech2.128 → ef_charlie_delta_cd_sech3.104</name>
        <description>De: ef_charlie_delta_cd_sech2.128
Para: ef_charlie_delta_cd_sech3.104
Distância: 2.17m</description>
        <styleUrl>#edge_style</styleUrl>
        <LineString>
          <coordinates>-41.764618347864136,-3.123083144504037,0 -41.764618347864136,-3.1230636518476085,0</coordinates>
        </LineString>
      </Placemark>
      <Placemark>
        <name>ef_charlie_delta_cd_sech2.128 → ef_charlie_delta_cd_sech2.133</name>
        <description>De: ef_charlie_delta_cd_sech2.128
Para: ef_charlie_delta_cd_sech2.133
Distância: 3.00m</description>
        <styleUrl>#edge_style</styleUrl>
        <LineString>
          <coordinates>-41.764618347864136,-3.123083144504037,0 -41.764591358161255,-3.123083144504037,0</coordinates>
        </LineString>
      </Placemark>
      <Placemark>
        <name>ef_charlie_delta_cd_sech3.104 → ef_charlie_delta_cd_sech3.113</name>
        <description>De: ef_charlie_delta_cd_sech3.104
Para: ef_charlie_delta_cd_sech3.113
Distância: 3.00m</description>
        <styleUrl>#edge_style</styleUrl>
        <LineString>
          <coordinates>-41.764618347864136,-3.1230636518476085,0 -41.764591358161255,-3.1230636518476085,0</coordinates>
        </LineString>
      </Placemark>
      <Placemark>
        <name>ef_charlie_delta_cd_sech3.110 → ef_charlie_delta_cd_sech3.115</name>
        <description>De: ef_charlie_delta_cd_sech3.110
Para: ef_charlie_delta_cd_sech3.115
Distância: 3.00m</description>
        <styleUrl>#edge_style</styleUrl>
        <LineString>
          <coordinates>-41.764618347864136,-3.1230144679021685,0 -41.764591358161255,-3.1230144679021685,0</coordinates>
        </LineString>
      </Placemark>
      <Placemark>
        <name>ef_charlie_delta_cd_sech3.110 → ef_charlie_delta_cd_sech4.88</name>
        <description>De: ef_charlie_delta_cd_sech3.110
Para: ef_charlie_delta_cd_sech4.88
Distância: 7.79m</description>
        <styleUrl>#edge_style</styleUrl>
        <LineString>
          <coordinates>-41.764618347864136,-3.1230144679021685,0 -41.764618347864136,-3.1229444914305433,0</coordinates>
        </LineString>
      </Placemark>
      <Placemark>
        <name>ef_charlie_delta_cd_sech3.110 → pp_18</name>
        <description>De: ef_charlie_delta_cd_sech3.110
Para: pp_18
Distância: 3.66m</description>
        <styleUrl>#edge_style</styleUrl>
        <LineString>
          <coordinates>-41.764618347864136,-3.1230144679021685,0 -41.764618347864136,-3.122981621711577,0</coordinates>
        </LineString>
      </Placemark>
      <Placemark>
        <name>pp_18 → ef_charlie_delta_estrutura3456.001.379</name>
        <description>De: pp_18
Para: ef_charlie_delta_estrutura3456.001.379
Distância: 6.44m</description>
        <styleUrl>#edge_style</styleUrl>
        <LineString>
          <coordinates>-41.764618347864136,-3.122981621711577,0 -41.764560383878575,-3.122981621711577,0</coordinates>
        </LineString>
      </Placemark>
      <Placemark>
        <name>pp_18 → ef_charlie_delta_cd_sech4.88</name>
        <description>De: pp_18
Para: ef_charlie_delta_cd_sech4.88
Distância: 4.13m</description>
        <styleUrl>#edge_style</styleUrl>
        <LineString>
          <coordinates>-41.764618347864136,-3.122981621711577,0 -41.764618347864136,-3.1229444914305433,0</coordinates>
        </LineString>
      </Placemark>
      <Placemark>
        <name>ef_charlie_delta_cd_sech4.88 → ef_charlie_delta_cd_sech4.100</name>
        <description>De: ef_charlie_delta_cd_sech4.88
Para: ef_charlie_delta_cd_sech4.100
Distância: 3.00m</description>
        <styleUrl>#edge_style</styleUrl>
        <LineString>
          <coordinates>-41.764618347864136,-3.1229444914305433,0 -41.764591358161255,-3.1229444914305433,0</coordinates>
        </LineString>
      </Placemark>
      <Placemark>
        <name>ef_charlie_delta_cd_sech4.84 → ef_charlie_delta_cd_sech5.70</name>
        <description>De: ef_charlie_delta_cd_sech4.84
Para: ef_charlie_delta_cd_sech5.70
Distância: 2.02m</description>
        <styleUrl>#edge_style</styleUrl>
        <LineString>
          <coordinates>-41.764618347864136,-3.122895905766553,0 -41.764618347864136,-3.122877755200945,0</coordinates>
        </LineString>
      </Placemark>
      <Placemark>
        <name>ef_charlie_delta_cd_sech4.84 → ef_charlie_delta_cd_sech4.99</name>
        <description>De: ef_charlie_delta_cd_sech4.84
Para: ef_charlie_delta_cd_sech4.99
Distância: 3.00m</description>
        <styleUrl>#edge_style</styleUrl>
        <LineString>
          <coordinates>-41.764618347864136,-3.122895905766553,0 -41.764591358161255,-3.122895905766553,0</coordinates>
        </LineString>
      </Placemark>
      <Placemark>
        <name>ef_charlie_delta_cd_sech5.70 → ef_charlie_delta_cd_sech5.68</name>
        <description>De: ef_charlie_delta_cd_sech5.70
Para: ef_charlie_delta_cd_sech5.68
Distância: 3.00m</description>
        <styleUrl>#edge_style</styleUrl>
        <LineString>
          <coordinates>-41.764618347864136,-3.122877755200945,0 -41.764591358161255,-3.122877755200945,0</coordinates>
        </LineString>
      </Placemark>
      <Placemark>
        <name>ef_charlie_delta_cd_sech5.66 → ef_charlie_delta_cd_sech5.73</name>
        <description>De: ef_charlie_delta_cd_sech5.66
Para: ef_charlie_delta_cd_sech5.73
Distância: 3.00m</description>
        <styleUrl>#edge_style</styleUrl>
        <LineString>
          <coordinates>-41.764618347864136,-3.1228291704352746,0 -41.764591358161255,-3.1228291704352746,0</coordinates>
        </LineString>
      </Placemark>
      <Placemark>
        <name>ef_charlie_delta_cd_sech5.66 → ef_charlie_delta_cd_sech6.51</name>
        <description>De: ef_charlie_delta_cd_sech5.66
Para: ef_charlie_delta_cd_sech6.51
Distância: 2.04m</description>
        <styleUrl>#edge_style</styleUrl>
        <LineString>
          <coordinates>-41.764618347864136,-3.1228291704352746,0 -41.764618347864136,-3.122810839307247,0</coordinates>
        </LineString>
      </Placemark>
      <Placemark>
        <name>ef_charlie_delta_cd_sech6.51 → ef_charlie_delta_cd_sech6.64</name>
        <description>De: ef_charlie_delta_cd_sech6.51
Para: ef_charlie_delta_cd_sech6.64
Distância: 3.00m</description>
        <styleUrl>#edge_style</styleUrl>
        <LineString>
          <coordinates>-41.764618347864136,-3.122810839307247,0 -41.764591358161255,-3.122810839307247,0</coordinates>
        </LineString>
      </Placemark>
      <Placemark>
        <name>ef_charlie_delta_cd_sech1.192 → ef_charlie_delta_cd_sech1.190</name>
        <description>De: ef_charlie_delta_cd_sech1.192
Para: ef_charlie_delta_cd_sech1.190
Distância: 0.27m</description>
        <styleUrl>#edge_style</styleUrl>
        <LineString>
          <coordinates>-41.764591358161255,-3.1231496588484733,0 -41.76458894348251,-3.1231496588484733,0</coordinates>
        </LineString>
      </Placemark>
      <Placemark>
        <name>ef_charlie_delta_cd_sech1.192 → ef_charlie_delta_cd_sech2.129</name>
        <description>De: ef_charlie_delta_cd_sech1.192
Para: ef_charlie_delta_cd_sech2.129
Distância: 1.90m</description>
        <styleUrl>#edge_style</styleUrl>
        <LineString>
          <coordinates>-41.764591358161255,-3.1231496588484733,0 -41.764591358161255,-3.1231325665044083,0</coordinates>
        </LineString>
      </Placemark>
      <Placemark>
        <name>ef_charlie_delta_cd_sech2.129 → ef_charlie_delta_cd_sech2.130</name>
        <description>De: ef_charlie_delta_cd_sech2.129
Para: ef_charlie_delta_cd_sech2.130
Distância: 0.26m</description>
        <styleUrl>#edge_style</styleUrl>
        <LineString>
          <coordinates>-41.764591358161255,-3.1231325665044083,0 -41.76458905773892,-3.1231325665044083,0</coordinates>
        </LineString>
      </Placemark>
      <Placemark>
        <name>ef_charlie_delta_cd_sech2.133 → ef_charlie_delta_cd_sech2.126</name>
        <description>De: ef_charlie_delta_cd_sech2.133
Para: ef_charlie_delta_cd_sech2.126
Distância: 0.26m</description>
        <styleUrl>#edge_style</styleUrl>
        <LineString>
          <coordinates>-41.764591358161255,-3.123083144504037,0 -41.76458905773892,-3.123083144504037,0</coordinates>
        </LineString>
      </Placemark>
      <Placemark>
        <name>ef_charlie_delta_cd_sech2.133 → ef_charlie_delta_cd_sech3.113</name>
        <description>De: ef_charlie_delta_cd_sech2.133
Para: ef_charlie_delta_cd_sech3.113
Distância: 2.17m</description>
        <styleUrl>#edge_style</styleUrl>
        <LineString>
          <coordinates>-41.764591358161255,-3.123083144504037,0 -41.764591358161255,-3.1230636518476085,0</coordinates>
        </LineString>
      </Placemark>
      <Placemark>
        <name>ef_charlie_delta_cd_sech3.113 → ef_charlie_delta_cd_sech3.105</name>
        <description>De: ef_charlie_delta_cd_sech3.113
Para: ef_charlie_delta_cd_sech3.105
Distância: 0.24m</description>
        <styleUrl>#edge_style</styleUrl>
        <LineString>
          <coordinates>-41.764591358161255,-3.1230636518476085,0 -41.76458917559395,-3.1230636518476085,0</coordinates>
        </LineString>
      </Placemark>
      <Placemark>
        <name>ef_charlie_delta_cd_sech3.115 → ef_charlie_delta_cd_sech3.102</name>
        <description>De: ef_charlie_delta_cd_sech3.115
Para: ef_charlie_delta_cd_sech3.102
Distância: 0.24m</description>
        <styleUrl>#edge_style</styleUrl>
        <LineString>
          <coordinates>-41.764591358161255,-3.1230144679021685,0 -41.76458917559395,-3.1230144679021685,0</coordinates>
        </LineString>
      </Placemark>
      <Placemark>
        <name>ef_charlie_delta_cd_sech3.115 → ef_charlie_delta_cd_sech4.100</name>
        <description>De: ef_charlie_delta_cd_sech3.115
Para: ef_charlie_delta_cd_sech4.100
Distância: 7.79m</description>
        <styleUrl>#edge_style</styleUrl>
        <LineString>
          <coordinates>-41.764591358161255,-3.1230144679021685,0 -41.764591358161255,-3.1229444914305433,0</coordinates>
        </LineString>
      </Placemark>
      <Placemark>
        <name>ef_charlie_delta_cd_sech3.115 → pp_19</name>
        <description>De: ef_charlie_delta_cd_sech3.115
Para: pp_19
Distância: 3.66m</description>
        <styleUrl>#edge_style</styleUrl>
        <LineString>
          <coordinates>-41.764591358161255,-3.1230144679021685,0 -41.764591358161255,-3.122981621711577,0</coordinates>
        </LineString>
      </Placemark>
      <Placemark>
        <name>pp_19 → ef_charlie_delta_estrutura3456.001.379</name>
        <description>De: pp_19
Para: ef_charlie_delta_estrutura3456.001.379
Distância: 3.44m</description>
        <styleUrl>#edge_style</styleUrl>
        <LineString>
          <coordinates>-41.764591358161255,-3.122981621711577,0 -41.764560383878575,-3.122981621711577,0</coordinates>
        </LineString>
      </Placemark>
      <Placemark>
        <name>pp_19 → ef_charlie_delta_cd_sech4.100</name>
        <description>De: pp_19
Para: ef_charlie_delta_cd_sech4.100
Distância: 4.13m</description>
        <styleUrl>#edge_style</styleUrl>
        <LineString>
          <coordinates>-41.764591358161255,-3.122981621711577,0 -41.764591358161255,-3.1229444914305433,0</coordinates>
        </LineString>
      </Placemark>
      <Placemark>
        <name>ef_charlie_delta_cd_sech4.100 → ef_charlie_delta_cd_sech4.98</name>
        <description>De: ef_charlie_delta_cd_sech4.100
Para: ef_charlie_delta_cd_sech4.98
Distância: 0.22m</description>
        <styleUrl>#edge_style</styleUrl>
        <LineString>
          <coordinates>-41.764591358161255,-3.1229444914305433,0 -41.76458937711706,-3.1229444914305433,0</coordinates>
        </LineString>
      </Placemark>
      <Placemark>
        <name>ef_charlie_delta_cd_sech4.99 → ef_charlie_delta_cd_sech4.94</name>
        <description>De: ef_charlie_delta_cd_sech4.99
Para: ef_charlie_delta_cd_sech4.94
Distância: 0.22m</description>
        <styleUrl>#edge_style</styleUrl>
        <LineString>
          <coordinates>-41.764591358161255,-3.122895905766553,0 -41.76458937711706,-3.122895905766553,0</coordinates>
        </LineString>
      </Placemark>
      <Placemark>
        <name>ef_charlie_delta_cd_sech4.99 → ef_charlie_delta_cd_sech5.68</name>
        <description>De: ef_charlie_delta_cd_sech4.99
Para: ef_charlie_delta_cd_sech5.68
Distância: 2.02m</description>
        <styleUrl>#edge_style</styleUrl>
        <LineString>
          <coordinates>-41.764591358161255,-3.122895905766553,0 -41.764591358161255,-3.122877755200945,0</coordinates>
        </LineString>
      </Placemark>
      <Placemark>
        <name>ef_charlie_delta_cd_sech5.68 → ef_charlie_delta_cd_sech5.74</name>
        <description>De: ef_charlie_delta_cd_sech5.68
Para: ef_charlie_delta_cd_sech5.74
Distância: 0.21m</description>
        <styleUrl>#edge_style</styleUrl>
        <LineString>
          <coordinates>-41.764591358161255,-3.122877755200945,0 -41.76458949137347,-3.122877755200945,0</coordinates>
        </LineString>
      </Placemark>
      <Placemark>
        <name>ef_charlie_delta_cd_sech5.73 → ef_charlie_delta_cd_sech5.72</name>
        <description>De: ef_charlie_delta_cd_sech5.73
Para: ef_charlie_delta_cd_sech5.72
Distância: 0.21m</description>
        <styleUrl>#edge_style</styleUrl>
        <LineString>
          <coordinates>-41.764591358161255,-3.1228291704352746,0 -41.76458949137347,-3.1228291704352746,0</coordinates>
        </LineString>
      </Placemark>
      <Placemark>
        <name>ef_charlie_delta_cd_sech5.73 → ef_charlie_delta_cd_sech6.64</name>
        <description>De: ef_charlie_delta_cd_sech5.73
Para: ef_charlie_delta_cd_sech6.64
Distância: 2.04m</description>
        <styleUrl>#edge_style</styleUrl>
        <LineString>
          <coordinates>-41.764591358161255,-3.1228291704352746,0 -41.764591358161255,-3.122810839307247,0</coordinates>
        </LineString>
      </Placemark>
      <Placemark>
        <name>ef_charlie_delta_cd_sech6.64 → ef_charlie_delta_cd_sech6.62</name>
        <description>De: ef_charlie_delta_cd_sech6.64
Para: ef_charlie_delta_cd_sech6.62
Distância: 0.19m</description>
        <styleUrl>#edge_style</styleUrl>
        <LineString>
          <coordinates>-41.764591358161255,-3.122810839307247,0 -41.764589608328855,-3.122810839307247,0</coordinates>
        </LineString>
      </Placemark>
      <Placemark>
        <name>ef_charlie_delta_cd_sech6.62 → ef_charlie_delta_cd_sech6.53</name>
        <description>De: ef_charlie_delta_cd_sech6.62
Para: ef_charlie_delta_cd_sech6.53
Distância: 1.99m</description>
        <styleUrl>#edge_style</styleUrl>
        <LineString>
          <coordinates>-41.764589608328855,-3.122810839307247,0 -41.764589608328855,-3.122792974407556,0</coordinates>
        </LineString>
      </Placemark>
      <Placemark>
        <name>ef_charlie_delta_cd_sech6.53 → ef_charlie_delta_cd_disjuntor12.495</name>
        <description>De: ef_charlie_delta_cd_sech6.53
Para: ef_charlie_delta_cd_disjuntor12.495
Distância: 10.86m</description>
        <styleUrl>#edge_style</styleUrl>
        <LineString>
          <coordinates>-41.764589608328855,-3.122792974407556,0 -41.764491950587264,-3.122792974407556,0</coordinates>
        </LineString>
      </Placemark>
      <Placemark>
        <name>ef_charlie_delta_cd_sech6.53 → ef_charlie_delta_cd_sech6.60</name>
        <description>De: ef_charlie_delta_cd_sech6.53
Para: ef_charlie_delta_cd_sech6.60
Distância: 3.00m</description>
        <styleUrl>#edge_style</styleUrl>
        <LineString>
          <coordinates>-41.764589608328855,-3.122792974407556,0 -41.764589608328855,-3.1227660247926963,0</coordinates>
        </LineString>
      </Placemark>
      <Placemark>
        <name>ef_charlie_delta_cd_sech6.60 → ef_charlie_delta_cd_disjuntor12.487</name>
        <description>De: ef_charlie_delta_cd_sech6.60
Para: ef_charlie_delta_cd_disjuntor12.487
Distância: 10.86m</description>
        <styleUrl>#edge_style</styleUrl>
        <LineString>
          <coordinates>-41.764589608328855,-3.1227660247926963,0 -41.764491950587264,-3.1227660247926963,0</coordinates>
        </LineString>
      </Placemark>
      <Placemark>
        <name>ef_charlie_delta_cd_sech6.60 → ef_charlie_delta_cd_sech6.55</name>
        <description>De: ef_charlie_delta_cd_sech6.60
Para: ef_charlie_delta_cd_sech6.55
Distância: 0.42m</description>
        <styleUrl>#edge_style</styleUrl>
        <LineString>
          <coordinates>-41.764589608328855,-3.1227660247926963,0 -41.764589608328855,-3.122762254541577,0</coordinates>
        </LineString>
      </Placemark>
      <Placemark>
        <name>ef_charlie_delta_cd_sech5.74 → ef_charlie_delta_cd_sech5.82</name>
        <description>De: ef_charlie_delta_cd_sech5.74
Para: ef_charlie_delta_cd_sech5.82
Distância: 0.44m</description>
        <styleUrl>#edge_style</styleUrl>
        <LineString>
          <coordinates>-41.76458949137347,-3.122877755200945,0 -41.76458949137347,-3.1228738232521365,0</coordinates>
        </LineString>
      </Placemark>
      <Placemark>
        <name>ef_charlie_delta_cd_sech5.82 → ef_charlie_delta_cd_disjuntor11.504</name>
        <description>De: ef_charlie_delta_cd_sech5.82
Para: ef_charlie_delta_cd_disjuntor11.504
Distância: 10.86m</description>
        <styleUrl>#edge_style</styleUrl>
        <LineString>
          <coordinates>-41.76458949137347,-3.1228738232521365,0 -41.76449183003326,-3.1228738232521365,0</coordinates>
        </LineString>
      </Placemark>
      <Placemark>
        <name>ef_charlie_delta_cd_sech5.82 → ef_charlie_delta_cd_sech5.76</name>
        <description>De: ef_charlie_delta_cd_sech5.82
Para: ef_charlie_delta_cd_sech5.76
Distância: 3.00m</description>
        <styleUrl>#edge_style</styleUrl>
        <LineString>
          <coordinates>-41.76458949137347,-3.1228738232521365,0 -41.76458949137347,-3.1228468736372763,0</coordinates>
        </LineString>
      </Placemark>
      <Placemark>
        <name>ef_charlie_delta_cd_sech5.76 → ef_charlie_delta_cd_disjuntor11.501</name>
        <description>De: ef_charlie_delta_cd_sech5.76
Para: ef_charlie_delta_cd_disjuntor11.501
Distância: 10.86m</description>
        <styleUrl>#edge_style</styleUrl>
        <LineString>
          <coordinates>-41.76458949137347,-3.1228468736372763,0 -41.76449183003326,-3.1228468736372763,0</coordinates>
        </LineString>
      </Placemark>
      <Placemark>
        <name>ef_charlie_delta_cd_sech5.76 → ef_charlie_delta_cd_sech5.72</name>
        <description>De: ef_charlie_delta_cd_sech5.76
Para: ef_charlie_delta_cd_sech5.72
Distância: 1.97m</description>
        <styleUrl>#edge_style</styleUrl>
        <LineString>
          <coordinates>-41.76458949137347,-3.1228468736372763,0 -41.76458949137347,-3.1228291704352746,0</coordinates>
        </LineString>
      </Placemark>
      <Placemark>
        <name>ef_charlie_delta_cd_sech4.98 → ef_charlie_delta_cd_sech4.91</name>
        <description>De: ef_charlie_delta_cd_sech4.98
Para: ef_charlie_delta_cd_sech4.91
Distância: 1.87m</description>
        <styleUrl>#edge_style</styleUrl>
        <LineString>
          <coordinates>-41.76458937711706,-3.1229444914305433,0 -41.76458937711706,-3.122927722481857,0</coordinates>
        </LineString>
      </Placemark>
      <Placemark>
        <name>ef_charlie_delta_cd_sech4.91 → ef_charlie_delta_cd_sech4.90</name>
        <description>De: ef_charlie_delta_cd_sech4.91
Para: ef_charlie_delta_cd_sech4.90
Distância: 3.00m</description>
        <styleUrl>#edge_style</styleUrl>
        <LineString>
          <coordinates>-41.76458937711706,-3.122927722481857,0 -41.76458937711706,-3.1229007728669966,0</coordinates>
        </LineString>
      </Placemark>
      <Placemark>
        <name>ef_charlie_delta_cd_sech4.91 → ef_charlie_delta_cd_disjuntor10.518</name>
        <description>De: ef_charlie_delta_cd_sech4.91
Para: ef_charlie_delta_cd_disjuntor10.518
Distância: 10.86m</description>
        <styleUrl>#edge_style</styleUrl>
        <LineString>
          <coordinates>-41.76458937711706,-3.122927722481857,0 -41.76449171847582,-3.122927722481857,0</coordinates>
        </LineString>
      </Placemark>
      <Placemark>
        <name>ef_charlie_delta_cd_sech4.90 → ef_charlie_delta_cd_sech4.94</name>
        <description>De: ef_charlie_delta_cd_sech4.90
Para: ef_charlie_delta_cd_sech4.94
Distância: 0.54m</description>
        <styleUrl>#edge_style</styleUrl>
        <LineString>
          <coordinates>-41.76458937711706,-3.1229007728669966,0 -41.76458937711706,-3.122895905766553,0</coordinates>
        </LineString>
      </Placemark>
      <Placemark>
        <name>ef_charlie_delta_cd_sech4.90 → ef_charlie_delta_cd_disjuntor10.519</name>
        <description>De: ef_charlie_delta_cd_sech4.90
Para: ef_charlie_delta_cd_disjuntor10.519
Distância: 10.86m</description>
        <styleUrl>#edge_style</styleUrl>
        <LineString>
          <coordinates>-41.76458937711706,-3.1229007728669966,0 -41.76449171847582,-3.1229007728669966,0</coordinates>
        </LineString>
      </Placemark>
      <Placemark>
        <name>ef_charlie_delta_cd_sech3.105 → ef_charlie_delta_cd_sech3.117</name>
        <description>De: ef_charlie_delta_cd_sech3.105
Para: ef_charlie_delta_cd_sech3.117
Distância: 0.13m</description>
        <styleUrl>#edge_style</styleUrl>
        <LineString>
          <coordinates>-41.76458917559395,-3.1230636518476085,0 -41.76458917559395,-3.123062470556157,0</coordinates>
        </LineString>
      </Placemark>
      <Placemark>
        <name>ef_charlie_delta_cd_sech3.117 → ef_charlie_delta_cd_sech3.118</name>
        <description>De: ef_charlie_delta_cd_sech3.117
Para: ef_charlie_delta_cd_sech3.118
Distância: 3.00m</description>
        <styleUrl>#edge_style</styleUrl>
        <LineString>
          <coordinates>-41.76458917559395,-3.123062470556157,0 -41.76458917559395,-3.123035520941297,0</coordinates>
        </LineString>
      </Placemark>
      <Placemark>
        <name>ef_charlie_delta_cd_sech3.117 → ef_charlie_delta_cd_disjuntor9.402</name>
        <description>De: ef_charlie_delta_cd_sech3.117
Para: ef_charlie_delta_cd_disjuntor9.402
Distância: 10.86m</description>
        <styleUrl>#edge_style</styleUrl>
        <LineString>
          <coordinates>-41.76458917559395,-3.123062470556157,0 -41.764491514253734,-3.123062470556157,0</coordinates>
        </LineString>
      </Placemark>
      <Placemark>
        <name>ef_charlie_delta_cd_sech3.117 → pp_23</name>
        <description>De: ef_charlie_delta_cd_sech3.117
Para: pp_23
Distância: 5.76m</description>
        <styleUrl>#edge_style</styleUrl>
        <LineString>
          <coordinates>-41.76458917559395,-3.123062470556157,0 -41.76453737875549,-3.123062470556157,0</coordinates>
        </LineString>
      </Placemark>
      <Placemark>
        <name>ef_charlie_delta_cd_sech3.118 → ef_charlie_delta_cd_sech3.102</name>
        <description>De: ef_charlie_delta_cd_sech3.118
Para: ef_charlie_delta_cd_sech3.102
Distância: 2.34m</description>
        <styleUrl>#edge_style</styleUrl>
        <LineString>
          <coordinates>-41.76458917559395,-3.123035520941297,0 -41.76458917559395,-3.1230144679021685,0</coordinates>
        </LineString>
      </Placemark>
      <Placemark>
        <name>ef_charlie_delta_cd_sech3.118 → ef_charlie_delta_cd_disjuntor9.396</name>
        <description>De: ef_charlie_delta_cd_sech3.118
Para: ef_charlie_delta_cd_disjuntor9.396
Distância: 10.86m</description>
        <styleUrl>#edge_style</styleUrl>
        <LineString>
          <coordinates>-41.76458917559395,-3.123035520941297,0 -41.764491514253734,-3.123035520941297,0</coordinates>
        </LineString>
      </Placemark>
      <Placemark>
        <name>ef_charlie_delta_cd_sech3.118 → pp_24</name>
        <description>De: ef_charlie_delta_cd_sech3.118
Para: pp_24
Distância: 5.76m</description>
        <styleUrl>#edge_style</styleUrl>
        <LineString>
          <coordinates>-41.76458917559395,-3.123035520941297,0 -41.76453737875549,-3.123035520941297,0</coordinates>
        </LineString>
      </Placemark>
      <Placemark>
        <name>ef_charlie_delta_cd_sech2.130 → ef_charlie_delta_cd_sech2.125</name>
        <description>De: ef_charlie_delta_cd_sech2.130
Para: ef_charlie_delta_cd_sech2.125
Distância: 1.80m</description>
        <styleUrl>#edge_style</styleUrl>
        <LineString>
          <coordinates>-41.76458905773892,-3.1231325665044083,0 -41.76458905773892,-3.1231163697858775,0</coordinates>
        </LineString>
      </Placemark>
      <Placemark>
        <name>ef_charlie_delta_cd_sech2.125 → ef_charlie_delta_cd_disjuntor8.412</name>
        <description>De: ef_charlie_delta_cd_sech2.125
Para: ef_charlie_delta_cd_disjuntor8.412
Distância: 10.86m</description>
        <styleUrl>#edge_style</styleUrl>
        <LineString>
          <coordinates>-41.76458905773892,-3.1231163697858775,0 -41.7644913963987,-3.1231163697858775,0</coordinates>
        </LineString>
      </Placemark>
      <Placemark>
        <name>ef_charlie_delta_cd_sech2.125 → ef_charlie_delta_cd_sech2.124</name>
        <description>De: ef_charlie_delta_cd_sech2.125
Para: ef_charlie_delta_cd_sech2.124
Distância: 3.00m</description>
        <styleUrl>#edge_style</styleUrl>
        <LineString>
          <coordinates>-41.76458905773892,-3.1231163697858775,0 -41.76458905773892,-3.1230894201710173,0</coordinates>
        </LineString>
      </Placemark>
      <Placemark>
        <name>ef_charlie_delta_cd_sech2.125 → pp_21</name>
        <description>De: ef_charlie_delta_cd_sech2.125
Para: pp_21
Distância: 5.74m</description>
        <styleUrl>#edge_style</styleUrl>
        <LineString>
          <coordinates>-41.76458905773892,-3.1231163697858775,0 -41.76453737875549,-3.1231163697858775,0</coordinates>
        </LineString>
      </Placemark>
      <Placemark>
        <name>ef_charlie_delta_cd_sech2.124 → ef_charlie_delta_cd_sech2.126</name>
        <description>De: ef_charlie_delta_cd_sech2.124
Para: ef_charlie_delta_cd_sech2.126
Distância: 0.70m</description>
        <styleUrl>#edge_style</styleUrl>
        <LineString>
          <coordinates>-41.76458905773892,-3.1230894201710173,0 -41.76458905773892,-3.123083144504037,0</coordinates>
        </LineString>
      </Placemark>
      <Placemark>
        <name>ef_charlie_delta_cd_sech2.124 → ef_charlie_delta_cd_disjuntor8.406</name>
        <description>De: ef_charlie_delta_cd_sech2.124
Para: ef_charlie_delta_cd_disjuntor8.406
Distância: 10.86m</description>
        <styleUrl>#edge_style</styleUrl>
        <LineString>
          <coordinates>-41.76458905773892,-3.1230894201710173,0 -41.7644913963987,-3.1230894201710173,0</coordinates>
        </LineString>
      </Placemark>
      <Placemark>
        <name>ef_charlie_delta_cd_sech2.124 → pp_22</name>
        <description>De: ef_charlie_delta_cd_sech2.124
Para: pp_22
Distância: 5.74m</description>
        <styleUrl>#edge_style</styleUrl>
        <LineString>
          <coordinates>-41.76458905773892,-3.1230894201710173,0 -41.76453737875549,-3.1230894201710173,0</coordinates>
        </LineString>
      </Placemark>
      <Placemark>
        <name>ef_gravel_plane_link.191 → ef_gravel_plane_link.189</name>
        <description>De: ef_gravel_plane_link.191
Para: ef_gravel_plane_link.189
Distância: 0.19m</description>
        <styleUrl>#edge_style</styleUrl>
        <LineString>
          <coordinates>-41.76458894348251,-3.1231989029813865,0 -41.76458894348251,-3.123197218630458,0</coordinates>
        </LineString>
      </Placemark>
      <Placemark>
        <name>ef_gravel_plane_link.189 → ef_charlie_delta_cd_sech1.199</name>
        <description>De: ef_gravel_plane_link.189
Para: ef_charlie_delta_cd_sech1.199
Distância: 3.00m</description>
        <styleUrl>#edge_style</styleUrl>
        <LineString>
          <coordinates>-41.76458894348251,-3.123197218630458,0 -41.76458894348251,-3.123170269015598,0</coordinates>
        </LineString>
      </Placemark>
      <Placemark>
        <name>ef_gravel_plane_link.189 → ef_gravel_plane_link.1082</name>
        <description>De: ef_gravel_plane_link.189
Para: ef_gravel_plane_link.1082
Distância: 3.27m</description>
        <styleUrl>#edge_style</styleUrl>
        <LineString>
          <coordinates>-41.76458894348251,-3.123197218630458,0 -41.764559491419064,-3.123197218630458,0</coordinates>
        </LineString>
      </Placemark>
      <Placemark>
        <name>ef_charlie_delta_cd_sech1.199 → ef_charlie_delta_cd_sech1.190</name>
        <description>De: ef_charlie_delta_cd_sech1.199
Para: ef_charlie_delta_cd_sech1.190
Distância: 2.29m</description>
        <styleUrl>#edge_style</styleUrl>
        <LineString>
          <coordinates>-41.76458894348251,-3.123170269015598,0 -41.76458894348251,-3.1231496588484733,0</coordinates>
        </LineString>
      </Placemark>
      <Placemark>
        <name>ef_charlie_delta_cd_sech1.199 → ef_charlie_delta_cd_disjuntor7.428</name>
        <description>De: ef_charlie_delta_cd_sech1.199
Para: ef_charlie_delta_cd_disjuntor7.428
Distância: 10.86m</description>
        <styleUrl>#edge_style</styleUrl>
        <LineString>
          <coordinates>-41.76458894348251,-3.123170269015598,0 -41.7644912839416,-3.123170269015598,0</coordinates>
        </LineString>
      </Placemark>
      <Placemark>
        <name>ef_charlie_delta_estrutura3456.001.391 → ef_charlie_delta_estrutura3456.001.390</name>
        <description>De: ef_charlie_delta_estrutura3456.001.391
Para: ef_charlie_delta_estrutura3456.001.390
Distância: 0.24m</description>
        <styleUrl>#edge_style</styleUrl>
        <LineString>
          <coordinates>-41.764560383878575,-3.1230107677200483,0 -41.764560383878575,-3.1230085713264373,0</coordinates>
        </LineString>
      </Placemark>
      <Placemark>
        <name>ef_charlie_delta_estrutura3456.001.391 → ef_charlie_delta_estrutura3456.001.385</name>
        <description>De: ef_charlie_delta_estrutura3456.001.391
Para: ef_charlie_delta_estrutura3456.001.385
Distância: 2.56m</description>
        <styleUrl>#edge_style</styleUrl>
        <LineString>
          <coordinates>-41.764560383878575,-3.1230107677200483,0 -41.76453737875549,-3.1230107677200483,0</coordinates>
        </LineString>
      </Placemark>
      <Placemark>
        <name>ef_charlie_delta_estrutura3456.001.390 → ef_charlie_delta_estrutura3456.001.379</name>
        <description>De: ef_charlie_delta_estrutura3456.001.390
Para: ef_charlie_delta_estrutura3456.001.379
Distância: 3.00m</description>
        <styleUrl>#edge_style</styleUrl>
        <LineString>
          <coordinates>-41.764560383878575,-3.1230085713264373,0 -41.764560383878575,-3.122981621711577,0</coordinates>
        </LineString>
      </Placemark>
      <Placemark>
        <name>ef_charlie_delta_estrutura3456.001.379 → ef_charlie_delta_estrutura3456.001.380</name>
        <description>De: ef_charlie_delta_estrutura3456.001.379
Para: ef_charlie_delta_estrutura3456.001.380
Distância: 3.00m</description>
        <styleUrl>#edge_style</styleUrl>
        <LineString>
          <coordinates>-41.764560383878575,-3.122981621711577,0 -41.764560383878575,-3.122954672096717,0</coordinates>
        </LineString>
      </Placemark>
      <Placemark>
        <name>ef_charlie_delta_estrutura3456.001.380 → ef_charlie_delta_estrutura3456.001.388</name>
        <description>De: ef_charlie_delta_estrutura3456.001.380
Para: ef_charlie_delta_estrutura3456.001.388
Distância: 0.36m</description>
        <styleUrl>#edge_style</styleUrl>
        <LineString>
          <coordinates>-41.764560383878575,-3.122954672096717,0 -41.764560383878575,-3.122951478567356,0</coordinates>
        </LineString>
      </Placemark>
      <Placemark>
        <name>ef_charlie_delta_estrutura3456.001.388 → ef_charlie_delta_cd_disjuntor10.384</name>
        <description>De: ef_charlie_delta_estrutura3456.001.388
Para: ef_charlie_delta_cd_disjuntor10.384
Distância: 8.56m</description>
        <styleUrl>#edge_style</styleUrl>
        <LineString>
          <coordinates>-41.764560383878575,-3.122951478567356,0 -41.76448339934973,-3.122951478567356,0</coordinates>
        </LineString>
      </Placemark>
      <Placemark>
        <name>ef_gravel_plane_link.1084 → ef_gravel_plane_link.1080</name>
        <description>De: ef_gravel_plane_link.1084
Para: ef_gravel_plane_link.1080
Distância: 5.00m</description>
        <styleUrl>#edge_style</styleUrl>
        <LineString>
          <coordinates>-41.764559491419064,-3.1232214580123836,0 -41.76451450858093,-3.1232214580123836,0</coordinates>
        </LineString>
      </Placemark>
      <Placemark>
        <name>ef_gravel_plane_link.1084 → ef_gravel_plane_link.1082</name>
        <description>De: ef_gravel_plane_link.1084
Para: ef_gravel_plane_link.1082
Distância: 2.70m</description>
        <styleUrl>#edge_style</styleUrl>
        <LineString>
          <coordinates>-41.764559491419064,-3.1232214580123836,0 -41.764559491419064,-3.123197218630458,0</coordinates>
        </LineString>
      </Placemark>
      <Placemark>
        <name>ef_gravel_plane_link.1082 → ef_gravel_plane_link.1081</name>
        <description>De: ef_gravel_plane_link.1082
Para: ef_gravel_plane_link.1081
Distância: 2.30m</description>
        <styleUrl>#edge_style</styleUrl>
        <LineString>
          <coordinates>-41.764559491419064,-3.123197218630458,0 -41.764559491419064,-3.1231765419876165,0</coordinates>
        </LineString>
      </Placemark>
      <Placemark>
        <name>ef_gravel_plane_link.1081 → ef_gravel_plane_link.1086</name>
        <description>De: ef_gravel_plane_link.1081
Para: ef_gravel_plane_link.1086
Distância: 2.46m</description>
        <styleUrl>#edge_style</styleUrl>
        <LineString>
          <coordinates>-41.764559491419064,-3.1231765419876165,0 -41.76453737875549,-3.1231765419876165,0</coordinates>
        </LineString>
      </Placemark>
      <Placemark>
        <name>ef_gravel_plane_link.1086 → ef_charlie_delta_estrutura3456.001.385</name>
        <description>De: ef_gravel_plane_link.1086
Para: ef_charlie_delta_estrutura3456.001.385
Distância: 18.45m</description>
        <styleUrl>#edge_style</styleUrl>
        <LineString>
          <coordinates>-41.76453737875549,-3.1231765419876165,0 -41.76453737875549,-3.1230107677200483,0</coordinates>
        </LineString>
      </Placemark>
      <Placemark>
        <name>ef_gravel_plane_link.1086 → ef_gravel_plane_link.1085</name>
        <description>De: ef_gravel_plane_link.1086
Para: ef_gravel_plane_link.1085
Distância: 2.54m</description>
        <styleUrl>#edge_style</styleUrl>
        <LineString>
          <coordinates>-41.76453737875549,-3.1231765419876165,0 -41.76451450858093,-3.1231765419876165,0</coordinates>
        </LineString>
      </Placemark>
      <Placemark>
        <name>ef_gravel_plane_link.1086 → pp_20</name>
        <description>De: ef_gravel_plane_link.1086
Para: pp_20
Distância: 3.70m</description>
        <styleUrl>#edge_style</styleUrl>
        <LineString>
          <coordinates>-41.76453737875549,-3.1231765419876165,0 -41.76453737875549,-3.1231433194007376,0</coordinates>
        </LineString>
      </Placemark>
      <Placemark>
        <name>ef_gravel_plane_link.1086 → pp_21</name>
        <description>De: ef_gravel_plane_link.1086
Para: pp_21
Distância: 6.70m</description>
        <styleUrl>#edge_style</styleUrl>
        <LineString>
          <coordinates>-41.76453737875549,-3.1231765419876165,0 -41.76453737875549,-3.1231163697858775,0</coordinates>
        </LineString>
      </Placemark>
      <Placemark>
        <name>ef_gravel_plane_link.1086 → pp_22</name>
        <description>De: ef_gravel_plane_link.1086
Para: pp_22
Distância: 9.70m</description>
        <styleUrl>#edge_style</styleUrl>
        <LineString>
          <coordinates>-41.76453737875549,-3.1231765419876165,0 -41.76453737875549,-3.1230894201710173,0</coordinates>
        </LineString>
      </Placemark>
      <Placemark>
        <name>ef_gravel_plane_link.1086 → pp_23</name>
        <description>De: ef_gravel_plane_link.1086
Para: pp_23
Distância: 12.70m</description>
        <styleUrl>#edge_style</styleUrl>
        <LineString>
          <coordinates>-41.76453737875549,-3.1231765419876165,0 -41.76453737875549,-3.123062470556157,0</coordinates>
        </LineString>
      </Placemark>
      <Placemark>
        <name>ef_gravel_plane_link.1086 → pp_24</name>
        <description>De: ef_gravel_plane_link.1086
Para: pp_24
Distância: 15.70m</description>
        <styleUrl>#edge_style</styleUrl>
        <LineString>
          <coordinates>-41.76453737875549,-3.1231765419876165,0 -41.76453737875549,-3.123035520941297,0</coordinates>
        </LineString>
      </Placemark>
      <Placemark>
        <name>pp_20 → ef_charlie_delta_cd_buscsb15.1013</name>
        <description>De: pp_20
Para: ef_charlie_delta_cd_buscsb15.1013
Distância: 59.35m</description>
        <styleUrl>#edge_style</styleUrl>
        <LineString>
          <coordinates>-41.76453737875549,-3.1231433194007376,0 -41.76400345045997,-3.1231433194007376,0</coordinates>
        </LineString>
      </Placemark>
      <Placemark>
        <name>pp_20 → ef_charlie_delta_estrutura3456.001.385</name>
        <description>De: pp_20
Para: ef_charlie_delta_estrutura3456.001.385
Distância: 14.76m</description>
        <styleUrl>#edge_style</styleUrl>
        <LineString>
          <coordinates>-41.76453737875549,-3.1231433194007376,0 -41.76453737875549,-3.1230107677200483,0</coordinates>
        </LineString>
      </Placemark>
      <Placemark>
        <name>pp_21 → ef_charlie_delta_cd_disjuntor8.412</name>
        <description>De: pp_21
Para: ef_charlie_delta_cd_disjuntor8.412
Distância: 5.11m</description>
        <styleUrl>#edge_style</styleUrl>
        <LineString>
          <coordinates>-41.76453737875549,-3.1231163697858775,0 -41.7644913963987,-3.1231163697858775,0</coordinates>
        </LineString>
      </Placemark>
      <Placemark>
        <name>pp_21 → ef_charlie_delta_estrutura3456.001.385</name>
        <description>De: pp_21
Para: ef_charlie_delta_estrutura3456.001.385
Distância: 11.76m</description>
        <styleUrl>#edge_style</styleUrl>
        <LineString>
          <coordinates>-41.76453737875549,-3.1231163697858775,0 -41.76453737875549,-3.1230107677200483,0</coordinates>
        </LineString>
      </Placemark>
      <Placemark>
        <name>pp_22 → ef_charlie_delta_cd_disjuntor8.406</name>
        <description>De: pp_22
Para: ef_charlie_delta_cd_disjuntor8.406
Distância: 5.11m</description>
        <styleUrl>#edge_style</styleUrl>
        <LineString>
          <coordinates>-41.76453737875549,-3.1230894201710173,0 -41.7644913963987,-3.1230894201710173,0</coordinates>
        </LineString>
      </Placemark>
      <Placemark>
        <name>pp_22 → ef_charlie_delta_estrutura3456.001.385</name>
        <description>De: pp_22
Para: ef_charlie_delta_estrutura3456.001.385
Distância: 8.76m</description>
        <styleUrl>#edge_style</styleUrl>
        <LineString>
          <coordinates>-41.76453737875549,-3.1230894201710173,0 -41.76453737875549,-3.1230107677200483,0</coordinates>
        </LineString>
      </Placemark>
      <Placemark>
        <name>pp_23 → ef_charlie_delta_cd_disjuntor9.402</name>
        <description>De: pp_23
Para: ef_charlie_delta_cd_disjuntor9.402
Distância: 5.10m</description>
        <styleUrl>#edge_style</styleUrl>
        <LineString>
          <coordinates>-41.76453737875549,-3.123062470556157,0 -41.764491514253734,-3.123062470556157,0</coordinates>
        </LineString>
      </Placemark>
      <Placemark>
        <name>pp_23 → ef_charlie_delta_estrutura3456.001.385</name>
        <description>De: pp_23
Para: ef_charlie_delta_estrutura3456.001.385
Distância: 5.76m</description>
        <styleUrl>#edge_style</styleUrl>
        <LineString>
          <coordinates>-41.76453737875549,-3.123062470556157,0 -41.76453737875549,-3.1230107677200483,0</coordinates>
        </LineString>
      </Placemark>
      <Placemark>
        <name>pp_24 → ef_charlie_delta_cd_disjuntor9.396</name>
        <description>De: pp_24
Para: ef_charlie_delta_cd_disjuntor9.396
Distância: 5.10m</description>
        <styleUrl>#edge_style</styleUrl>
        <LineString>
          <coordinates>-41.76453737875549,-3.123035520941297,0 -41.764491514253734,-3.123035520941297,0</coordinates>
        </LineString>
      </Placemark>
      <Placemark>
        <name>pp_24 → ef_charlie_delta_estrutura3456.001.385</name>
        <description>De: pp_24
Para: ef_charlie_delta_estrutura3456.001.385
Distância: 2.76m</description>
        <styleUrl>#edge_style</styleUrl>
        <LineString>
          <coordinates>-41.76453737875549,-3.123035520941297,0 -41.76453737875549,-3.1230107677200483,0</coordinates>
        </LineString>
      </Placemark>
      <Placemark>
        <name>ef_charlie_delta_estrutura3456.001.385 → ef_charlie_delta_cd_disjuntor9.382</name>
        <description>De: ef_charlie_delta_estrutura3456.001.385
Para: ef_charlie_delta_cd_disjuntor9.382
Distância: 6.00m</description>
        <styleUrl>#edge_style</styleUrl>
        <LineString>
          <coordinates>-41.76453737875549,-3.1230107677200483,0 -41.76448339934973,-3.1230107677200483,0</coordinates>
        </LineString>
      </Placemark>
      <Placemark>
        <name>ef_gravel_plane_link.1080 → ef_gravel_plane_link.1083</name>
        <description>De: ef_gravel_plane_link.1080
Para: ef_gravel_plane_link.1083
Distância: 2.70m</description>
        <styleUrl>#edge_style</styleUrl>
        <LineString>
          <coordinates>-41.76451450858093,-3.1232214580123836,0 -41.76451450858093,-3.123197218630458,0</coordinates>
        </LineString>
      </Placemark>
      <Placemark>
        <name>ef_gravel_plane_link.1083 → ef_gravel_plane_link.1085</name>
        <description>De: ef_gravel_plane_link.1083
Para: ef_gravel_plane_link.1085
Distância: 2.30m</description>
        <styleUrl>#edge_style</styleUrl>
        <LineString>
          <coordinates>-41.76451450858093,-3.123197218630458,0 -41.76451450858093,-3.1231765419876165,0</coordinates>
        </LineString>
      </Placemark>
      <Placemark>
        <name>ef_gravel_plane_link.1083 → ef_charlie_delta_cd_tc7.40</name>
        <description>De: ef_gravel_plane_link.1083
Para: ef_charlie_delta_cd_tc7.40
Distância: 12.77m</description>
        <styleUrl>#edge_style</styleUrl>
        <LineString>
          <coordinates>-41.76451450858093,-3.123197218630458,0 -41.764399599920914,-3.123197218630458,0</coordinates>
        </LineString>
      </Placemark>
      <Placemark>
        <name>ef_charlie_delta_cd_disjuntor12.486 → ef_charlie_delta_cd_disjuntor12.495</name>
        <description>De: ef_charlie_delta_cd_disjuntor12.486
Para: ef_charlie_delta_cd_disjuntor12.495
Distância: 1.79m</description>
        <styleUrl>#edge_style</styleUrl>
        <LineString>
          <coordinates>-41.764491950587264,-3.122809098362127,0 -41.764491950587264,-3.122792974407556,0</coordinates>
        </LineString>
      </Placemark>
      <Placemark>
        <name>ef_charlie_delta_cd_disjuntor12.486 → ef_charlie_delta_cd_disjuntor12.494</name>
        <description>De: ef_charlie_delta_cd_disjuntor12.486
Para: ef_charlie_delta_cd_disjuntor12.494
Distância: 0.95m</description>
        <styleUrl>#edge_style</styleUrl>
        <LineString>
          <coordinates>-41.764491950587264,-3.122809098362127,0 -41.76448339934973,-3.122809098362127,0</coordinates>
        </LineString>
      </Placemark>
      <Placemark>
        <name>ef_charlie_delta_cd_disjuntor12.495 → ef_charlie_delta_cd_disjuntor12.487</name>
        <description>De: ef_charlie_delta_cd_disjuntor12.495
Para: ef_charlie_delta_cd_disjuntor12.487
Distância: 3.00m</description>
        <styleUrl>#edge_style</styleUrl>
        <LineString>
          <coordinates>-41.764491950587264,-3.122792974407556,0 -41.764491950587264,-3.1227660247926963,0</coordinates>
        </LineString>
      </Placemark>
      <Placemark>
        <name>ef_charlie_delta_cd_disjuntor12.487 → ef_charlie_delta_cd_disjuntor12.489</name>
        <description>De: ef_charlie_delta_cd_disjuntor12.487
Para: ef_charlie_delta_cd_disjuntor12.489
Distância: 0.68m</description>
        <styleUrl>#edge_style</styleUrl>
        <LineString>
          <coordinates>-41.764491950587264,-3.1227660247926963,0 -41.764491950587264,-3.1227599009418796,0</coordinates>
        </LineString>
      </Placemark>
      <Placemark>
        <name>ef_charlie_delta_cd_disjuntor12.489 → ef_charlie_delta_cd_tc12.491</name>
        <description>De: ef_charlie_delta_cd_disjuntor12.489
Para: ef_charlie_delta_cd_tc12.491
Distância: 8.92m</description>
        <styleUrl>#edge_style</styleUrl>
        <LineString>
          <coordinates>-41.764491950587264,-3.1227599009418796,0 -41.76441172459511,-3.1227599009418796,0</coordinates>
        </LineString>
      </Placemark>
      <Placemark>
        <name>ef_charlie_delta_cd_disjuntor11.497 → ef_charlie_delta_cd_disjuntor11.504</name>
        <description>De: ef_charlie_delta_cd_disjuntor11.497
Para: ef_charlie_delta_cd_disjuntor11.504
Distância: 0.58m</description>
        <styleUrl>#edge_style</styleUrl>
        <LineString>
          <coordinates>-41.76449183003326,-3.1228790173412406,0 -41.76449183003326,-3.1228738232521365,0</coordinates>
        </LineString>
      </Placemark>
      <Placemark>
        <name>ef_charlie_delta_cd_disjuntor11.497 → ef_charlie_delta_cd_disjuntor11.507</name>
        <description>De: ef_charlie_delta_cd_disjuntor11.497
Para: ef_charlie_delta_cd_disjuntor11.507
Distância: 0.94m</description>
        <styleUrl>#edge_style</styleUrl>
        <LineString>
          <coordinates>-41.76449183003326,-3.1228790173412406,0 -41.76448339934973,-3.1228790173412406,0</coordinates>
        </LineString>
      </Placemark>
      <Placemark>
        <name>ef_charlie_delta_cd_disjuntor11.504 → ef_charlie_delta_cd_disjuntor11.501</name>
        <description>De: ef_charlie_delta_cd_disjuntor11.504
Para: ef_charlie_delta_cd_disjuntor11.501
Distância: 3.00m</description>
        <styleUrl>#edge_style</styleUrl>
        <LineString>
          <coordinates>-41.76449183003326,-3.1228738232521365,0 -41.76449183003326,-3.1228468736372763,0</coordinates>
        </LineString>
      </Placemark>
      <Placemark>
        <name>ef_charlie_delta_cd_disjuntor11.501 → ef_charlie_delta_cd_disjuntor11.503</name>
        <description>De: ef_charlie_delta_cd_disjuntor11.501
Para: ef_charlie_delta_cd_disjuntor11.503
Distância: 1.90m</description>
        <styleUrl>#edge_style</styleUrl>
        <LineString>
          <coordinates>-41.76449183003326,-3.1228468736372763,0 -41.76449183003326,-3.1228298199209927,0</coordinates>
        </LineString>
      </Placemark>
      <Placemark>
        <name>ef_charlie_delta_cd_disjuntor11.503 → ef_charlie_delta_cd_disjuntor11.508</name>
        <description>De: ef_charlie_delta_cd_disjuntor11.503
Para: ef_charlie_delta_cd_disjuntor11.508
Distância: 0.94m</description>
        <styleUrl>#edge_style</styleUrl>
        <LineString>
          <coordinates>-41.76449183003326,-3.1228298199209927,0 -41.76448339934973,-3.1228298199209927,0</coordinates>
        </LineString>
      </Placemark>
      <Placemark>
        <name>ef_charlie_delta_estrutura3456.001.520 → ef_charlie_delta_cd_disjuntor10.513</name>
        <description>De: ef_charlie_delta_estrutura3456.001.520
Para: ef_charlie_delta_cd_disjuntor10.513
Distância: 0.92m</description>
        <styleUrl>#edge_style</styleUrl>
        <LineString>
          <coordinates>-41.76449171847582,-3.1229440180156423,0 -41.76448339934973,-3.1229440180156423,0</coordinates>
        </LineString>
      </Placemark>
      <Placemark>
        <name>ef_charlie_delta_estrutura3456.001.520 → ef_charlie_delta_cd_disjuntor10.518</name>
        <description>De: ef_charlie_delta_estrutura3456.001.520
Para: ef_charlie_delta_cd_disjuntor10.518
Distância: 1.81m</description>
        <styleUrl>#edge_style</styleUrl>
        <LineString>
          <coordinates>-41.76449171847582,-3.1229440180156423,0 -41.76449171847582,-3.122927722481857,0</coordinates>
        </LineString>
      </Placemark>
      <Placemark>
        <name>ef_charlie_delta_cd_disjuntor10.518 → ef_charlie_delta_cd_disjuntor10.519</name>
        <description>De: ef_charlie_delta_cd_disjuntor10.518
Para: ef_charlie_delta_cd_disjuntor10.519
Distância: 3.00m</description>
        <styleUrl>#edge_style</styleUrl>
        <LineString>
          <coordinates>-41.76449171847582,-3.122927722481857,0 -41.76449171847582,-3.1229007728669966,0</coordinates>
        </LineString>
      </Placemark>
      <Placemark>
        <name>ef_charlie_delta_cd_disjuntor10.519 → ef_charlie_delta_cd_disjuntor10.516</name>
        <description>De: ef_charlie_delta_cd_disjuntor10.519
Para: ef_charlie_delta_cd_disjuntor10.516
Distância: 0.66m</description>
        <styleUrl>#edge_style</styleUrl>
        <LineString>
          <coordinates>-41.76449171847582,-3.1229007728669966,0 -41.76449171847582,-3.122894821493715,0</coordinates>
        </LineString>
      </Placemark>
      <Placemark>
        <name>ef_charlie_delta_cd_disjuntor10.516 → ef_charlie_delta_cd_disjuntor10.521</name>
        <description>De: ef_charlie_delta_cd_disjuntor10.516
Para: ef_charlie_delta_cd_disjuntor10.521
Distância: 0.92m</description>
        <styleUrl>#edge_style</styleUrl>
        <LineString>
          <coordinates>-41.76449171847582,-3.122894821493715,0 -41.76448339934973,-3.122894821493715,0</coordinates>
        </LineString>
      </Placemark>
      <Placemark>
        <name>ef_charlie_delta_cd_disjuntor9.394 → ef_charlie_delta_cd_disjuntor9.402</name>
        <description>De: ef_charlie_delta_cd_disjuntor9.394
Para: ef_charlie_delta_cd_disjuntor9.402
Distância: 0.06m</description>
        <styleUrl>#edge_style</styleUrl>
        <LineString>
          <coordinates>-41.764491514253734,-3.1230630113450957,0 -41.764491514253734,-3.123062470556157,0</coordinates>
        </LineString>
      </Placemark>
      <Placemark>
        <name>ef_charlie_delta_cd_disjuntor9.394 → ef_charlie_delta_cd_disjuntor9.397</name>
        <description>De: ef_charlie_delta_cd_disjuntor9.394
Para: ef_charlie_delta_cd_disjuntor9.397
Distância: 0.90m</description>
        <styleUrl>#edge_style</styleUrl>
        <LineString>
          <coordinates>-41.764491514253734,-3.1230630113450957,0 -41.76448339934973,-3.1230630113450957,0</coordinates>
        </LineString>
      </Placemark>
      <Placemark>
        <name>ef_charlie_delta_cd_disjuntor9.402 → ef_charlie_delta_cd_disjuntor9.396</name>
        <description>De: ef_charlie_delta_cd_disjuntor9.402
Para: ef_charlie_delta_cd_disjuntor9.396
Distância: 3.00m</description>
        <styleUrl>#edge_style</styleUrl>
        <LineString>
          <coordinates>-41.764491514253734,-3.123062470556157,0 -41.764491514253734,-3.123035520941297,0</coordinates>
        </LineString>
      </Placemark>
      <Placemark>
        <name>ef_charlie_delta_cd_disjuntor9.396 → ef_charlie_delta_estrutura3456.001.403</name>
        <description>De: ef_charlie_delta_cd_disjuntor9.396
Para: ef_charlie_delta_estrutura3456.001.403
Distância: 2.42m</description>
        <styleUrl>#edge_style</styleUrl>
        <LineString>
          <coordinates>-41.764491514253734,-3.123035520941297,0 -41.764491514253734,-3.123013813924848,0</coordinates>
        </LineString>
      </Placemark>
      <Placemark>
        <name>ef_charlie_delta_estrutura3456.001.403 → ef_charlie_delta_cd_disjuntor9.395</name>
        <description>De: ef_charlie_delta_estrutura3456.001.403
Para: ef_charlie_delta_cd_disjuntor9.395
Distância: 0.90m</description>
        <styleUrl>#edge_style</styleUrl>
        <LineString>
          <coordinates>-41.764491514253734,-3.123013813924848,0 -41.76448339934973,-3.123013813924848,0</coordinates>
        </LineString>
      </Placemark>
      <Placemark>
        <name>ef_charlie_delta_cd_disjuntor8.409 → ef_charlie_delta_cd_disjuntor8.412</name>
        <description>De: ef_charlie_delta_cd_disjuntor8.409
Para: ef_charlie_delta_cd_disjuntor8.412
Distância: 1.66m</description>
        <styleUrl>#edge_style</styleUrl>
        <LineString>
          <coordinates>-41.7644913963987,-3.1231313007708303,0 -41.7644913963987,-3.1231163697858775,0</coordinates>
        </LineString>
      </Placemark>
      <Placemark>
        <name>ef_charlie_delta_cd_disjuntor8.409 → ef_charlie_delta_cd_disjuntor8.410</name>
        <description>De: ef_charlie_delta_cd_disjuntor8.409
Para: ef_charlie_delta_cd_disjuntor8.410
Distância: 0.89m</description>
        <styleUrl>#edge_style</styleUrl>
        <LineString>
          <coordinates>-41.7644913963987,-3.1231313007708303,0 -41.76448339934973,-3.1231313007708303,0</coordinates>
        </LineString>
      </Placemark>
      <Placemark>
        <name>ef_charlie_delta_cd_disjuntor8.412 → ef_charlie_delta_cd_disjuntor8.406</name>
        <description>De: ef_charlie_delta_cd_disjuntor8.412
Para: ef_charlie_delta_cd_disjuntor8.406
Distância: 3.00m</description>
        <styleUrl>#edge_style</styleUrl>
        <LineString>
          <coordinates>-41.7644913963987,-3.1231163697858775,0 -41.7644913963987,-3.1230894201710173,0</coordinates>
        </LineString>
      </Placemark>
      <Placemark>
        <name>ef_charlie_delta_cd_disjuntor8.406 → ef_charlie_delta_cd_disjuntor8.411</name>
        <description>De: ef_charlie_delta_cd_disjuntor8.406
Para: ef_charlie_delta_cd_disjuntor8.411
Distância: 0.81m</description>
        <styleUrl>#edge_style</styleUrl>
        <LineString>
          <coordinates>-41.7644913963987,-3.1230894201710173,0 -41.7644913963987,-3.1230821042489034,0</coordinates>
        </LineString>
      </Placemark>
      <Placemark>
        <name>ef_charlie_delta_cd_disjuntor8.411 → ef_charlie_delta_cd_disjuntor8.419</name>
        <description>De: ef_charlie_delta_cd_disjuntor8.411
Para: ef_charlie_delta_cd_disjuntor8.419
Distância: 0.89m</description>
        <styleUrl>#edge_style</styleUrl>
        <LineString>
          <coordinates>-41.7644913963987,-3.1230821042489034,0 -41.76448339934973,-3.1230821042489034,0</coordinates>
        </LineString>
      </Placemark>
      <Placemark>
        <name>ef_gravel_plane_link.422 → ef_charlie_delta_cd_disjuntor7.428</name>
        <description>De: ef_gravel_plane_link.422
Para: ef_charlie_delta_cd_disjuntor7.428
Distância: 2.95m</description>
        <styleUrl>#edge_style</styleUrl>
        <LineString>
          <coordinates>-41.7644912839416,-3.1231967721651714,0 -41.7644912839416,-3.123170269015598,0</coordinates>
        </LineString>
      </Placemark>
      <Placemark>
        <name>ef_gravel_plane_link.422 → ef_charlie_delta_cd_tc7.423</name>
        <description>De: ef_gravel_plane_link.422
Para: ef_charlie_delta_cd_tc7.423
Distância: 8.92m</description>
        <styleUrl>#edge_style</styleUrl>
        <LineString>
          <coordinates>-41.7644912839416,-3.1231967721651714,0 -41.7644110588491,-3.1231967721651714,0</coordinates>
        </LineString>
      </Placemark>
      <Placemark>
        <name>ef_charlie_delta_cd_disjuntor7.428 → ef_charlie_delta_cd_disjuntor7.425</name>
        <description>De: ef_charlie_delta_cd_disjuntor7.428
Para: ef_charlie_delta_cd_disjuntor7.425
Distância: 2.53m</description>
        <styleUrl>#edge_style</styleUrl>
        <LineString>
          <coordinates>-41.7644912839416,-3.123170269015598,0 -41.7644912839416,-3.123147574744924,0</coordinates>
        </LineString>
      </Placemark>
      <Placemark>
        <name>ef_charlie_delta_cd_disjuntor7.425 → ef_charlie_delta_cd_disjuntor7.426</name>
        <description>De: ef_charlie_delta_cd_disjuntor7.425
Para: ef_charlie_delta_cd_disjuntor7.426
Distância: 0.88m</description>
        <styleUrl>#edge_style</styleUrl>
        <LineString>
          <coordinates>-41.7644912839416,-3.123147574744924,0 -41.76448339934973,-3.123147574744924,0</coordinates>
        </LineString>
      </Placemark>
      <Placemark>
        <name>ef_charlie_delta_cd_disjuntor7.426 → ef_charlie_delta_cd_disjuntor7.424</name>
        <description>De: ef_charlie_delta_cd_disjuntor7.426
Para: ef_charlie_delta_cd_disjuntor7.424
Distância: 3.00m</description>
        <styleUrl>#edge_style</styleUrl>
        <LineString>
          <coordinates>-41.76448339934973,-3.123147574744924,0 -41.764456409646854,-3.123147574744924,0</coordinates>
        </LineString>
      </Placemark>
      <Placemark>
        <name>ef_charlie_delta_cd_disjuntor7.426 → ef_charlie_delta_cd_disjuntor8.410</name>
        <description>De: ef_charlie_delta_cd_disjuntor7.426
Para: ef_charlie_delta_cd_disjuntor8.410
Distância: 1.81m</description>
        <styleUrl>#edge_style</styleUrl>
        <LineString>
          <coordinates>-41.76448339934973,-3.123147574744924,0 -41.76448339934973,-3.1231313007708303,0</coordinates>
        </LineString>
      </Placemark>
      <Placemark>
        <name>ef_charlie_delta_cd_disjuntor8.410 → ef_charlie_delta_cd_disjuntor8.408</name>
        <description>De: ef_charlie_delta_cd_disjuntor8.410
Para: ef_charlie_delta_cd_disjuntor8.408
Distância: 3.00m</description>
        <styleUrl>#edge_style</styleUrl>
        <LineString>
          <coordinates>-41.76448339934973,-3.1231313007708303,0 -41.764456409646854,-3.1231313007708303,0</coordinates>
        </LineString>
      </Placemark>
      <Placemark>
        <name>ef_charlie_delta_cd_disjuntor8.419 → ef_charlie_delta_cd_disjuntor8.414</name>
        <description>De: ef_charlie_delta_cd_disjuntor8.419
Para: ef_charlie_delta_cd_disjuntor8.414
Distância: 3.00m</description>
        <styleUrl>#edge_style</styleUrl>
        <LineString>
          <coordinates>-41.76448339934973,-3.1230821042489034,0 -41.764456409646854,-3.1230821042489034,0</coordinates>
        </LineString>
      </Placemark>
      <Placemark>
        <name>ef_charlie_delta_cd_disjuntor8.419 → ef_charlie_delta_cd_disjuntor9.397</name>
        <description>De: ef_charlie_delta_cd_disjuntor8.419
Para: ef_charlie_delta_cd_disjuntor9.397
Distância: 2.13m</description>
        <styleUrl>#edge_style</styleUrl>
        <LineString>
          <coordinates>-41.76448339934973,-3.1230821042489034,0 -41.76448339934973,-3.1230630113450957,0</coordinates>
        </LineString>
      </Placemark>
      <Placemark>
        <name>ef_charlie_delta_cd_disjuntor9.397 → ef_charlie_delta_cd_disjuntor9.399</name>
        <description>De: ef_charlie_delta_cd_disjuntor9.397
Para: ef_charlie_delta_cd_disjuntor9.399
Distância: 3.00m</description>
        <styleUrl>#edge_style</styleUrl>
        <LineString>
          <coordinates>-41.76448339934973,-3.1230630113450957,0 -41.764456409646854,-3.1230630113450957,0</coordinates>
        </LineString>
      </Placemark>
      <Placemark>
        <name>ef_charlie_delta_cd_disjuntor9.395 → ef_charlie_delta_cd_disjuntor9.382</name>
        <description>De: ef_charlie_delta_cd_disjuntor9.395
Para: ef_charlie_delta_cd_disjuntor9.382
Distância: 0.34m</description>
        <styleUrl>#edge_style</styleUrl>
        <LineString>
          <coordinates>-41.76448339934973,-3.123013813924848,0 -41.76448339934973,-3.1230107677200483,0</coordinates>
        </LineString>
      </Placemark>
      <Placemark>
        <name>ef_charlie_delta_cd_disjuntor9.395 → ef_charlie_delta_cd_disjuntor9.392</name>
        <description>De: ef_charlie_delta_cd_disjuntor9.395
Para: ef_charlie_delta_cd_disjuntor9.392
Distância: 3.00m</description>
        <styleUrl>#edge_style</styleUrl>
        <LineString>
          <coordinates>-41.76448339934973,-3.123013813924848,0 -41.764456409646854,-3.123013813924848,0</coordinates>
        </LineString>
      </Placemark>
      <Placemark>
        <name>ef_charlie_delta_cd_disjuntor9.382 → ef_charlie_delta_cd_disjuntor9.383</name>
        <description>De: ef_charlie_delta_cd_disjuntor9.382
Para: ef_charlie_delta_cd_disjuntor9.383
Distância: 0.92m</description>
        <styleUrl>#edge_style</styleUrl>
        <LineString>
          <coordinates>-41.76448339934973,-3.1230107677200483,0 -41.76447509641747,-3.1230107677200483,0</coordinates>
        </LineString>
      </Placemark>
      <Placemark>
        <name>ef_charlie_delta_cd_disjuntor10.384 → ef_charlie_delta_cd_disjuntor10.389</name>
        <description>De: ef_charlie_delta_cd_disjuntor10.384
Para: ef_charlie_delta_cd_disjuntor10.389
Distância: 0.92m</description>
        <styleUrl>#edge_style</styleUrl>
        <LineString>
          <coordinates>-41.76448339934973,-3.122951478567356,0 -41.76447509641747,-3.122951478567356,0</coordinates>
        </LineString>
      </Placemark>
      <Placemark>
        <name>ef_charlie_delta_cd_disjuntor10.384 → ef_charlie_delta_cd_disjuntor10.513</name>
        <description>De: ef_charlie_delta_cd_disjuntor10.384
Para: ef_charlie_delta_cd_disjuntor10.513
Distância: 0.83m</description>
        <styleUrl>#edge_style</styleUrl>
        <LineString>
          <coordinates>-41.76448339934973,-3.122951478567356,0 -41.76448339934973,-3.1229440180156423,0</coordinates>
        </LineString>
      </Placemark>
      <Placemark>
        <name>ef_charlie_delta_cd_disjuntor10.513 → ef_charlie_delta_cd_disjuntor10.512</name>
        <description>De: ef_charlie_delta_cd_disjuntor10.513
Para: ef_charlie_delta_cd_disjuntor10.512
Distância: 3.00m</description>
        <styleUrl>#edge_style</styleUrl>
        <LineString>
          <coordinates>-41.76448339934973,-3.1229440180156423,0 -41.764456409646854,-3.1229440180156423,0</coordinates>
        </LineString>
      </Placemark>
      <Placemark>
        <name>ef_charlie_delta_cd_disjuntor10.521 → ef_charlie_delta_cd_disjuntor11.507</name>
        <description>De: ef_charlie_delta_cd_disjuntor10.521
Para: ef_charlie_delta_cd_disjuntor11.507
Distância: 1.76m</description>
        <styleUrl>#edge_style</styleUrl>
        <LineString>
          <coordinates>-41.76448339934973,-3.122894821493715,0 -41.76448339934973,-3.1228790173412406,0</coordinates>
        </LineString>
      </Placemark>
      <Placemark>
        <name>ef_charlie_delta_cd_disjuntor10.521 → ef_charlie_delta_cd_disjuntor10.522</name>
        <description>De: ef_charlie_delta_cd_disjuntor10.521
Para: ef_charlie_delta_cd_disjuntor10.522
Distância: 3.00m</description>
        <styleUrl>#edge_style</styleUrl>
        <LineString>
          <coordinates>-41.76448339934973,-3.122894821493715,0 -41.764456409646854,-3.122894821493715,0</coordinates>
        </LineString>
      </Placemark>
      <Placemark>
        <name>ef_charlie_delta_cd_disjuntor11.507 → ef_charlie_delta_cd_disjuntor11.500</name>
        <description>De: ef_charlie_delta_cd_disjuntor11.507
Para: ef_charlie_delta_cd_disjuntor11.500
Distância: 3.00m</description>
        <styleUrl>#edge_style</styleUrl>
        <LineString>
          <coordinates>-41.76448339934973,-3.1228790173412406,0 -41.764456409646854,-3.1228790173412406,0</coordinates>
        </LineString>
      </Placemark>
      <Placemark>
        <name>ef_charlie_delta_cd_disjuntor11.508 → ef_charlie_delta_cd_disjuntor12.494</name>
        <description>De: ef_charlie_delta_cd_disjuntor11.508
Para: ef_charlie_delta_cd_disjuntor12.494
Distância: 2.31m</description>
        <styleUrl>#edge_style</styleUrl>
        <LineString>
          <coordinates>-41.76448339934973,-3.1228298199209927,0 -41.76448339934973,-3.122809098362127,0</coordinates>
        </LineString>
      </Placemark>
      <Placemark>
        <name>ef_charlie_delta_cd_disjuntor11.508 → ef_charlie_delta_cd_disjuntor11.499</name>
        <description>De: ef_charlie_delta_cd_disjuntor11.508
Para: ef_charlie_delta_cd_disjuntor11.499
Distância: 3.00m</description>
        <styleUrl>#edge_style</styleUrl>
        <LineString>
          <coordinates>-41.76448339934973,-3.1228298199209927,0 -41.764456409646854,-3.1228298199209927,0</coordinates>
        </LineString>
      </Placemark>
      <Placemark>
        <name>ef_charlie_delta_cd_disjuntor12.494 → ef_charlie_delta_cd_disjuntor12.493</name>
        <description>De: ef_charlie_delta_cd_disjuntor12.494
Para: ef_charlie_delta_cd_disjuntor12.493
Distância: 3.00m</description>
        <styleUrl>#edge_style</styleUrl>
        <LineString>
          <coordinates>-41.76448339934973,-3.122809098362127,0 -41.764456409646854,-3.122809098362127,0</coordinates>
        </LineString>
      </Placemark>
      <Placemark>
        <name>ef_charlie_delta_cd_disjuntor9.383 → ef_charlie_delta_cd_disjuntor9.387</name>
        <description>De: ef_charlie_delta_cd_disjuntor9.383
Para: ef_charlie_delta_cd_disjuntor9.387
Distância: 0.24m</description>
        <styleUrl>#edge_style</styleUrl>
        <LineString>
          <coordinates>-41.76447509641747,-3.1230107677200483,0 -41.76447509641747,-3.1230085713264373,0</coordinates>
        </LineString>
      </Placemark>
      <Placemark>
        <name>ef_charlie_delta_cd_disjuntor9.387 → ef_charlie_delta_cd_busip52.663</name>
        <description>De: ef_charlie_delta_cd_disjuntor9.387
Para: ef_charlie_delta_cd_busip52.663
Distância: 69.05m</description>
        <styleUrl>#edge_style</styleUrl>
        <LineString>
          <coordinates>-41.76447509641747,-3.1230085713264373,0 -41.763853863630374,-3.1230085713264373,0</coordinates>
        </LineString>
      </Placemark>
      <Placemark>
        <name>ef_charlie_delta_cd_disjuntor9.387 → ef_charlie_delta_estrutura3456.001.381</name>
        <description>De: ef_charlie_delta_cd_disjuntor9.387
Para: ef_charlie_delta_estrutura3456.001.381
Distância: 3.00m</description>
        <styleUrl>#edge_style</styleUrl>
        <LineString>
          <coordinates>-41.76447509641747,-3.1230085713264373,0 -41.76447509641747,-3.122981621711577,0</coordinates>
        </LineString>
      </Placemark>
      <Placemark>
        <name>ef_charlie_delta_estrutura3456.001.381 → ef_charlie_delta_cd_buscsb17.971</name>
        <description>De: ef_charlie_delta_estrutura3456.001.381
Para: ef_charlie_delta_cd_buscsb17.971
Distância: 52.35m</description>
        <styleUrl>#edge_style</styleUrl>
        <LineString>
          <coordinates>-41.76447509641747,-3.122981621711577,0 -41.76400409191523,-3.122981621711577,0</coordinates>
        </LineString>
      </Placemark>
      <Placemark>
        <name>ef_charlie_delta_estrutura3456.001.381 → ef_charlie_delta_cd_disjuntor10.386</name>
        <description>De: ef_charlie_delta_estrutura3456.001.381
Para: ef_charlie_delta_cd_disjuntor10.386
Distância: 3.00m</description>
        <styleUrl>#edge_style</styleUrl>
        <LineString>
          <coordinates>-41.76447509641747,-3.122981621711577,0 -41.76447509641747,-3.122954672096717,0</coordinates>
        </LineString>
      </Placemark>
      <Placemark>
        <name>ef_charlie_delta_estrutura3456.001.381 → pp_25</name>
        <description>De: ef_charlie_delta_estrutura3456.001.381
Para: pp_25
Distância: 2.08m</description>
        <styleUrl>#edge_style</styleUrl>
        <LineString>
          <coordinates>-41.76447509641747,-3.122981621711577,0 -41.764456409646854,-3.122981621711577,0</coordinates>
        </LineString>
      </Placemark>
      <Placemark>
        <name>ef_charlie_delta_estrutura3456.001.381 → pp_26</name>
        <description>De: ef_charlie_delta_estrutura3456.001.381
Para: pp_26
Distância: 5.08m</description>
        <styleUrl>#edge_style</styleUrl>
        <LineString>
          <coordinates>-41.76447509641747,-3.122981621711577,0 -41.76442941994397,-3.122981621711577,0</coordinates>
        </LineString>
      </Placemark>
      <Placemark>
        <name>ef_charlie_delta_estrutura3456.001.381 → pp_27</name>
        <description>De: ef_charlie_delta_estrutura3456.001.381
Para: pp_27
Distância: 11.08m</description>
        <styleUrl>#edge_style</styleUrl>
        <LineString>
          <coordinates>-41.76447509641747,-3.122981621711577,0 -41.76437544053821,-3.122981621711577,0</coordinates>
        </LineString>
      </Placemark>
      <Placemark>
        <name>ef_charlie_delta_estrutura3456.001.381 → pp_28</name>
        <description>De: ef_charlie_delta_estrutura3456.001.381
Para: pp_28
Distância: 14.08m</description>
        <styleUrl>#edge_style</styleUrl>
        <LineString>
          <coordinates>-41.76447509641747,-3.122981621711577,0 -41.76434845083533,-3.122981621711577,0</coordinates>
        </LineString>
      </Placemark>
      <Placemark>
        <name>ef_charlie_delta_estrutura3456.001.381 → pp_29</name>
        <description>De: ef_charlie_delta_estrutura3456.001.381
Para: pp_29
Distância: 17.08m</description>
        <styleUrl>#edge_style</styleUrl>
        <LineString>
          <coordinates>-41.76447509641747,-3.122981621711577,0 -41.76432146113245,-3.122981621711577,0</coordinates>
        </LineString>
      </Placemark>
      <Placemark>
        <name>ef_charlie_delta_estrutura3456.001.381 → pp_30</name>
        <description>De: ef_charlie_delta_estrutura3456.001.381
Para: pp_30
Distância: 20.08m</description>
        <styleUrl>#edge_style</styleUrl>
        <LineString>
          <coordinates>-41.76447509641747,-3.122981621711577,0 -41.764294471429565,-3.122981621711577,0</coordinates>
        </LineString>
      </Placemark>
      <Placemark>
        <name>ef_charlie_delta_estrutura3456.001.381 → pp_31</name>
        <description>De: ef_charlie_delta_estrutura3456.001.381
Para: pp_31
Distância: 23.08m</description>
        <styleUrl>#edge_style</styleUrl>
        <LineString>
          <coordinates>-41.76447509641747,-3.122981621711577,0 -41.764267481726684,-3.122981621711577,0</coordinates>
        </LineString>
      </Placemark>
      <Placemark>
        <name>ef_charlie_delta_estrutura3456.001.381 → pp_32</name>
        <description>De: ef_charlie_delta_estrutura3456.001.381
Para: pp_32
Distância: 38.08m</description>
        <styleUrl>#edge_style</styleUrl>
        <LineString>
          <coordinates>-41.76447509641747,-3.122981621711577,0 -41.764132533212276,-3.122981621711577,0</coordinates>
        </LineString>
      </Placemark>
      <Placemark>
        <name>ef_charlie_delta_estrutura3456.001.381 → pp_33</name>
        <description>De: ef_charlie_delta_estrutura3456.001.381
Para: pp_33
Distância: 41.08m</description>
        <styleUrl>#edge_style</styleUrl>
        <LineString>
          <coordinates>-41.76447509641747,-3.122981621711577,0 -41.764105543509395,-3.122981621711577,0</coordinates>
        </LineString>
      </Placemark>
      <Placemark>
        <name>ef_charlie_delta_cd_disjuntor10.386 → ef_charlie_delta_cd_disjuntor10.389</name>
        <description>De: ef_charlie_delta_cd_disjuntor10.386
Para: ef_charlie_delta_cd_disjuntor10.389
Distância: 0.36m</description>
        <styleUrl>#edge_style</styleUrl>
        <LineString>
          <coordinates>-41.76447509641747,-3.122954672096717,0 -41.76447509641747,-3.122951478567356,0</coordinates>
        </LineString>
      </Placemark>
      <Placemark>
        <name>ef_charlie_delta_cd_disjuntor10.386 → ef_charlie_delta_cd_buscsb18.987</name>
        <description>De: ef_charlie_delta_cd_disjuntor10.386
Para: ef_charlie_delta_cd_buscsb18.987
Distância: 52.35m</description>
        <styleUrl>#edge_style</styleUrl>
        <LineString>
          <coordinates>-41.76447509641747,-3.122954672096717,0 -41.76400409191523,-3.122954672096717,0</coordinates>
        </LineString>
      </Placemark>
      <Placemark>
        <name>ef_charlie_delta_cd_disjuntor7.424 → ef_charlie_delta_cd_disjuntor8.408</name>
        <description>De: ef_charlie_delta_cd_disjuntor7.424
Para: ef_charlie_delta_cd_disjuntor8.408
Distância: 1.81m</description>
        <styleUrl>#edge_style</styleUrl>
        <LineString>
          <coordinates>-41.764456409646854,-3.123147574744924,0 -41.764456409646854,-3.1231313007708303,0</coordinates>
        </LineString>
      </Placemark>
      <Placemark>
        <name>ef_charlie_delta_cd_disjuntor7.424 → ef_charlie_delta_cd_disjuntor7.427</name>
        <description>De: ef_charlie_delta_cd_disjuntor7.424
Para: ef_charlie_delta_cd_disjuntor7.427
Distância: 3.00m</description>
        <styleUrl>#edge_style</styleUrl>
        <LineString>
          <coordinates>-41.764456409646854,-3.123147574744924,0 -41.76442941994397,-3.123147574744924,0</coordinates>
        </LineString>
      </Placemark>
      <Placemark>
        <name>ef_charlie_delta_cd_disjuntor8.408 → ef_charlie_delta_cd_disjuntor8.413</name>
        <description>De: ef_charlie_delta_cd_disjuntor8.408
Para: ef_charlie_delta_cd_disjuntor8.413
Distância: 3.00m</description>
        <styleUrl>#edge_style</styleUrl>
        <LineString>
          <coordinates>-41.764456409646854,-3.1231313007708303,0 -41.76442941994397,-3.1231313007708303,0</coordinates>
        </LineString>
      </Placemark>
      <Placemark>
        <name>ef_charlie_delta_cd_disjuntor8.414 → ef_charlie_delta_cd_disjuntor8.415</name>
        <description>De: ef_charlie_delta_cd_disjuntor8.414
Para: ef_charlie_delta_cd_disjuntor8.415
Distância: 3.00m</description>
        <styleUrl>#edge_style</styleUrl>
        <LineString>
          <coordinates>-41.764456409646854,-3.1230821042489034,0 -41.76442941994397,-3.1230821042489034,0</coordinates>
        </LineString>
      </Placemark>
      <Placemark>
        <name>ef_charlie_delta_cd_disjuntor8.414 → ef_charlie_delta_cd_disjuntor9.399</name>
        <description>De: ef_charlie_delta_cd_disjuntor8.414
Para: ef_charlie_delta_cd_disjuntor9.399
Distância: 2.13m</description>
        <styleUrl>#edge_style</styleUrl>
        <LineString>
          <coordinates>-41.764456409646854,-3.1230821042489034,0 -41.764456409646854,-3.1230630113450957,0</coordinates>
        </LineString>
      </Placemark>
      <Placemark>
        <name>ef_charlie_delta_cd_disjuntor9.399 → ef_charlie_delta_cd_disjuntor9.400</name>
        <description>De: ef_charlie_delta_cd_disjuntor9.399
Para: ef_charlie_delta_cd_disjuntor9.400
Distância: 3.00m</description>
        <styleUrl>#edge_style</styleUrl>
        <LineString>
          <coordinates>-41.764456409646854,-3.1230630113450957,0 -41.76442941994397,-3.1230630113450957,0</coordinates>
        </LineString>
      </Placemark>
      <Placemark>
        <name>ef_charlie_delta_cd_disjuntor9.392 → ef_charlie_delta_cd_disjuntor10.512</name>
        <description>De: ef_charlie_delta_cd_disjuntor9.392
Para: ef_charlie_delta_cd_disjuntor10.512
Distância: 7.77m</description>
        <styleUrl>#edge_style</styleUrl>
        <LineString>
          <coordinates>-41.764456409646854,-3.123013813924848,0 -41.764456409646854,-3.1229440180156423,0</coordinates>
        </LineString>
      </Placemark>
      <Placemark>
        <name>ef_charlie_delta_cd_disjuntor9.392 → ef_charlie_delta_cd_disjuntor9.393</name>
        <description>De: ef_charlie_delta_cd_disjuntor9.392
Para: ef_charlie_delta_cd_disjuntor9.393
Distância: 3.00m</description>
        <styleUrl>#edge_style</styleUrl>
        <LineString>
          <coordinates>-41.764456409646854,-3.123013813924848,0 -41.76442941994397,-3.123013813924848,0</coordinates>
        </LineString>
      </Placemark>
      <Placemark>
        <name>ef_charlie_delta_cd_disjuntor9.392 → pp_25</name>
        <description>De: ef_charlie_delta_cd_disjuntor9.392
Para: pp_25
Distância: 3.58m</description>
        <styleUrl>#edge_style</styleUrl>
        <LineString>
          <coordinates>-41.764456409646854,-3.123013813924848,0 -41.764456409646854,-3.122981621711577,0</coordinates>
        </LineString>
      </Placemark>
      <Placemark>
        <name>pp_25 → ef_charlie_delta_cd_buscsb17.971</name>
        <description>De: pp_25
Para: ef_charlie_delta_cd_buscsb17.971
Distância: 50.28m</description>
        <styleUrl>#edge_style</styleUrl>
        <LineString>
          <coordinates>-41.764456409646854,-3.122981621711577,0 -41.76400409191523,-3.122981621711577,0</coordinates>
        </LineString>
      </Placemark>
      <Placemark>
        <name>pp_25 → ef_charlie_delta_cd_disjuntor10.512</name>
        <description>De: pp_25
Para: ef_charlie_delta_cd_disjuntor10.512
Distância: 4.19m</description>
        <styleUrl>#edge_style</styleUrl>
        <LineString>
          <coordinates>-41.764456409646854,-3.122981621711577,0 -41.764456409646854,-3.1229440180156423,0</coordinates>
        </LineString>
      </Placemark>
      <Placemark>
        <name>ef_charlie_delta_cd_disjuntor10.512 → ef_charlie_delta_cd_disjuntor10.510</name>
        <description>De: ef_charlie_delta_cd_disjuntor10.512
Para: ef_charlie_delta_cd_disjuntor10.510
Distância: 3.00m</description>
        <styleUrl>#edge_style</styleUrl>
        <LineString>
          <coordinates>-41.764456409646854,-3.1229440180156423,0 -41.76442941994397,-3.1229440180156423,0</coordinates>
        </LineString>
      </Placemark>
      <Placemark>
        <name>ef_charlie_delta_cd_disjuntor10.522 → ef_charlie_delta_cd_disjuntor10.523</name>
        <description>De: ef_charlie_delta_cd_disjuntor10.522
Para: ef_charlie_delta_cd_disjuntor10.523
Distância: 3.00m</description>
        <styleUrl>#edge_style</styleUrl>
        <LineString>
          <coordinates>-41.764456409646854,-3.122894821493715,0 -41.76442941994397,-3.122894821493715,0</coordinates>
        </LineString>
      </Placemark>
      <Placemark>
        <name>ef_charlie_delta_cd_disjuntor10.522 → ef_charlie_delta_cd_disjuntor11.500</name>
        <description>De: ef_charlie_delta_cd_disjuntor10.522
Para: ef_charlie_delta_cd_disjuntor11.500
Distância: 1.76m</description>
        <styleUrl>#edge_style</styleUrl>
        <LineString>
          <coordinates>-41.764456409646854,-3.122894821493715,0 -41.764456409646854,-3.1228790173412406,0</coordinates>
        </LineString>
      </Placemark>
      <Placemark>
        <name>ef_charlie_delta_cd_disjuntor11.500 → ef_charlie_delta_cd_disjuntor11.505</name>
        <description>De: ef_charlie_delta_cd_disjuntor11.500
Para: ef_charlie_delta_cd_disjuntor11.505
Distância: 3.00m</description>
        <styleUrl>#edge_style</styleUrl>
        <LineString>
          <coordinates>-41.764456409646854,-3.1228790173412406,0 -41.76442941994397,-3.1228790173412406,0</coordinates>
        </LineString>
      </Placemark>
      <Placemark>
        <name>ef_charlie_delta_cd_disjuntor11.499 → ef_charlie_delta_cd_disjuntor11.496</name>
        <description>De: ef_charlie_delta_cd_disjuntor11.499
Para: ef_charlie_delta_cd_disjuntor11.496
Distância: 3.00m</description>
        <styleUrl>#edge_style</styleUrl>
        <LineString>
          <coordinates>-41.764456409646854,-3.1228298199209927,0 -41.76442941994397,-3.1228298199209927,0</coordinates>
        </LineString>
      </Placemark>
      <Placemark>
        <name>ef_charlie_delta_cd_disjuntor11.499 → ef_charlie_delta_cd_disjuntor12.493</name>
        <description>De: ef_charlie_delta_cd_disjuntor11.499
Para: ef_charlie_delta_cd_disjuntor12.493
Distância: 2.31m</description>
        <styleUrl>#edge_style</styleUrl>
        <LineString>
          <coordinates>-41.764456409646854,-3.1228298199209927,0 -41.764456409646854,-3.122809098362127,0</coordinates>
        </LineString>
      </Placemark>
      <Placemark>
        <name>ef_charlie_delta_cd_disjuntor12.493 → ef_charlie_delta_cd_disjuntor12.488</name>
        <description>De: ef_charlie_delta_cd_disjuntor12.493
Para: ef_charlie_delta_cd_disjuntor12.488
Distância: 3.00m</description>
        <styleUrl>#edge_style</styleUrl>
        <LineString>
          <coordinates>-41.764456409646854,-3.122809098362127,0 -41.76442941994397,-3.122809098362127,0</coordinates>
        </LineString>
      </Placemark>
      <Placemark>
        <name>ef_charlie_delta_cd_disjuntor7.427 → ef_charlie_delta_cd_disjuntor8.413</name>
        <description>De: ef_charlie_delta_cd_disjuntor7.427
Para: ef_charlie_delta_cd_disjuntor8.413
Distância: 1.81m</description>
        <styleUrl>#edge_style</styleUrl>
        <LineString>
          <coordinates>-41.76442941994397,-3.123147574744924,0 -41.76442941994397,-3.1231313007708303,0</coordinates>
        </LineString>
      </Placemark>
      <Placemark>
        <name>ef_charlie_delta_cd_disjuntor7.427 → ef_charlie_delta_cd_tc7.420</name>
        <description>De: ef_charlie_delta_cd_disjuntor7.427
Para: ef_charlie_delta_cd_tc7.420
Distância: 2.04m</description>
        <styleUrl>#edge_style</styleUrl>
        <LineString>
          <coordinates>-41.76442941994397,-3.123147574744924,0 -41.7644110588491,-3.123147574744924,0</coordinates>
        </LineString>
      </Placemark>
      <Placemark>
        <name>ef_charlie_delta_cd_disjuntor8.413 → ef_charlie_delta_cd_tc8.416</name>
        <description>De: ef_charlie_delta_cd_disjuntor8.413
Para: ef_charlie_delta_cd_tc8.416
Distância: 2.03m</description>
        <styleUrl>#edge_style</styleUrl>
        <LineString>
          <coordinates>-41.76442941994397,-3.1231313007708303,0 -41.76441117130619,-3.1231313007708303,0</coordinates>
        </LineString>
      </Placemark>
      <Placemark>
        <name>ef_charlie_delta_cd_disjuntor8.415 → ef_charlie_delta_cd_tc8.417</name>
        <description>De: ef_charlie_delta_cd_disjuntor8.415
Para: ef_charlie_delta_cd_tc8.417
Distância: 2.03m</description>
        <styleUrl>#edge_style</styleUrl>
        <LineString>
          <coordinates>-41.76442941994397,-3.1230821042489034,0 -41.76441117130619,-3.1230821042489034,0</coordinates>
        </LineString>
      </Placemark>
      <Placemark>
        <name>ef_charlie_delta_cd_disjuntor8.415 → ef_charlie_delta_cd_disjuntor9.400</name>
        <description>De: ef_charlie_delta_cd_disjuntor8.415
Para: ef_charlie_delta_cd_disjuntor9.400
Distância: 2.13m</description>
        <styleUrl>#edge_style</styleUrl>
        <LineString>
          <coordinates>-41.76442941994397,-3.1230821042489034,0 -41.76442941994397,-3.1230630113450957,0</coordinates>
        </LineString>
      </Placemark>
      <Placemark>
        <name>ef_charlie_delta_cd_disjuntor9.400 → ef_charlie_delta_cd_tc9.404</name>
        <description>De: ef_charlie_delta_cd_disjuntor9.400
Para: ef_charlie_delta_cd_tc9.404
Distância: 2.02m</description>
        <styleUrl>#edge_style</styleUrl>
        <LineString>
          <coordinates>-41.76442941994397,-3.1230630113450957,0 -41.76441128826158,-3.1230630113450957,0</coordinates>
        </LineString>
      </Placemark>
      <Placemark>
        <name>ef_charlie_delta_cd_disjuntor9.393 → ef_charlie_delta_cd_tc9.405</name>
        <description>De: ef_charlie_delta_cd_disjuntor9.393
Para: ef_charlie_delta_cd_tc9.405
Distância: 2.02m</description>
        <styleUrl>#edge_style</styleUrl>
        <LineString>
          <coordinates>-41.76442941994397,-3.123013813924848,0 -41.76441128826158,-3.123013813924848,0</coordinates>
        </LineString>
      </Placemark>
      <Placemark>
        <name>ef_charlie_delta_cd_disjuntor9.393 → ef_charlie_delta_cd_disjuntor10.510</name>
        <description>De: ef_charlie_delta_cd_disjuntor9.393
Para: ef_charlie_delta_cd_disjuntor10.510
Distância: 7.77m</description>
        <styleUrl>#edge_style</styleUrl>
        <LineString>
          <coordinates>-41.76442941994397,-3.123013813924848,0 -41.76442941994397,-3.1229440180156423,0</coordinates>
        </LineString>
      </Placemark>
      <Placemark>
        <name>ef_charlie_delta_cd_disjuntor9.393 → pp_26</name>
        <description>De: ef_charlie_delta_cd_disjuntor9.393
Para: pp_26
Distância: 3.58m</description>
        <styleUrl>#edge_style</styleUrl>
        <LineString>
          <coordinates>-41.76442941994397,-3.123013813924848,0 -41.76442941994397,-3.122981621711577,0</coordinates>
        </LineString>
      </Placemark>
      <Placemark>
        <name>pp_26 → ef_charlie_delta_cd_buscsb17.971</name>
        <description>De: pp_26
Para: ef_charlie_delta_cd_buscsb17.971
Distância: 47.28m</description>
        <styleUrl>#edge_style</styleUrl>
        <LineString>
          <coordinates>-41.76442941994397,-3.122981621711577,0 -41.76400409191523,-3.122981621711577,0</coordinates>
        </LineString>
      </Placemark>
      <Placemark>
        <name>pp_26 → ef_charlie_delta_cd_disjuntor10.510</name>
        <description>De: pp_26
Para: ef_charlie_delta_cd_disjuntor10.510
Distância: 4.19m</description>
        <styleUrl>#edge_style</styleUrl>
        <LineString>
          <coordinates>-41.76442941994397,-3.122981621711577,0 -41.76442941994397,-3.1229440180156423,0</coordinates>
        </LineString>
      </Placemark>
      <Placemark>
        <name>ef_charlie_delta_cd_disjuntor10.510 → ef_charlie_delta_cd_tc10.517</name>
        <description>De: ef_charlie_delta_cd_disjuntor10.510
Para: ef_charlie_delta_cd_tc10.517
Distância: 1.99m</description>
        <styleUrl>#edge_style</styleUrl>
        <LineString>
          <coordinates>-41.76442941994397,-3.1229440180156423,0 -41.764411493383314,-3.1229440180156423,0</coordinates>
        </LineString>
      </Placemark>
      <Placemark>
        <name>ef_charlie_delta_cd_disjuntor10.523 → ef_charlie_delta_cd_disjuntor11.505</name>
        <description>De: ef_charlie_delta_cd_disjuntor10.523
Para: ef_charlie_delta_cd_disjuntor11.505
Distância: 1.76m</description>
        <styleUrl>#edge_style</styleUrl>
        <LineString>
          <coordinates>-41.76442941994397,-3.122894821493715,0 -41.76442941994397,-3.1228790173412406,0</coordinates>
        </LineString>
      </Placemark>
      <Placemark>
        <name>ef_charlie_delta_cd_disjuntor10.523 → ef_charlie_delta_cd_tc10.514</name>
        <description>De: ef_charlie_delta_cd_disjuntor10.523
Para: ef_charlie_delta_cd_tc10.514
Distância: 1.99m</description>
        <styleUrl>#edge_style</styleUrl>
        <LineString>
          <coordinates>-41.76442941994397,-3.122894821493715,0 -41.764411493383314,-3.122894821493715,0</coordinates>
        </LineString>
      </Placemark>
      <Placemark>
        <name>ef_charlie_delta_cd_disjuntor11.505 → ef_charlie_delta_cd_tc11.506</name>
        <description>De: ef_charlie_delta_cd_disjuntor11.505
Para: ef_charlie_delta_cd_tc11.506
Distância: 1.98m</description>
        <styleUrl>#edge_style</styleUrl>
        <LineString>
          <coordinates>-41.76442941994397,-3.1228790173412406,0 -41.764411604940754,-3.1228790173412406,0</coordinates>
        </LineString>
      </Placemark>
      <Placemark>
        <name>ef_charlie_delta_cd_disjuntor11.496 → ef_charlie_delta_cd_tc11.509</name>
        <description>De: ef_charlie_delta_cd_disjuntor11.496
Para: ef_charlie_delta_cd_tc11.509
Distância: 1.98m</description>
        <styleUrl>#edge_style</styleUrl>
        <LineString>
          <coordinates>-41.76442941994397,-3.1228298199209927,0 -41.764411604940754,-3.1228298199209927,0</coordinates>
        </LineString>
      </Placemark>
      <Placemark>
        <name>ef_charlie_delta_cd_disjuntor11.496 → ef_charlie_delta_cd_disjuntor12.488</name>
        <description>De: ef_charlie_delta_cd_disjuntor11.496
Para: ef_charlie_delta_cd_disjuntor12.488
Distância: 2.31m</description>
        <styleUrl>#edge_style</styleUrl>
        <LineString>
          <coordinates>-41.76442941994397,-3.1228298199209927,0 -41.76442941994397,-3.122809098362127,0</coordinates>
        </LineString>
      </Placemark>
      <Placemark>
        <name>ef_charlie_delta_cd_disjuntor12.488 → ef_charlie_delta_cd_tc12.490</name>
        <description>De: ef_charlie_delta_cd_disjuntor12.488
Para: ef_charlie_delta_cd_tc12.490
Distância: 1.97m</description>
        <styleUrl>#edge_style</styleUrl>
        <LineString>
          <coordinates>-41.76442941994397,-3.122809098362127,0 -41.76441172459511,-3.122809098362127,0</coordinates>
        </LineString>
      </Placemark>
      <Placemark>
        <name>ef_charlie_delta_cd_tc12.490 → ef_charlie_delta_cd_tc12.492</name>
        <description>De: ef_charlie_delta_cd_tc12.490
Para: ef_charlie_delta_cd_tc12.492
Distância: 1.79m</description>
        <styleUrl>#edge_style</styleUrl>
        <LineString>
          <coordinates>-41.76441172459511,-3.122809098362127,0 -41.76441172459511,-3.122792974407556,0</coordinates>
        </LineString>
      </Placemark>
      <Placemark>
        <name>ef_charlie_delta_cd_tc12.492 → ef_charlie_delta_cd_tc12.149</name>
        <description>De: ef_charlie_delta_cd_tc12.492
Para: ef_charlie_delta_cd_tc12.149
Distância: 1.27m</description>
        <styleUrl>#edge_style</styleUrl>
        <LineString>
          <coordinates>-41.76441172459511,-3.122792974407556,0 -41.764400266566575,-3.122792974407556,0</coordinates>
        </LineString>
      </Placemark>
      <Placemark>
        <name>ef_charlie_delta_cd_tc12.492 → ef_charlie_delta_cd_tc12.485</name>
        <description>De: ef_charlie_delta_cd_tc12.492
Para: ef_charlie_delta_cd_tc12.485
Distância: 3.00m</description>
        <styleUrl>#edge_style</styleUrl>
        <LineString>
          <coordinates>-41.76441172459511,-3.122792974407556,0 -41.76441172459511,-3.1227660247926963,0</coordinates>
        </LineString>
      </Placemark>
      <Placemark>
        <name>ef_charlie_delta_cd_tc12.485 → ef_charlie_delta_cd_tc12.137</name>
        <description>De: ef_charlie_delta_cd_tc12.485
Para: ef_charlie_delta_cd_tc12.137
Distância: 1.27m</description>
        <styleUrl>#edge_style</styleUrl>
        <LineString>
          <coordinates>-41.76441172459511,-3.1227660247926963,0 -41.764400266566575,-3.1227660247926963,0</coordinates>
        </LineString>
      </Placemark>
      <Placemark>
        <name>ef_charlie_delta_cd_tc12.485 → ef_charlie_delta_cd_tc12.491</name>
        <description>De: ef_charlie_delta_cd_tc12.485
Para: ef_charlie_delta_cd_tc12.491
Distância: 0.68m</description>
        <styleUrl>#edge_style</styleUrl>
        <LineString>
          <coordinates>-41.76441172459511,-3.1227660247926963,0 -41.76441172459511,-3.1227599009418796,0</coordinates>
        </LineString>
      </Placemark>
      <Placemark>
        <name>ef_charlie_delta_cd_tc11.506 → ef_charlie_delta_cd_tc11.498</name>
        <description>De: ef_charlie_delta_cd_tc11.506
Para: ef_charlie_delta_cd_tc11.498
Distância: 0.58m</description>
        <styleUrl>#edge_style</styleUrl>
        <LineString>
          <coordinates>-41.764411604940754,-3.1228790173412406,0 -41.764411604940754,-3.1228738232521365,0</coordinates>
        </LineString>
      </Placemark>
      <Placemark>
        <name>ef_charlie_delta_cd_tc11.498 → ef_charlie_delta_cd_tc11.154</name>
        <description>De: ef_charlie_delta_cd_tc11.498
Para: ef_charlie_delta_cd_tc11.154
Distância: 1.27m</description>
        <styleUrl>#edge_style</styleUrl>
        <LineString>
          <coordinates>-41.764411604940754,-3.1228738232521365,0 -41.764400151410506,-3.1228738232521365,0</coordinates>
        </LineString>
      </Placemark>
      <Placemark>
        <name>ef_charlie_delta_cd_tc11.498 → ef_charlie_delta_cd_tc11.502</name>
        <description>De: ef_charlie_delta_cd_tc11.498
Para: ef_charlie_delta_cd_tc11.502
Distância: 3.00m</description>
        <styleUrl>#edge_style</styleUrl>
        <LineString>
          <coordinates>-41.764411604940754,-3.1228738232521365,0 -41.764411604940754,-3.1228468736372763,0</coordinates>
        </LineString>
      </Placemark>
      <Placemark>
        <name>ef_charlie_delta_cd_tc11.502 → ef_charlie_delta_cd_tc11.509</name>
        <description>De: ef_charlie_delta_cd_tc11.502
Para: ef_charlie_delta_cd_tc11.509
Distância: 1.90m</description>
        <styleUrl>#edge_style</styleUrl>
        <LineString>
          <coordinates>-41.764411604940754,-3.1228468736372763,0 -41.764411604940754,-3.1228298199209927,0</coordinates>
        </LineString>
      </Placemark>
      <Placemark>
        <name>ef_charlie_delta_cd_tc11.502 → ef_charlie_delta_cd_tc11.168</name>
        <description>De: ef_charlie_delta_cd_tc11.502
Para: ef_charlie_delta_cd_tc11.168
Distância: 1.27m</description>
        <styleUrl>#edge_style</styleUrl>
        <LineString>
          <coordinates>-41.764411604940754,-3.1228468736372763,0 -41.764400151410506,-3.1228468736372763,0</coordinates>
        </LineString>
      </Placemark>
      <Placemark>
        <name>ef_charlie_delta_cd_tc10.517 → ef_charlie_delta_cd_tc10.515</name>
        <description>De: ef_charlie_delta_cd_tc10.517
Para: ef_charlie_delta_cd_tc10.515
Distância: 1.81m</description>
        <styleUrl>#edge_style</styleUrl>
        <LineString>
          <coordinates>-41.764411493383314,-3.1229440180156423,0 -41.764411493383314,-3.122927722481857,0</coordinates>
        </LineString>
      </Placemark>
      <Placemark>
        <name>ef_charlie_delta_cd_tc10.515 → ef_charlie_delta_cd_tc10.511</name>
        <description>De: ef_charlie_delta_cd_tc10.515
Para: ef_charlie_delta_cd_tc10.511
Distância: 3.00m</description>
        <styleUrl>#edge_style</styleUrl>
        <LineString>
          <coordinates>-41.764411493383314,-3.122927722481857,0 -41.764411493383314,-3.1229007728669966,0</coordinates>
        </LineString>
      </Placemark>
    </Folder>
  </Document>
</kml>